{
  "objective_value": 9007,
  "events": [
    {
      "time": 0,
      "train": 0,
      "operation": 0
    },
    {
      "time": 0,
      "train": 1,
      "operation": 0
    },
    {
      "time": 0,
      "train": 2,
      "operation": 0
    },
    {
      "time": 0,
      "train": 3,
      "operation": 0
    },
    {
      "time": 0,
      "train": 4,
      "operation": 0
    },
    {
      "time": 0,
      "train": 4,
      "operation": 1
    },
    {
      "time": 0,
      "train": 5,
      "operation": 0
    },
    {
      "time": 0,
      "train": 5,
      "operation": 1
    },
    {
      "time": 0,
      "train": 6,
      "operation": 0
    },
    {
      "time": 0,
      "train": 7,
      "operation": 0
    },
    {
      "time": 8,
      "train": 5,
      "operation": 2
    },
    {
      "time": 11,
      "train": 4,
      "operation": 2
    },
    {
      "time": 140,
      "train": 4,
      "operation": 3
    },
    {
      "time": 169,
      "train": 1,
      "operation": 1
    },
    {
      "time": 180,
      "train": 1,
      "operation": 2
    },
    {
      "time": 201,
      "train": 3,
      "operation": 1
    },
    {
      "time": 212,
      "train": 3,
      "operation": 2
    },
    {
      "time": 518,
      "train": 6,
      "operation": 1
    },
    {
      "time": 526,
      "train": 6,
      "operation": 2
    },
    {
      "time": 587,
      "train": 0,
      "operation": 1
    },
    {
      "time": 591,
      "train": 0,
      "operation": 2
    },
    {
      "time": 682,
      "train": 0,
      "operation": 3
    },
    {
      "time": 686,
      "train": 0,
      "operation": 4
    },
    {
      "time": 970,
      "train": 1,
      "operation": 3
    },
    {
      "time": 971,
      "train": 5,
      "operation": 3
    },
    {
      "time": 975,
      "train": 1,
      "operation": 4
    },
    {
      "time": 1090,
      "train": 1,
      "operation": 5
    },
    {
      "time": 1096,
      "train": 1,
      "operation": 6
    },
    {
      "time": 1102,
      "train": 4,
      "operation": 4
    },
    {
      "time": 1248,
      "train": 6,
      "operation": 3
    },
    {
      "time": 1256,
      "train": 6,
      "operation": 4
    },
    {
      "time": 1353,
      "train": 7,
      "operation": 1
    },
    {
      "time": 1365,
      "train": 7,
      "operation": 2
    },
    {
      "time": 1477,
      "train": 7,
      "operation": 3
    },
    {
      "time": 1488,
      "train": 7,
      "operation": 4
    },
    {
      "time": 1499,
      "train": 0,
      "operation": 6
    },
    {
      "time": 1509,
      "train": 0,
      "operation": 8
    },
    {
      "time": 1644,
      "train": 1,
      "operation": 7
    },
    {
      "time": 1649,
      "train": 1,
      "operation": 8
    },
    {
      "time": 1651,
      "train": 7,
      "operation": 6
    },
    {
      "time": 1683,
      "train": 7,
      "operation": 8
    },
    {
      "time": 1700,
      "train": 2,
      "operation": 1
    },
    {
      "time": 1714,
      "train": 2,
      "operation": 2
    },
    {
      "time": 1735,
      "train": 1,
      "operation": 9
    },
    {
      "time": 1741,
      "train": 0,
      "operation": 10
    },
    {
      "time": 1742,
      "train": 1,
      "operation": 10
    },
    {
      "time": 1829,
      "train": 2,
      "operation": 3
    },
    {
      "time": 1895,
      "train": 2,
      "operation": 4
    },
    {
      "time": 1933,
      "train": 5,
      "operation": 4
    },
    {
      "time": 1942,
      "train": 3,
      "operation": 3
    },
    {
      "time": 1974,
      "train": 3,
      "operation": 4
    },
    {
      "time": 2011,
      "train": 4,
      "operation": 5
    },
    {
      "time": 2019,
      "train": 4,
      "operation": 7
    },
    {
      "time": 2209,
      "train": 4,
      "operation": 9
    },
    {
      "time": 2217,
      "train": 4,
      "operation": 11
    },
    {
      "time": 2246,
      "train": 3,
      "operation": 5
    },
    {
      "time": 2256,
      "train": 2,
      "operation": 5
    },
    {
      "time": 2275,
      "train": 2,
      "operation": 7
    },
    {
      "time": 2364,
      "train": 6,
      "operation": 5
    },
    {
      "time": 2372,
      "train": 6,
      "operation": 6
    },
    {
      "time": 2393,
      "train": 1,
      "operation": 11
    },
    {
      "time": 2398,
      "train": 1,
      "operation": 13
    },
    {
      "time": 2429,
      "train": 3,
      "operation": 6
    },
    {
      "time": 2481,
      "train": 1,
      "operation": 15
    },
    {
      "time": 2485,
      "train": 1,
      "operation": 17
    },
    {
      "time": 2525,
      "train": 0,
      "operation": 12
    },
    {
      "time": 2936,
      "train": 4,
      "operation": 13
    },
    {
      "time": 2943,
      "train": 4,
      "operation": 15
    },
    {
      "time": 3034,
      "train": 7,
      "operation": 11
    },
    {
      "time": 3052,
      "train": 7,
      "operation": 15
    },
    {
      "time": 3063,
      "train": 4,
      "operation": 17
    },
    {
      "time": 3183,
      "train": 5,
      "operation": 5
    },
    {
      "time": 3197,
      "train": 5,
      "operation": 6
    },
    {
      "time": 3206,
      "train": 0,
      "operation": 13
    },
    {
      "time": 3212,
      "train": 0,
      "operation": 15
    },
    {
      "time": 3298,
      "train": 1,
      "operation": 19
    },
    {
      "time": 3302,
      "train": 1,
      "operation": 21
    },
    {
      "time": 3303,
      "train": 0,
      "operation": 17
    },
    {
      "time": 3308,
      "train": 0,
      "operation": 19
    },
    {
      "time": 3312,
      "train": 5,
      "operation": 7
    },
    {
      "time": 3323,
      "train": 5,
      "operation": 8
    },
    {
      "time": 3330,
      "train": 3,
      "operation": 8
    },
    {
      "time": 3333,
      "train": 6,
      "operation": 7
    },
    {
      "time": 3333,
      "train": 6,
      "operation": 8
    },
    {
      "time": 3339,
      "train": 4,
      "operation": 19
    },
    {
      "time": 3340,
      "train": 3,
      "operation": 10
    },
    {
      "time": 3393,
      "train": 1,
      "operation": 23
    },
    {
      "time": 3397,
      "train": 1,
      "operation": 25
    },
    {
      "time": 3486,
      "train": 5,
      "operation": 10
    },
    {
      "time": 3518,
      "train": 5,
      "operation": 12
    },
    {
      "time": 3568,
      "train": 3,
      "operation": 12
    },
    {
      "time": 3757,
      "train": 7,
      "operation": 17
    },
    {
      "time": 3772,
      "train": 7,
      "operation": 21
    },
    {
      "time": 3852,
      "train": 0,
      "operation": 21
    },
    {
      "time": 3857,
      "train": 0,
      "operation": 23
    },
    {
      "time": 3867,
      "train": 2,
      "operation": 10
    },
    {
      "time": 3885,
      "train": 2,
      "operation": 14
    },
    {
      "time": 3972,
      "train": 0,
      "operation": 25
    },
    {
      "time": 3984,
      "train": 3,
      "operation": 14
    },
    {
      "time": 4141,
      "train": 1,
      "operation": 27
    },
    {
      "time": 4146,
      "train": 1,
      "operation": 29
    },
    {
      "time": 4178,
      "train": 4,
      "operation": 21
    },
    {
      "time": 4185,
      "train": 4,
      "operation": 23
    },
    {
      "time": 4196,
      "train": 0,
      "operation": 27
    },
    {
      "time": 4220,
      "train": 1,
      "operation": 31
    },
    {
      "time": 4225,
      "train": 1,
      "operation": 33
    },
    {
      "time": 4302,
      "train": 4,
      "operation": 25
    },
    {
      "time": 4308,
      "train": 4,
      "operation": 27
    },
    {
      "time": 4658,
      "train": 2,
      "operation": 20
    },
    {
      "time": 4658,
      "train": 3,
      "operation": 15
    },
    {
      "time": 4664,
      "train": 3,
      "operation": 17
    },
    {
      "time": 4676,
      "train": 2,
      "operation": 24
    },
    {
      "time": 4773,
      "train": 3,
      "operation": 19
    },
    {
      "time": 4781,
      "train": 3,
      "operation": 21
    },
    {
      "time": 4990,
      "train": 0,
      "operation": 29
    },
    {
      "time": 5001,
      "train": 0,
      "operation": 30
    },
    {
      "time": 5076,
      "train": 7,
      "operation": 25
    },
    {
      "time": 5090,
      "train": 7,
      "operation": 29
    },
    {
      "time": 5109,
      "train": 5,
      "operation": 15
    },
    {
      "time": 5127,
      "train": 5,
      "operation": 19
    },
    {
      "time": 5226,
      "train": 0,
      "operation": 31
    },
    {
      "time": 5258,
      "train": 0,
      "operation": 33
    },
    {
      "time": 5320,
      "train": 4,
      "operation": 29
    },
    {
      "time": 5325,
      "train": 4,
      "operation": 31
    },
    {
      "time": 5453,
      "train": 4,
      "operation": 33
    },
    {
      "time": 5459,
      "train": 4,
      "operation": 35
    },
    {
      "time": 5574,
      "train": 3,
      "operation": 23
    },
    {
      "time": 5580,
      "train": 3,
      "operation": 25
    },
    {
      "time": 5681,
      "train": 1,
      "operation": 35
    },
    {
      "time": 5685,
      "train": 1,
      "operation": 37
    },
    {
      "time": 5686,
      "train": 3,
      "operation": 27
    },
    {
      "time": 5691,
      "train": 3,
      "operation": 29
    },
    {
      "time": 5773,
      "train": 1,
      "operation": 39
    },
    {
      "time": 5777,
      "train": 1,
      "operation": 41
    },
    {
      "time": 5901,
      "train": 5,
      "operation": 21
    },
    {
      "time": 5919,
      "train": 5,
      "operation": 25
    },
    {
      "time": 6033,
      "train": 2,
      "operation": 28
    },
    {
      "time": 6047,
      "train": 2,
      "operation": 32
    },
    {
      "time": 6157,
      "train": 7,
      "operation": 33
    },
    {
      "time": 6168,
      "train": 7,
      "operation": 37
    },
    {
      "time": 6383,
      "train": 4,
      "operation": 37
    },
    {
      "time": 6390,
      "train": 4,
      "operation": 39
    },
    {
      "time": 6493,
      "train": 4,
      "operation": 41
    },
    {
      "time": 6494,
      "train": 0,
      "operation": 36
    },
    {
      "time": 6500,
      "train": 4,
      "operation": 43
    },
    {
      "time": 6512,
      "train": 0,
      "operation": 40
    },
    {
      "time": 6657,
      "train": 7,
      "operation": 41
    },
    {
      "time": 6666,
      "train": 3,
      "operation": 31
    },
    {
      "time": 6669,
      "train": 7,
      "operation": 45
    },
    {
      "time": 6671,
      "train": 3,
      "operation": 33
    },
    {
      "time": 6681,
      "train": 1,
      "operation": 43
    },
    {
      "time": 6685,
      "train": 1,
      "operation": 45
    },
    {
      "time": 6727,
      "train": 1,
      "operation": 47
    },
    {
      "time": 6732,
      "train": 1,
      "operation": 49
    },
    {
      "time": 6780,
      "train": 7,
      "operation": 49
    },
    {
      "time": 6787,
      "train": 3,
      "operation": 35
    },
    {
      "time": 6787,
      "train": 7,
      "operation": 51
    },
    {
      "time": 6792,
      "train": 3,
      "operation": 37
    },
    {
      "time": 6826,
      "train": 7,
      "operation": 53
    },
    {
      "time": 6840,
      "train": 7,
      "operation": 56
    },
    {
      "time": 6940,
      "train": 1,
      "operation": 51
    },
    {
      "time": 6949,
      "train": 1,
      "operation": 53
    },
    {
      "time": 7073,
      "train": 1,
      "operation": 55
    },
    {
      "time": 7079,
      "train": 1,
      "operation": 57
    },
    {
      "time": 7087,
      "train": 0,
      "operation": 44
    },
    {
      "time": 7100,
      "train": 0,
      "operation": 46
    },
    {
      "time": 7145,
      "train": 2,
      "operation": 35
    },
    {
      "time": 7166,
      "train": 2,
      "operation": 39
    },
    {
      "time": 7234,
      "train": 7,
      "operation": 59
    },
    {
      "time": 7247,
      "train": 7,
      "operation": 61
    },
    {
      "time": 7280,
      "train": 5,
      "operation": 29
    },
    {
      "time": 7294,
      "train": 5,
      "operation": 33
    },
    {
      "time": 7502,
      "train": 1,
      "operation": 61
    },
    {
      "time": 7507,
      "train": 1,
      "operation": 63
    },
    {
      "time": 7515,
      "train": 7,
      "operation": 63
    },
    {
      "time": 7527,
      "train": 7,
      "operation": 66
    },
    {
      "time": 7592,
      "train": 1,
      "operation": 65
    },
    {
      "time": 7597,
      "train": 1,
      "operation": 67
    },
    {
      "time": 7654,
      "train": 3,
      "operation": 39
    },
    {
      "time": 7661,
      "train": 3,
      "operation": 41
    },
    {
      "time": 7732,
      "train": 2,
      "operation": 41
    },
    {
      "time": 7746,
      "train": 2,
      "operation": 43
    },
    {
      "time": 7754,
      "train": 3,
      "operation": 43
    },
    {
      "time": 7879,
      "train": 2,
      "operation": 45
    },
    {
      "time": 7907,
      "train": 2,
      "operation": 46
    },
    {
      "time": 8074,
      "train": 2,
      "operation": 47
    },
    {
      "time": 8074,
      "train": 2,
      "operation": 48
    },
    {
      "time": 8210,
      "train": 0,
      "operation": 48
    },
    {
      "time": 8223,
      "train": 0,
      "operation": 50
    },
    {
      "time": 8273,
      "train": 7,
      "operation": 73
    },
    {
      "time": 8287,
      "train": 1,
      "operation": 69
    },
    {
      "time": 8287,
      "train": 7,
      "operation": 77
    },
    {
      "time": 8296,
      "train": 1,
      "operation": 71
    },
    {
      "time": 8490,
      "train": 4,
      "operation": 45
    },
    {
      "time": 8495,
      "train": 4,
      "operation": 47
    },
    {
      "time": 8499,
      "train": 5,
      "operation": 37
    },
    {
      "time": 8512,
      "train": 5,
      "operation": 41
    },
    {
      "time": 8618,
      "train": 4,
      "operation": 49
    },
    {
      "time": 8624,
      "train": 4,
      "operation": 51
    },
    {
      "time": 8707,
      "train": 3,
      "operation": 45
    },
    {
      "time": 8786,
      "train": 1,
      "operation": 73
    },
    {
      "time": 8786,
      "train": 1,
      "operation": 76
    },
    {
      "time": 8787,
      "train": 1,
      "operation": 81
    },
    {
      "time": 8787,
      "train": 1,
      "operation": 86
    },
    {
      "time": 8787,
      "train": 1,
      "operation": 90
    },
    {
      "time": 8937,
      "train": 7,
      "operation": 81
    },
    {
      "time": 8955,
      "train": 7,
      "operation": 85
    },
    {
      "time": 9078,
      "train": 5,
      "operation": 46
    },
    {
      "time": 9101,
      "train": 5,
      "operation": 50
    },
    {
      "time": 9106,
      "train": 0,
      "operation": 52
    },
    {
      "time": 9115,
      "train": 0,
      "operation": 54
    },
    {
      "time": 9298,
      "train": 5,
      "operation": 55
    },
    {
      "time": 9305,
      "train": 5,
      "operation": 57
    },
    {
      "time": 9407,
      "train": 7,
      "operation": 90
    },
    {
      "time": 9424,
      "train": 7,
      "operation": 94
    },
    {
      "time": 9531,
      "train": 0,
      "operation": 55
    },
    {
      "time": 9554,
      "train": 0,
      "operation": 57
    },
    {
      "time": 9649,
      "train": 0,
      "operation": 59
    },
    {
      "time": 9655,
      "train": 0,
      "operation": 61
    },
    {
      "time": 9669,
      "train": 7,
      "operation": 99
    },
    {
      "time": 9683,
      "train": 7,
      "operation": 103
    },
    {
      "time": 9689,
      "train": 0,
      "operation": 63
    },
    {
      "time": 9701,
      "train": 0,
      "operation": 66
    },
    {
      "time": 9778,
      "train": 5,
      "operation": 65
    },
    {
      "time": 9794,
      "train": 5,
      "operation": 69
    },
    {
      "time": 9825,
      "train": 7,
      "operation": 106
    },
    {
      "time": 9872,
      "train": 7,
      "operation": 110
    },
    {
      "time": 9874,
      "train": 4,
      "operation": 53
    },
    {
      "time": 9879,
      "train": 4,
      "operation": 55
    },
    {
      "time": 9938,
      "train": 4,
      "operation": 57
    },
    {
      "time": 9944,
      "train": 4,
      "operation": 59
    },
    {
      "time": 9954,
      "train": 5,
      "operation": 72
    },
    {
      "time": 9972,
      "train": 5,
      "operation": 75
    },
    {
      "time": 10039,
      "train": 0,
      "operation": 69
    },
    {
      "time": 10050,
      "train": 0,
      "operation": 71
    },
    {
      "time": 10111,
      "train": 7,
      "operation": 116
    },
    {
      "time": 10116,
      "train": 5,
      "operation": 77
    },
    {
      "time": 10130,
      "train": 5,
      "operation": 79
    },
    {
      "time": 10153,
      "train": 7,
      "operation": 120
    },
    {
      "time": 10234,
      "train": 4,
      "operation": 61
    },
    {
      "time": 10242,
      "train": 7,
      "operation": 124
    },
    {
      "time": 10243,
      "train": 4,
      "operation": 63
    },
    {
      "time": 10280,
      "train": 0,
      "operation": 73
    },
    {
      "time": 10290,
      "train": 0,
      "operation": 76
    },
    {
      "time": 10347,
      "train": 7,
      "operation": 128
    },
    {
      "time": 10376,
      "train": 4,
      "operation": 65
    },
    {
      "time": 10384,
      "train": 4,
      "operation": 67
    },
    {
      "time": 10473,
      "train": 3,
      "operation": 47
    },
    {
      "time": 10478,
      "train": 3,
      "operation": 49
    },
    {
      "time": 10530,
      "train": 7,
      "operation": 133
    },
    {
      "time": 10590,
      "train": 3,
      "operation": 51
    },
    {
      "time": 10595,
      "train": 3,
      "operation": 53
    },
    {
      "time": 10624,
      "train": 7,
      "operation": 139
    },
    {
      "time": 10624,
      "train": 7,
      "operation": 144
    },
    {
      "time": 10823,
      "train": 7,
      "operation": 148
    },
    {
      "time": 10833,
      "train": 7,
      "operation": 152
    },
    {
      "time": 10943,
      "train": 0,
      "operation": 83
    },
    {
      "time": 10947,
      "train": 5,
      "operation": 83
    },
    {
      "time": 10955,
      "train": 0,
      "operation": 85
    },
    {
      "time": 10963,
      "train": 5,
      "operation": 87
    },
    {
      "time": 10966,
      "train": 4,
      "operation": 71
    },
    {
      "time": 10972,
      "train": 4,
      "operation": 73
    },
    {
      "time": 11027,
      "train": 7,
      "operation": 155
    },
    {
      "time": 11027,
      "train": 7,
      "operation": 159
    },
    {
      "time": 11081,
      "train": 4,
      "operation": 75
    },
    {
      "time": 11086,
      "train": 4,
      "operation": 77
    },
    {
      "time": 11112,
      "train": 7,
      "operation": 163
    },
    {
      "time": 11525,
      "train": 0,
      "operation": 87
    },
    {
      "time": 11540,
      "train": 0,
      "operation": 89
    },
    {
      "time": 11652,
      "train": 5,
      "operation": 91
    },
    {
      "time": 11670,
      "train": 5,
      "operation": 95
    },
    {
      "time": 11731,
      "train": 3,
      "operation": 55
    },
    {
      "time": 11736,
      "train": 3,
      "operation": 57
    },
    {
      "time": 11790,
      "train": 3,
      "operation": 59
    },
    {
      "time": 11796,
      "train": 3,
      "operation": 61
    },
    {
      "time": 11901,
      "train": 0,
      "operation": 92
    },
    {
      "time": 11918,
      "train": 0,
      "operation": 96
    },
    {
      "time": 11981,
      "train": 4,
      "operation": 79
    },
    {
      "time": 11991,
      "train": 4,
      "operation": 81
    },
    {
      "time": 12011,
      "train": 7,
      "operation": 182
    },
    {
      "time": 12059,
      "train": 7,
      "operation": 188
    },
    {
      "time": 12060,
      "train": 3,
      "operation": 63
    },
    {
      "time": 12069,
      "train": 3,
      "operation": 65
    },
    {
      "time": 12114,
      "train": 0,
      "operation": 103
    },
    {
      "time": 12122,
      "train": 5,
      "operation": 98
    },
    {
      "time": 12126,
      "train": 0,
      "operation": 109
    },
    {
      "time": 12139,
      "train": 5,
      "operation": 102
    },
    {
      "time": 12199,
      "train": 3,
      "operation": 67
    },
    {
      "time": 12206,
      "train": 3,
      "operation": 69
    },
    {
      "time": 12241,
      "train": 0,
      "operation": 113
    },
    {
      "time": 12288,
      "train": 0,
      "operation": 121
    },
    {
      "time": 12523,
      "train": 0,
      "operation": 132
    },
    {
      "time": 12537,
      "train": 5,
      "operation": 106
    },
    {
      "time": 12551,
      "train": 4,
      "operation": 83
    },
    {
      "time": 12551,
      "train": 4,
      "operation": 85
    },
    {
      "time": 12552,
      "train": 4,
      "operation": 89
    },
    {
      "time": 12552,
      "train": 4,
      "operation": 93
    },
    {
      "time": 12552,
      "train": 4,
      "operation": 97
    },
    {
      "time": 12565,
      "train": 0,
      "operation": 139
    },
    {
      "time": 12617,
      "train": 5,
      "operation": 113
    },
    {
      "time": 12635,
      "train": 7,
      "operation": 192
    },
    {
      "time": 12653,
      "train": 7,
      "operation": 194
    },
    {
      "time": 12654,
      "train": 0,
      "operation": 146
    },
    {
      "time": 12654,
      "train": 0,
      "operation": 147
    },
    {
      "time": 12735,
      "train": 3,
      "operation": 73
    },
    {
      "time": 12741,
      "train": 3,
      "operation": 75
    },
    {
      "time": 12842,
      "train": 3,
      "operation": 77
    },
    {
      "time": 12847,
      "train": 3,
      "operation": 79
    },
    {
      "time": 12862,
      "train": 5,
      "operation": 155
    },
    {
      "time": 12904,
      "train": 5,
      "operation": 165
    },
    {
      "time": 13054,
      "train": 5,
      "operation": 180
    },
    {
      "time": 13089,
      "train": 5,
      "operation": 198
    },
    {
      "time": 13136,
      "train": 7,
      "operation": 196
    },
    {
      "time": 13164,
      "train": 7,
      "operation": 198
    },
    {
      "time": 13369,
      "train": 5,
      "operation": 216
    },
    {
      "time": 13453,
      "train": 5,
      "operation": 220
    },
    {
      "time": 13532,
      "train": 5,
      "operation": 222
    },
    {
      "time": 13663,
      "train": 5,
      "operation": 224
    },
    {
      "time": 13663,
      "train": 5,
      "operation": 226
    },
    {
      "time": 13674,
      "train": 7,
      "operation": 202
    },
    {
      "time": 13690,
      "train": 7,
      "operation": 206
    },
    {
      "time": 13700,
      "train": 3,
      "operation": 81
    },
    {
      "time": 13710,
      "train": 3,
      "operation": 83
    },
    {
      "time": 14090,
      "train": 7,
      "operation": 208
    },
    {
      "time": 14099,
      "train": 7,
      "operation": 210
    },
    {
      "time": 14270,
      "train": 3,
      "operation": 85
    },
    {
      "time": 14270,
      "train": 3,
      "operation": 90
    },
    {
      "time": 14271,
      "train": 3,
      "operation": 95
    },
    {
      "time": 14271,
      "train": 3,
      "operation": 100
    },
    {
      "time": 14271,
      "train": 3,
      "operation": 102
    },
    {
      "time": 14670,
      "train": 7,
      "operation": 211
    },
    {
      "time": 14678,
      "train": 7,
      "operation": 213
    },
    {
      "time": 14877,
      "train": 7,
      "operation": 215
    },
    {
      "time": 14888,
      "train": 7,
      "operation": 217
    },
    {
      "time": 15408,
      "train": 7,
      "operation": 219
    },
    {
      "time": 15416,
      "train": 7,
      "operation": 221
    },
    {
      "time": 15644,
      "train": 7,
      "operation": 223
    },
    {
      "time": 15674,
      "train": 7,
      "operation": 226
    },
    {
      "time": 15910,
      "train": 7,
      "operation": 229
    },
    {
      "time": 15918,
      "train": 7,
      "operation": 231
    },
    {
      "time": 16272,
      "train": 7,
      "operation": 233
    },
    {
      "time": 16280,
      "train": 7,
      "operation": 235
    },
    {
      "time": 16399,
      "train": 7,
      "operation": 237
    },
    {
      "time": 16408,
      "train": 7,
      "operation": 239
    },
    {
      "time": 16944,
      "train": 7,
      "operation": 241
    },
    {
      "time": 16944,
      "train": 7,
      "operation": 242
    },
    {
      "time": 16945,
      "train": 7,
      "operation": 245
    },
    {
      "time": 16947,
      "train": 7,
      "operation": 248
    },
    {
      "time": 16948,
      "train": 7,
      "operation": 251
    },
    {
      "time": 16948,
      "train": 7,
      "operation": 254
    },
    {
      "time": 17304,
      "train": 7,
      "operation": 257
    },
    {
      "time": 17312,
      "train": 7,
      "operation": 258
    },
    {
      "time": 17339,
      "train": 7,
      "operation": 259
    },
    {
      "time": 17357,
      "train": 7,
      "operation": 261
    },
    {
      "time": 17506,
      "train": 7,
      "operation": 263
    },
    {
      "time": 17515,
      "train": 7,
      "operation": 265
    },
    {
      "time": 18200,
      "train": 7,
      "operation": 267
    },
    {
      "time": 18209,
      "train": 7,
      "operation": 269
    },
    {
      "time": 18724,
      "train": 7,
      "operation": 271
    },
    {
      "time": 18733,
      "train": 7,
      "operation": 273
    },
    {
      "time": 19088,
      "train": 7,
      "operation": 275
    },
    {
      "time": 19104,
      "train": 7,
      "operation": 277
    },
    {
      "time": 19272,
      "train": 7,
      "operation": 279
    },
    {
      "time": 19281,
      "train": 7,
      "operation": 281
    },
    {
      "time": 20014,
      "train": 7,
      "operation": 283
    },
    {
      "time": 20022,
      "train": 7,
      "operation": 285
    },
    {
      "time": 20167,
      "train": 7,
      "operation": 287
    },
    {
      "time": 20176,
      "train": 7,
      "operation": 289
    },
    {
      "time": 20902,
      "train": 7,
      "operation": 291
    },
    {
      "time": 20939,
      "train": 7,
      "operation": 292
    },
    {
      "time": 21210,
      "train": 7,
      "operation": 294
    },
    {
      "time": 21229,
      "train": 7,
      "operation": 296
    },
    {
      "time": 21315,
      "train": 7,
      "operation": 299
    },
    {
      "time": 21323,
      "train": 7,
      "operation": 302
    },
    {
      "time": 21445,
      "train": 7,
      "operation": 305
    },
    {
      "time": 21454,
      "train": 7,
      "operation": 308
    },
    {
      "time": 22207,
      "train": 7,
      "operation": 309
    },
    {
      "time": 22215,
      "train": 7,
      "operation": 311
    },
    {
      "time": 22345,
      "train": 7,
      "operation": 313
    },
    {
      "time": 22354,
      "train": 7,
      "operation": 315
    },
    {
      "time": 22599,
      "train": 7,
      "operation": 317
    },
    {
      "time": 22605,
      "train": 7,
      "operation": 318
    },
    {
      "time": 23042,
      "train": 7,
      "operation": 319
    },
    {
      "time": 23050,
      "train": 7,
      "operation": 321
    },
    {
      "time": 23184,
      "train": 7,
      "operation": 323
    },
    {
      "time": 23193,
      "train": 7,
      "operation": 325
    },
    {
      "time": 23663,
      "train": 7,
      "operation": 327
    },
    {
      "time": 23671,
      "train": 7,
      "operation": 329
    },
    {
      "time": 23816,
      "train": 7,
      "operation": 331
    },
    {
      "time": 23825,
      "train": 7,
      "operation": 333
    },
    {
      "time": 24375,
      "train": 7,
      "operation": 335
    },
    {
      "time": 24393,
      "train": 7,
      "operation": 337
    },
    {
      "time": 24599,
      "train": 7,
      "operation": 339
    },
    {
      "time": 24608,
      "train": 7,
      "operation": 341
    },
    {
      "time": 25057,
      "train": 7,
      "operation": 344
    },
    {
      "time": 25068,
      "train": 7,
      "operation": 346
    },
    {
      "time": 25384,
      "train": 7,
      "operation": 348
    },
    {
      "time": 25393,
      "train": 7,
      "operation": 351
    },
    {
      "time": 25503,
      "train": 7,
      "operation": 353
    },
    {
      "time": 25521,
      "train": 7,
      "operation": 355
    },
    {
      "time": 26146,
      "train": 7,
      "operation": 357
    },
    {
      "time": 26164,
      "train": 7,
      "operation": 359
    },
    {
      "time": 26339,
      "train": 7,
      "operation": 361
    },
    {
      "time": 26365,
      "train": 7,
      "operation": 365
    },
    {
      "time": 26416,
      "train": 7,
      "operation": 369
    },
    {
      "time": 26416,
      "train": 7,
      "operation": 373
    }
  ]
}