{
  "objective_value": 4316,
  "events": [
    {
      "time": 0,
      "train": 0,
      "operation": 0
    },
    {
      "time": 0,
      "train": 1,
      "operation": 0
    },
    {
      "time": 0,
      "train": 1,
      "operation": 1
    },
    {
      "time": 0,
      "train": 2,
      "operation": 0
    },
    {
      "time": 0,
      "train": 3,
      "operation": 0
    },
    {
      "time": 0,
      "train": 4,
      "operation": 0
    },
    {
      "time": 0,
      "train": 5,
      "operation": 0
    },
    {
      "time": 12,
      "train": 1,
      "operation": 2
    },
    {
      "time": 270,
      "train": 3,
      "operation": 1
    },
    {
      "time": 270,
      "train": 3,
      "operation": 2
    },
    {
      "time": 346,
      "train": 4,
      "operation": 1
    },
    {
      "time": 393,
      "train": 4,
      "operation": 2
    },
    {
      "time": 477,
      "train": 1,
      "operation": 3
    },
    {
      "time": 489,
      "train": 1,
      "operation": 4
    },
    {
      "time": 515,
      "train": 2,
      "operation": 1
    },
    {
      "time": 538,
      "train": 2,
      "operation": 2
    },
    {
      "time": 601,
      "train": 4,
      "operation": 3
    },
    {
      "time": 623,
      "train": 4,
      "operation": 5
    },
    {
      "time": 657,
      "train": 4,
      "operation": 8
    },
    {
      "time": 690,
      "train": 4,
      "operation": 11
    },
    {
      "time": 843,
      "train": 2,
      "operation": 3
    },
    {
      "time": 866,
      "train": 2,
      "operation": 5
    },
    {
      "time": 927,
      "train": 1,
      "operation": 5
    },
    {
      "time": 940,
      "train": 1,
      "operation": 6
    },
    {
      "time": 1129,
      "train": 4,
      "operation": 19
    },
    {
      "time": 1144,
      "train": 0,
      "operation": 1
    },
    {
      "time": 1144,
      "train": 5,
      "operation": 1
    },
    {
      "time": 1156,
      "train": 0,
      "operation": 2
    },
    {
      "time": 1156,
      "train": 5,
      "operation": 2
    },
    {
      "time": 1158,
      "train": 4,
      "operation": 25
    },
    {
      "time": 1192,
      "train": 3,
      "operation": 3
    },
    {
      "time": 1206,
      "train": 3,
      "operation": 4
    },
    {
      "time": 1621,
      "train": 5,
      "operation": 3
    },
    {
      "time": 1633,
      "train": 3,
      "operation": 6
    },
    {
      "time": 1654,
      "train": 1,
      "operation": 7
    },
    {
      "time": 1656,
      "train": 3,
      "operation": 8
    },
    {
      "time": 1668,
      "train": 1,
      "operation": 8
    },
    {
      "time": 1788,
      "train": 0,
      "operation": 3
    },
    {
      "time": 1788,
      "train": 0,
      "operation": 4
    },
    {
      "time": 1805,
      "train": 5,
      "operation": 5
    },
    {
      "time": 1810,
      "train": 4,
      "operation": 31
    },
    {
      "time": 1831,
      "train": 4,
      "operation": 37
    },
    {
      "time": 2027,
      "train": 4,
      "operation": 46
    },
    {
      "time": 2033,
      "train": 4,
      "operation": 50
    },
    {
      "time": 2084,
      "train": 3,
      "operation": 14
    },
    {
      "time": 2119,
      "train": 3,
      "operation": 20
    },
    {
      "time": 2147,
      "train": 4,
      "operation": 52
    },
    {
      "time": 2153,
      "train": 4,
      "operation": 54
    },
    {
      "time": 2213,
      "train": 1,
      "operation": 9
    },
    {
      "time": 2228,
      "train": 1,
      "operation": 10
    },
    {
      "time": 2276,
      "train": 3,
      "operation": 30
    },
    {
      "time": 2293,
      "train": 3,
      "operation": 40
    },
    {
      "time": 2327,
      "train": 3,
      "operation": 56
    },
    {
      "time": 2360,
      "train": 3,
      "operation": 76
    },
    {
      "time": 2427,
      "train": 2,
      "operation": 7
    },
    {
      "time": 2427,
      "train": 2,
      "operation": 9
    },
    {
      "time": 2501,
      "train": 4,
      "operation": 56
    },
    {
      "time": 2522,
      "train": 4,
      "operation": 58
    },
    {
      "time": 2595,
      "train": 0,
      "operation": 5
    },
    {
      "time": 2607,
      "train": 0,
      "operation": 6
    },
    {
      "time": 2607,
      "train": 5,
      "operation": 7
    },
    {
      "time": 2607,
      "train": 5,
      "operation": 9
    },
    {
      "time": 2799,
      "train": 3,
      "operation": 88
    },
    {
      "time": 2828,
      "train": 3,
      "operation": 94
    },
    {
      "time": 2963,
      "train": 0,
      "operation": 8
    },
    {
      "time": 2982,
      "train": 0,
      "operation": 10
    },
    {
      "time": 3060,
      "train": 1,
      "operation": 12
    },
    {
      "time": 3078,
      "train": 1,
      "operation": 14
    },
    {
      "time": 3120,
      "train": 4,
      "operation": 61
    },
    {
      "time": 3150,
      "train": 4,
      "operation": 65
    },
    {
      "time": 3256,
      "train": 4,
      "operation": 68
    },
    {
      "time": 3263,
      "train": 4,
      "operation": 71
    },
    {
      "time": 3360,
      "train": 2,
      "operation": 12
    },
    {
      "time": 3362,
      "train": 0,
      "operation": 16
    },
    {
      "time": 3372,
      "train": 2,
      "operation": 16
    },
    {
      "time": 3397,
      "train": 0,
      "operation": 22
    },
    {
      "time": 3410,
      "train": 5,
      "operation": 11
    },
    {
      "time": 3422,
      "train": 5,
      "operation": 13
    },
    {
      "time": 3480,
      "train": 3,
      "operation": 100
    },
    {
      "time": 3501,
      "train": 3,
      "operation": 106
    },
    {
      "time": 3554,
      "train": 0,
      "operation": 32
    },
    {
      "time": 3571,
      "train": 0,
      "operation": 42
    },
    {
      "time": 3605,
      "train": 0,
      "operation": 58
    },
    {
      "time": 3638,
      "train": 0,
      "operation": 78
    },
    {
      "time": 3697,
      "train": 3,
      "operation": 115
    },
    {
      "time": 3703,
      "train": 3,
      "operation": 119
    },
    {
      "time": 3727,
      "train": 1,
      "operation": 17
    },
    {
      "time": 3748,
      "train": 1,
      "operation": 21
    },
    {
      "time": 3778,
      "train": 5,
      "operation": 16
    },
    {
      "time": 3797,
      "train": 5,
      "operation": 18
    },
    {
      "time": 3804,
      "train": 4,
      "operation": 84
    },
    {
      "time": 3817,
      "train": 3,
      "operation": 121
    },
    {
      "time": 3823,
      "train": 3,
      "operation": 123
    },
    {
      "time": 3826,
      "train": 4,
      "operation": 86
    },
    {
      "time": 3837,
      "train": 2,
      "operation": 22
    },
    {
      "time": 3849,
      "train": 2,
      "operation": 26
    },
    {
      "time": 4069,
      "train": 0,
      "operation": 90
    },
    {
      "time": 4093,
      "train": 0,
      "operation": 96
    },
    {
      "time": 4104,
      "train": 4,
      "operation": 88
    },
    {
      "time": 4119,
      "train": 4,
      "operation": 91
    },
    {
      "time": 4171,
      "train": 3,
      "operation": 125
    },
    {
      "time": 4177,
      "train": 5,
      "operation": 24
    },
    {
      "time": 4192,
      "train": 3,
      "operation": 127
    },
    {
      "time": 4212,
      "train": 5,
      "operation": 30
    },
    {
      "time": 4228,
      "train": 4,
      "operation": 94
    },
    {
      "time": 4259,
      "train": 1,
      "operation": 23
    },
    {
      "time": 4270,
      "train": 4,
      "operation": 97
    },
    {
      "time": 4277,
      "train": 1,
      "operation": 26
    },
    {
      "time": 4287,
      "train": 2,
      "operation": 30
    },
    {
      "time": 4300,
      "train": 2,
      "operation": 34
    },
    {
      "time": 4319,
      "train": 4,
      "operation": 100
    },
    {
      "time": 4332,
      "train": 4,
      "operation": 103
    },
    {
      "time": 4369,
      "train": 5,
      "operation": 40
    },
    {
      "time": 4386,
      "train": 5,
      "operation": 50
    },
    {
      "time": 4420,
      "train": 5,
      "operation": 66
    },
    {
      "time": 4453,
      "train": 5,
      "operation": 80
    },
    {
      "time": 4453,
      "train": 4,
      "operation": 106
    },
    {
      "time": 4453,
      "train": 4,
      "operation": 107
    },
    {
      "time": 4636,
      "train": 0,
      "operation": 102
    },
    {
      "time": 4654,
      "train": 0,
      "operation": 108
    },
    {
      "time": 4692,
      "train": 1,
      "operation": 29
    },
    {
      "time": 4709,
      "train": 1,
      "operation": 33
    },
    {
      "time": 4790,
      "train": 3,
      "operation": 130
    },
    {
      "time": 4817,
      "train": 0,
      "operation": 117
    },
    {
      "time": 4820,
      "train": 3,
      "operation": 134
    },
    {
      "time": 4822,
      "train": 0,
      "operation": 121
    },
    {
      "time": 4873,
      "train": 5,
      "operation": 88
    },
    {
      "time": 4897,
      "train": 5,
      "operation": 94
    },
    {
      "time": 4917,
      "train": 0,
      "operation": 123
    },
    {
      "time": 4922,
      "train": 0,
      "operation": 125
    },
    {
      "time": 4926,
      "train": 3,
      "operation": 137
    },
    {
      "time": 4933,
      "train": 3,
      "operation": 140
    },
    {
      "time": 5014,
      "train": 2,
      "operation": 38
    },
    {
      "time": 5028,
      "train": 2,
      "operation": 42
    },
    {
      "time": 5184,
      "train": 1,
      "operation": 38
    },
    {
      "time": 5201,
      "train": 1,
      "operation": 44
    },
    {
      "time": 5212,
      "train": 0,
      "operation": 127
    },
    {
      "time": 5233,
      "train": 0,
      "operation": 129
    },
    {
      "time": 5293,
      "train": 1,
      "operation": 49
    },
    {
      "time": 5305,
      "train": 1,
      "operation": 55
    },
    {
      "time": 5440,
      "train": 5,
      "operation": 100
    },
    {
      "time": 5458,
      "train": 5,
      "operation": 106
    },
    {
      "time": 5474,
      "train": 3,
      "operation": 153
    },
    {
      "time": 5496,
      "train": 3,
      "operation": 155
    },
    {
      "time": 5551,
      "train": 4,
      "operation": 108
    },
    {
      "time": 5551,
      "train": 4,
      "operation": 109
    },
    {
      "time": 5551,
      "train": 4,
      "operation": 110
    },
    {
      "time": 5573,
      "train": 2,
      "operation": 46
    },
    {
      "time": 5588,
      "train": 2,
      "operation": 50
    },
    {
      "time": 5621,
      "train": 5,
      "operation": 115
    },
    {
      "time": 5626,
      "train": 5,
      "operation": 119
    },
    {
      "time": 5721,
      "train": 5,
      "operation": 121
    },
    {
      "time": 5726,
      "train": 5,
      "operation": 123
    },
    {
      "time": 5732,
      "train": 0,
      "operation": 132
    },
    {
      "time": 5757,
      "train": 0,
      "operation": 136
    },
    {
      "time": 5774,
      "train": 3,
      "operation": 157
    },
    {
      "time": 5789,
      "train": 3,
      "operation": 160
    },
    {
      "time": 5845,
      "train": 0,
      "operation": 139
    },
    {
      "time": 5851,
      "train": 0,
      "operation": 142
    },
    {
      "time": 5898,
      "train": 3,
      "operation": 163
    },
    {
      "time": 5924,
      "train": 3,
      "operation": 169
    },
    {
      "time": 5945,
      "train": 1,
      "operation": 61
    },
    {
      "time": 5948,
      "train": 3,
      "operation": 175
    },
    {
      "time": 5954,
      "train": 3,
      "operation": 180
    },
    {
      "time": 5962,
      "train": 1,
      "operation": 63
    },
    {
      "time": 6014,
      "train": 3,
      "operation": 186
    },
    {
      "time": 6016,
      "train": 5,
      "operation": 125
    },
    {
      "time": 6029,
      "train": 3,
      "operation": 188
    },
    {
      "time": 6037,
      "train": 5,
      "operation": 127
    },
    {
      "time": 6302,
      "train": 0,
      "operation": 155
    },
    {
      "time": 6320,
      "train": 0,
      "operation": 157
    },
    {
      "time": 6423,
      "train": 2,
      "operation": 54
    },
    {
      "time": 6438,
      "train": 2,
      "operation": 58
    },
    {
      "time": 6536,
      "train": 5,
      "operation": 130
    },
    {
      "time": 6552,
      "train": 0,
      "operation": 159
    },
    {
      "time": 6561,
      "train": 5,
      "operation": 134
    },
    {
      "time": 6565,
      "train": 0,
      "operation": 162
    },
    {
      "time": 6629,
      "train": 3,
      "operation": 190
    },
    {
      "time": 6649,
      "train": 3,
      "operation": 192
    },
    {
      "time": 6649,
      "train": 5,
      "operation": 137
    },
    {
      "time": 6652,
      "train": 1,
      "operation": 66
    },
    {
      "time": 6655,
      "train": 5,
      "operation": 140
    },
    {
      "time": 6661,
      "train": 1,
      "operation": 70
    },
    {
      "time": 6995,
      "train": 2,
      "operation": 62
    },
    {
      "time": 7010,
      "train": 2,
      "operation": 66
    },
    {
      "time": 7040,
      "train": 1,
      "operation": 76
    },
    {
      "time": 7054,
      "train": 1,
      "operation": 80
    },
    {
      "time": 7106,
      "train": 5,
      "operation": 153
    },
    {
      "time": 7124,
      "train": 5,
      "operation": 155
    },
    {
      "time": 7163,
      "train": 0,
      "operation": 166
    },
    {
      "time": 7209,
      "train": 0,
      "operation": 172
    },
    {
      "time": 7284,
      "train": 0,
      "operation": 181
    },
    {
      "time": 7296,
      "train": 0,
      "operation": 185
    },
    {
      "time": 7356,
      "train": 5,
      "operation": 157
    },
    {
      "time": 7359,
      "train": 1,
      "operation": 82
    },
    {
      "time": 7369,
      "train": 5,
      "operation": 160
    },
    {
      "time": 7370,
      "train": 1,
      "operation": 85
    },
    {
      "time": 7392,
      "train": 3,
      "operation": 194
    },
    {
      "time": 7417,
      "train": 3,
      "operation": 195
    },
    {
      "time": 7448,
      "train": 2,
      "operation": 69
    },
    {
      "time": 7460,
      "train": 5,
      "operation": 163
    },
    {
      "time": 7464,
      "train": 2,
      "operation": 72
    },
    {
      "time": 7481,
      "train": 5,
      "operation": 169
    },
    {
      "time": 7501,
      "train": 5,
      "operation": 175
    },
    {
      "time": 7506,
      "train": 5,
      "operation": 179
    },
    {
      "time": 7556,
      "train": 5,
      "operation": 183
    },
    {
      "time": 7568,
      "train": 5,
      "operation": 185
    },
    {
      "time": 7796,
      "train": 0,
      "operation": 193
    },
    {
      "time": 7816,
      "train": 0,
      "operation": 195
    },
    {
      "time": 7869,
      "train": 2,
      "operation": 75
    },
    {
      "time": 7890,
      "train": 2,
      "operation": 79
    },
    {
      "time": 7935,
      "train": 1,
      "operation": 87
    },
    {
      "time": 7952,
      "train": 1,
      "operation": 91
    },
    {
      "time": 8050,
      "train": 1,
      "operation": 95
    },
    {
      "time": 8055,
      "train": 1,
      "operation": 98
    },
    {
      "time": 8068,
      "train": 5,
      "operation": 187
    },
    {
      "time": 8150,
      "train": 1,
      "operation": 101
    },
    {
      "time": 8155,
      "train": 1,
      "operation": 104
    },
    {
      "time": 8221,
      "train": 3,
      "operation": 196
    },
    {
      "time": 8241,
      "train": 3,
      "operation": 197
    },
    {
      "time": 8335,
      "train": 2,
      "operation": 82
    },
    {
      "time": 8350,
      "train": 2,
      "operation": 88
    },
    {
      "time": 8387,
      "train": 1,
      "operation": 107
    },
    {
      "time": 8411,
      "train": 1,
      "operation": 109
    },
    {
      "time": 8429,
      "train": 2,
      "operation": 93
    },
    {
      "time": 8439,
      "train": 2,
      "operation": 99
    },
    {
      "time": 8458,
      "train": 0,
      "operation": 196
    },
    {
      "time": 8471,
      "train": 1,
      "operation": 111
    },
    {
      "time": 8475,
      "train": 1,
      "operation": 115
    },
    {
      "time": 8479,
      "train": 0,
      "operation": 197
    },
    {
      "time": 8479,
      "train": 5,
      "operation": 189
    },
    {
      "time": 8600,
      "train": 1,
      "operation": 119
    },
    {
      "time": 8605,
      "train": 1,
      "operation": 122
    },
    {
      "time": 8758,
      "train": 3,
      "operation": 198
    },
    {
      "time": 8778,
      "train": 3,
      "operation": 199
    },
    {
      "time": 8988,
      "train": 2,
      "operation": 105
    },
    {
      "time": 9003,
      "train": 2,
      "operation": 107
    },
    {
      "time": 9081,
      "train": 5,
      "operation": 191
    },
    {
      "time": 9111,
      "train": 1,
      "operation": 125
    },
    {
      "time": 9133,
      "train": 1,
      "operation": 127
    },
    {
      "time": 9149,
      "train": 0,
      "operation": 198
    },
    {
      "time": 9166,
      "train": 0,
      "operation": 199
    },
    {
      "time": 9166,
      "train": 5,
      "operation": 192
    },
    {
      "time": 9592,
      "train": 3,
      "operation": 200
    },
    {
      "time": 9595,
      "train": 2,
      "operation": 110
    },
    {
      "time": 9596,
      "train": 0,
      "operation": 200
    },
    {
      "time": 9603,
      "train": 2,
      "operation": 114
    },
    {
      "time": 9613,
      "train": 3,
      "operation": 201
    },
    {
      "time": 9613,
      "train": 0,
      "operation": 201
    },
    {
      "time": 9792,
      "train": 1,
      "operation": 129
    },
    {
      "time": 9809,
      "train": 1,
      "operation": 132
    },
    {
      "time": 9836,
      "train": 5,
      "operation": 193
    },
    {
      "time": 9842,
      "train": 3,
      "operation": 202
    },
    {
      "time": 9847,
      "train": 3,
      "operation": 203
    },
    {
      "time": 9853,
      "train": 5,
      "operation": 194
    },
    {
      "time": 9961,
      "train": 3,
      "operation": 204
    },
    {
      "time": 9968,
      "train": 3,
      "operation": 205
    },
    {
      "time": 9982,
      "train": 2,
      "operation": 120
    },
    {
      "time": 9996,
      "train": 2,
      "operation": 124
    },
    {
      "time": 10283,
      "train": 5,
      "operation": 195
    },
    {
      "time": 10291,
      "train": 0,
      "operation": 202
    },
    {
      "time": 10301,
      "train": 2,
      "operation": 126
    },
    {
      "time": 10308,
      "train": 0,
      "operation": 203
    },
    {
      "time": 10308,
      "train": 5,
      "operation": 196
    },
    {
      "time": 10312,
      "train": 2,
      "operation": 129
    },
    {
      "time": 10383,
      "train": 3,
      "operation": 206
    },
    {
      "time": 10404,
      "train": 3,
      "operation": 207
    },
    {
      "time": 10420,
      "train": 1,
      "operation": 139
    },
    {
      "time": 10437,
      "train": 1,
      "operation": 142
    },
    {
      "time": 10499,
      "train": 0,
      "operation": 204
    },
    {
      "time": 10503,
      "train": 0,
      "operation": 205
    },
    {
      "time": 10598,
      "train": 0,
      "operation": 206
    },
    {
      "time": 10604,
      "train": 0,
      "operation": 207
    },
    {
      "time": 10789,
      "train": 3,
      "operation": 208
    },
    {
      "time": 10794,
      "train": 3,
      "operation": 209
    },
    {
      "time": 10832,
      "train": 2,
      "operation": 131
    },
    {
      "time": 10847,
      "train": 2,
      "operation": 135
    },
    {
      "time": 10919,
      "train": 3,
      "operation": 210
    },
    {
      "time": 10925,
      "train": 3,
      "operation": 211
    },
    {
      "time": 10931,
      "train": 2,
      "operation": 139
    },
    {
      "time": 10935,
      "train": 2,
      "operation": 142
    },
    {
      "time": 10950,
      "train": 0,
      "operation": 208
    },
    {
      "time": 10967,
      "train": 0,
      "operation": 209
    },
    {
      "time": 10986,
      "train": 1,
      "operation": 145
    },
    {
      "time": 10986,
      "train": 5,
      "operation": 197
    },
    {
      "time": 11003,
      "train": 5,
      "operation": 198
    },
    {
      "time": 11004,
      "train": 1,
      "operation": 148
    },
    {
      "time": 11017,
      "train": 2,
      "operation": 145
    },
    {
      "time": 11021,
      "train": 2,
      "operation": 148
    },
    {
      "time": 11179,
      "train": 3,
      "operation": 212
    },
    {
      "time": 11185,
      "train": 3,
      "operation": 214
    },
    {
      "time": 11194,
      "train": 5,
      "operation": 199
    },
    {
      "time": 11198,
      "train": 5,
      "operation": 200
    },
    {
      "time": 11221,
      "train": 2,
      "operation": 151
    },
    {
      "time": 11242,
      "train": 2,
      "operation": 153
    },
    {
      "time": 11293,
      "train": 5,
      "operation": 201
    },
    {
      "time": 11293,
      "train": 5,
      "operation": 202
    },
    {
      "time": 11294,
      "train": 2,
      "operation": 155
    },
    {
      "time": 11298,
      "train": 2,
      "operation": 159
    },
    {
      "time": 11307,
      "train": 0,
      "operation": 210
    },
    {
      "time": 11312,
      "train": 0,
      "operation": 211
    },
    {
      "time": 11397,
      "train": 3,
      "operation": 216
    },
    {
      "time": 11403,
      "train": 3,
      "operation": 218
    },
    {
      "time": 11404,
      "train": 2,
      "operation": 163
    },
    {
      "time": 11409,
      "train": 2,
      "operation": 166
    },
    {
      "time": 11437,
      "train": 0,
      "operation": 212
    },
    {
      "time": 11443,
      "train": 0,
      "operation": 213
    },
    {
      "time": 11566,
      "train": 1,
      "operation": 152
    },
    {
      "time": 11583,
      "train": 1,
      "operation": 155
    },
    {
      "time": 11696,
      "train": 0,
      "operation": 214
    },
    {
      "time": 11701,
      "train": 0,
      "operation": 216
    },
    {
      "time": 11737,
      "train": 3,
      "operation": 221
    },
    {
      "time": 11776,
      "train": 3,
      "operation": 223
    },
    {
      "time": 11843,
      "train": 2,
      "operation": 169
    },
    {
      "time": 11862,
      "train": 2,
      "operation": 171
    },
    {
      "time": 11878,
      "train": 0,
      "operation": 218
    },
    {
      "time": 11883,
      "train": 0,
      "operation": 220
    },
    {
      "time": 12034,
      "train": 1,
      "operation": 167
    },
    {
      "time": 12052,
      "train": 1,
      "operation": 171
    },
    {
      "time": 12161,
      "train": 0,
      "operation": 222
    },
    {
      "time": 12165,
      "train": 0,
      "operation": 224
    },
    {
      "time": 12360,
      "train": 0,
      "operation": 226
    },
    {
      "time": 12365,
      "train": 0,
      "operation": 228
    },
    {
      "time": 12365,
      "train": 3,
      "operation": 225
    },
    {
      "time": 12427,
      "train": 2,
      "operation": 173
    },
    {
      "time": 12442,
      "train": 2,
      "operation": 176
    },
    {
      "time": 12643,
      "train": 1,
      "operation": 173
    },
    {
      "time": 12660,
      "train": 1,
      "operation": 176
    },
    {
      "time": 12791,
      "train": 0,
      "operation": 230
    },
    {
      "time": 12795,
      "train": 0,
      "operation": 232
    },
    {
      "time": 12795,
      "train": 3,
      "operation": 227
    },
    {
      "time": 12890,
      "train": 0,
      "operation": 234
    },
    {
      "time": 12895,
      "train": 0,
      "operation": 236
    },
    {
      "time": 12966,
      "train": 2,
      "operation": 183
    },
    {
      "time": 12980,
      "train": 2,
      "operation": 186
    },
    {
      "time": 13152,
      "train": 0,
      "operation": 238
    },
    {
      "time": 13156,
      "train": 0,
      "operation": 240
    },
    {
      "time": 13278,
      "train": 1,
      "operation": 179
    },
    {
      "time": 13294,
      "train": 1,
      "operation": 183
    },
    {
      "time": 13306,
      "train": 3,
      "operation": 228
    },
    {
      "time": 13310,
      "train": 3,
      "operation": 230
    },
    {
      "time": 13334,
      "train": 0,
      "operation": 242
    },
    {
      "time": 13339,
      "train": 0,
      "operation": 244
    },
    {
      "time": 13425,
      "train": 3,
      "operation": 232
    },
    {
      "time": 13431,
      "train": 3,
      "operation": 234
    },
    {
      "time": 13450,
      "train": 2,
      "operation": 189
    },
    {
      "time": 13465,
      "train": 2,
      "operation": 192
    },
    {
      "time": 13732,
      "train": 0,
      "operation": 247
    },
    {
      "time": 13740,
      "train": 3,
      "operation": 236
    },
    {
      "time": 13745,
      "train": 3,
      "operation": 238
    },
    {
      "time": 13747,
      "train": 0,
      "operation": 249
    },
    {
      "time": 13852,
      "train": 1,
      "operation": 187
    },
    {
      "time": 13869,
      "train": 1,
      "operation": 190
    },
    {
      "time": 13948,
      "train": 2,
      "operation": 196
    },
    {
      "time": 13958,
      "train": 3,
      "operation": 240
    },
    {
      "time": 13963,
      "train": 2,
      "operation": 199
    },
    {
      "time": 13964,
      "train": 3,
      "operation": 242
    },
    {
      "time": 14070,
      "train": 0,
      "operation": 251
    },
    {
      "time": 14090,
      "train": 0,
      "operation": 253
    },
    {
      "time": 14350,
      "train": 2,
      "operation": 211
    },
    {
      "time": 14366,
      "train": 2,
      "operation": 215
    },
    {
      "time": 14435,
      "train": 3,
      "operation": 245
    },
    {
      "time": 14453,
      "train": 3,
      "operation": 247
    },
    {
      "time": 14485,
      "train": 1,
      "operation": 193
    },
    {
      "time": 14502,
      "train": 1,
      "operation": 196
    },
    {
      "time": 14522,
      "train": 0,
      "operation": 255
    },
    {
      "time": 14537,
      "train": 0,
      "operation": 257
    },
    {
      "time": 14841,
      "train": 3,
      "operation": 249
    },
    {
      "time": 14865,
      "train": 3,
      "operation": 251
    },
    {
      "time": 14873,
      "train": 2,
      "operation": 217
    },
    {
      "time": 14888,
      "train": 2,
      "operation": 220
    },
    {
      "time": 14924,
      "train": 0,
      "operation": 258
    },
    {
      "time": 14928,
      "train": 0,
      "operation": 260
    },
    {
      "time": 15099,
      "train": 0,
      "operation": 262
    },
    {
      "time": 15102,
      "train": 1,
      "operation": 199
    },
    {
      "time": 15104,
      "train": 0,
      "operation": 264
    },
    {
      "time": 15119,
      "train": 1,
      "operation": 203
    },
    {
      "time": 15317,
      "train": 3,
      "operation": 253
    },
    {
      "time": 15335,
      "train": 3,
      "operation": 255
    },
    {
      "time": 15418,
      "train": 2,
      "operation": 223
    },
    {
      "time": 15432,
      "train": 2,
      "operation": 227
    },
    {
      "time": 15555,
      "train": 0,
      "operation": 266
    },
    {
      "time": 15559,
      "train": 0,
      "operation": 268
    },
    {
      "time": 15654,
      "train": 0,
      "operation": 270
    },
    {
      "time": 15659,
      "train": 0,
      "operation": 272
    },
    {
      "time": 15694,
      "train": 1,
      "operation": 207
    },
    {
      "time": 15711,
      "train": 1,
      "operation": 211
    },
    {
      "time": 15799,
      "train": 3,
      "operation": 256
    },
    {
      "time": 15804,
      "train": 3,
      "operation": 258
    },
    {
      "time": 15894,
      "train": 1,
      "operation": 215
    },
    {
      "time": 15894,
      "train": 0,
      "operation": 275
    },
    {
      "time": 15910,
      "train": 0,
      "operation": 277
    },
    {
      "time": 15911,
      "train": 2,
      "operation": 231
    },
    {
      "time": 15913,
      "train": 1,
      "operation": 219
    },
    {
      "time": 15926,
      "train": 2,
      "operation": 234
    },
    {
      "time": 16009,
      "train": 3,
      "operation": 260
    },
    {
      "time": 16015,
      "train": 3,
      "operation": 262
    },
    {
      "time": 16027,
      "train": 1,
      "operation": 223
    },
    {
      "time": 16049,
      "train": 1,
      "operation": 231
    },
    {
      "time": 16076,
      "train": 1,
      "operation": 257
    },
    {
      "time": 16326,
      "train": 1,
      "operation": 291
    },
    {
      "time": 16363,
      "train": 1,
      "operation": 315
    },
    {
      "time": 16406,
      "train": 1,
      "operation": 341
    },
    {
      "time": 16454,
      "train": 2,
      "operation": 237
    },
    {
      "time": 16468,
      "train": 2,
      "operation": 240
    },
    {
      "time": 16556,
      "train": 3,
      "operation": 264
    },
    {
      "time": 16559,
      "train": 1,
      "operation": 344
    },
    {
      "time": 16561,
      "train": 3,
      "operation": 266
    },
    {
      "time": 16593,
      "train": 1,
      "operation": 349
    },
    {
      "time": 16619,
      "train": 0,
      "operation": 279
    },
    {
      "time": 16641,
      "train": 0,
      "operation": 281
    },
    {
      "time": 16675,
      "train": 3,
      "operation": 268
    },
    {
      "time": 16681,
      "train": 3,
      "operation": 270
    },
    {
      "time": 16738,
      "train": 0,
      "operation": 283
    },
    {
      "time": 16743,
      "train": 0,
      "operation": 285
    },
    {
      "time": 16962,
      "train": 3,
      "operation": 272
    },
    {
      "time": 16981,
      "train": 3,
      "operation": 274
    },
    {
      "time": 16982,
      "train": 2,
      "operation": 243
    },
    {
      "time": 16997,
      "train": 2,
      "operation": 247
    },
    {
      "time": 17084,
      "train": 0,
      "operation": 286
    },
    {
      "time": 17089,
      "train": 0,
      "operation": 288
    },
    {
      "time": 17130,
      "train": 1,
      "operation": 354
    },
    {
      "time": 17130,
      "train": 1,
      "operation": 356
    },
    {
      "time": 17184,
      "train": 0,
      "operation": 290
    },
    {
      "time": 17189,
      "train": 0,
      "operation": 292
    },
    {
      "time": 17490,
      "train": 2,
      "operation": 251
    },
    {
      "time": 17495,
      "train": 0,
      "operation": 295
    },
    {
      "time": 17505,
      "train": 2,
      "operation": 255
    },
    {
      "time": 17515,
      "train": 0,
      "operation": 297
    },
    {
      "time": 17663,
      "train": 2,
      "operation": 259
    },
    {
      "time": 17666,
      "train": 0,
      "operation": 301
    },
    {
      "time": 17674,
      "train": 0,
      "operation": 305
    },
    {
      "time": 17679,
      "train": 2,
      "operation": 263
    },
    {
      "time": 17769,
      "train": 3,
      "operation": 276
    },
    {
      "time": 17777,
      "train": 2,
      "operation": 267
    },
    {
      "time": 17796,
      "train": 2,
      "operation": 275
    },
    {
      "time": 17796,
      "train": 3,
      "operation": 278
    },
    {
      "time": 17820,
      "train": 2,
      "operation": 301
    },
    {
      "time": 17912,
      "train": 3,
      "operation": 280
    },
    {
      "time": 17918,
      "train": 3,
      "operation": 282
    },
    {
      "time": 18070,
      "train": 2,
      "operation": 335
    },
    {
      "time": 18107,
      "train": 2,
      "operation": 359
    },
    {
      "time": 18150,
      "train": 2,
      "operation": 385
    },
    {
      "time": 18303,
      "train": 2,
      "operation": 388
    },
    {
      "time": 18327,
      "train": 3,
      "operation": 284
    },
    {
      "time": 18333,
      "train": 3,
      "operation": 286
    },
    {
      "time": 18337,
      "train": 2,
      "operation": 393
    },
    {
      "time": 18447,
      "train": 3,
      "operation": 288
    },
    {
      "time": 18453,
      "train": 3,
      "operation": 290
    },
    {
      "time": 18761,
      "train": 0,
      "operation": 307
    },
    {
      "time": 18772,
      "train": 0,
      "operation": 309
    },
    {
      "time": 18807,
      "train": 3,
      "operation": 293
    },
    {
      "time": 18827,
      "train": 3,
      "operation": 295
    },
    {
      "time": 18874,
      "train": 2,
      "operation": 398
    },
    {
      "time": 18874,
      "train": 2,
      "operation": 400
    },
    {
      "time": 18988,
      "train": 0,
      "operation": 310
    },
    {
      "time": 18996,
      "train": 0,
      "operation": 312
    },
    {
      "time": 19008,
      "train": 3,
      "operation": 299
    },
    {
      "time": 19018,
      "train": 3,
      "operation": 303
    },
    {
      "time": 19161,
      "train": 0,
      "operation": 314
    },
    {
      "time": 19170,
      "train": 0,
      "operation": 316
    },
    {
      "time": 19444,
      "train": 0,
      "operation": 318
    },
    {
      "time": 19461,
      "train": 0,
      "operation": 320
    },
    {
      "time": 19674,
      "train": 0,
      "operation": 322
    },
    {
      "time": 19679,
      "train": 0,
      "operation": 324
    },
    {
      "time": 20001,
      "train": 0,
      "operation": 326
    },
    {
      "time": 20007,
      "train": 0,
      "operation": 328
    },
    {
      "time": 20121,
      "train": 0,
      "operation": 330
    },
    {
      "time": 20149,
      "train": 0,
      "operation": 332
    },
    {
      "time": 20163,
      "train": 3,
      "operation": 305
    },
    {
      "time": 20174,
      "train": 3,
      "operation": 307
    },
    {
      "time": 20390,
      "train": 3,
      "operation": 308
    },
    {
      "time": 20398,
      "train": 3,
      "operation": 310
    },
    {
      "time": 20420,
      "train": 0,
      "operation": 335
    },
    {
      "time": 20491,
      "train": 0,
      "operation": 337
    },
    {
      "time": 20563,
      "train": 3,
      "operation": 312
    },
    {
      "time": 20572,
      "train": 3,
      "operation": 314
    },
    {
      "time": 20849,
      "train": 3,
      "operation": 316
    },
    {
      "time": 20870,
      "train": 3,
      "operation": 318
    },
    {
      "time": 21125,
      "train": 3,
      "operation": 320
    },
    {
      "time": 21131,
      "train": 3,
      "operation": 322
    },
    {
      "time": 21134,
      "train": 0,
      "operation": 341
    },
    {
      "time": 21158,
      "train": 0,
      "operation": 345
    },
    {
      "time": 21517,
      "train": 3,
      "operation": 324
    },
    {
      "time": 21523,
      "train": 3,
      "operation": 326
    },
    {
      "time": 21637,
      "train": 3,
      "operation": 328
    },
    {
      "time": 21665,
      "train": 3,
      "operation": 330
    },
    {
      "time": 21719,
      "train": 0,
      "operation": 347
    },
    {
      "time": 21736,
      "train": 0,
      "operation": 349
    },
    {
      "time": 21936,
      "train": 3,
      "operation": 333
    },
    {
      "time": 22007,
      "train": 3,
      "operation": 335
    },
    {
      "time": 22147,
      "train": 0,
      "operation": 350
    },
    {
      "time": 22151,
      "train": 0,
      "operation": 352
    },
    {
      "time": 22324,
      "train": 0,
      "operation": 354
    },
    {
      "time": 22329,
      "train": 0,
      "operation": 356
    },
    {
      "time": 22653,
      "train": 3,
      "operation": 339
    },
    {
      "time": 22677,
      "train": 3,
      "operation": 343
    },
    {
      "time": 22700,
      "train": 0,
      "operation": 358
    },
    {
      "time": 22710,
      "train": 0,
      "operation": 359
    },
    {
      "time": 22802,
      "train": 0,
      "operation": 360
    },
    {
      "time": 22829,
      "train": 0,
      "operation": 361
    },
    {
      "time": 23310,
      "train": 3,
      "operation": 345
    },
    {
      "time": 23331,
      "train": 3,
      "operation": 347
    },
    {
      "time": 23390,
      "train": 0,
      "operation": 362
    },
    {
      "time": 23406,
      "train": 0,
      "operation": 363
    },
    {
      "time": 23824,
      "train": 3,
      "operation": 348
    },
    {
      "time": 23829,
      "train": 3,
      "operation": 350
    },
    {
      "time": 24037,
      "train": 3,
      "operation": 352
    },
    {
      "time": 24043,
      "train": 3,
      "operation": 354
    },
    {
      "time": 24055,
      "train": 0,
      "operation": 364
    },
    {
      "time": 24071,
      "train": 0,
      "operation": 365
    },
    {
      "time": 24487,
      "train": 3,
      "operation": 357
    },
    {
      "time": 24497,
      "train": 3,
      "operation": 359
    },
    {
      "time": 24544,
      "train": 0,
      "operation": 366
    },
    {
      "time": 24607,
      "train": 3,
      "operation": 362
    },
    {
      "time": 24640,
      "train": 3,
      "operation": 365
    },
    {
      "time": 24652,
      "train": 0,
      "operation": 367
    },
    {
      "time": 24692,
      "train": 0,
      "operation": 368
    },
    {
      "time": 24718,
      "train": 0,
      "operation": 369
    },
    {
      "time": 25313,
      "train": 3,
      "operation": 368
    },
    {
      "time": 25332,
      "train": 3,
      "operation": 371
    },
    {
      "time": 25474,
      "train": 0,
      "operation": 370
    },
    {
      "time": 25474,
      "train": 0,
      "operation": 371
    },
    {
      "time": 25474,
      "train": 0,
      "operation": 372
    },
    {
      "time": 26111,
      "train": 3,
      "operation": 374
    },
    {
      "time": 26130,
      "train": 3,
      "operation": 377
    },
    {
      "time": 26697,
      "train": 3,
      "operation": 379
    },
    {
      "time": 26719,
      "train": 3,
      "operation": 381
    },
    {
      "time": 26751,
      "train": 3,
      "operation": 383
    },
    {
      "time": 26762,
      "train": 3,
      "operation": 386
    },
    {
      "time": 26876,
      "train": 3,
      "operation": 389
    },
    {
      "time": 26905,
      "train": 3,
      "operation": 393
    },
    {
      "time": 27552,
      "train": 3,
      "operation": 398
    },
    {
      "time": 27573,
      "train": 3,
      "operation": 401
    },
    {
      "time": 28274,
      "train": 3,
      "operation": 404
    },
    {
      "time": 28302,
      "train": 3,
      "operation": 407
    },
    {
      "time": 28417,
      "train": 3,
      "operation": 409
    },
    {
      "time": 28423,
      "train": 3,
      "operation": 411
    },
    {
      "time": 29062,
      "train": 3,
      "operation": 412
    },
    {
      "time": 29083,
      "train": 3,
      "operation": 413
    },
    {
      "time": 29252,
      "train": 3,
      "operation": 414
    },
    {
      "time": 29257,
      "train": 3,
      "operation": 416
    },
    {
      "time": 29372,
      "train": 3,
      "operation": 418
    },
    {
      "time": 29378,
      "train": 3,
      "operation": 420
    },
    {
      "time": 29810,
      "train": 3,
      "operation": 422
    },
    {
      "time": 29815,
      "train": 3,
      "operation": 424
    },
    {
      "time": 30012,
      "train": 3,
      "operation": 426
    },
    {
      "time": 30019,
      "train": 3,
      "operation": 428
    },
    {
      "time": 30290,
      "train": 3,
      "operation": 430
    },
    {
      "time": 30300,
      "train": 3,
      "operation": 432
    },
    {
      "time": 30756,
      "train": 3,
      "operation": 435
    },
    {
      "time": 30777,
      "train": 3,
      "operation": 439
    },
    {
      "time": 31507,
      "train": 3,
      "operation": 444
    },
    {
      "time": 31527,
      "train": 3,
      "operation": 447
    },
    {
      "time": 32011,
      "train": 3,
      "operation": 450
    },
    {
      "time": 32033,
      "train": 3,
      "operation": 453
    },
    {
      "time": 32645,
      "train": 3,
      "operation": 455
    },
    {
      "time": 32678,
      "train": 3,
      "operation": 458
    },
    {
      "time": 33310,
      "train": 3,
      "operation": 470
    },
    {
      "time": 33333,
      "train": 3,
      "operation": 473
    },
    {
      "time": 33987,
      "train": 3,
      "operation": 476
    },
    {
      "time": 34012,
      "train": 3,
      "operation": 478
    },
    {
      "time": 34508,
      "train": 3,
      "operation": 480
    },
    {
      "time": 34532,
      "train": 3,
      "operation": 483
    },
    {
      "time": 35090,
      "train": 3,
      "operation": 486
    },
    {
      "time": 35115,
      "train": 3,
      "operation": 489
    },
    {
      "time": 35556,
      "train": 3,
      "operation": 492
    },
    {
      "time": 35579,
      "train": 3,
      "operation": 495
    },
    {
      "time": 36335,
      "train": 3,
      "operation": 498
    },
    {
      "time": 36358,
      "train": 3,
      "operation": 502
    },
    {
      "time": 36953,
      "train": 3,
      "operation": 506
    },
    {
      "time": 36953,
      "train": 3,
      "operation": 508
    }
  ]
}