{
  "objective_value": 3595,
  "events": [
    {
      "time": 0,
      "train": 0,
      "operation": 0
    },
    {
      "time": 0,
      "train": 1,
      "operation": 0
    },
    {
      "time": 0,
      "train": 2,
      "operation": 0
    },
    {
      "time": 0,
      "train": 3,
      "operation": 0
    },
    {
      "time": 0,
      "train": 4,
      "operation": 0
    },
    {
      "time": 0,
      "train": 5,
      "operation": 0
    },
    {
      "time": 0,
      "train": 6,
      "operation": 0
    },
    {
      "time": 0,
      "train": 7,
      "operation": 0
    },
    {
      "time": 0,
      "train": 8,
      "operation": 0
    },
    {
      "time": 0,
      "train": 9,
      "operation": 0
    },
    {
      "time": 26729,
      "train": 4,
      "operation": 1
    },
    {
      "time": 26757,
      "train": 0,
      "operation": 1
    },
    {
      "time": 26757,
      "train": 6,
      "operation": 1
    },
    {
      "time": 26765,
      "train": 1,
      "operation": 1
    },
    {
      "time": 26817,
      "train": 2,
      "operation": 1
    },
    {
      "time": 26817,
      "train": 5,
      "operation": 1
    },
    {
      "time": 26877,
      "train": 0,
      "operation": 2
    },
    {
      "time": 26877,
      "train": 3,
      "operation": 3
    },
    {
      "time": 26907,
      "train": 1,
      "operation": 2
    },
    {
      "time": 26907,
      "train": 1,
      "operation": 3
    },
    {
      "time": 26937,
      "train": 6,
      "operation": 2
    },
    {
      "time": 26967,
      "train": 2,
      "operation": 2
    },
    {
      "time": 26967,
      "train": 2,
      "operation": 3
    },
    {
      "time": 26997,
      "train": 4,
      "operation": 2
    },
    {
      "time": 27027,
      "train": 5,
      "operation": 2
    },
    {
      "time": 27057,
      "train": 5,
      "operation": 5
    },
    {
      "time": 27212,
      "train": 5,
      "operation": 6
    },
    {
      "time": 27242,
      "train": 5,
      "operation": 7
    },
    {
      "time": 27346,
      "train": 5,
      "operation": 8
    },
    {
      "time": 27346,
      "train": 5,
      "operation": 9
    },
    {
      "time": 27507,
      "train": 1,
      "operation": 4
    },
    {
      "time": 27507,
      "train": 5,
      "operation": 10
    },
    {
      "time": 27539,
      "train": 2,
      "operation": 4
    },
    {
      "time": 27548,
      "train": 0,
      "operation": 6
    },
    {
      "time": 27605,
      "train": 5,
      "operation": 12
    },
    {
      "time": 27613,
      "train": 3,
      "operation": 5
    },
    {
      "time": 27621,
      "train": 1,
      "operation": 5
    },
    {
      "time": 27621,
      "train": 1,
      "operation": 6
    },
    {
      "time": 27621,
      "train": 1,
      "operation": 9
    },
    {
      "time": 27634,
      "train": 2,
      "operation": 5
    },
    {
      "time": 27634,
      "train": 2,
      "operation": 6
    },
    {
      "time": 27634,
      "train": 2,
      "operation": 7
    },
    {
      "time": 27670,
      "train": 3,
      "operation": 6
    },
    {
      "time": 27670,
      "train": 3,
      "operation": 7
    },
    {
      "time": 27682,
      "train": 2,
      "operation": 8
    },
    {
      "time": 27682,
      "train": 2,
      "operation": 9
    },
    {
      "time": 27712,
      "train": 2,
      "operation": 10
    },
    {
      "time": 27730,
      "train": 3,
      "operation": 8
    },
    {
      "time": 27741,
      "train": 1,
      "operation": 10
    },
    {
      "time": 27747,
      "train": 5,
      "operation": 13
    },
    {
      "time": 27780,
      "train": 5,
      "operation": 17
    },
    {
      "time": 27824,
      "train": 6,
      "operation": 3
    },
    {
      "time": 27837,
      "train": 5,
      "operation": 19
    },
    {
      "time": 27854,
      "train": 2,
      "operation": 11
    },
    {
      "time": 27854,
      "train": 2,
      "operation": 12
    },
    {
      "time": 27884,
      "train": 2,
      "operation": 13
    },
    {
      "time": 27897,
      "train": 5,
      "operation": 20
    },
    {
      "time": 27910,
      "train": 6,
      "operation": 4
    },
    {
      "time": 27940,
      "train": 6,
      "operation": 5
    },
    {
      "time": 27951,
      "train": 4,
      "operation": 4
    },
    {
      "time": 27986,
      "train": 3,
      "operation": 9
    },
    {
      "time": 27986,
      "train": 3,
      "operation": 10
    },
    {
      "time": 28016,
      "train": 3,
      "operation": 11
    },
    {
      "time": 28024,
      "train": 4,
      "operation": 8
    },
    {
      "time": 28024,
      "train": 4,
      "operation": 9
    },
    {
      "time": 28082,
      "train": 6,
      "operation": 6
    },
    {
      "time": 28112,
      "train": 2,
      "operation": 14
    },
    {
      "time": 28112,
      "train": 2,
      "operation": 15
    },
    {
      "time": 28112,
      "train": 6,
      "operation": 8
    },
    {
      "time": 28158,
      "train": 3,
      "operation": 12
    },
    {
      "time": 28158,
      "train": 3,
      "operation": 13
    },
    {
      "time": 28167,
      "train": 5,
      "operation": 21
    },
    {
      "time": 28172,
      "train": 2,
      "operation": 16
    },
    {
      "time": 28188,
      "train": 3,
      "operation": 14
    },
    {
      "time": 28190,
      "train": 4,
      "operation": 11
    },
    {
      "time": 28197,
      "train": 5,
      "operation": 23
    },
    {
      "time": 28236,
      "train": 3,
      "operation": 15
    },
    {
      "time": 28236,
      "train": 3,
      "operation": 16
    },
    {
      "time": 28236,
      "train": 3,
      "operation": 17
    },
    {
      "time": 28254,
      "train": 6,
      "operation": 9
    },
    {
      "time": 28258,
      "train": 2,
      "operation": 17
    },
    {
      "time": 28258,
      "train": 2,
      "operation": 18
    },
    {
      "time": 28258,
      "train": 2,
      "operation": 20
    },
    {
      "time": 28284,
      "train": 6,
      "operation": 11
    },
    {
      "time": 28288,
      "train": 2,
      "operation": 21
    },
    {
      "time": 28331,
      "train": 3,
      "operation": 18
    },
    {
      "time": 28331,
      "train": 3,
      "operation": 19
    },
    {
      "time": 28347,
      "train": 5,
      "operation": 24
    },
    {
      "time": 28358,
      "train": 4,
      "operation": 12
    },
    {
      "time": 28361,
      "train": 3,
      "operation": 20
    },
    {
      "time": 28377,
      "train": 5,
      "operation": 26
    },
    {
      "time": 28427,
      "train": 5,
      "operation": 27
    },
    {
      "time": 28430,
      "train": 2,
      "operation": 23
    },
    {
      "time": 28432,
      "train": 5,
      "operation": 29
    },
    {
      "time": 28460,
      "train": 2,
      "operation": 24
    },
    {
      "time": 28497,
      "train": 8,
      "operation": 5
    },
    {
      "time": 28497,
      "train": 8,
      "operation": 6
    },
    {
      "time": 28503,
      "train": 3,
      "operation": 21
    },
    {
      "time": 28504,
      "train": 4,
      "operation": 13
    },
    {
      "time": 28504,
      "train": 4,
      "operation": 14
    },
    {
      "time": 28512,
      "train": 6,
      "operation": 12
    },
    {
      "time": 28527,
      "train": 5,
      "operation": 30
    },
    {
      "time": 28533,
      "train": 3,
      "operation": 23
    },
    {
      "time": 28539,
      "train": 4,
      "operation": 15
    },
    {
      "time": 28539,
      "train": 4,
      "operation": 16
    },
    {
      "time": 28557,
      "train": 5,
      "operation": 32
    },
    {
      "time": 28587,
      "train": 8,
      "operation": 7
    },
    {
      "time": 28595,
      "train": 2,
      "operation": 25
    },
    {
      "time": 28595,
      "train": 2,
      "operation": 26
    },
    {
      "time": 28617,
      "train": 8,
      "operation": 9
    },
    {
      "time": 28618,
      "train": 4,
      "operation": 19
    },
    {
      "time": 28618,
      "train": 4,
      "operation": 20
    },
    {
      "time": 28632,
      "train": 6,
      "operation": 14
    },
    {
      "time": 28647,
      "train": 3,
      "operation": 24
    },
    {
      "time": 28647,
      "train": 3,
      "operation": 25
    },
    {
      "time": 28647,
      "train": 3,
      "operation": 26
    },
    {
      "time": 28647,
      "train": 3,
      "operation": 27
    },
    {
      "time": 28647,
      "train": 3,
      "operation": 28
    },
    {
      "time": 28660,
      "train": 2,
      "operation": 27
    },
    {
      "time": 28690,
      "train": 2,
      "operation": 28
    },
    {
      "time": 28707,
      "train": 5,
      "operation": 34
    },
    {
      "time": 28737,
      "train": 5,
      "operation": 35
    },
    {
      "time": 28767,
      "train": 3,
      "operation": 29
    },
    {
      "time": 28767,
      "train": 8,
      "operation": 10
    },
    {
      "time": 28802,
      "train": 8,
      "operation": 12
    },
    {
      "time": 28814,
      "train": 4,
      "operation": 21
    },
    {
      "time": 28832,
      "train": 2,
      "operation": 29
    },
    {
      "time": 28832,
      "train": 2,
      "operation": 31
    },
    {
      "time": 28832,
      "train": 6,
      "operation": 17
    },
    {
      "time": 28857,
      "train": 5,
      "operation": 36
    },
    {
      "time": 28862,
      "train": 2,
      "operation": 32
    },
    {
      "time": 28862,
      "train": 6,
      "operation": 18
    },
    {
      "time": 28874,
      "train": 4,
      "operation": 23
    },
    {
      "time": 28897,
      "train": 8,
      "operation": 13
    },
    {
      "time": 28899,
      "train": 8,
      "operation": 15
    },
    {
      "time": 28947,
      "train": 8,
      "operation": 16
    },
    {
      "time": 28977,
      "train": 5,
      "operation": 41
    },
    {
      "time": 28985,
      "train": 8,
      "operation": 18
    },
    {
      "time": 29010,
      "train": 4,
      "operation": 24
    },
    {
      "time": 29010,
      "train": 4,
      "operation": 25
    },
    {
      "time": 29062,
      "train": 2,
      "operation": 33
    },
    {
      "time": 29062,
      "train": 2,
      "operation": 34
    },
    {
      "time": 29090,
      "train": 6,
      "operation": 21
    },
    {
      "time": 29127,
      "train": 8,
      "operation": 20
    },
    {
      "time": 29145,
      "train": 4,
      "operation": 28
    },
    {
      "time": 29145,
      "train": 4,
      "operation": 29
    },
    {
      "time": 29157,
      "train": 8,
      "operation": 21
    },
    {
      "time": 29210,
      "train": 6,
      "operation": 22
    },
    {
      "time": 29212,
      "train": 2,
      "operation": 35
    },
    {
      "time": 29302,
      "train": 4,
      "operation": 32
    },
    {
      "time": 29302,
      "train": 4,
      "operation": 33
    },
    {
      "time": 29345,
      "train": 9,
      "operation": 1
    },
    {
      "time": 29345,
      "train": 9,
      "operation": 2
    },
    {
      "time": 29367,
      "train": 6,
      "operation": 23
    },
    {
      "time": 29367,
      "train": 6,
      "operation": 24
    },
    {
      "time": 29397,
      "train": 8,
      "operation": 22
    },
    {
      "time": 29412,
      "train": 2,
      "operation": 36
    },
    {
      "time": 29412,
      "train": 2,
      "operation": 37
    },
    {
      "time": 29457,
      "train": 8,
      "operation": 24
    },
    {
      "time": 29473,
      "train": 4,
      "operation": 34
    },
    {
      "time": 29473,
      "train": 4,
      "operation": 36
    },
    {
      "time": 29497,
      "train": 9,
      "operation": 3
    },
    {
      "time": 29497,
      "train": 9,
      "operation": 4
    },
    {
      "time": 29524,
      "train": 6,
      "operation": 25
    },
    {
      "time": 29547,
      "train": 8,
      "operation": 28
    },
    {
      "time": 29554,
      "train": 6,
      "operation": 27
    },
    {
      "time": 29577,
      "train": 8,
      "operation": 29
    },
    {
      "time": 29590,
      "train": 9,
      "operation": 5
    },
    {
      "time": 29612,
      "train": 2,
      "operation": 38
    },
    {
      "time": 29612,
      "train": 2,
      "operation": 40
    },
    {
      "time": 29620,
      "train": 4,
      "operation": 37
    },
    {
      "time": 29620,
      "train": 4,
      "operation": 39
    },
    {
      "time": 29727,
      "train": 8,
      "operation": 31
    },
    {
      "time": 29732,
      "train": 2,
      "operation": 41
    },
    {
      "time": 29739,
      "train": 4,
      "operation": 41
    },
    {
      "time": 29739,
      "train": 4,
      "operation": 42
    },
    {
      "time": 29754,
      "train": 6,
      "operation": 30
    },
    {
      "time": 29754,
      "train": 9,
      "operation": 8
    },
    {
      "time": 29757,
      "train": 8,
      "operation": 32
    },
    {
      "time": 29784,
      "train": 6,
      "operation": 31
    },
    {
      "time": 29815,
      "train": 4,
      "operation": 43
    },
    {
      "time": 29815,
      "train": 4,
      "operation": 44
    },
    {
      "time": 29901,
      "train": 4,
      "operation": 45
    },
    {
      "time": 29901,
      "train": 4,
      "operation": 46
    },
    {
      "time": 29912,
      "train": 8,
      "operation": 33
    },
    {
      "time": 29912,
      "train": 8,
      "operation": 34
    },
    {
      "time": 29926,
      "train": 6,
      "operation": 32
    },
    {
      "time": 29954,
      "train": 9,
      "operation": 10
    },
    {
      "time": 29954,
      "train": 9,
      "operation": 11
    },
    {
      "time": 29956,
      "train": 6,
      "operation": 33
    },
    {
      "time": 29967,
      "train": 8,
      "operation": 35
    },
    {
      "time": 29997,
      "train": 8,
      "operation": 36
    },
    {
      "time": 30030,
      "train": 6,
      "operation": 34
    },
    {
      "time": 30030,
      "train": 6,
      "operation": 35
    },
    {
      "time": 30072,
      "train": 4,
      "operation": 48
    },
    {
      "time": 30110,
      "train": 9,
      "operation": 12
    },
    {
      "time": 30110,
      "train": 9,
      "operation": 13
    },
    {
      "time": 30147,
      "train": 8,
      "operation": 39
    },
    {
      "time": 30155,
      "train": 6,
      "operation": 37
    },
    {
      "time": 30177,
      "train": 7,
      "operation": 3
    },
    {
      "time": 30177,
      "train": 8,
      "operation": 40
    },
    {
      "time": 30185,
      "train": 6,
      "operation": 38
    },
    {
      "time": 30185,
      "train": 7,
      "operation": 4
    },
    {
      "time": 30265,
      "train": 9,
      "operation": 15
    },
    {
      "time": 30265,
      "train": 9,
      "operation": 17
    },
    {
      "time": 30281,
      "train": 4,
      "operation": 49
    },
    {
      "time": 30327,
      "train": 6,
      "operation": 42
    },
    {
      "time": 30327,
      "train": 7,
      "operation": 5
    },
    {
      "time": 30327,
      "train": 7,
      "operation": 6
    },
    {
      "time": 30357,
      "train": 6,
      "operation": 43
    },
    {
      "time": 30387,
      "train": 8,
      "operation": 41
    },
    {
      "time": 30414,
      "train": 6,
      "operation": 44
    },
    {
      "time": 30416,
      "train": 4,
      "operation": 50
    },
    {
      "time": 30416,
      "train": 4,
      "operation": 51
    },
    {
      "time": 30474,
      "train": 6,
      "operation": 46
    },
    {
      "time": 30477,
      "train": 7,
      "operation": 7
    },
    {
      "time": 30482,
      "train": 9,
      "operation": 19
    },
    {
      "time": 30482,
      "train": 9,
      "operation": 21
    },
    {
      "time": 30537,
      "train": 7,
      "operation": 9
    },
    {
      "time": 30544,
      "train": 8,
      "operation": 43
    },
    {
      "time": 30596,
      "train": 4,
      "operation": 55
    },
    {
      "time": 30656,
      "train": 4,
      "operation": 56
    },
    {
      "time": 30682,
      "train": 8,
      "operation": 44
    },
    {
      "time": 30682,
      "train": 8,
      "operation": 45
    },
    {
      "time": 30723,
      "train": 9,
      "operation": 22
    },
    {
      "time": 30723,
      "train": 9,
      "operation": 24
    },
    {
      "time": 30730,
      "train": 6,
      "operation": 47
    },
    {
      "time": 30747,
      "train": 7,
      "operation": 12
    },
    {
      "time": 30760,
      "train": 6,
      "operation": 49
    },
    {
      "time": 30777,
      "train": 7,
      "operation": 13
    },
    {
      "time": 30827,
      "train": 8,
      "operation": 48
    },
    {
      "time": 30897,
      "train": 8,
      "operation": 49
    },
    {
      "time": 30902,
      "train": 6,
      "operation": 51
    },
    {
      "time": 30925,
      "train": 9,
      "operation": 26
    },
    {
      "time": 30925,
      "train": 9,
      "operation": 27
    },
    {
      "time": 30931,
      "train": 7,
      "operation": 14
    },
    {
      "time": 30932,
      "train": 6,
      "operation": 52
    },
    {
      "time": 30961,
      "train": 7,
      "operation": 15
    },
    {
      "time": 30980,
      "train": 6,
      "operation": 53
    },
    {
      "time": 30980,
      "train": 6,
      "operation": 55
    },
    {
      "time": 31037,
      "train": 7,
      "operation": 16
    },
    {
      "time": 31037,
      "train": 7,
      "operation": 17
    },
    {
      "time": 31075,
      "train": 6,
      "operation": 57
    },
    {
      "time": 31101,
      "train": 9,
      "operation": 29
    },
    {
      "time": 31101,
      "train": 9,
      "operation": 30
    },
    {
      "time": 31105,
      "train": 6,
      "operation": 58
    },
    {
      "time": 31107,
      "train": 8,
      "operation": 52
    },
    {
      "time": 31137,
      "train": 8,
      "operation": 53
    },
    {
      "time": 31167,
      "train": 7,
      "operation": 19
    },
    {
      "time": 31197,
      "train": 7,
      "operation": 20
    },
    {
      "time": 31216,
      "train": 9,
      "operation": 31
    },
    {
      "time": 31216,
      "train": 9,
      "operation": 32
    },
    {
      "time": 31247,
      "train": 6,
      "operation": 60
    },
    {
      "time": 31255,
      "train": 4,
      "operation": 57
    },
    {
      "time": 31255,
      "train": 4,
      "operation": 59
    },
    {
      "time": 31277,
      "train": 6,
      "operation": 61
    },
    {
      "time": 31312,
      "train": 9,
      "operation": 33
    },
    {
      "time": 31312,
      "train": 9,
      "operation": 34
    },
    {
      "time": 31347,
      "train": 7,
      "operation": 24
    },
    {
      "time": 31377,
      "train": 7,
      "operation": 25
    },
    {
      "time": 31378,
      "train": 8,
      "operation": 55
    },
    {
      "time": 31391,
      "train": 6,
      "operation": 66
    },
    {
      "time": 31437,
      "train": 7,
      "operation": 26
    },
    {
      "time": 31497,
      "train": 7,
      "operation": 28
    },
    {
      "time": 31497,
      "train": 8,
      "operation": 56
    },
    {
      "time": 31503,
      "train": 9,
      "operation": 35
    },
    {
      "time": 31503,
      "train": 9,
      "operation": 37
    },
    {
      "time": 31511,
      "train": 6,
      "operation": 67
    },
    {
      "time": 31652,
      "train": 9,
      "operation": 38
    },
    {
      "time": 31652,
      "train": 9,
      "operation": 39
    },
    {
      "time": 31707,
      "train": 8,
      "operation": 57
    },
    {
      "time": 31737,
      "train": 8,
      "operation": 59
    },
    {
      "time": 31767,
      "train": 7,
      "operation": 30
    },
    {
      "time": 31779,
      "train": 4,
      "operation": 60
    },
    {
      "time": 31779,
      "train": 4,
      "operation": 62
    },
    {
      "time": 31797,
      "train": 7,
      "operation": 31
    },
    {
      "time": 31852,
      "train": 9,
      "operation": 40
    },
    {
      "time": 31852,
      "train": 9,
      "operation": 44
    },
    {
      "time": 31947,
      "train": 7,
      "operation": 32
    },
    {
      "time": 31947,
      "train": 8,
      "operation": 60
    },
    {
      "time": 31977,
      "train": 7,
      "operation": 34
    },
    {
      "time": 31977,
      "train": 8,
      "operation": 62
    },
    {
      "time": 32027,
      "train": 7,
      "operation": 36
    },
    {
      "time": 32027,
      "train": 7,
      "operation": 37
    },
    {
      "time": 32052,
      "train": 4,
      "operation": 64
    },
    {
      "time": 32052,
      "train": 4,
      "operation": 65
    },
    {
      "time": 32127,
      "train": 7,
      "operation": 38
    },
    {
      "time": 32131,
      "train": 8,
      "operation": 63
    },
    {
      "time": 32157,
      "train": 7,
      "operation": 40
    },
    {
      "time": 32161,
      "train": 8,
      "operation": 64
    },
    {
      "time": 32247,
      "train": 8,
      "operation": 65
    },
    {
      "time": 32247,
      "train": 8,
      "operation": 66
    },
    {
      "time": 32307,
      "train": 7,
      "operation": 41
    },
    {
      "time": 32337,
      "train": 7,
      "operation": 43
    },
    {
      "time": 32427,
      "train": 8,
      "operation": 68
    },
    {
      "time": 32457,
      "train": 7,
      "operation": 48
    },
    {
      "time": 32457,
      "train": 8,
      "operation": 69
    },
    {
      "time": 32479,
      "train": 9,
      "operation": 45
    },
    {
      "time": 32479,
      "train": 9,
      "operation": 47
    },
    {
      "time": 32577,
      "train": 7,
      "operation": 49
    },
    {
      "time": 32611,
      "train": 8,
      "operation": 70
    },
    {
      "time": 32611,
      "train": 8,
      "operation": 71
    },
    {
      "time": 32817,
      "train": 8,
      "operation": 75
    },
    {
      "time": 32879,
      "train": 4,
      "operation": 68
    },
    {
      "time": 32937,
      "train": 8,
      "operation": 76
    },
    {
      "time": 32938,
      "train": 4,
      "operation": 69
    },
    {
      "time": 33117,
      "train": 9,
      "operation": 49
    },
    {
      "time": 33117,
      "train": 9,
      "operation": 50
    },
    {
      "time": 33522,
      "train": 9,
      "operation": 52
    },
    {
      "time": 33522,
      "train": 9,
      "operation": 53
    },
    {
      "time": 34462,
      "train": 9,
      "operation": 54
    },
    {
      "time": 34462,
      "train": 9,
      "operation": 57
    }
  ]
}