{
  "objective_value": 3688,
  "events": [
    {
      "time": 0,
      "train": 0,
      "operation": 0
    },
    {
      "time": 0,
      "train": 1,
      "operation": 0
    },
    {
      "time": 0,
      "train": 2,
      "operation": 0
    },
    {
      "time": 0,
      "train": 3,
      "operation": 0
    },
    {
      "time": 0,
      "train": 4,
      "operation": 0
    },
    {
      "time": 0,
      "train": 5,
      "operation": 0
    },
    {
      "time": 0,
      "train": 6,
      "operation": 0
    },
    {
      "time": 0,
      "train": 7,
      "operation": 0
    },
    {
      "time": 0,
      "train": 8,
      "operation": 0
    },
    {
      "time": 0,
      "train": 9,
      "operation": 0
    },
    {
      "time": 0,
      "train": 10,
      "operation": 0
    },
    {
      "time": 0,
      "train": 11,
      "operation": 0
    },
    {
      "time": 12057,
      "train": 2,
      "operation": 1
    },
    {
      "time": 12117,
      "train": 10,
      "operation": 1
    },
    {
      "time": 12146,
      "train": 9,
      "operation": 1
    },
    {
      "time": 12177,
      "train": 1,
      "operation": 1
    },
    {
      "time": 12177,
      "train": 6,
      "operation": 1
    },
    {
      "time": 12227,
      "train": 0,
      "operation": 1
    },
    {
      "time": 12297,
      "train": 2,
      "operation": 2
    },
    {
      "time": 12297,
      "train": 2,
      "operation": 3
    },
    {
      "time": 12297,
      "train": 8,
      "operation": 1
    },
    {
      "time": 12301,
      "train": 3,
      "operation": 1
    },
    {
      "time": 12319,
      "train": 9,
      "operation": 3
    },
    {
      "time": 12323,
      "train": 10,
      "operation": 2
    },
    {
      "time": 12327,
      "train": 0,
      "operation": 2
    },
    {
      "time": 12327,
      "train": 0,
      "operation": 3
    },
    {
      "time": 12327,
      "train": 6,
      "operation": 2
    },
    {
      "time": 12387,
      "train": 1,
      "operation": 2
    },
    {
      "time": 12387,
      "train": 1,
      "operation": 3
    },
    {
      "time": 12387,
      "train": 3,
      "operation": 2
    },
    {
      "time": 12387,
      "train": 3,
      "operation": 3
    },
    {
      "time": 12477,
      "train": 4,
      "operation": 4
    },
    {
      "time": 12477,
      "train": 4,
      "operation": 5
    },
    {
      "time": 12537,
      "train": 1,
      "operation": 4
    },
    {
      "time": 12537,
      "train": 4,
      "operation": 6
    },
    {
      "time": 12567,
      "train": 3,
      "operation": 4
    },
    {
      "time": 12597,
      "train": 3,
      "operation": 6
    },
    {
      "time": 12611,
      "train": 4,
      "operation": 8
    },
    {
      "time": 12672,
      "train": 1,
      "operation": 5
    },
    {
      "time": 12679,
      "train": 1,
      "operation": 6
    },
    {
      "time": 12751,
      "train": 3,
      "operation": 7
    },
    {
      "time": 12751,
      "train": 3,
      "operation": 8
    },
    {
      "time": 12807,
      "train": 1,
      "operation": 7
    },
    {
      "time": 12807,
      "train": 1,
      "operation": 9
    },
    {
      "time": 12812,
      "train": 10,
      "operation": 3
    },
    {
      "time": 12837,
      "train": 1,
      "operation": 10
    },
    {
      "time": 12867,
      "train": 4,
      "operation": 9
    },
    {
      "time": 12905,
      "train": 4,
      "operation": 11
    },
    {
      "time": 12932,
      "train": 2,
      "operation": 4
    },
    {
      "time": 12938,
      "train": 9,
      "operation": 4
    },
    {
      "time": 12957,
      "train": 3,
      "operation": 9
    },
    {
      "time": 12957,
      "train": 3,
      "operation": 10
    },
    {
      "time": 12958,
      "train": 10,
      "operation": 5
    },
    {
      "time": 13043,
      "train": 6,
      "operation": 3
    },
    {
      "time": 13046,
      "train": 2,
      "operation": 5
    },
    {
      "time": 13046,
      "train": 2,
      "operation": 8
    },
    {
      "time": 13047,
      "train": 1,
      "operation": 11
    },
    {
      "time": 13047,
      "train": 4,
      "operation": 13
    },
    {
      "time": 13059,
      "train": 1,
      "operation": 13
    },
    {
      "time": 13077,
      "train": 1,
      "operation": 14
    },
    {
      "time": 13077,
      "train": 3,
      "operation": 13
    },
    {
      "time": 13077,
      "train": 4,
      "operation": 14
    },
    {
      "time": 13078,
      "train": 10,
      "operation": 6
    },
    {
      "time": 13127,
      "train": 4,
      "operation": 15
    },
    {
      "time": 13127,
      "train": 4,
      "operation": 17
    },
    {
      "time": 13147,
      "train": 9,
      "operation": 5
    },
    {
      "time": 13147,
      "train": 9,
      "operation": 7
    },
    {
      "time": 13166,
      "train": 2,
      "operation": 9
    },
    {
      "time": 13185,
      "train": 6,
      "operation": 4
    },
    {
      "time": 13193,
      "train": 8,
      "operation": 6
    },
    {
      "time": 13197,
      "train": 5,
      "operation": 2
    },
    {
      "time": 13197,
      "train": 5,
      "operation": 6
    },
    {
      "time": 13211,
      "train": 10,
      "operation": 7
    },
    {
      "time": 13211,
      "train": 10,
      "operation": 8
    },
    {
      "time": 13227,
      "train": 4,
      "operation": 18
    },
    {
      "time": 13245,
      "train": 6,
      "operation": 6
    },
    {
      "time": 13255,
      "train": 0,
      "operation": 4
    },
    {
      "time": 13257,
      "train": 4,
      "operation": 20
    },
    {
      "time": 13277,
      "train": 10,
      "operation": 9
    },
    {
      "time": 13279,
      "train": 8,
      "operation": 7
    },
    {
      "time": 13287,
      "train": 5,
      "operation": 8
    },
    {
      "time": 13307,
      "train": 10,
      "operation": 10
    },
    {
      "time": 13309,
      "train": 8,
      "operation": 9
    },
    {
      "time": 13317,
      "train": 1,
      "operation": 15
    },
    {
      "time": 13317,
      "train": 1,
      "operation": 16
    },
    {
      "time": 13317,
      "train": 5,
      "operation": 9
    },
    {
      "time": 13397,
      "train": 0,
      "operation": 5
    },
    {
      "time": 13397,
      "train": 0,
      "operation": 6
    },
    {
      "time": 13407,
      "train": 4,
      "operation": 22
    },
    {
      "time": 13427,
      "train": 0,
      "operation": 7
    },
    {
      "time": 13430,
      "train": 9,
      "operation": 9
    },
    {
      "time": 13437,
      "train": 1,
      "operation": 17
    },
    {
      "time": 13437,
      "train": 4,
      "operation": 23
    },
    {
      "time": 13445,
      "train": 6,
      "operation": 9
    },
    {
      "time": 13449,
      "train": 10,
      "operation": 12
    },
    {
      "time": 13451,
      "train": 8,
      "operation": 10
    },
    {
      "time": 13467,
      "train": 5,
      "operation": 10
    },
    {
      "time": 13475,
      "train": 6,
      "operation": 10
    },
    {
      "time": 13479,
      "train": 10,
      "operation": 13
    },
    {
      "time": 13481,
      "train": 8,
      "operation": 12
    },
    {
      "time": 13497,
      "train": 5,
      "operation": 12
    },
    {
      "time": 13541,
      "train": 0,
      "operation": 8
    },
    {
      "time": 13541,
      "train": 0,
      "operation": 12
    },
    {
      "time": 13557,
      "train": 4,
      "operation": 28
    },
    {
      "time": 13576,
      "train": 8,
      "operation": 14
    },
    {
      "time": 13576,
      "train": 8,
      "operation": 15
    },
    {
      "time": 13597,
      "train": 5,
      "operation": 14
    },
    {
      "time": 13597,
      "train": 5,
      "operation": 15
    },
    {
      "time": 13617,
      "train": 6,
      "operation": 11
    },
    {
      "time": 13621,
      "train": 10,
      "operation": 15
    },
    {
      "time": 13624,
      "train": 8,
      "operation": 16
    },
    {
      "time": 13647,
      "train": 1,
      "operation": 18
    },
    {
      "time": 13647,
      "train": 1,
      "operation": 19
    },
    {
      "time": 13647,
      "train": 5,
      "operation": 17
    },
    {
      "time": 13647,
      "train": 6,
      "operation": 12
    },
    {
      "time": 13651,
      "train": 10,
      "operation": 16
    },
    {
      "time": 13654,
      "train": 8,
      "operation": 18
    },
    {
      "time": 13661,
      "train": 0,
      "operation": 13
    },
    {
      "time": 13670,
      "train": 9,
      "operation": 11
    },
    {
      "time": 13677,
      "train": 1,
      "operation": 20
    },
    {
      "time": 13677,
      "train": 4,
      "operation": 29
    },
    {
      "time": 13677,
      "train": 5,
      "operation": 18
    },
    {
      "time": 13698,
      "train": 6,
      "operation": 13
    },
    {
      "time": 13698,
      "train": 6,
      "operation": 14
    },
    {
      "time": 13796,
      "train": 8,
      "operation": 19
    },
    {
      "time": 13826,
      "train": 8,
      "operation": 21
    },
    {
      "time": 13827,
      "train": 1,
      "operation": 21
    },
    {
      "time": 13827,
      "train": 5,
      "operation": 20
    },
    {
      "time": 13846,
      "train": 6,
      "operation": 16
    },
    {
      "time": 13851,
      "train": 10,
      "operation": 17
    },
    {
      "time": 13857,
      "train": 1,
      "operation": 23
    },
    {
      "time": 13857,
      "train": 5,
      "operation": 21
    },
    {
      "time": 13857,
      "train": 11,
      "operation": 4
    },
    {
      "time": 13857,
      "train": 11,
      "operation": 5
    },
    {
      "time": 13863,
      "train": 9,
      "operation": 14
    },
    {
      "time": 13863,
      "train": 9,
      "operation": 15
    },
    {
      "time": 13876,
      "train": 6,
      "operation": 17
    },
    {
      "time": 13881,
      "train": 10,
      "operation": 19
    },
    {
      "time": 13995,
      "train": 9,
      "operation": 16
    },
    {
      "time": 13995,
      "train": 9,
      "operation": 17
    },
    {
      "time": 14011,
      "train": 1,
      "operation": 24
    },
    {
      "time": 14018,
      "train": 6,
      "operation": 21
    },
    {
      "time": 14041,
      "train": 1,
      "operation": 25
    },
    {
      "time": 14046,
      "train": 11,
      "operation": 6
    },
    {
      "time": 14046,
      "train": 11,
      "operation": 7
    },
    {
      "time": 14048,
      "train": 6,
      "operation": 22
    },
    {
      "time": 14054,
      "train": 8,
      "operation": 23
    },
    {
      "time": 14097,
      "train": 5,
      "operation": 23
    },
    {
      "time": 14105,
      "train": 6,
      "operation": 23
    },
    {
      "time": 14114,
      "train": 8,
      "operation": 24
    },
    {
      "time": 14127,
      "train": 1,
      "operation": 26
    },
    {
      "time": 14127,
      "train": 9,
      "operation": 18
    },
    {
      "time": 14136,
      "train": 1,
      "operation": 27
    },
    {
      "time": 14137,
      "train": 10,
      "operation": 22
    },
    {
      "time": 14157,
      "train": 5,
      "operation": 24
    },
    {
      "time": 14165,
      "train": 6,
      "operation": 25
    },
    {
      "time": 14167,
      "train": 10,
      "operation": 23
    },
    {
      "time": 14186,
      "train": 9,
      "operation": 20
    },
    {
      "time": 14187,
      "train": 11,
      "operation": 9
    },
    {
      "time": 14200,
      "train": 8,
      "operation": 25
    },
    {
      "time": 14230,
      "train": 8,
      "operation": 29
    },
    {
      "time": 14277,
      "train": 5,
      "operation": 25
    },
    {
      "time": 14307,
      "train": 1,
      "operation": 28
    },
    {
      "time": 14307,
      "train": 1,
      "operation": 29
    },
    {
      "time": 14337,
      "train": 1,
      "operation": 30
    },
    {
      "time": 14337,
      "train": 11,
      "operation": 10
    },
    {
      "time": 14367,
      "train": 10,
      "operation": 26
    },
    {
      "time": 14372,
      "train": 8,
      "operation": 31
    },
    {
      "time": 14395,
      "train": 9,
      "operation": 22
    },
    {
      "time": 14397,
      "train": 5,
      "operation": 29
    },
    {
      "time": 14397,
      "train": 10,
      "operation": 27
    },
    {
      "time": 14402,
      "train": 8,
      "operation": 32
    },
    {
      "time": 14421,
      "train": 6,
      "operation": 26
    },
    {
      "time": 14451,
      "train": 6,
      "operation": 28
    },
    {
      "time": 14487,
      "train": 1,
      "operation": 31
    },
    {
      "time": 14487,
      "train": 1,
      "operation": 32
    },
    {
      "time": 14489,
      "train": 11,
      "operation": 11
    },
    {
      "time": 14489,
      "train": 11,
      "operation": 12
    },
    {
      "time": 14537,
      "train": 8,
      "operation": 33
    },
    {
      "time": 14537,
      "train": 8,
      "operation": 34
    },
    {
      "time": 14539,
      "train": 10,
      "operation": 28
    },
    {
      "time": 14539,
      "train": 10,
      "operation": 29
    },
    {
      "time": 14555,
      "train": 11,
      "operation": 13
    },
    {
      "time": 14585,
      "train": 11,
      "operation": 14
    },
    {
      "time": 14593,
      "train": 6,
      "operation": 29
    },
    {
      "time": 14595,
      "train": 9,
      "operation": 24
    },
    {
      "time": 14602,
      "train": 8,
      "operation": 35
    },
    {
      "time": 14623,
      "train": 6,
      "operation": 31
    },
    {
      "time": 14632,
      "train": 8,
      "operation": 36
    },
    {
      "time": 14667,
      "train": 1,
      "operation": 33
    },
    {
      "time": 14667,
      "train": 1,
      "operation": 36
    },
    {
      "time": 14671,
      "train": 6,
      "operation": 32
    },
    {
      "time": 14671,
      "train": 6,
      "operation": 34
    },
    {
      "time": 14681,
      "train": 10,
      "operation": 31
    },
    {
      "time": 14693,
      "train": 9,
      "operation": 25
    },
    {
      "time": 14693,
      "train": 9,
      "operation": 26
    },
    {
      "time": 14727,
      "train": 11,
      "operation": 15
    },
    {
      "time": 14741,
      "train": 10,
      "operation": 32
    },
    {
      "time": 14757,
      "train": 11,
      "operation": 17
    },
    {
      "time": 14763,
      "train": 9,
      "operation": 27
    },
    {
      "time": 14763,
      "train": 9,
      "operation": 28
    },
    {
      "time": 14766,
      "train": 6,
      "operation": 35
    },
    {
      "time": 14774,
      "train": 8,
      "operation": 37
    },
    {
      "time": 14787,
      "train": 1,
      "operation": 37
    },
    {
      "time": 14796,
      "train": 6,
      "operation": 37
    },
    {
      "time": 14804,
      "train": 8,
      "operation": 40
    },
    {
      "time": 14887,
      "train": 9,
      "operation": 29
    },
    {
      "time": 14887,
      "train": 9,
      "operation": 31
    },
    {
      "time": 14907,
      "train": 11,
      "operation": 18
    },
    {
      "time": 14937,
      "train": 11,
      "operation": 20
    },
    {
      "time": 14938,
      "train": 6,
      "operation": 39
    },
    {
      "time": 14941,
      "train": 10,
      "operation": 35
    },
    {
      "time": 14968,
      "train": 6,
      "operation": 40
    },
    {
      "time": 14971,
      "train": 10,
      "operation": 36
    },
    {
      "time": 14994,
      "train": 9,
      "operation": 33
    },
    {
      "time": 14994,
      "train": 9,
      "operation": 36
    },
    {
      "time": 15004,
      "train": 8,
      "operation": 42
    },
    {
      "time": 15057,
      "train": 10,
      "operation": 37
    },
    {
      "time": 15082,
      "train": 6,
      "operation": 45
    },
    {
      "time": 15087,
      "train": 10,
      "operation": 38
    },
    {
      "time": 15094,
      "train": 8,
      "operation": 43
    },
    {
      "time": 15108,
      "train": 9,
      "operation": 37
    },
    {
      "time": 15117,
      "train": 7,
      "operation": 3
    },
    {
      "time": 15117,
      "train": 7,
      "operation": 4
    },
    {
      "time": 15145,
      "train": 10,
      "operation": 39
    },
    {
      "time": 15145,
      "train": 10,
      "operation": 40
    },
    {
      "time": 15147,
      "train": 11,
      "operation": 22
    },
    {
      "time": 15177,
      "train": 11,
      "operation": 23
    },
    {
      "time": 15202,
      "train": 6,
      "operation": 46
    },
    {
      "time": 15228,
      "train": 9,
      "operation": 39
    },
    {
      "time": 15265,
      "train": 7,
      "operation": 5
    },
    {
      "time": 15265,
      "train": 7,
      "operation": 6
    },
    {
      "time": 15265,
      "train": 8,
      "operation": 44
    },
    {
      "time": 15265,
      "train": 8,
      "operation": 45
    },
    {
      "time": 15287,
      "train": 10,
      "operation": 42
    },
    {
      "time": 15346,
      "train": 10,
      "operation": 43
    },
    {
      "time": 15387,
      "train": 11,
      "operation": 26
    },
    {
      "time": 15412,
      "train": 7,
      "operation": 7
    },
    {
      "time": 15417,
      "train": 11,
      "operation": 27
    },
    {
      "time": 15436,
      "train": 8,
      "operation": 46
    },
    {
      "time": 15442,
      "train": 7,
      "operation": 9
    },
    {
      "time": 15482,
      "train": 9,
      "operation": 41
    },
    {
      "time": 15482,
      "train": 9,
      "operation": 42
    },
    {
      "time": 15518,
      "train": 10,
      "operation": 47
    },
    {
      "time": 15548,
      "train": 10,
      "operation": 48
    },
    {
      "time": 15556,
      "train": 8,
      "operation": 49
    },
    {
      "time": 15571,
      "train": 9,
      "operation": 43
    },
    {
      "time": 15605,
      "train": 10,
      "operation": 49
    },
    {
      "time": 15630,
      "train": 9,
      "operation": 45
    },
    {
      "time": 15657,
      "train": 7,
      "operation": 12
    },
    {
      "time": 15657,
      "train": 11,
      "operation": 30
    },
    {
      "time": 15665,
      "train": 10,
      "operation": 51
    },
    {
      "time": 15704,
      "train": 9,
      "operation": 47
    },
    {
      "time": 15704,
      "train": 9,
      "operation": 48
    },
    {
      "time": 15777,
      "train": 7,
      "operation": 13
    },
    {
      "time": 15777,
      "train": 11,
      "operation": 31
    },
    {
      "time": 15851,
      "train": 9,
      "operation": 51
    },
    {
      "time": 15921,
      "train": 10,
      "operation": 52
    },
    {
      "time": 15927,
      "train": 11,
      "operation": 32
    },
    {
      "time": 15927,
      "train": 11,
      "operation": 33
    },
    {
      "time": 15931,
      "train": 7,
      "operation": 14
    },
    {
      "time": 15951,
      "train": 10,
      "operation": 54
    },
    {
      "time": 15961,
      "train": 7,
      "operation": 15
    },
    {
      "time": 15982,
      "train": 9,
      "operation": 52
    },
    {
      "time": 15982,
      "train": 9,
      "operation": 54
    },
    {
      "time": 16038,
      "train": 7,
      "operation": 16
    },
    {
      "time": 16038,
      "train": 7,
      "operation": 17
    },
    {
      "time": 16077,
      "train": 11,
      "operation": 35
    },
    {
      "time": 16093,
      "train": 10,
      "operation": 55
    },
    {
      "time": 16123,
      "train": 10,
      "operation": 57
    },
    {
      "time": 16137,
      "train": 11,
      "operation": 36
    },
    {
      "time": 16143,
      "train": 9,
      "operation": 55
    },
    {
      "time": 16167,
      "train": 7,
      "operation": 19
    },
    {
      "time": 16171,
      "train": 10,
      "operation": 58
    },
    {
      "time": 16171,
      "train": 10,
      "operation": 60
    },
    {
      "time": 16197,
      "train": 7,
      "operation": 20
    },
    {
      "time": 16266,
      "train": 10,
      "operation": 61
    },
    {
      "time": 16296,
      "train": 10,
      "operation": 63
    },
    {
      "time": 16347,
      "train": 7,
      "operation": 24
    },
    {
      "time": 16347,
      "train": 11,
      "operation": 39
    },
    {
      "time": 16377,
      "train": 7,
      "operation": 25
    },
    {
      "time": 16377,
      "train": 11,
      "operation": 40
    },
    {
      "time": 16437,
      "train": 7,
      "operation": 26
    },
    {
      "time": 16438,
      "train": 10,
      "operation": 65
    },
    {
      "time": 16468,
      "train": 10,
      "operation": 66
    },
    {
      "time": 16497,
      "train": 7,
      "operation": 28
    },
    {
      "time": 16530,
      "train": 11,
      "operation": 41
    },
    {
      "time": 16560,
      "train": 11,
      "operation": 42
    },
    {
      "time": 16582,
      "train": 10,
      "operation": 71
    },
    {
      "time": 16611,
      "train": 11,
      "operation": 43
    },
    {
      "time": 16611,
      "train": 11,
      "operation": 44
    },
    {
      "time": 16702,
      "train": 10,
      "operation": 72
    },
    {
      "time": 16767,
      "train": 7,
      "operation": 29
    },
    {
      "time": 16767,
      "train": 11,
      "operation": 46
    },
    {
      "time": 16797,
      "train": 7,
      "operation": 31
    },
    {
      "time": 16797,
      "train": 11,
      "operation": 47
    },
    {
      "time": 16947,
      "train": 7,
      "operation": 32
    },
    {
      "time": 16947,
      "train": 11,
      "operation": 51
    },
    {
      "time": 16977,
      "train": 11,
      "operation": 52
    },
    {
      "time": 16979,
      "train": 7,
      "operation": 34
    },
    {
      "time": 17027,
      "train": 7,
      "operation": 35
    },
    {
      "time": 17032,
      "train": 7,
      "operation": 37
    },
    {
      "time": 17037,
      "train": 11,
      "operation": 54
    },
    {
      "time": 17097,
      "train": 11,
      "operation": 55
    },
    {
      "time": 17127,
      "train": 7,
      "operation": 38
    },
    {
      "time": 17157,
      "train": 7,
      "operation": 40
    },
    {
      "time": 17307,
      "train": 7,
      "operation": 42
    },
    {
      "time": 17337,
      "train": 7,
      "operation": 43
    },
    {
      "time": 17343,
      "train": 9,
      "operation": 60
    },
    {
      "time": 17367,
      "train": 11,
      "operation": 57
    },
    {
      "time": 17397,
      "train": 11,
      "operation": 58
    },
    {
      "time": 17457,
      "train": 7,
      "operation": 48
    },
    {
      "time": 17547,
      "train": 11,
      "operation": 59
    },
    {
      "time": 17577,
      "train": 7,
      "operation": 49
    },
    {
      "time": 17579,
      "train": 11,
      "operation": 61
    },
    {
      "time": 17627,
      "train": 11,
      "operation": 62
    },
    {
      "time": 17632,
      "train": 11,
      "operation": 64
    },
    {
      "time": 17727,
      "train": 11,
      "operation": 65
    },
    {
      "time": 17757,
      "train": 11,
      "operation": 67
    },
    {
      "time": 17907,
      "train": 11,
      "operation": 69
    },
    {
      "time": 17937,
      "train": 11,
      "operation": 70
    },
    {
      "time": 18057,
      "train": 11,
      "operation": 75
    },
    {
      "time": 18177,
      "train": 11,
      "operation": 76
    }
  ]
}