{
  "objective_value": 7059,
  "events": [
    {
      "time": 0,
      "train": 0,
      "operation": 0
    },   
    {
      "time": 0,
      "train": 1,
      "operation": 0
    },   
    {
      "time": 0,
      "train": 2,
      "operation": 0
    },  
    {
      "time": 0,
      "train": 3,
      "operation": 0
    },   
    {
      "time": 0,
      "train": 4,
      "operation": 0
    },
    {
      "time": 0,
      "train": 5,
      "operation": 0
    },
    {
      "time": 0,
      "train": 6,
      "operation": 0
    },
    {
      "time": 0,
      "train": 7,
      "operation": 0
    },
    {
      "time": 0,
      "train": 8,
      "operation": 0
    },
    {
      "time": 0,
      "train": 9,
      "operation": 0
    },
    {
      "time": 0,
      "train": 10,
      "operation": 0
    },
    {
      "time": 0,
      "train": 11,
      "operation": 0
    },
    {
      "time": 0,
      "train": 12,
      "operation": 0
    },
    {
      "time": 0,
      "train": 13,
      "operation": 0
    },
    {
      "time": 0,
      "train": 14,
      "operation": 0
    },
    {
      "time": 0,
      "train": 15,
      "operation": 0
    },
    {
      "time": 49987,
      "train": 9,
      "operation": 1
    },
    {
      "time": 50063,
      "train": 6,
      "operation": 1
    },
    {
      "time": 50097,
      "train": 12,
      "operation": 1
    },
    {
      "time": 50127,
      "train": 2,
      "operation": 1
    },
    {
      "time": 50137,
      "train": 0,
      "operation": 1
    },
    {
      "time": 50150,
      "train": 8,
      "operation": 1
    },
    {
      "time": 50157,
      "train": 3,
      "operation": 1
    },
    {
      "time": 50157,
      "train": 4,
      "operation": 1
    },
    {
      "time": 50157,
      "train": 10,
      "operation": 1
    },
    {
      "time": 50187,
      "train": 12,
      "operation": 2
    },
    {
      "time": 50217,
      "train": 6,
      "operation": 2
    },
    {
      "time": 50249,
      "train": 10,
      "operation": 2
    },
    {
      "time": 50277,
      "train": 4,
      "operation": 2
    },
    {
      "time": 50277,
      "train": 5,
      "operation": 1
    },
    {
      "time": 50307,
      "train": 2,
      "operation": 2
    },
    {
      "time": 50307,
      "train": 3,
      "operation": 2
    },
    {
      "time": 50307,
      "train": 8,
      "operation": 3
    },
    {
      "time": 50327,
      "train": 0,
      "operation": 4
    },
    {
      "time": 50707,
      "train": 1,
      "operation": 3
    },
    {
      "time": 50707,
      "train": 1,
      "operation": 4
    },
    {
      "time": 50814,
      "train": 0,
      "operation": 5
    },
    {
      "time": 50825,
      "train": 8,
      "operation": 4
    },
    {
      "time": 50866,
      "train": 10,
      "operation": 4
    },
    {
      "time": 50987,
      "train": 3,
      "operation": 4
    },
    {
      "time": 50997,
      "train": 7,
      "operation": 2
    },
    {
      "time": 50997,
      "train": 7,
      "operation": 6
    },
    {
      "time": 51020,
      "train": 0,
      "operation": 8
    },
    {
      "time": 51025,
      "train": 8,
      "operation": 6
    },
    {
      "time": 51045,
      "train": 12,
      "operation": 4
    },
    {
      "time": 51055,
      "train": 8,
      "operation": 8
    },
    {
      "time": 51079,
      "train": 5,
      "operation": 5
    },
    {
      "time": 51087,
      "train": 7,
      "operation": 7
    },
    {
      "time": 51100,
      "train": 2,
      "operation": 4
    },
    {
      "time": 51101,
      "train": 3,
      "operation": 5
    },
    {
      "time": 51113,
      "train": 6,
      "operation": 4
    },
    {
      "time": 51117,
      "train": 7,
      "operation": 9
    },
    {
      "time": 51121,
      "train": 10,
      "operation": 6
    },
    {
      "time": 51136,
      "train": 5,
      "operation": 6
    },
    {
      "time": 51141,
      "train": 8,
      "operation": 9
    },
    {
      "time": 51171,
      "train": 8,
      "operation": 10
    },
    {
      "time": 51181,
      "train": 10,
      "operation": 7
    },
    {
      "time": 51187,
      "train": 12,
      "operation": 5
    },
    {
      "time": 51196,
      "train": 5,
      "operation": 8
    },
    {
      "time": 51217,
      "train": 12,
      "operation": 7
    },
    {
      "time": 51221,
      "train": 3,
      "operation": 10
    },
    {
      "time": 51233,
      "train": 0,
      "operation": 9
    },
    {
      "time": 51245,
      "train": 8,
      "operation": 11
    },
    {
      "time": 51245,
      "train": 8,
      "operation": 12
    },
    {
      "time": 51246,
      "train": 2,
      "operation": 5
    },
    {
      "time": 51246,
      "train": 2,
      "operation": 6
    },
    {
      "time": 51247,
      "train": 9,
      "operation": 4
    },
    {
      "time": 51256,
      "train": 10,
      "operation": 8
    },
    {
      "time": 51256,
      "train": 10,
      "operation": 12
    },
    {
      "time": 51267,
      "train": 7,
      "operation": 11
    },
    {
      "time": 51284,
      "train": 6,
      "operation": 5
    },
    {
      "time": 51284,
      "train": 6,
      "operation": 6
    },
    {
      "time": 51294,
      "train": 4,
      "operation": 6
    },
    {
      "time": 51297,
      "train": 7,
      "operation": 12
    },
    {
      "time": 51312,
      "train": 12,
      "operation": 8
    },
    {
      "time": 51312,
      "train": 12,
      "operation": 10
    },
    {
      "time": 51360,
      "train": 12,
      "operation": 11
    },
    {
      "time": 51370,
      "train": 6,
      "operation": 7
    },
    {
      "time": 51370,
      "train": 8,
      "operation": 14
    },
    {
      "time": 51390,
      "train": 12,
      "operation": 13
    },
    {
      "time": 51397,
      "train": 7,
      "operation": 14
    },
    {
      "time": 51397,
      "train": 7,
      "operation": 15
    },
    {
      "time": 51400,
      "train": 6,
      "operation": 8
    },
    {
      "time": 51400,
      "train": 8,
      "operation": 15
    },
    {
      "time": 51404,
      "train": 0,
      "operation": 10
    },
    {
      "time": 51404,
      "train": 0,
      "operation": 11
    },
    {
      "time": 51404,
      "train": 9,
      "operation": 5
    },
    {
      "time": 51404,
      "train": 9,
      "operation": 6
    },
    {
      "time": 51409,
      "train": 10,
      "operation": 14
    },
    {
      "time": 51442,
      "train": 2,
      "operation": 7
    },
    {
      "time": 51447,
      "train": 7,
      "operation": 17
    },
    {
      "time": 51452,
      "train": 1,
      "operation": 5
    },
    {
      "time": 51452,
      "train": 1,
      "operation": 7
    },
    {
      "time": 51452,
      "train": 5,
      "operation": 10
    },
    {
      "time": 51477,
      "train": 7,
      "operation": 18
    },
    {
      "time": 51482,
      "train": 5,
      "operation": 11
    },
    {
      "time": 51529,
      "train": 10,
      "operation": 15
    },
    {
      "time": 51532,
      "train": 12,
      "operation": 14
    },
    {
      "time": 51542,
      "train": 6,
      "operation": 9
    },
    {
      "time": 51561,
      "train": 9,
      "operation": 8
    },
    {
      "time": 51562,
      "train": 2,
      "operation": 11
    },
    {
      "time": 51562,
      "train": 12,
      "operation": 16
    },
    {
      "time": 51572,
      "train": 6,
      "operation": 11
    },
    {
      "time": 51575,
      "train": 0,
      "operation": 12
    },
    {
      "time": 51591,
      "train": 9,
      "operation": 10
    },
    {
      "time": 51624,
      "train": 5,
      "operation": 12
    },
    {
      "time": 51627,
      "train": 7,
      "operation": 19
    },
    {
      "time": 51630,
      "train": 8,
      "operation": 20
    },
    {
      "time": 51654,
      "train": 5,
      "operation": 14
    },
    {
      "time": 51657,
      "train": 7,
      "operation": 21
    },
    {
      "time": 51659,
      "train": 10,
      "operation": 16
    },
    {
      "time": 51659,
      "train": 10,
      "operation": 17
    },
    {
      "time": 51687,
      "train": 8,
      "operation": 22
    },
    {
      "time": 51697,
      "train": 10,
      "operation": 18
    },
    {
      "time": 51697,
      "train": 10,
      "operation": 19
    },
    {
      "time": 51702,
      "train": 5,
      "operation": 16
    },
    {
      "time": 51702,
      "train": 5,
      "operation": 17
    },
    {
      "time": 51717,
      "train": 13,
      "operation": 4
    },
    {
      "time": 51717,
      "train": 13,
      "operation": 5
    },
    {
      "time": 51747,
      "train": 8,
      "operation": 23
    },
    {
      "time": 51757,
      "train": 10,
      "operation": 20
    },
    {
      "time": 51757,
      "train": 10,
      "operation": 23
    },
    {
      "time": 51767,
      "train": 1,
      "operation": 8
    },
    {
      "time": 51767,
      "train": 1,
      "operation": 10
    },
    {
      "time": 51772,
      "train": 6,
      "operation": 12
    },
    {
      "time": 51790,
      "train": 12,
      "operation": 18
    },
    {
      "time": 51791,
      "train": 9,
      "operation": 11
    },
    {
      "time": 51797,
      "train": 5,
      "operation": 18
    },
    {
      "time": 51802,
      "train": 6,
      "operation": 14
    },
    {
      "time": 51827,
      "train": 5,
      "operation": 20
    },
    {
      "time": 51850,
      "train": 12,
      "operation": 19
    },
    {
      "time": 51875,
      "train": 0,
      "operation": 14
    },
    {
      "time": 51897,
      "train": 7,
      "operation": 23
    },
    {
      "time": 51897,
      "train": 11,
      "operation": 5
    },
    {
      "time": 51897,
      "train": 11,
      "operation": 6
    },
    {
      "time": 51928,
      "train": 10,
      "operation": 24
    },
    {
      "time": 51931,
      "train": 13,
      "operation": 6
    },
    {
      "time": 51931,
      "train": 13,
      "operation": 7
    },
    {
      "time": 51936,
      "train": 12,
      "operation": 23
    },
    {
      "time": 51957,
      "train": 7,
      "operation": 24
    },
    {
      "time": 51966,
      "train": 12,
      "operation": 24
    },
    {
      "time": 51969,
      "train": 5,
      "operation": 22
    },
    {
      "time": 51987,
      "train": 11,
      "operation": 7
    },
    {
      "time": 51988,
      "train": 10,
      "operation": 26
    },
    {
      "time": 51999,
      "train": 5,
      "operation": 23
    },
    {
      "time": 52002,
      "train": 6,
      "operation": 15
    },
    {
      "time": 52003,
      "train": 8,
      "operation": 25
    },
    {
      "time": 52025,
      "train": 11,
      "operation": 9
    },
    {
      "time": 52032,
      "train": 6,
      "operation": 17
    },
    {
      "time": 52033,
      "train": 8,
      "operation": 26
    },
    {
      "time": 52074,
      "train": 0,
      "operation": 17
    },
    {
      "time": 52077,
      "train": 7,
      "operation": 25
    },
    {
      "time": 52077,
      "train": 13,
      "operation": 8
    },
    {
      "time": 52108,
      "train": 12,
      "operation": 25
    },
    {
      "time": 52113,
      "train": 5,
      "operation": 24
    },
    {
      "time": 52130,
      "train": 10,
      "operation": 27
    },
    {
      "time": 52130,
      "train": 10,
      "operation": 28
    },
    {
      "time": 52138,
      "train": 12,
      "operation": 27
    },
    {
      "time": 52167,
      "train": 11,
      "operation": 11
    },
    {
      "time": 52175,
      "train": 8,
      "operation": 28
    },
    {
      "time": 52197,
      "train": 7,
      "operation": 29
    },
    {
      "time": 52197,
      "train": 13,
      "operation": 10
    },
    {
      "time": 52202,
      "train": 11,
      "operation": 12
    },
    {
      "time": 52205,
      "train": 8,
      "operation": 29
    },
    {
      "time": 52233,
      "train": 5,
      "operation": 29
    },
    {
      "time": 52253,
      "train": 8,
      "operation": 31
    },
    {
      "time": 52253,
      "train": 8,
      "operation": 32
    },
    {
      "time": 52267,
      "train": 12,
      "operation": 28
    },
    {
      "time": 52267,
      "train": 12,
      "operation": 29
    },
    {
      "time": 52272,
      "train": 10,
      "operation": 29
    },
    {
      "time": 52285,
      "train": 0,
      "operation": 18
    },
    {
      "time": 52288,
      "train": 6,
      "operation": 20
    },
    {
      "time": 52297,
      "train": 11,
      "operation": 13
    },
    {
      "time": 52297,
      "train": 11,
      "operation": 15
    },
    {
      "time": 52318,
      "train": 6,
      "operation": 21
    },
    {
      "time": 52337,
      "train": 12,
      "operation": 30
    },
    {
      "time": 52347,
      "train": 11,
      "operation": 17
    },
    {
      "time": 52348,
      "train": 8,
      "operation": 34
    },
    {
      "time": 52350,
      "train": 1,
      "operation": 11
    },
    {
      "time": 52367,
      "train": 12,
      "operation": 31
    },
    {
      "time": 52378,
      "train": 8,
      "operation": 35
    },
    {
      "time": 52379,
      "train": 0,
      "operation": 19
    },
    {
      "time": 52379,
      "train": 0,
      "operation": 20
    },
    {
      "time": 52381,
      "train": 1,
      "operation": 13
    },
    {
      "time": 52385,
      "train": 11,
      "operation": 18
    },
    {
      "time": 52389,
      "train": 13,
      "operation": 11
    },
    {
      "time": 52389,
      "train": 13,
      "operation": 12
    },
    {
      "time": 52438,
      "train": 0,
      "operation": 21
    },
    {
      "time": 52438,
      "train": 0,
      "operation": 22
    },
    {
      "time": 52459,
      "train": 9,
      "operation": 14
    },
    {
      "time": 52475,
      "train": 13,
      "operation": 13
    },
    {
      "time": 52505,
      "train": 13,
      "operation": 14
    },
    {
      "time": 52509,
      "train": 12,
      "operation": 34
    },
    {
      "time": 52518,
      "train": 6,
      "operation": 24
    },
    {
      "time": 52518,
      "train": 10,
      "operation": 32
    },
    {
      "time": 52520,
      "train": 8,
      "operation": 36
    },
    {
      "time": 52527,
      "train": 11,
      "operation": 20
    },
    {
      "time": 52539,
      "train": 12,
      "operation": 35
    },
    {
      "time": 52548,
      "train": 6,
      "operation": 25
    },
    {
      "time": 52550,
      "train": 8,
      "operation": 38
    },
    {
      "time": 52557,
      "train": 11,
      "operation": 21
    },
    {
      "time": 52570,
      "train": 0,
      "operation": 24
    },
    {
      "time": 52570,
      "train": 0,
      "operation": 25
    },
    {
      "time": 52647,
      "train": 13,
      "operation": 15
    },
    {
      "time": 52664,
      "train": 8,
      "operation": 43
    },
    {
      "time": 52684,
      "train": 0,
      "operation": 29
    },
    {
      "time": 52684,
      "train": 0,
      "operation": 30
    },
    {
      "time": 52685,
      "train": 13,
      "operation": 17
    },
    {
      "time": 52687,
      "train": 9,
      "operation": 15
    },
    {
      "time": 52690,
      "train": 6,
      "operation": 26
    },
    {
      "time": 52690,
      "train": 6,
      "operation": 27
    },
    {
      "time": 52700,
      "train": 10,
      "operation": 33
    },
    {
      "time": 52700,
      "train": 10,
      "operation": 36
    },
    {
      "time": 52738,
      "train": 15,
      "operation": 3
    },
    {
      "time": 52741,
      "train": 0,
      "operation": 32
    },
    {
      "time": 52767,
      "train": 12,
      "operation": 37
    },
    {
      "time": 52784,
      "train": 8,
      "operation": 44
    },
    {
      "time": 52797,
      "train": 11,
      "operation": 22
    },
    {
      "time": 52797,
      "train": 15,
      "operation": 4
    },
    {
      "time": 52807,
      "train": 9,
      "operation": 17
    },
    {
      "time": 52827,
      "train": 13,
      "operation": 18
    },
    {
      "time": 52832,
      "train": 6,
      "operation": 28
    },
    {
      "time": 52857,
      "train": 11,
      "operation": 24
    },
    {
      "time": 52857,
      "train": 13,
      "operation": 20
    },
    {
      "time": 52869,
      "train": 10,
      "operation": 38
    },
    {
      "time": 52869,
      "train": 10,
      "operation": 39
    },
    {
      "time": 52887,
      "train": 12,
      "operation": 38
    },
    {
      "time": 52892,
      "train": 6,
      "operation": 30
    },
    {
      "time": 52921,
      "train": 0,
      "operation": 33
    },
    {
      "time": 52947,
      "train": 11,
      "operation": 25
    },
    {
      "time": 52977,
      "train": 11,
      "operation": 29
    },
    {
      "time": 52979,
      "train": 1,
      "operation": 17
    },
    {
      "time": 52979,
      "train": 1,
      "operation": 18
    },
    {
      "time": 53007,
      "train": 9,
      "operation": 18
    },
    {
      "time": 53016,
      "train": 10,
      "operation": 41
    },
    {
      "time": 53016,
      "train": 10,
      "operation": 42
    },
    {
      "time": 53037,
      "train": 9,
      "operation": 20
    },
    {
      "time": 53044,
      "train": 12,
      "operation": 39
    },
    {
      "time": 53044,
      "train": 12,
      "operation": 40
    },
    {
      "time": 53067,
      "train": 13,
      "operation": 22
    },
    {
      "time": 53092,
      "train": 6,
      "operation": 33
    },
    {
      "time": 53097,
      "train": 13,
      "operation": 23
    },
    {
      "time": 53122,
      "train": 6,
      "operation": 34
    },
    {
      "time": 53127,
      "train": 11,
      "operation": 31
    },
    {
      "time": 53157,
      "train": 11,
      "operation": 32
    },
    {
      "time": 53158,
      "train": 1,
      "operation": 19
    },
    {
      "time": 53158,
      "train": 1,
      "operation": 20
    },
    {
      "time": 53173,
      "train": 10,
      "operation": 44
    },
    {
      "time": 53179,
      "train": 9,
      "operation": 22
    },
    {
      "time": 53201,
      "train": 12,
      "operation": 43
    },
    {
      "time": 53209,
      "train": 9,
      "operation": 23
    },
    {
      "time": 53219,
      "train": 0,
      "operation": 34
    },
    {
      "time": 53219,
      "train": 0,
      "operation": 36
    },
    {
      "time": 53231,
      "train": 12,
      "operation": 44
    },
    {
      "time": 53264,
      "train": 6,
      "operation": 35
    },
    {
      "time": 53281,
      "train": 1,
      "operation": 22
    },
    {
      "time": 53281,
      "train": 1,
      "operation": 23
    },
    {
      "time": 53294,
      "train": 6,
      "operation": 36
    },
    {
      "time": 53321,
      "train": 0,
      "operation": 37
    },
    {
      "time": 53343,
      "train": 6,
      "operation": 37
    },
    {
      "time": 53343,
      "train": 6,
      "operation": 38
    },
    {
      "time": 53343,
      "train": 11,
      "operation": 33
    },
    {
      "time": 53343,
      "train": 11,
      "operation": 34
    },
    {
      "time": 53351,
      "train": 9,
      "operation": 24
    },
    {
      "time": 53353,
      "train": 10,
      "operation": 45
    },
    {
      "time": 53367,
      "train": 13,
      "operation": 26
    },
    {
      "time": 53380,
      "train": 0,
      "operation": 39
    },
    {
      "time": 53381,
      "train": 9,
      "operation": 25
    },
    {
      "time": 53397,
      "train": 13,
      "operation": 27
    },
    {
      "time": 53398,
      "train": 11,
      "operation": 35
    },
    {
      "time": 53428,
      "train": 11,
      "operation": 36
    },
    {
      "time": 53431,
      "train": 12,
      "operation": 47
    },
    {
      "time": 53436,
      "train": 6,
      "operation": 39
    },
    {
      "time": 53446,
      "train": 0,
      "operation": 40
    },
    {
      "time": 53446,
      "train": 0,
      "operation": 42
    },
    {
      "time": 53448,
      "train": 10,
      "operation": 46
    },
    {
      "time": 53448,
      "train": 10,
      "operation": 47
    },
    {
      "time": 53461,
      "train": 12,
      "operation": 48
    },
    {
      "time": 53466,
      "train": 6,
      "operation": 41
    },
    {
      "time": 53467,
      "train": 1,
      "operation": 24
    },
    {
      "time": 53467,
      "train": 1,
      "operation": 25
    },
    {
      "time": 53467,
      "train": 9,
      "operation": 26
    },
    {
      "time": 53467,
      "train": 9,
      "operation": 27
    },
    {
      "time": 53502,
      "train": 15,
      "operation": 5
    },
    {
      "time": 53502,
      "train": 15,
      "operation": 7
    },
    {
      "time": 53526,
      "train": 10,
      "operation": 48
    },
    {
      "time": 53526,
      "train": 10,
      "operation": 49
    },
    {
      "time": 53551,
      "train": 1,
      "operation": 26
    },
    {
      "time": 53551,
      "train": 1,
      "operation": 27
    },
    {
      "time": 53570,
      "train": 11,
      "operation": 37
    },
    {
      "time": 53579,
      "train": 0,
      "operation": 43
    },
    {
      "time": 53579,
      "train": 0,
      "operation": 45
    },
    {
      "time": 53600,
      "train": 11,
      "operation": 40
    },
    {
      "time": 53607,
      "train": 13,
      "operation": 30
    },
    {
      "time": 53608,
      "train": 6,
      "operation": 45
    },
    {
      "time": 53637,
      "train": 13,
      "operation": 31
    },
    {
      "time": 53638,
      "train": 6,
      "operation": 46
    },
    {
      "time": 53638,
      "train": 9,
      "operation": 29
    },
    {
      "time": 53668,
      "train": 9,
      "operation": 30
    },
    {
      "time": 53676,
      "train": 1,
      "operation": 28
    },
    {
      "time": 53676,
      "train": 1,
      "operation": 30
    },
    {
      "time": 53681,
      "train": 10,
      "operation": 51
    },
    {
      "time": 53689,
      "train": 12,
      "operation": 49
    },
    {
      "time": 53692,
      "train": 0,
      "operation": 47
    },
    {
      "time": 53692,
      "train": 0,
      "operation": 48
    },
    {
      "time": 53695,
      "train": 6,
      "operation": 47
    },
    {
      "time": 53755,
      "train": 6,
      "operation": 49
    },
    {
      "time": 53778,
      "train": 0,
      "operation": 53
    },
    {
      "time": 53778,
      "train": 15,
      "operation": 8
    },
    {
      "time": 53778,
      "train": 15,
      "operation": 10
    },
    {
      "time": 53787,
      "train": 13,
      "operation": 32
    },
    {
      "time": 53787,
      "train": 13,
      "operation": 33
    },
    {
      "time": 53809,
      "train": 12,
      "operation": 51
    },
    {
      "time": 53814,
      "train": 9,
      "operation": 31
    },
    {
      "time": 53814,
      "train": 9,
      "operation": 32
    },
    {
      "time": 53828,
      "train": 11,
      "operation": 42
    },
    {
      "time": 53875,
      "train": 1,
      "operation": 32
    },
    {
      "time": 53875,
      "train": 1,
      "operation": 33
    },
    {
      "time": 53926,
      "train": 10,
      "operation": 52
    },
    {
      "time": 53937,
      "train": 13,
      "operation": 34
    },
    {
      "time": 53948,
      "train": 11,
      "operation": 43
    },
    {
      "time": 53997,
      "train": 13,
      "operation": 36
    },
    {
      "time": 54009,
      "train": 12,
      "operation": 52
    },
    {
      "time": 54010,
      "train": 9,
      "operation": 33
    },
    {
      "time": 54011,
      "train": 6,
      "operation": 51
    },
    {
      "time": 54039,
      "train": 12,
      "operation": 54
    },
    {
      "time": 54040,
      "train": 10,
      "operation": 53
    },
    {
      "time": 54040,
      "train": 10,
      "operation": 54
    },
    {
      "time": 54041,
      "train": 6,
      "operation": 52
    },
    {
      "time": 54087,
      "train": 1,
      "operation": 35
    },
    {
      "time": 54087,
      "train": 1,
      "operation": 36
    },
    {
      "time": 54130,
      "train": 9,
      "operation": 37
    },
    {
      "time": 54148,
      "train": 11,
      "operation": 44
    },
    {
      "time": 54148,
      "train": 11,
      "operation": 45
    },
    {
      "time": 54183,
      "train": 6,
      "operation": 53
    },
    {
      "time": 54192,
      "train": 10,
      "operation": 55
    },
    {
      "time": 54207,
      "train": 13,
      "operation": 39
    },
    {
      "time": 54210,
      "train": 12,
      "operation": 55
    },
    {
      "time": 54213,
      "train": 6,
      "operation": 55
    },
    {
      "time": 54237,
      "train": 13,
      "operation": 40
    },
    {
      "time": 54252,
      "train": 10,
      "operation": 59
    },
    {
      "time": 54261,
      "train": 6,
      "operation": 56
    },
    {
      "time": 54261,
      "train": 6,
      "operation": 58
    },
    {
      "time": 54307,
      "train": 15,
      "operation": 11
    },
    {
      "time": 54331,
      "train": 13,
      "operation": 41
    },
    {
      "time": 54337,
      "train": 15,
      "operation": 13
    },
    {
      "time": 54356,
      "train": 6,
      "operation": 59
    },
    {
      "time": 54357,
      "train": 11,
      "operation": 46
    },
    {
      "time": 54361,
      "train": 1,
      "operation": 39
    },
    {
      "time": 54361,
      "train": 1,
      "operation": 40
    },
    {
      "time": 54361,
      "train": 13,
      "operation": 42
    },
    {
      "time": 54386,
      "train": 6,
      "operation": 61
    },
    {
      "time": 54390,
      "train": 12,
      "operation": 57
    },
    {
      "time": 54435,
      "train": 13,
      "operation": 43
    },
    {
      "time": 54435,
      "train": 13,
      "operation": 44
    },
    {
      "time": 54477,
      "train": 11,
      "operation": 49
    },
    {
      "time": 54528,
      "train": 6,
      "operation": 63
    },
    {
      "time": 54532,
      "train": 12,
      "operation": 58
    },
    {
      "time": 54558,
      "train": 6,
      "operation": 64
    },
    {
      "time": 54562,
      "train": 12,
      "operation": 59
    },
    {
      "time": 54567,
      "train": 13,
      "operation": 46
    },
    {
      "time": 54594,
      "train": 1,
      "operation": 43
    },
    {
      "time": 54594,
      "train": 1,
      "operation": 44
    },
    {
      "time": 54597,
      "train": 13,
      "operation": 47
    },
    {
      "time": 54648,
      "train": 12,
      "operation": 60
    },
    {
      "time": 54648,
      "train": 12,
      "operation": 61
    },
    {
      "time": 54672,
      "train": 6,
      "operation": 69
    },
    {
      "time": 54747,
      "train": 13,
      "operation": 51
    },
    {
      "time": 54767,
      "train": 1,
      "operation": 45
    },
    {
      "time": 54767,
      "train": 1,
      "operation": 46
    },
    {
      "time": 54777,
      "train": 13,
      "operation": 52
    },
    {
      "time": 54792,
      "train": 6,
      "operation": 70
    },
    {
      "time": 54793,
      "train": 10,
      "operation": 61
    },
    {
      "time": 54819,
      "train": 12,
      "operation": 62
    },
    {
      "time": 54837,
      "train": 13,
      "operation": 54
    },
    {
      "time": 54849,
      "train": 12,
      "operation": 64
    },
    {
      "time": 54897,
      "train": 13,
      "operation": 55
    },
    {
      "time": 54906,
      "train": 15,
      "operation": 17
    },
    {
      "time": 54913,
      "train": 10,
      "operation": 62
    },
    {
      "time": 54939,
      "train": 1,
      "operation": 47
    },
    {
      "time": 54951,
      "train": 1,
      "operation": 49
    },
    {
      "time": 54966,
      "train": 15,
      "operation": 18
    },
    {
      "time": 54995,
      "train": 12,
      "operation": 65
    },
    {
      "time": 54995,
      "train": 12,
      "operation": 66
    },
    {
      "time": 55130,
      "train": 15,
      "operation": 19
    },
    {
      "time": 55130,
      "train": 15,
      "operation": 20
    },
    {
      "time": 55167,
      "train": 13,
      "operation": 57
    },
    {
      "time": 55182,
      "train": 1,
      "operation": 52
    },
    {
      "time": 55191,
      "train": 12,
      "operation": 70
    },
    {
      "time": 55197,
      "train": 13,
      "operation": 58
    },
    {
      "time": 55197,
      "train": 14,
      "operation": 4
    },
    {
      "time": 55197,
      "train": 14,
      "operation": 5
    },
    {
      "time": 55242,
      "train": 15,
      "operation": 21
    },
    {
      "time": 55242,
      "train": 15,
      "operation": 23
    },
    {
      "time": 55311,
      "train": 12,
      "operation": 71
    },
    {
      "time": 55347,
      "train": 13,
      "operation": 59
    },
    {
      "time": 55377,
      "train": 1,
      "operation": 53
    },
    {
      "time": 55377,
      "train": 13,
      "operation": 61
    },
    {
      "time": 55393,
      "train": 14,
      "operation": 6
    },
    {
      "time": 55393,
      "train": 14,
      "operation": 7
    },
    {
      "time": 55398,
      "train": 0,
      "operation": 54
    },
    {
      "time": 55398,
      "train": 15,
      "operation": 24
    },
    {
      "time": 55398,
      "train": 15,
      "operation": 25
    },
    {
      "time": 55404,
      "train": 10,
      "operation": 63
    },
    {
      "time": 55404,
      "train": 10,
      "operation": 65
    },
    {
      "time": 55427,
      "train": 13,
      "operation": 62
    },
    {
      "time": 55432,
      "train": 13,
      "operation": 64
    },
    {
      "time": 55467,
      "train": 15,
      "operation": 26
    },
    {
      "time": 55467,
      "train": 15,
      "operation": 27
    },
    {
      "time": 55527,
      "train": 13,
      "operation": 65
    },
    {
      "time": 55527,
      "train": 14,
      "operation": 8
    },
    {
      "time": 55530,
      "train": 1,
      "operation": 54
    },
    {
      "time": 55530,
      "train": 1,
      "operation": 55
    },
    {
      "time": 55557,
      "train": 13,
      "operation": 67
    },
    {
      "time": 55557,
      "train": 14,
      "operation": 10
    },
    {
      "time": 55557,
      "train": 15,
      "operation": 28
    },
    {
      "time": 55563,
      "train": 15,
      "operation": 30
    },
    {
      "time": 55651,
      "train": 10,
      "operation": 66
    },
    {
      "time": 55651,
      "train": 10,
      "operation": 68
    },
    {
      "time": 55677,
      "train": 15,
      "operation": 31
    },
    {
      "time": 55677,
      "train": 15,
      "operation": 33
    },
    {
      "time": 55707,
      "train": 13,
      "operation": 69
    },
    {
      "time": 55737,
      "train": 13,
      "operation": 70
    },
    {
      "time": 55741,
      "train": 14,
      "operation": 11
    },
    {
      "time": 55741,
      "train": 14,
      "operation": 12
    },
    {
      "time": 55797,
      "train": 1,
      "operation": 56
    },
    {
      "time": 55827,
      "train": 14,
      "operation": 13
    },
    {
      "time": 55837,
      "train": 15,
      "operation": 34
    },
    {
      "time": 55849,
      "train": 15,
      "operation": 36
    },
    {
      "time": 55857,
      "train": 13,
      "operation": 75
    },
    {
      "time": 55857,
      "train": 14,
      "operation": 14
    },
    {
      "time": 55917,
      "train": 1,
      "operation": 57
    },
    {
      "time": 55977,
      "train": 13,
      "operation": 76
    },
    {
      "time": 56007,
      "train": 14,
      "operation": 16
    },
    {
      "time": 56037,
      "train": 14,
      "operation": 17
    },
    {
      "time": 56082,
      "train": 15,
      "operation": 39
    },
    {
      "time": 56187,
      "train": 14,
      "operation": 19
    },
    {
      "time": 56217,
      "train": 14,
      "operation": 20
    },
    {
      "time": 56262,
      "train": 15,
      "operation": 40
    },
    {
      "time": 56425,
      "train": 10,
      "operation": 69
    },
    {
      "time": 56427,
      "train": 14,
      "operation": 21
    },
    {
      "time": 56461,
      "train": 15,
      "operation": 43
    },
    {
      "time": 56461,
      "train": 15,
      "operation": 44
    },
    {
      "time": 56484,
      "train": 10,
      "operation": 72
    },
    {
      "time": 56577,
      "train": 14,
      "operation": 23
    },
    {
      "time": 56604,
      "train": 15,
      "operation": 45
    },
    {
      "time": 56604,
      "train": 15,
      "operation": 46
    },
    {
      "time": 56747,
      "train": 15,
      "operation": 47
    },
    {
      "time": 56847,
      "train": 14,
      "operation": 26
    },
    {
      "time": 56877,
      "train": 14,
      "operation": 27
    },
    {
      "time": 56908,
      "train": 15,
      "operation": 49
    },
    {
      "time": 57112,
      "train": 14,
      "operation": 30
    },
    {
      "time": 57117,
      "train": 15,
      "operation": 52
    },
    {
      "time": 57237,
      "train": 14,
      "operation": 31
    },
    {
      "time": 57297,
      "train": 15,
      "operation": 53
    },
    {
      "time": 57402,
      "train": 14,
      "operation": 32
    },
    {
      "time": 57402,
      "train": 14,
      "operation": 33
    },
    {
      "time": 57407,
      "train": 15,
      "operation": 54
    },
    {
      "time": 57407,
      "train": 15,
      "operation": 55
    },
    {
      "time": 57480,
      "train": 15,
      "operation": 56
    },
    {
      "time": 57480,
      "train": 15,
      "operation": 57
    },
    {
      "time": 57567,
      "train": 14,
      "operation": 35
    },
    {
      "time": 57597,
      "train": 14,
      "operation": 36
    },
    {
      "time": 57597,
      "train": 15,
      "operation": 59
    },
    {
      "time": 57597,
      "train": 15,
      "operation": 60
    },
    {
      "time": 57717,
      "train": 15,
      "operation": 64
    },
    {
      "time": 57717,
      "train": 15,
      "operation": 65
    },
    {
      "time": 57777,
      "train": 15,
      "operation": 66
    },
    {
      "time": 57807,
      "train": 14,
      "operation": 39
    },
    {
      "time": 57837,
      "train": 14,
      "operation": 40
    },
    {
      "time": 57897,
      "train": 15,
      "operation": 68
    },
    {
      "time": 57931,
      "train": 14,
      "operation": 41
    },
    {
      "time": 57961,
      "train": 14,
      "operation": 42
    },
    {
      "time": 58035,
      "train": 14,
      "operation": 43
    },
    {
      "time": 58035,
      "train": 14,
      "operation": 44
    },
    {
      "time": 58167,
      "train": 14,
      "operation": 46
    },
    {
      "time": 58197,
      "train": 14,
      "operation": 47
    },
    {
      "time": 58211,
      "train": 15,
      "operation": 70
    },
    {
      "time": 58211,
      "train": 15,
      "operation": 71
    },
    {
      "time": 58318,
      "train": 15,
      "operation": 73
    },
    {
      "time": 58347,
      "train": 14,
      "operation": 51
    },
    {
      "time": 58377,
      "train": 14,
      "operation": 52
    },
    {
      "time": 58377,
      "train": 15,
      "operation": 74
    },
    {
      "time": 58437,
      "train": 14,
      "operation": 53
    },
    {
      "time": 58442,
      "train": 15,
      "operation": 75
    },
    {
      "time": 58448,
      "train": 15,
      "operation": 77
    },
    {
      "time": 58511,
      "train": 14,
      "operation": 55
    },
    {
      "time": 58572,
      "train": 15,
      "operation": 78
    },
    {
      "time": 58572,
      "train": 15,
      "operation": 80
    },
    {
      "time": 58683,
      "train": 15,
      "operation": 81
    },
    {
      "time": 58689,
      "train": 15,
      "operation": 83
    },
    {
      "time": 58767,
      "train": 14,
      "operation": 56
    },
    {
      "time": 58797,
      "train": 15,
      "operation": 88
    },
    {
      "time": 58805,
      "train": 14,
      "operation": 58
    },
    {
      "time": 58917,
      "train": 15,
      "operation": 89
    },
    {
      "time": 58947,
      "train": 14,
      "operation": 60
    },
    {
      "time": 58977,
      "train": 14,
      "operation": 61
    },
    {
      "time": 59027,
      "train": 14,
      "operation": 63
    },
    {
      "time": 59027,
      "train": 14,
      "operation": 64
    },
    {
      "time": 59127,
      "train": 14,
      "operation": 65
    },
    {
      "time": 59157,
      "train": 14,
      "operation": 67
    },
    {
      "time": 59307,
      "train": 14,
      "operation": 68
    },
    {
      "time": 59337,
      "train": 14,
      "operation": 70
    },
    {
      "time": 59457,
      "train": 14,
      "operation": 75
    },
    {
      "time": 59577,
      "train": 14,
      "operation": 76
    }
  ]
}