{
  "objective_value": 5085,
  "events": [
    {
      "time": 0,
      "train": 0,
      "operation": 0
    },
    {
      "time": 0,
      "train": 2,
      "operation": 0
    },
    {
      "time": 0,
      "train": 3,
      "operation": 0
    },
    {
      "time": 9,
      "train": 0,
      "operation": 2
    },
    {
      "time": 155,
      "train": 2,
      "operation": 1
    },
    {
      "time": 163,
      "train": 2,
      "operation": 2
    },
    {
      "time": 285,
      "train": 0,
      "operation": 3
    },
    {
      "time": 289,
      "train": 0,
      "operation": 5
    },
    {
      "time": 356,
      "train": 2,
      "operation": 3
    },
    {
      "time": 485,
      "train": 0,
      "operation": 7
    },
    {
      "time": 501,
      "train": 0,
      "operation": 9
    },
    {
      "time": 601,
      "train": 1,
      "operation": 0
    },
    {
      "time": 648,
      "train": 1,
      "operation": 1
    },
    {
      "time": 657,
      "train": 1,
      "operation": 2
    },
    {
      "time": 702,
      "train": 3,
      "operation": 1
    },
    {
      "time": 712,
      "train": 3,
      "operation": 2
    },
    {
      "time": 719,
      "train": 0,
      "operation": 11
    },
    {
      "time": 727,
      "train": 0,
      "operation": 13
    },
    {
      "time": 892,
      "train": 0,
      "operation": 15
    },
    {
      "time": 893,
      "train": 3,
      "operation": 3
    },
    {
      "time": 901,
      "train": 0,
      "operation": 17
    },
    {
      "time": 913,
      "train": 3,
      "operation": 4
    },
    {
      "time": 929,
      "train": 2,
      "operation": 4
    },
    {
      "time": 1206,
      "train": 2,
      "operation": 5
    },
    {
      "time": 1222,
      "train": 2,
      "operation": 7
    },
    {
      "time": 1311,
      "train": 3,
      "operation": 5
    },
    {
      "time": 1316,
      "train": 3,
      "operation": 6
    },
    {
      "time": 1352,
      "train": 1,
      "operation": 12
    },
    {
      "time": 1418,
      "train": 2,
      "operation": 9
    },
    {
      "time": 1422,
      "train": 2,
      "operation": 11
    },
    {
      "time": 1423,
      "train": 1,
      "operation": 14
    },
    {
      "time": 1431,
      "train": 3,
      "operation": 7
    },
    {
      "time": 1437,
      "train": 3,
      "operation": 8
    },
    {
      "time": 1698,
      "train": 2,
      "operation": 13
    },
    {
      "time": 1704,
      "train": 2,
      "operation": 15
    },
    {
      "time": 1818,
      "train": 2,
      "operation": 17
    },
    {
      "time": 1846,
      "train": 2,
      "operation": 19
    },
    {
      "time": 1846,
      "train": 3,
      "operation": 9
    },
    {
      "time": 1851,
      "train": 3,
      "operation": 10
    },
    {
      "time": 1967,
      "train": 3,
      "operation": 11
    },
    {
      "time": 1994,
      "train": 3,
      "operation": 12
    },
    {
      "time": 2058,
      "train": 4,
      "operation": 0
    },
    {
      "time": 2058,
      "train": 4,
      "operation": 1
    },
    {
      "time": 2069,
      "train": 1,
      "operation": 18
    },
    {
      "time": 2093,
      "train": 1,
      "operation": 22
    },
    {
      "time": 2117,
      "train": 2,
      "operation": 22
    },
    {
      "time": 2188,
      "train": 2,
      "operation": 24
    },
    {
      "time": 2400,
      "train": 4,
      "operation": 2
    },
    {
      "time": 2619,
      "train": 1,
      "operation": 24
    },
    {
      "time": 2634,
      "train": 1,
      "operation": 26
    },
    {
      "time": 2671,
      "train": 4,
      "operation": 3
    },
    {
      "time": 2782,
      "train": 3,
      "operation": 13
    },
    {
      "time": 2801,
      "train": 3,
      "operation": 14
    },
    {
      "time": 2820,
      "train": 0,
      "operation": 35
    },
    {
      "time": 2824,
      "train": 0,
      "operation": 37
    },
    {
      "time": 2834,
      "train": 2,
      "operation": 28
    },
    {
      "time": 2858,
      "train": 2,
      "operation": 32
    },
    {
      "time": 2912,
      "train": 0,
      "operation": 39
    },
    {
      "time": 2917,
      "train": 0,
      "operation": 41
    },
    {
      "time": 3014,
      "train": 1,
      "operation": 27
    },
    {
      "time": 3018,
      "train": 1,
      "operation": 29
    },
    {
      "time": 3070,
      "train": 4,
      "operation": 4
    },
    {
      "time": 3082,
      "train": 3,
      "operation": 15
    },
    {
      "time": 3087,
      "train": 3,
      "operation": 16
    },
    {
      "time": 3178,
      "train": 1,
      "operation": 31
    },
    {
      "time": 3183,
      "train": 1,
      "operation": 33
    },
    {
      "time": 3201,
      "train": 3,
      "operation": 17
    },
    {
      "time": 3207,
      "train": 3,
      "operation": 18
    },
    {
      "time": 3232,
      "train": 0,
      "operation": 43
    },
    {
      "time": 3236,
      "train": 0,
      "operation": 44
    },
    {
      "time": 3326,
      "train": 0,
      "operation": 45
    },
    {
      "time": 3347,
      "train": 0,
      "operation": 47
    },
    {
      "time": 3384,
      "train": 2,
      "operation": 34
    },
    {
      "time": 3399,
      "train": 2,
      "operation": 36
    },
    {
      "time": 3525,
      "train": 1,
      "operation": 36
    },
    {
      "time": 3535,
      "train": 1,
      "operation": 38
    },
    {
      "time": 3620,
      "train": 1,
      "operation": 41
    },
    {
      "time": 3645,
      "train": 1,
      "operation": 44
    },
    {
      "time": 3730,
      "train": 4,
      "operation": 5
    },
    {
      "time": 3748,
      "train": 3,
      "operation": 19
    },
    {
      "time": 3753,
      "train": 3,
      "operation": 20
    },
    {
      "time": 3754,
      "train": 4,
      "operation": 6
    },
    {
      "time": 3779,
      "train": 2,
      "operation": 37
    },
    {
      "time": 3783,
      "train": 2,
      "operation": 39
    },
    {
      "time": 3943,
      "train": 2,
      "operation": 41
    },
    {
      "time": 3948,
      "train": 2,
      "operation": 43
    },
    {
      "time": 3958,
      "train": 3,
      "operation": 21
    },
    {
      "time": 3964,
      "train": 3,
      "operation": 22
    },
    {
      "time": 4019,
      "train": 0,
      "operation": 49
    },
    {
      "time": 4034,
      "train": 0,
      "operation": 51
    },
    {
      "time": 4126,
      "train": 1,
      "operation": 47
    },
    {
      "time": 4140,
      "train": 1,
      "operation": 50
    },
    {
      "time": 4250,
      "train": 0,
      "operation": 53
    },
    {
      "time": 4254,
      "train": 0,
      "operation": 55
    },
    {
      "time": 4290,
      "train": 2,
      "operation": 46
    },
    {
      "time": 4300,
      "train": 2,
      "operation": 48
    },
    {
      "time": 4302,
      "train": 4,
      "operation": 7
    },
    {
      "time": 4317,
      "train": 4,
      "operation": 8
    },
    {
      "time": 4342,
      "train": 0,
      "operation": 57
    },
    {
      "time": 4346,
      "train": 0,
      "operation": 59
    },
    {
      "time": 4385,
      "train": 2,
      "operation": 51
    },
    {
      "time": 4410,
      "train": 2,
      "operation": 54
    },
    {
      "time": 4428,
      "train": 3,
      "operation": 23
    },
    {
      "time": 4446,
      "train": 3,
      "operation": 24
    },
    {
      "time": 4697,
      "train": 1,
      "operation": 53
    },
    {
      "time": 4697,
      "train": 4,
      "operation": 9
    },
    {
      "time": 4701,
      "train": 4,
      "operation": 10
    },
    {
      "time": 4711,
      "train": 1,
      "operation": 56
    },
    {
      "time": 4762,
      "train": 0,
      "operation": 61
    },
    {
      "time": 4766,
      "train": 0,
      "operation": 63
    },
    {
      "time": 4861,
      "train": 4,
      "operation": 11
    },
    {
      "time": 4866,
      "train": 4,
      "operation": 12
    },
    {
      "time": 4891,
      "train": 2,
      "operation": 57
    },
    {
      "time": 4898,
      "train": 3,
      "operation": 25
    },
    {
      "time": 4905,
      "train": 2,
      "operation": 60
    },
    {
      "time": 4922,
      "train": 3,
      "operation": 26
    },
    {
      "time": 4924,
      "train": 0,
      "operation": 65
    },
    {
      "time": 4928,
      "train": 0,
      "operation": 67
    },
    {
      "time": 5116,
      "train": 1,
      "operation": 58
    },
    {
      "time": 5132,
      "train": 1,
      "operation": 60
    },
    {
      "time": 5155,
      "train": 1,
      "operation": 62
    },
    {
      "time": 5163,
      "train": 1,
      "operation": 65
    },
    {
      "time": 5208,
      "train": 4,
      "operation": 13
    },
    {
      "time": 5215,
      "train": 4,
      "operation": 14
    },
    {
      "time": 5245,
      "train": 1,
      "operation": 68
    },
    {
      "time": 5266,
      "train": 1,
      "operation": 72
    },
    {
      "time": 5300,
      "train": 4,
      "operation": 15
    },
    {
      "time": 5325,
      "train": 4,
      "operation": 16
    },
    {
      "time": 5462,
      "train": 2,
      "operation": 63
    },
    {
      "time": 5476,
      "train": 2,
      "operation": 66
    },
    {
      "time": 5806,
      "train": 4,
      "operation": 17
    },
    {
      "time": 5819,
      "train": 4,
      "operation": 18
    },
    {
      "time": 5875,
      "train": 1,
      "operation": 77
    },
    {
      "time": 5881,
      "train": 2,
      "operation": 68
    },
    {
      "time": 5890,
      "train": 1,
      "operation": 80
    },
    {
      "time": 5897,
      "train": 2,
      "operation": 70
    },
    {
      "time": 5920,
      "train": 2,
      "operation": 72
    },
    {
      "time": 5928,
      "train": 2,
      "operation": 75
    },
    {
      "time": 6010,
      "train": 2,
      "operation": 78
    },
    {
      "time": 6031,
      "train": 2,
      "operation": 82
    },
    {
      "time": 6093,
      "train": 3,
      "operation": 27
    },
    {
      "time": 6343,
      "train": 0,
      "operation": 81
    },
    {
      "time": 6347,
      "train": 0,
      "operation": 83
    },
    {
      "time": 6376,
      "train": 4,
      "operation": 19
    },
    {
      "time": 6390,
      "train": 4,
      "operation": 20
    },
    {
      "time": 6391,
      "train": 1,
      "operation": 83
    },
    {
      "time": 6411,
      "train": 1,
      "operation": 86
    },
    {
      "time": 6493,
      "train": 1,
      "operation": 88
    },
    {
      "time": 6498,
      "train": 1,
      "operation": 90
    },
    {
      "time": 6511,
      "train": 0,
      "operation": 85
    },
    {
      "time": 6515,
      "train": 0,
      "operation": 87
    },
    {
      "time": 6549,
      "train": 3,
      "operation": 28
    },
    {
      "time": 6640,
      "train": 2,
      "operation": 87
    },
    {
      "time": 6655,
      "train": 2,
      "operation": 90
    },
    {
      "time": 6753,
      "train": 0,
      "operation": 89
    },
    {
      "time": 6757,
      "train": 0,
      "operation": 91
    },
    {
      "time": 6845,
      "train": 0,
      "operation": 93
    },
    {
      "time": 6849,
      "train": 0,
      "operation": 95
    },
    {
      "time": 6955,
      "train": 1,
      "operation": 91
    },
    {
      "time": 6971,
      "train": 1,
      "operation": 92
    },
    {
      "time": 7020,
      "train": 3,
      "operation": 29
    },
    {
      "time": 7025,
      "train": 3,
      "operation": 31
    },
    {
      "time": 7103,
      "train": 1,
      "operation": 93
    },
    {
      "time": 7107,
      "train": 1,
      "operation": 95
    },
    {
      "time": 7154,
      "train": 4,
      "operation": 21
    },
    {
      "time": 7156,
      "train": 2,
      "operation": 93
    },
    {
      "time": 7170,
      "train": 4,
      "operation": 22
    },
    {
      "time": 7176,
      "train": 2,
      "operation": 96
    },
    {
      "time": 7203,
      "train": 1,
      "operation": 97
    },
    {
      "time": 7208,
      "train": 1,
      "operation": 99
    },
    {
      "time": 7238,
      "train": 3,
      "operation": 33
    },
    {
      "time": 7242,
      "train": 0,
      "operation": 97
    },
    {
      "time": 7244,
      "train": 3,
      "operation": 35
    },
    {
      "time": 7246,
      "train": 0,
      "operation": 99
    },
    {
      "time": 7258,
      "train": 2,
      "operation": 98
    },
    {
      "time": 7263,
      "train": 2,
      "operation": 100
    },
    {
      "time": 7281,
      "train": 4,
      "operation": 23
    },
    {
      "time": 7302,
      "train": 4,
      "operation": 24
    },
    {
      "time": 7426,
      "train": 0,
      "operation": 101
    },
    {
      "time": 7430,
      "train": 0,
      "operation": 103
    },
    {
      "time": 7540,
      "train": 1,
      "operation": 101
    },
    {
      "time": 7544,
      "train": 1,
      "operation": 103
    },
    {
      "time": 7553,
      "train": 3,
      "operation": 37
    },
    {
      "time": 7558,
      "train": 3,
      "operation": 39
    },
    {
      "time": 7672,
      "train": 3,
      "operation": 41
    },
    {
      "time": 7677,
      "train": 3,
      "operation": 43
    },
    {
      "time": 7687,
      "train": 0,
      "operation": 105
    },
    {
      "time": 7691,
      "train": 0,
      "operation": 107
    },
    {
      "time": 7696,
      "train": 1,
      "operation": 105
    },
    {
      "time": 7701,
      "train": 1,
      "operation": 107
    },
    {
      "time": 7720,
      "train": 2,
      "operation": 101
    },
    {
      "time": 7736,
      "train": 2,
      "operation": 102
    },
    {
      "time": 7854,
      "train": 0,
      "operation": 109
    },
    {
      "time": 7859,
      "train": 0,
      "operation": 111
    },
    {
      "time": 7868,
      "train": 2,
      "operation": 103
    },
    {
      "time": 7872,
      "train": 2,
      "operation": 105
    },
    {
      "time": 7910,
      "train": 1,
      "operation": 110
    },
    {
      "time": 7920,
      "train": 1,
      "operation": 112
    },
    {
      "time": 7959,
      "train": 4,
      "operation": 25
    },
    {
      "time": 7968,
      "train": 2,
      "operation": 107
    },
    {
      "time": 7973,
      "train": 2,
      "operation": 109
    },
    {
      "time": 7974,
      "train": 4,
      "operation": 26
    },
    {
      "time": 8090,
      "train": 0,
      "operation": 113
    },
    {
      "time": 8095,
      "train": 0,
      "operation": 114
    },
    {
      "time": 8188,
      "train": 3,
      "operation": 45
    },
    {
      "time": 8193,
      "train": 3,
      "operation": 47
    },
    {
      "time": 8220,
      "train": 0,
      "operation": 115
    },
    {
      "time": 8226,
      "train": 0,
      "operation": 116
    },
    {
      "time": 8305,
      "train": 2,
      "operation": 111
    },
    {
      "time": 8309,
      "train": 2,
      "operation": 113
    },
    {
      "time": 8350,
      "train": 1,
      "operation": 116
    },
    {
      "time": 8365,
      "train": 1,
      "operation": 120
    },
    {
      "time": 8427,
      "train": 3,
      "operation": 49
    },
    {
      "time": 8433,
      "train": 3,
      "operation": 51
    },
    {
      "time": 8461,
      "train": 2,
      "operation": 115
    },
    {
      "time": 8466,
      "train": 2,
      "operation": 117
    },
    {
      "time": 8475,
      "train": 4,
      "operation": 27
    },
    {
      "time": 8489,
      "train": 4,
      "operation": 28
    },
    {
      "time": 8586,
      "train": 0,
      "operation": 117
    },
    {
      "time": 8602,
      "train": 0,
      "operation": 118
    },
    {
      "time": 8675,
      "train": 2,
      "operation": 120
    },
    {
      "time": 8685,
      "train": 2,
      "operation": 122
    },
    {
      "time": 8767,
      "train": 3,
      "operation": 53
    },
    {
      "time": 8772,
      "train": 3,
      "operation": 55
    },
    {
      "time": 8886,
      "train": 1,
      "operation": 123
    },
    {
      "time": 8899,
      "train": 0,
      "operation": 119
    },
    {
      "time": 8900,
      "train": 1,
      "operation": 126
    },
    {
      "time": 8904,
      "train": 0,
      "operation": 120
    },
    {
      "time": 8984,
      "train": 3,
      "operation": 57
    },
    {
      "time": 8985,
      "train": 0,
      "operation": 121
    },
    {
      "time": 8989,
      "train": 0,
      "operation": 122
    },
    {
      "time": 8991,
      "train": 3,
      "operation": 59
    },
    {
      "time": 9039,
      "train": 4,
      "operation": 29
    },
    {
      "time": 9060,
      "train": 4,
      "operation": 30
    },
    {
      "time": 9115,
      "train": 2,
      "operation": 126
    },
    {
      "time": 9130,
      "train": 2,
      "operation": 130
    },
    {
      "time": 9153,
      "train": 0,
      "operation": 123
    },
    {
      "time": 9168,
      "train": 0,
      "operation": 124
    },
    {
      "time": 9245,
      "train": 3,
      "operation": 61
    },
    {
      "time": 9246,
      "train": 1,
      "operation": 129
    },
    {
      "time": 9250,
      "train": 3,
      "operation": 62
    },
    {
      "time": 9262,
      "train": 1,
      "operation": 132
    },
    {
      "time": 9375,
      "train": 3,
      "operation": 63
    },
    {
      "time": 9381,
      "train": 3,
      "operation": 64
    },
    {
      "time": 9629,
      "train": 4,
      "operation": 39
    },
    {
      "time": 9633,
      "train": 4,
      "operation": 41
    },
    {
      "time": 9651,
      "train": 2,
      "operation": 133
    },
    {
      "time": 9665,
      "train": 2,
      "operation": 136
    },
    {
      "time": 9729,
      "train": 1,
      "operation": 134
    },
    {
      "time": 9761,
      "train": 0,
      "operation": 125
    },
    {
      "time": 9762,
      "train": 1,
      "operation": 137
    },
    {
      "time": 9766,
      "train": 3,
      "operation": 65
    },
    {
      "time": 9775,
      "train": 0,
      "operation": 126
    },
    {
      "time": 9785,
      "train": 4,
      "operation": 43
    },
    {
      "time": 9787,
      "train": 3,
      "operation": 66
    },
    {
      "time": 9790,
      "train": 4,
      "operation": 45
    },
    {
      "time": 9999,
      "train": 4,
      "operation": 48
    },
    {
      "time": 10009,
      "train": 4,
      "operation": 50
    },
    {
      "time": 10011,
      "train": 2,
      "operation": 139
    },
    {
      "time": 10027,
      "train": 2,
      "operation": 142
    },
    {
      "time": 10144,
      "train": 0,
      "operation": 127
    },
    {
      "time": 10158,
      "train": 0,
      "operation": 128
    },
    {
      "time": 10202,
      "train": 3,
      "operation": 67
    },
    {
      "time": 10209,
      "train": 3,
      "operation": 68
    },
    {
      "time": 10323,
      "train": 3,
      "operation": 69
    },
    {
      "time": 10329,
      "train": 3,
      "operation": 70
    },
    {
      "time": 10394,
      "train": 1,
      "operation": 149
    },
    {
      "time": 10417,
      "train": 1,
      "operation": 152
    },
    {
      "time": 10489,
      "train": 4,
      "operation": 54
    },
    {
      "time": 10494,
      "train": 2,
      "operation": 144
    },
    {
      "time": 10504,
      "train": 4,
      "operation": 58
    },
    {
      "time": 10527,
      "train": 2,
      "operation": 147
    },
    {
      "time": 10558,
      "train": 3,
      "operation": 71
    },
    {
      "time": 10579,
      "train": 3,
      "operation": 72
    },
    {
      "time": 10733,
      "train": 0,
      "operation": 129
    },
    {
      "time": 10751,
      "train": 0,
      "operation": 130
    },
    {
      "time": 11025,
      "train": 4,
      "operation": 61
    },
    {
      "time": 11039,
      "train": 4,
      "operation": 64
    },
    {
      "time": 11071,
      "train": 1,
      "operation": 155
    },
    {
      "time": 11096,
      "train": 1,
      "operation": 157
    },
    {
      "time": 11159,
      "train": 2,
      "operation": 159
    },
    {
      "time": 11182,
      "train": 2,
      "operation": 162
    },
    {
      "time": 11253,
      "train": 0,
      "operation": 132
    },
    {
      "time": 11273,
      "train": 0,
      "operation": 134
    },
    {
      "time": 11385,
      "train": 4,
      "operation": 67
    },
    {
      "time": 11393,
      "train": 3,
      "operation": 73
    },
    {
      "time": 11401,
      "train": 4,
      "operation": 70
    },
    {
      "time": 11413,
      "train": 3,
      "operation": 74
    },
    {
      "time": 11592,
      "train": 1,
      "operation": 159
    },
    {
      "time": 11616,
      "train": 1,
      "operation": 162
    },
    {
      "time": 11702,
      "train": 0,
      "operation": 137
    },
    {
      "time": 11713,
      "train": 0,
      "operation": 140
    },
    {
      "time": 11777,
      "train": 0,
      "operation": 143
    },
    {
      "time": 11795,
      "train": 0,
      "operation": 147
    },
    {
      "time": 11836,
      "train": 2,
      "operation": 165
    },
    {
      "time": 11861,
      "train": 2,
      "operation": 167
    },
    {
      "time": 11868,
      "train": 4,
      "operation": 72
    },
    {
      "time": 11873,
      "train": 0,
      "operation": 153
    },
    {
      "time": 11884,
      "train": 0,
      "operation": 158
    },
    {
      "time": 11901,
      "train": 4,
      "operation": 75
    },
    {
      "time": 11930,
      "train": 3,
      "operation": 75
    },
    {
      "time": 11950,
      "train": 3,
      "operation": 76
    },
    {
      "time": 12082,
      "train": 0,
      "operation": 170
    },
    {
      "time": 12098,
      "train": 0,
      "operation": 174
    },
    {
      "time": 12174,
      "train": 1,
      "operation": 165
    },
    {
      "time": 12199,
      "train": 1,
      "operation": 168
    },
    {
      "time": 12357,
      "train": 2,
      "operation": 169
    },
    {
      "time": 12381,
      "train": 2,
      "operation": 172
    },
    {
      "time": 12533,
      "train": 4,
      "operation": 87
    },
    {
      "time": 12556,
      "train": 4,
      "operation": 90
    },
    {
      "time": 12564,
      "train": 0,
      "operation": 177
    },
    {
      "time": 12586,
      "train": 0,
      "operation": 180
    },
    {
      "time": 12640,
      "train": 1,
      "operation": 171
    },
    {
      "time": 12663,
      "train": 1,
      "operation": 174
    },
    {
      "time": 12754,
      "train": 3,
      "operation": 77
    },
    {
      "time": 12779,
      "train": 3,
      "operation": 78
    },
    {
      "time": 12829,
      "train": 0,
      "operation": 187
    },
    {
      "time": 12833,
      "train": 0,
      "operation": 191
    },
    {
      "time": 12915,
      "train": 0,
      "operation": 193
    },
    {
      "time": 12920,
      "train": 0,
      "operation": 195
    },
    {
      "time": 12939,
      "train": 2,
      "operation": 175
    },
    {
      "time": 12964,
      "train": 2,
      "operation": 178
    },
    {
      "time": 13016,
      "train": 0,
      "operation": 198
    },
    {
      "time": 13031,
      "train": 0,
      "operation": 200
    },
    {
      "time": 13210,
      "train": 4,
      "operation": 93
    },
    {
      "time": 13235,
      "train": 4,
      "operation": 95
    },
    {
      "time": 13280,
      "train": 0,
      "operation": 203
    },
    {
      "time": 13284,
      "train": 0,
      "operation": 207
    },
    {
      "time": 13365,
      "train": 0,
      "operation": 209
    },
    {
      "time": 13370,
      "train": 0,
      "operation": 211
    },
    {
      "time": 13405,
      "train": 2,
      "operation": 181
    },
    {
      "time": 13419,
      "train": 1,
      "operation": 178
    },
    {
      "time": 13428,
      "train": 2,
      "operation": 184
    },
    {
      "time": 13442,
      "train": 1,
      "operation": 182
    },
    {
      "time": 13451,
      "train": 3,
      "operation": 80
    },
    {
      "time": 13471,
      "train": 3,
      "operation": 82
    },
    {
      "time": 13510,
      "train": 0,
      "operation": 214
    },
    {
      "time": 13525,
      "train": 0,
      "operation": 216
    },
    {
      "time": 13731,
      "train": 4,
      "operation": 97
    },
    {
      "time": 13755,
      "train": 4,
      "operation": 100
    },
    {
      "time": 14027,
      "train": 0,
      "operation": 220
    },
    {
      "time": 14037,
      "train": 1,
      "operation": 186
    },
    {
      "time": 14037,
      "train": 1,
      "operation": 187
    },
    {
      "time": 14051,
      "train": 0,
      "operation": 224
    },
    {
      "time": 14184,
      "train": 2,
      "operation": 188
    },
    {
      "time": 14207,
      "train": 2,
      "operation": 192
    },
    {
      "time": 14313,
      "train": 4,
      "operation": 103
    },
    {
      "time": 14338,
      "train": 4,
      "operation": 106
    },
    {
      "time": 14435,
      "train": 0,
      "operation": 236
    },
    {
      "time": 14468,
      "train": 0,
      "operation": 240
    },
    {
      "time": 14779,
      "train": 4,
      "operation": 109
    },
    {
      "time": 14802,
      "train": 2,
      "operation": 196
    },
    {
      "time": 14802,
      "train": 2,
      "operation": 197
    },
    {
      "time": 14802,
      "train": 4,
      "operation": 112
    },
    {
      "time": 15454,
      "train": 0,
      "operation": 288
    },
    {
      "time": 15464,
      "train": 0,
      "operation": 290
    },
    {
      "time": 15558,
      "train": 4,
      "operation": 116
    },
    {
      "time": 15581,
      "train": 4,
      "operation": 120
    },
    {
      "time": 16176,
      "train": 4,
      "operation": 124
    },
    {
      "time": 16176,
      "train": 4,
      "operation": 125
    },
    {
      "time": 16229,
      "train": 0,
      "operation": 292
    },
    {
      "time": 16229,
      "train": 0,
      "operation": 294
    },
    {
      "time": 16815,
      "train": 0,
      "operation": 297
    },
    {
      "time": 16827,
      "train": 0,
      "operation": 301
    },
    {
      "time": 17292,
      "train": 0,
      "operation": 303
    },
    {
      "time": 17304,
      "train": 0,
      "operation": 307
    },
    {
      "time": 17711,
      "train": 3,
      "operation": 188
    },
    {
      "time": 17743,
      "train": 0,
      "operation": 311
    },
    {
      "time": 17744,
      "train": 3,
      "operation": 192
    },
    {
      "time": 17755,
      "train": 0,
      "operation": 315
    },
    {
      "time": 17778,
      "train": 3,
      "operation": 200
    },
    {
      "time": 17794,
      "train": 3,
      "operation": 210
    },
    {
      "time": 17951,
      "train": 3,
      "operation": 220
    },
    {
      "time": 17987,
      "train": 3,
      "operation": 230
    },
    {
      "time": 18458,
      "train": 3,
      "operation": 236
    },
    {
      "time": 18469,
      "train": 0,
      "operation": 319
    },
    {
      "time": 18481,
      "train": 3,
      "operation": 238
    },
    {
      "time": 18483,
      "train": 0,
      "operation": 323
    },
    {
      "time": 18908,
      "train": 3,
      "operation": 240
    },
    {
      "time": 18922,
      "train": 3,
      "operation": 242
    },
    {
      "time": 19844,
      "train": 3,
      "operation": 244
    },
    {
      "time": 19844,
      "train": 3,
      "operation": 246
    },
    {
      "time": 20518,
      "train": 3,
      "operation": 249
    },
    {
      "time": 20530,
      "train": 3,
      "operation": 253
    },
    {
      "time": 25880,
      "train": 0,
      "operation": 464
    },
    {
      "time": 25895,
      "train": 0,
      "operation": 466
    },
    {
      "time": 26225,
      "train": 0,
      "operation": 469
    },
    {
      "time": 26229,
      "train": 0,
      "operation": 472
    },
    {
      "time": 26310,
      "train": 0,
      "operation": 475
    },
    {
      "time": 26315,
      "train": 0,
      "operation": 478
    },
    {
      "time": 26421,
      "train": 0,
      "operation": 481
    },
    {
      "time": 26435,
      "train": 0,
      "operation": 484
    },
    {
      "time": 26905,
      "train": 0,
      "operation": 485
    },
    {
      "time": 26920,
      "train": 0,
      "operation": 486
    },
    {
      "time": 27311,
      "train": 0,
      "operation": 487
    },
    {
      "time": 27315,
      "train": 0,
      "operation": 488
    },
    {
      "time": 27396,
      "train": 0,
      "operation": 489
    },
    {
      "time": 27417,
      "train": 0,
      "operation": 491
    },
    {
      "time": 27804,
      "train": 0,
      "operation": 494
    },
    {
      "time": 27820,
      "train": 0,
      "operation": 498
    },
    {
      "time": 28327,
      "train": 0,
      "operation": 503
    },
    {
      "time": 28342,
      "train": 0,
      "operation": 506
    },
    {
      "time": 28872,
      "train": 0,
      "operation": 510
    },
    {
      "time": 28886,
      "train": 0,
      "operation": 514
    },
    {
      "time": 29365,
      "train": 0,
      "operation": 517
    },
    {
      "time": 29380,
      "train": 0,
      "operation": 520
    },
    {
      "time": 29908,
      "train": 0,
      "operation": 523
    },
    {
      "time": 29922,
      "train": 0,
      "operation": 526
    },
    {
      "time": 30436,
      "train": 0,
      "operation": 530
    },
    {
      "time": 30451,
      "train": 0,
      "operation": 534
    },
    {
      "time": 30944,
      "train": 0,
      "operation": 538
    },
    {
      "time": 30959,
      "train": 0,
      "operation": 542
    },
    {
      "time": 31117,
      "train": 0,
      "operation": 546
    },
    {
      "time": 31133,
      "train": 0,
      "operation": 550
    },
    {
      "time": 31231,
      "train": 0,
      "operation": 556
    },
    {
      "time": 31250,
      "train": 0,
      "operation": 577
    },
    {
      "time": 31273,
      "train": 0,
      "operation": 603
    },
    {
      "time": 31524,
      "train": 0,
      "operation": 609
    },
    {
      "time": 31561,
      "train": 0,
      "operation": 620
    },
    {
      "time": 31604,
      "train": 0,
      "operation": 646
    },
    {
      "time": 31757,
      "train": 0,
      "operation": 674
    },
    {
      "time": 31791,
      "train": 0,
      "operation": 679
    },
    {
      "time": 32271,
      "train": 3,
      "operation": 421
    },
    {
      "time": 32291,
      "train": 3,
      "operation": 424
    },
    {
      "time": 32328,
      "train": 0,
      "operation": 683
    },
    {
      "time": 32328,
      "train": 0,
      "operation": 684
    },
    {
      "time": 32949,
      "train": 3,
      "operation": 428
    },
    {
      "time": 32970,
      "train": 3,
      "operation": 431
    },
    {
      "time": 33516,
      "train": 3,
      "operation": 441
    },
    {
      "time": 33521,
      "train": 3,
      "operation": 442
    },
    {
      "time": 33635,
      "train": 3,
      "operation": 444
    },
    {
      "time": 33664,
      "train": 3,
      "operation": 446
    },
    {
      "time": 34205,
      "train": 3,
      "operation": 449
    },
    {
      "time": 34227,
      "train": 3,
      "operation": 453
    },
    {
      "time": 34936,
      "train": 3,
      "operation": 456
    },
    {
      "time": 34957,
      "train": 3,
      "operation": 459
    },
    {
      "time": 35698,
      "train": 3,
      "operation": 463
    },
    {
      "time": 35718,
      "train": 3,
      "operation": 467
    },
    {
      "time": 36388,
      "train": 3,
      "operation": 470
    },
    {
      "time": 36409,
      "train": 3,
      "operation": 473
    },
    {
      "time": 37148,
      "train": 3,
      "operation": 477
    },
    {
      "time": 37168,
      "train": 3,
      "operation": 480
    },
    {
      "time": 37888,
      "train": 3,
      "operation": 483
    },
    {
      "time": 37909,
      "train": 3,
      "operation": 487
    },
    {
      "time": 38599,
      "train": 3,
      "operation": 490
    },
    {
      "time": 38620,
      "train": 3,
      "operation": 494
    },
    {
      "time": 38841,
      "train": 3,
      "operation": 500
    },
    {
      "time": 38863,
      "train": 3,
      "operation": 504
    },
    {
      "time": 39000,
      "train": 3,
      "operation": 511
    },
    {
      "time": 39026,
      "train": 3,
      "operation": 532
    },
    {
      "time": 39058,
      "train": 3,
      "operation": 558
    },
    {
      "time": 39309,
      "train": 3,
      "operation": 569
    },
    {
      "time": 39346,
      "train": 3,
      "operation": 580
    },
    {
      "time": 39389,
      "train": 3,
      "operation": 606
    },
    {
      "time": 39542,
      "train": 3,
      "operation": 635
    },
    {
      "time": 39576,
      "train": 3,
      "operation": 646
    },
    {
      "time": 40113,
      "train": 3,
      "operation": 655
    },
    {
      "time": 40113,
      "train": 3,
      "operation": 656
    }
  ]
}