{
  "objective_value": 1876,
  "events": [
    {
      "time": 0,
      "train": 0,
      "operation": 0
    },    
    {
      "time": 0,
      "train": 1,
      "operation": 0
    },   
    {
      "time": 0,
      "train": 2,
      "operation": 0
    },   
    {
      "time": 0,
      "train": 3,
      "operation": 0
    },   
    {
      "time": 0,
      "train": 4,
      "operation": 0
    },
    {
      "time": 0,
      "train": 5,
      "operation": 0
    },
    {
      "time": 0,
      "train": 6,
      "operation": 0
    },
    {
      "time": 0,
      "train": 7,
      "operation": 0
    },
    {
      "time": 10811,
      "train": 2,
      "operation": 1
    },
    {
      "time": 10902,
      "train": 3,
      "operation": 1
    },
    {
      "time": 10977,
      "train": 1,
      "operation": 1
    },
    {
      "time": 10977,
      "train": 4,
      "operation": 1
    },
    {
      "time": 10988,
      "train": 0,
      "operation": 1
    },
    {
      "time": 11067,
      "train": 2,
      "operation": 2
    },
    {
      "time": 11067,
      "train": 2,
      "operation": 3
    },
    {
      "time": 11067,
      "train": 3,
      "operation": 2
    },
    {
      "time": 11067,
      "train": 3,
      "operation": 3
    },
    {
      "time": 11067,
      "train": 4,
      "operation": 2
    },
    {
      "time": 11127,
      "train": 1,
      "operation": 2
    },
    {
      "time": 11127,
      "train": 1,
      "operation": 3
    },
    {
      "time": 11130,
      "train": 0,
      "operation": 2
    },
    {
      "time": 11157,
      "train": 1,
      "operation": 4
    },
    {
      "time": 11160,
      "train": 0,
      "operation": 3
    },
    {
      "time": 11186,
      "train": 6,
      "operation": 1
    },
    {
      "time": 11218,
      "train": 0,
      "operation": 4
    },
    {
      "time": 11218,
      "train": 0,
      "operation": 5
    },
    {
      "time": 11359,
      "train": 6,
      "operation": 2
    },
    {
      "time": 11359,
      "train": 6,
      "operation": 3
    },
    {
      "time": 11367,
      "train": 0,
      "operation": 6
    },
    {
      "time": 11367,
      "train": 0,
      "operation": 7
    },
    {
      "time": 11397,
      "train": 0,
      "operation": 8
    },
    {
      "time": 11397,
      "train": 1,
      "operation": 5
    },
    {
      "time": 11397,
      "train": 1,
      "operation": 6
    },
    {
      "time": 11457,
      "train": 1,
      "operation": 7
    },
    {
      "time": 11488,
      "train": 6,
      "operation": 5
    },
    {
      "time": 11488,
      "train": 6,
      "operation": 6
    },
    {
      "time": 11547,
      "train": 0,
      "operation": 10
    },
    {
      "time": 11547,
      "train": 0,
      "operation": 11
    },
    {
      "time": 11547,
      "train": 0,
      "operation": 12
    },
    {
      "time": 11547,
      "train": 1,
      "operation": 8
    },
    {
      "time": 11547,
      "train": 1,
      "operation": 10
    },
    {
      "time": 11547,
      "train": 1,
      "operation": 11
    },
    {
      "time": 11577,
      "train": 0,
      "operation": 9
    },
    {
      "time": 11577,
      "train": 0,
      "operation": 13
    },
    {
      "time": 11577,
      "train": 1,
      "operation": 12
    },
    {
      "time": 11637,
      "train": 0,
      "operation": 14
    },
    {
      "time": 11637,
      "train": 0,
      "operation": 15
    },
    {
      "time": 11683,
      "train": 6,
      "operation": 7
    },
    {
      "time": 11683,
      "train": 6,
      "operation": 8
    },
    {
      "time": 11685,
      "train": 4,
      "operation": 3
    },
    {
      "time": 11697,
      "train": 0,
      "operation": 16
    },
    {
      "time": 11724,
      "train": 3,
      "operation": 5
    },
    {
      "time": 11727,
      "train": 1,
      "operation": 13
    },
    {
      "time": 11727,
      "train": 1,
      "operation": 14
    },
    {
      "time": 11757,
      "train": 1,
      "operation": 15
    },
    {
      "time": 11769,
      "train": 6,
      "operation": 9
    },
    {
      "time": 11769,
      "train": 6,
      "operation": 10
    },
    {
      "time": 11827,
      "train": 4,
      "operation": 4
    },
    {
      "time": 11857,
      "train": 4,
      "operation": 6
    },
    {
      "time": 11909,
      "train": 1,
      "operation": 16
    },
    {
      "time": 11909,
      "train": 1,
      "operation": 17
    },
    {
      "time": 11924,
      "train": 3,
      "operation": 6
    },
    {
      "time": 11924,
      "train": 3,
      "operation": 8
    },
    {
      "time": 11937,
      "train": 6,
      "operation": 11
    },
    {
      "time": 11950,
      "train": 2,
      "operation": 4
    },
    {
      "time": 11954,
      "train": 3,
      "operation": 9
    },
    {
      "time": 11967,
      "train": 0,
      "operation": 18
    },
    {
      "time": 11967,
      "train": 1,
      "operation": 18
    },
    {
      "time": 11997,
      "train": 0,
      "operation": 19
    },
    {
      "time": 11997,
      "train": 1,
      "operation": 19
    },
    {
      "time": 11999,
      "train": 4,
      "operation": 7
    },
    {
      "time": 12029,
      "train": 4,
      "operation": 9
    },
    {
      "time": 12062,
      "train": 0,
      "operation": 17
    },
    {
      "time": 12092,
      "train": 2,
      "operation": 6
    },
    {
      "time": 12117,
      "train": 7,
      "operation": 4
    },
    {
      "time": 12117,
      "train": 7,
      "operation": 5
    },
    {
      "time": 12122,
      "train": 2,
      "operation": 7
    },
    {
      "time": 12147,
      "train": 0,
      "operation": 20
    },
    {
      "time": 12147,
      "train": 0,
      "operation": 21
    },
    {
      "time": 12147,
      "train": 1,
      "operation": 20
    },
    {
      "time": 12147,
      "train": 1,
      "operation": 22
    },
    {
      "time": 12155,
      "train": 6,
      "operation": 13
    },
    {
      "time": 12170,
      "train": 2,
      "operation": 8
    },
    {
      "time": 12170,
      "train": 2,
      "operation": 10
    },
    {
      "time": 12177,
      "train": 0,
      "operation": 22
    },
    {
      "time": 12177,
      "train": 1,
      "operation": 23
    },
    {
      "time": 12182,
      "train": 3,
      "operation": 10
    },
    {
      "time": 12227,
      "train": 0,
      "operation": 23
    },
    {
      "time": 12227,
      "train": 0,
      "operation": 25
    },
    {
      "time": 12229,
      "train": 4,
      "operation": 10
    },
    {
      "time": 12259,
      "train": 4,
      "operation": 12
    },
    {
      "time": 12265,
      "train": 2,
      "operation": 11
    },
    {
      "time": 12295,
      "train": 2,
      "operation": 13
    },
    {
      "time": 12297,
      "train": 5,
      "operation": 1
    },
    {
      "time": 12297,
      "train": 5,
      "operation": 6
    },
    {
      "time": 12302,
      "train": 3,
      "operation": 12
    },
    {
      "time": 12319,
      "train": 6,
      "operation": 14
    },
    {
      "time": 12319,
      "train": 6,
      "operation": 16
    },
    {
      "time": 12327,
      "train": 0,
      "operation": 27
    },
    {
      "time": 12331,
      "train": 7,
      "operation": 6
    },
    {
      "time": 12331,
      "train": 7,
      "operation": 7
    },
    {
      "time": 12357,
      "train": 0,
      "operation": 28
    },
    {
      "time": 12382,
      "train": 2,
      "operation": 9
    },
    {
      "time": 12387,
      "train": 1,
      "operation": 25
    },
    {
      "time": 12387,
      "train": 5,
      "operation": 8
    },
    {
      "time": 12407,
      "train": 0,
      "operation": 26
    },
    {
      "time": 12417,
      "train": 5,
      "operation": 9
    },
    {
      "time": 12437,
      "train": 2,
      "operation": 14
    },
    {
      "time": 12459,
      "train": 4,
      "operation": 15
    },
    {
      "time": 12467,
      "train": 2,
      "operation": 16
    },
    {
      "time": 12477,
      "train": 7,
      "operation": 9
    },
    {
      "time": 12489,
      "train": 4,
      "operation": 16
    },
    {
      "time": 12502,
      "train": 3,
      "operation": 13
    },
    {
      "time": 12502,
      "train": 3,
      "operation": 14
    },
    {
      "time": 12507,
      "train": 0,
      "operation": 29
    },
    {
      "time": 12507,
      "train": 0,
      "operation": 30
    },
    {
      "time": 12532,
      "train": 3,
      "operation": 15
    },
    {
      "time": 12537,
      "train": 0,
      "operation": 31
    },
    {
      "time": 12537,
      "train": 1,
      "operation": 26
    },
    {
      "time": 12539,
      "train": 6,
      "operation": 18
    },
    {
      "time": 12539,
      "train": 6,
      "operation": 19
    },
    {
      "time": 12567,
      "train": 5,
      "operation": 11
    },
    {
      "time": 12581,
      "train": 2,
      "operation": 20
    },
    {
      "time": 12597,
      "train": 5,
      "operation": 12
    },
    {
      "time": 12597,
      "train": 7,
      "operation": 10
    },
    {
      "time": 12649,
      "train": 2,
      "operation": 15
    },
    {
      "time": 12657,
      "train": 0,
      "operation": 32
    },
    {
      "time": 12657,
      "train": 0,
      "operation": 36
    },
    {
      "time": 12672,
      "train": 1,
      "operation": 27
    },
    {
      "time": 12674,
      "train": 3,
      "operation": 16
    },
    {
      "time": 12674,
      "train": 3,
      "operation": 17
    },
    {
      "time": 12679,
      "train": 1,
      "operation": 28
    },
    {
      "time": 12689,
      "train": 4,
      "operation": 19
    },
    {
      "time": 12697,
      "train": 5,
      "operation": 14
    },
    {
      "time": 12697,
      "train": 5,
      "operation": 15
    },
    {
      "time": 12701,
      "train": 2,
      "operation": 22
    },
    {
      "time": 12704,
      "train": 3,
      "operation": 18
    },
    {
      "time": 12719,
      "train": 4,
      "operation": 20
    },
    {
      "time": 12723,
      "train": 0,
      "operation": 34
    },
    {
      "time": 12747,
      "train": 5,
      "operation": 16
    },
    {
      "time": 12749,
      "train": 7,
      "operation": 11
    },
    {
      "time": 12749,
      "train": 7,
      "operation": 12
    },
    {
      "time": 12777,
      "train": 0,
      "operation": 37
    },
    {
      "time": 12777,
      "train": 5,
      "operation": 18
    },
    {
      "time": 12793,
      "train": 2,
      "operation": 17
    },
    {
      "time": 12807,
      "train": 1,
      "operation": 29
    },
    {
      "time": 12807,
      "train": 1,
      "operation": 30
    },
    {
      "time": 12807,
      "train": 1,
      "operation": 31
    },
    {
      "time": 12815,
      "train": 7,
      "operation": 13
    },
    {
      "time": 12837,
      "train": 2,
      "operation": 19
    },
    {
      "time": 12837,
      "train": 6,
      "operation": 22
    },
    {
      "time": 12845,
      "train": 7,
      "operation": 14
    },
    {
      "time": 12846,
      "train": 3,
      "operation": 19
    },
    {
      "time": 12847,
      "train": 1,
      "operation": 32
    },
    {
      "time": 12861,
      "train": 4,
      "operation": 21
    },
    {
      "time": 12861,
      "train": 4,
      "operation": 22
    },
    {
      "time": 12876,
      "train": 3,
      "operation": 20
    },
    {
      "time": 12927,
      "train": 5,
      "operation": 20
    },
    {
      "time": 12957,
      "train": 5,
      "operation": 21
    },
    {
      "time": 12962,
      "train": 3,
      "operation": 21
    },
    {
      "time": 12962,
      "train": 3,
      "operation": 22
    },
    {
      "time": 12987,
      "train": 7,
      "operation": 15
    },
    {
      "time": 13003,
      "train": 4,
      "operation": 23
    },
    {
      "time": 13017,
      "train": 7,
      "operation": 17
    },
    {
      "time": 13047,
      "train": 1,
      "operation": 33
    },
    {
      "time": 13047,
      "train": 1,
      "operation": 35
    },
    {
      "time": 13063,
      "train": 4,
      "operation": 25
    },
    {
      "time": 13077,
      "train": 1,
      "operation": 36
    },
    {
      "time": 13077,
      "train": 6,
      "operation": 23
    },
    {
      "time": 13133,
      "train": 3,
      "operation": 23
    },
    {
      "time": 13133,
      "train": 3,
      "operation": 24
    },
    {
      "time": 13163,
      "train": 3,
      "operation": 25
    },
    {
      "time": 13167,
      "train": 7,
      "operation": 18
    },
    {
      "time": 13197,
      "train": 7,
      "operation": 20
    },
    {
      "time": 13257,
      "train": 5,
      "operation": 24
    },
    {
      "time": 13263,
      "train": 4,
      "operation": 28
    },
    {
      "time": 13280,
      "train": 6,
      "operation": 26
    },
    {
      "time": 13280,
      "train": 6,
      "operation": 27
    },
    {
      "time": 13293,
      "train": 4,
      "operation": 29
    },
    {
      "time": 13309,
      "train": 3,
      "operation": 26
    },
    {
      "time": 13309,
      "train": 3,
      "operation": 27
    },
    {
      "time": 13317,
      "train": 1,
      "operation": 37
    },
    {
      "time": 13377,
      "train": 5,
      "operation": 29
    },
    {
      "time": 13407,
      "train": 7,
      "operation": 22
    },
    {
      "time": 13419,
      "train": 6,
      "operation": 28
    },
    {
      "time": 13419,
      "train": 6,
      "operation": 29
    },
    {
      "time": 13435,
      "train": 4,
      "operation": 30
    },
    {
      "time": 13437,
      "train": 1,
      "operation": 39
    },
    {
      "time": 13437,
      "train": 7,
      "operation": 23
    },
    {
      "time": 13465,
      "train": 4,
      "operation": 31
    },
    {
      "time": 13505,
      "train": 3,
      "operation": 28
    },
    {
      "time": 13505,
      "train": 3,
      "operation": 31
    },
    {
      "time": 13516,
      "train": 4,
      "operation": 32
    },
    {
      "time": 13516,
      "train": 4,
      "operation": 33
    },
    {
      "time": 13527,
      "train": 5,
      "operation": 30
    },
    {
      "time": 13558,
      "train": 6,
      "operation": 31
    },
    {
      "time": 13617,
      "train": 6,
      "operation": 32
    },
    {
      "time": 13625,
      "train": 3,
      "operation": 32
    },
    {
      "time": 13647,
      "train": 1,
      "operation": 40
    },
    {
      "time": 13647,
      "train": 1,
      "operation": 41
    },
    {
      "time": 13664,
      "train": 4,
      "operation": 35
    },
    {
      "time": 13664,
      "train": 5,
      "operation": 32
    },
    {
      "time": 13677,
      "train": 1,
      "operation": 42
    },
    {
      "time": 13694,
      "train": 4,
      "operation": 36
    },
    {
      "time": 13707,
      "train": 7,
      "operation": 26
    },
    {
      "time": 13737,
      "train": 7,
      "operation": 27
    },
    {
      "time": 13799,
      "train": 5,
      "operation": 33
    },
    {
      "time": 13799,
      "train": 5,
      "operation": 34
    },
    {
      "time": 13827,
      "train": 1,
      "operation": 44
    },
    {
      "time": 13836,
      "train": 4,
      "operation": 40
    },
    {
      "time": 13837,
      "train": 6,
      "operation": 35
    },
    {
      "time": 13857,
      "train": 1,
      "operation": 45
    },
    {
      "time": 13864,
      "train": 1,
      "operation": 43
    },
    {
      "time": 13864,
      "train": 5,
      "operation": 35
    },
    {
      "time": 13866,
      "train": 4,
      "operation": 41
    },
    {
      "time": 13894,
      "train": 5,
      "operation": 36
    },
    {
      "time": 13923,
      "train": 4,
      "operation": 42
    },
    {
      "time": 13947,
      "train": 7,
      "operation": 30
    },
    {
      "time": 13977,
      "train": 7,
      "operation": 31
    },
    {
      "time": 13983,
      "train": 4,
      "operation": 44
    },
    {
      "time": 14011,
      "train": 1,
      "operation": 46
    },
    {
      "time": 14037,
      "train": 6,
      "operation": 36
    },
    {
      "time": 14041,
      "train": 1,
      "operation": 47
    },
    {
      "time": 14066,
      "train": 5,
      "operation": 40
    },
    {
      "time": 14127,
      "train": 1,
      "operation": 48
    },
    {
      "time": 14127,
      "train": 1,
      "operation": 49
    },
    {
      "time": 14127,
      "train": 7,
      "operation": 32
    },
    {
      "time": 14127,
      "train": 7,
      "operation": 33
    },
    {
      "time": 14150,
      "train": 6,
      "operation": 37
    },
    {
      "time": 14150,
      "train": 6,
      "operation": 38
    },
    {
      "time": 14220,
      "train": 6,
      "operation": 39
    },
    {
      "time": 14220,
      "train": 6,
      "operation": 40
    },
    {
      "time": 14239,
      "train": 4,
      "operation": 45
    },
    {
      "time": 14266,
      "train": 5,
      "operation": 41
    },
    {
      "time": 14269,
      "train": 4,
      "operation": 47
    },
    {
      "time": 14277,
      "train": 7,
      "operation": 35
    },
    {
      "time": 14307,
      "train": 1,
      "operation": 50
    },
    {
      "time": 14307,
      "train": 1,
      "operation": 51
    },
    {
      "time": 14337,
      "train": 1,
      "operation": 52
    },
    {
      "time": 14337,
      "train": 7,
      "operation": 36
    },
    {
      "time": 14344,
      "train": 6,
      "operation": 42
    },
    {
      "time": 14344,
      "train": 6,
      "operation": 43
    },
    {
      "time": 14356,
      "train": 5,
      "operation": 43
    },
    {
      "time": 14411,
      "train": 4,
      "operation": 48
    },
    {
      "time": 14441,
      "train": 4,
      "operation": 50
    },
    {
      "time": 14457,
      "train": 6,
      "operation": 47
    },
    {
      "time": 14457,
      "train": 6,
      "operation": 48
    },
    {
      "time": 14478,
      "train": 1,
      "operation": 53
    },
    {
      "time": 14487,
      "train": 1,
      "operation": 54
    },
    {
      "time": 14489,
      "train": 4,
      "operation": 51
    },
    {
      "time": 14489,
      "train": 4,
      "operation": 53
    },
    {
      "time": 14527,
      "train": 5,
      "operation": 44
    },
    {
      "time": 14527,
      "train": 5,
      "operation": 45
    },
    {
      "time": 14547,
      "train": 7,
      "operation": 39
    },
    {
      "time": 14577,
      "train": 6,
      "operation": 49
    },
    {
      "time": 14577,
      "train": 7,
      "operation": 40
    },
    {
      "time": 14584,
      "train": 4,
      "operation": 54
    },
    {
      "time": 14614,
      "train": 4,
      "operation": 56
    },
    {
      "time": 14667,
      "train": 1,
      "operation": 55
    },
    {
      "time": 14667,
      "train": 1,
      "operation": 57
    },
    {
      "time": 14667,
      "train": 1,
      "operation": 58
    },
    {
      "time": 14670,
      "train": 7,
      "operation": 41
    },
    {
      "time": 14697,
      "train": 6,
      "operation": 51
    },
    {
      "time": 14698,
      "train": 5,
      "operation": 46
    },
    {
      "time": 14700,
      "train": 7,
      "operation": 42
    },
    {
      "time": 14756,
      "train": 4,
      "operation": 57
    },
    {
      "time": 14758,
      "train": 7,
      "operation": 43
    },
    {
      "time": 14758,
      "train": 7,
      "operation": 44
    },
    {
      "time": 14786,
      "train": 4,
      "operation": 59
    },
    {
      "time": 14787,
      "train": 1,
      "operation": 59
    },
    {
      "time": 14818,
      "train": 5,
      "operation": 49
    },
    {
      "time": 14900,
      "train": 4,
      "operation": 64
    },
    {
      "time": 14907,
      "train": 7,
      "operation": 46
    },
    {
      "time": 14964,
      "train": 6,
      "operation": 52
    },
    {
      "time": 14964,
      "train": 6,
      "operation": 54
    },
    {
      "time": 14966,
      "train": 7,
      "operation": 47
    },
    {
      "time": 15020,
      "train": 4,
      "operation": 65
    },
    {
      "time": 15058,
      "train": 6,
      "operation": 56
    },
    {
      "time": 15117,
      "train": 6,
      "operation": 57
    },
    {
      "time": 15147,
      "train": 7,
      "operation": 51
    },
    {
      "time": 15177,
      "train": 7,
      "operation": 52
    },
    {
      "time": 15195,
      "train": 6,
      "operation": 58
    },
    {
      "time": 15195,
      "train": 6,
      "operation": 60
    },
    {
      "time": 15237,
      "train": 7,
      "operation": 54
    },
    {
      "time": 15297,
      "train": 7,
      "operation": 55
    },
    {
      "time": 15350,
      "train": 6,
      "operation": 61
    },
    {
      "time": 15350,
      "train": 6,
      "operation": 63
    },
    {
      "time": 15488,
      "train": 6,
      "operation": 65
    },
    {
      "time": 15488,
      "train": 6,
      "operation": 66
    },
    {
      "time": 15567,
      "train": 7,
      "operation": 57
    },
    {
      "time": 15597,
      "train": 7,
      "operation": 58
    },
    {
      "time": 15657,
      "train": 6,
      "operation": 71
    },
    {
      "time": 15747,
      "train": 7,
      "operation": 59
    },
    {
      "time": 15777,
      "train": 7,
      "operation": 61
    },
    {
      "time": 15827,
      "train": 7,
      "operation": 62
    },
    {
      "time": 15827,
      "train": 7,
      "operation": 64
    },
    {
      "time": 15927,
      "train": 7,
      "operation": 65
    },
    {
      "time": 15957,
      "train": 7,
      "operation": 67
    },
    {
      "time": 16107,
      "train": 7,
      "operation": 69
    },
    {
      "time": 16137,
      "train": 7,
      "operation": 70
    },
    {
      "time": 16257,
      "train": 7,
      "operation": 75
    },
    {
      "time": 16377,
      "train": 7,
      "operation": 76
    },
    {
      "time": 16857,
      "train": 6,
      "operation": 72
    }
  ]
}