{
  "objective_value": 2350,
  "events": [
    {
      "time": 0,
      "train": 0,
      "operation": 0
    },
    {
      "time": 0,
      "train": 1,
      "operation": 0
    },
    {
      "time": 0,
      "train": 2,
      "operation": 0
    },
    {
      "time": 0,
      "train": 3,
      "operation": 0
    },
    {
      "time": 0,
      "train": 4,
      "operation": 0
    },
    {
      "time": 0,
      "train": 5,
      "operation": 0
    },
    {
      "time": 0,
      "train": 6,
      "operation": 0
    },
    {
      "time": 0,
      "train": 7,
      "operation": 0
    },
    {
      "time": 0,
      "train": 8,
      "operation": 0
    },
    {
      "time": 0,
      "train": 9,
      "operation": 0
    },
    {
      "time": 0,
      "train": 10,
      "operation": 0
    },
    {
      "time": 0,
      "train": 11,
      "operation": 0
    },
    {
      "time": 6,
      "train": 0,
      "operation": 2
    },
    {
      "time": 31,
      "train": 1,
      "operation": 2
    },
    {
      "time": 31,
      "train": 6,
      "operation": 2
    },
    {
      "time": 55,
      "train": 11,
      "operation": 1
    },
    {
      "time": 81,
      "train": 11,
      "operation": 2
    },
    {
      "time": 113,
      "train": 4,
      "operation": 1
    },
    {
      "time": 131,
      "train": 4,
      "operation": 2
    },
    {
      "time": 161,
      "train": 2,
      "operation": 1
    },
    {
      "time": 168,
      "train": 2,
      "operation": 2
    },
    {
      "time": 168,
      "train": 8,
      "operation": 2
    },
    {
      "time": 248,
      "train": 11,
      "operation": 3
    },
    {
      "time": 270,
      "train": 3,
      "operation": 1
    },
    {
      "time": 270,
      "train": 11,
      "operation": 4
    },
    {
      "time": 275,
      "train": 3,
      "operation": 2
    },
    {
      "time": 313,
      "train": 4,
      "operation": 3
    },
    {
      "time": 321,
      "train": 4,
      "operation": 4
    },
    {
      "time": 342,
      "train": 2,
      "operation": 3
    },
    {
      "time": 342,
      "train": 4,
      "operation": 5
    },
    {
      "time": 348,
      "train": 4,
      "operation": 6
    },
    {
      "time": 416,
      "train": 3,
      "operation": 3
    },
    {
      "time": 422,
      "train": 3,
      "operation": 4
    },
    {
      "time": 422,
      "train": 5,
      "operation": 1
    },
    {
      "time": 441,
      "train": 9,
      "operation": 1
    },
    {
      "time": 451,
      "train": 9,
      "operation": 2
    },
    {
      "time": 497,
      "train": 5,
      "operation": 2
    },
    {
      "time": 511,
      "train": 0,
      "operation": 3
    },
    {
      "time": 518,
      "train": 0,
      "operation": 4
    },
    {
      "time": 518,
      "train": 2,
      "operation": 4
    },
    {
      "time": 525,
      "train": 1,
      "operation": 4
    },
    {
      "time": 549,
      "train": 1,
      "operation": 6
    },
    {
      "time": 549,
      "train": 12,
      "operation": 0
    },
    {
      "time": 556,
      "train": 5,
      "operation": 3
    },
    {
      "time": 560,
      "train": 4,
      "operation": 7
    },
    {
      "time": 560,
      "train": 4,
      "operation": 8
    },
    {
      "time": 562,
      "train": 8,
      "operation": 3
    },
    {
      "time": 570,
      "train": 8,
      "operation": 5
    },
    {
      "time": 579,
      "train": 12,
      "operation": 1
    },
    {
      "time": 599,
      "train": 9,
      "operation": 3
    },
    {
      "time": 600,
      "train": 12,
      "operation": 2
    },
    {
      "time": 611,
      "train": 6,
      "operation": 3
    },
    {
      "time": 614,
      "train": 9,
      "operation": 4
    },
    {
      "time": 628,
      "train": 5,
      "operation": 4
    },
    {
      "time": 629,
      "train": 6,
      "operation": 4
    },
    {
      "time": 655,
      "train": 10,
      "operation": 1
    },
    {
      "time": 671,
      "train": 10,
      "operation": 2
    },
    {
      "time": 699,
      "train": 8,
      "operation": 7
    },
    {
      "time": 707,
      "train": 8,
      "operation": 9
    },
    {
      "time": 746,
      "train": 0,
      "operation": 6
    },
    {
      "time": 777,
      "train": 0,
      "operation": 8
    },
    {
      "time": 782,
      "train": 9,
      "operation": 5
    },
    {
      "time": 791,
      "train": 9,
      "operation": 6
    },
    {
      "time": 811,
      "train": 5,
      "operation": 5
    },
    {
      "time": 824,
      "train": 5,
      "operation": 6
    },
    {
      "time": 831,
      "train": 4,
      "operation": 9
    },
    {
      "time": 850,
      "train": 4,
      "operation": 10
    },
    {
      "time": 972,
      "train": 0,
      "operation": 11
    },
    {
      "time": 1000,
      "train": 0,
      "operation": 15
    },
    {
      "time": 1023,
      "train": 2,
      "operation": 6
    },
    {
      "time": 1031,
      "train": 2,
      "operation": 8
    },
    {
      "time": 1129,
      "train": 1,
      "operation": 9
    },
    {
      "time": 1133,
      "train": 10,
      "operation": 3
    },
    {
      "time": 1140,
      "train": 10,
      "operation": 4
    },
    {
      "time": 1145,
      "train": 1,
      "operation": 12
    },
    {
      "time": 1180,
      "train": 0,
      "operation": 17
    },
    {
      "time": 1180,
      "train": 12,
      "operation": 3
    },
    {
      "time": 1186,
      "train": 8,
      "operation": 11
    },
    {
      "time": 1195,
      "train": 8,
      "operation": 12
    },
    {
      "time": 1196,
      "train": 12,
      "operation": 4
    },
    {
      "time": 1197,
      "train": 0,
      "operation": 19
    },
    {
      "time": 1208,
      "train": 6,
      "operation": 5
    },
    {
      "time": 1230,
      "train": 6,
      "operation": 6
    },
    {
      "time": 1234,
      "train": 2,
      "operation": 11
    },
    {
      "time": 1247,
      "train": 5,
      "operation": 7
    },
    {
      "time": 1254,
      "train": 5,
      "operation": 8
    },
    {
      "time": 1263,
      "train": 7,
      "operation": 1
    },
    {
      "time": 1265,
      "train": 2,
      "operation": 15
    },
    {
      "time": 1270,
      "train": 9,
      "operation": 7
    },
    {
      "time": 1272,
      "train": 7,
      "operation": 2
    },
    {
      "time": 1273,
      "train": 0,
      "operation": 22
    },
    {
      "time": 1277,
      "train": 9,
      "operation": 8
    },
    {
      "time": 1294,
      "train": 0,
      "operation": 26
    },
    {
      "time": 1327,
      "train": 1,
      "operation": 14
    },
    {
      "time": 1327,
      "train": 1,
      "operation": 16
    },
    {
      "time": 1363,
      "train": 8,
      "operation": 13
    },
    {
      "time": 1378,
      "train": 8,
      "operation": 14
    },
    {
      "time": 1378,
      "train": 12,
      "operation": 5
    },
    {
      "time": 1378,
      "train": 12,
      "operation": 6
    },
    {
      "time": 1407,
      "train": 9,
      "operation": 9
    },
    {
      "time": 1415,
      "train": 9,
      "operation": 10
    },
    {
      "time": 1460,
      "train": 2,
      "operation": 17
    },
    {
      "time": 1488,
      "train": 2,
      "operation": 21
    },
    {
      "time": 1526,
      "train": 8,
      "operation": 15
    },
    {
      "time": 1526,
      "train": 8,
      "operation": 16
    },
    {
      "time": 1574,
      "train": 6,
      "operation": 7
    },
    {
      "time": 1574,
      "train": 6,
      "operation": 8
    },
    {
      "time": 1627,
      "train": 4,
      "operation": 11
    },
    {
      "time": 1629,
      "train": 12,
      "operation": 7
    },
    {
      "time": 1644,
      "train": 12,
      "operation": 8
    },
    {
      "time": 1648,
      "train": 4,
      "operation": 12
    },
    {
      "time": 1668,
      "train": 2,
      "operation": 25
    },
    {
      "time": 1685,
      "train": 2,
      "operation": 27
    },
    {
      "time": 1758,
      "train": 10,
      "operation": 5
    },
    {
      "time": 1761,
      "train": 2,
      "operation": 29
    },
    {
      "time": 1764,
      "train": 10,
      "operation": 7
    },
    {
      "time": 1770,
      "train": 6,
      "operation": 10
    },
    {
      "time": 1782,
      "train": 2,
      "operation": 33
    },
    {
      "time": 1785,
      "train": 0,
      "operation": 32
    },
    {
      "time": 1788,
      "train": 6,
      "operation": 12
    },
    {
      "time": 1809,
      "train": 9,
      "operation": 11
    },
    {
      "time": 1816,
      "train": 0,
      "operation": 36
    },
    {
      "time": 1816,
      "train": 9,
      "operation": 12
    },
    {
      "time": 1953,
      "train": 11,
      "operation": 23
    },
    {
      "time": 1960,
      "train": 11,
      "operation": 24
    },
    {
      "time": 1990,
      "train": 9,
      "operation": 13
    },
    {
      "time": 1991,
      "train": 4,
      "operation": 13
    },
    {
      "time": 1991,
      "train": 4,
      "operation": 14
    },
    {
      "time": 1996,
      "train": 9,
      "operation": 14
    },
    {
      "time": 2040,
      "train": 10,
      "operation": 9
    },
    {
      "time": 2048,
      "train": 10,
      "operation": 11
    },
    {
      "time": 2070,
      "train": 12,
      "operation": 9
    },
    {
      "time": 2070,
      "train": 12,
      "operation": 10
    },
    {
      "time": 2094,
      "train": 5,
      "operation": 9
    },
    {
      "time": 2101,
      "train": 5,
      "operation": 11
    },
    {
      "time": 2180,
      "train": 11,
      "operation": 25
    },
    {
      "time": 2180,
      "train": 11,
      "operation": 26
    },
    {
      "time": 2192,
      "train": 7,
      "operation": 3
    },
    {
      "time": 2203,
      "train": 7,
      "operation": 4
    },
    {
      "time": 2224,
      "train": 12,
      "operation": 11
    },
    {
      "time": 2239,
      "train": 12,
      "operation": 12
    },
    {
      "time": 2244,
      "train": 4,
      "operation": 15
    },
    {
      "time": 2272,
      "train": 2,
      "operation": 37
    },
    {
      "time": 2279,
      "train": 4,
      "operation": 16
    },
    {
      "time": 2297,
      "train": 5,
      "operation": 13
    },
    {
      "time": 2302,
      "train": 2,
      "operation": 41
    },
    {
      "time": 2304,
      "train": 5,
      "operation": 15
    },
    {
      "time": 2331,
      "train": 6,
      "operation": 15
    },
    {
      "time": 2340,
      "train": 6,
      "operation": 18
    },
    {
      "time": 2391,
      "train": 12,
      "operation": 13
    },
    {
      "time": 2396,
      "train": 0,
      "operation": 39
    },
    {
      "time": 2399,
      "train": 12,
      "operation": 14
    },
    {
      "time": 2414,
      "train": 0,
      "operation": 43
    },
    {
      "time": 2416,
      "train": 12,
      "operation": 15
    },
    {
      "time": 2421,
      "train": 12,
      "operation": 16
    },
    {
      "time": 2440,
      "train": 10,
      "operation": 14
    },
    {
      "time": 2451,
      "train": 10,
      "operation": 16
    },
    {
      "time": 2466,
      "train": 6,
      "operation": 23
    },
    {
      "time": 2482,
      "train": 6,
      "operation": 28
    },
    {
      "time": 2493,
      "train": 7,
      "operation": 5
    },
    {
      "time": 2501,
      "train": 9,
      "operation": 16
    },
    {
      "time": 2509,
      "train": 9,
      "operation": 18
    },
    {
      "time": 2599,
      "train": 12,
      "operation": 17
    },
    {
      "time": 2599,
      "train": 12,
      "operation": 18
    },
    {
      "time": 2666,
      "train": 10,
      "operation": 18
    },
    {
      "time": 2678,
      "train": 10,
      "operation": 20
    },
    {
      "time": 2703,
      "train": 4,
      "operation": 17
    },
    {
      "time": 2710,
      "train": 4,
      "operation": 18
    },
    {
      "time": 2712,
      "train": 9,
      "operation": 21
    },
    {
      "time": 2730,
      "train": 3,
      "operation": 21
    },
    {
      "time": 2735,
      "train": 3,
      "operation": 22
    },
    {
      "time": 2743,
      "train": 9,
      "operation": 25
    },
    {
      "time": 2789,
      "train": 10,
      "operation": 22
    },
    {
      "time": 2789,
      "train": 10,
      "operation": 24
    },
    {
      "time": 2824,
      "train": 12,
      "operation": 19
    },
    {
      "time": 2838,
      "train": 4,
      "operation": 19
    },
    {
      "time": 2840,
      "train": 12,
      "operation": 20
    },
    {
      "time": 2863,
      "train": 4,
      "operation": 20
    },
    {
      "time": 2883,
      "train": 2,
      "operation": 46
    },
    {
      "time": 2901,
      "train": 2,
      "operation": 50
    },
    {
      "time": 2931,
      "train": 3,
      "operation": 23
    },
    {
      "time": 2937,
      "train": 3,
      "operation": 24
    },
    {
      "time": 2938,
      "train": 9,
      "operation": 31
    },
    {
      "time": 2957,
      "train": 5,
      "operation": 17
    },
    {
      "time": 2963,
      "train": 5,
      "operation": 19
    },
    {
      "time": 2963,
      "train": 7,
      "operation": 6
    },
    {
      "time": 2966,
      "train": 9,
      "operation": 35
    },
    {
      "time": 2984,
      "train": 6,
      "operation": 30
    },
    {
      "time": 2993,
      "train": 0,
      "operation": 46
    },
    {
      "time": 3008,
      "train": 6,
      "operation": 32
    },
    {
      "time": 3015,
      "train": 0,
      "operation": 50
    },
    {
      "time": 3062,
      "train": 10,
      "operation": 25
    },
    {
      "time": 3062,
      "train": 10,
      "operation": 26
    },
    {
      "time": 3108,
      "train": 4,
      "operation": 21
    },
    {
      "time": 3108,
      "train": 4,
      "operation": 22
    },
    {
      "time": 3146,
      "train": 9,
      "operation": 39
    },
    {
      "time": 3161,
      "train": 5,
      "operation": 21
    },
    {
      "time": 3163,
      "train": 9,
      "operation": 43
    },
    {
      "time": 3169,
      "train": 5,
      "operation": 23
    },
    {
      "time": 3218,
      "train": 3,
      "operation": 25
    },
    {
      "time": 3225,
      "train": 3,
      "operation": 27
    },
    {
      "time": 3239,
      "train": 9,
      "operation": 50
    },
    {
      "time": 3260,
      "train": 9,
      "operation": 54
    },
    {
      "time": 3359,
      "train": 0,
      "operation": 54
    },
    {
      "time": 3359,
      "train": 0,
      "operation": 56
    },
    {
      "time": 3379,
      "train": 3,
      "operation": 29
    },
    {
      "time": 3379,
      "train": 3,
      "operation": 31
    },
    {
      "time": 3478,
      "train": 6,
      "operation": 33
    },
    {
      "time": 3478,
      "train": 6,
      "operation": 34
    },
    {
      "time": 3480,
      "train": 2,
      "operation": 55
    },
    {
      "time": 3502,
      "train": 2,
      "operation": 59
    },
    {
      "time": 3530,
      "train": 12,
      "operation": 21
    },
    {
      "time": 3539,
      "train": 4,
      "operation": 23
    },
    {
      "time": 3547,
      "train": 12,
      "operation": 22
    },
    {
      "time": 3555,
      "train": 0,
      "operation": 60
    },
    {
      "time": 3558,
      "train": 4,
      "operation": 24
    },
    {
      "time": 3573,
      "train": 0,
      "operation": 64
    },
    {
      "time": 3603,
      "train": 7,
      "operation": 7
    },
    {
      "time": 3609,
      "train": 7,
      "operation": 9
    },
    {
      "time": 3768,
      "train": 6,
      "operation": 35
    },
    {
      "time": 3791,
      "train": 6,
      "operation": 36
    },
    {
      "time": 3805,
      "train": 7,
      "operation": 11
    },
    {
      "time": 3805,
      "train": 9,
      "operation": 60
    },
    {
      "time": 3813,
      "train": 7,
      "operation": 13
    },
    {
      "time": 3815,
      "train": 1,
      "operation": 55
    },
    {
      "time": 3830,
      "train": 1,
      "operation": 58
    },
    {
      "time": 3836,
      "train": 9,
      "operation": 64
    },
    {
      "time": 3846,
      "train": 2,
      "operation": 61
    },
    {
      "time": 3846,
      "train": 2,
      "operation": 63
    },
    {
      "time": 3849,
      "train": 12,
      "operation": 23
    },
    {
      "time": 3849,
      "train": 12,
      "operation": 24
    },
    {
      "time": 4035,
      "train": 6,
      "operation": 37
    },
    {
      "time": 4035,
      "train": 6,
      "operation": 38
    },
    {
      "time": 4042,
      "train": 2,
      "operation": 65
    },
    {
      "time": 4060,
      "train": 2,
      "operation": 67
    },
    {
      "time": 4080,
      "train": 12,
      "operation": 25
    },
    {
      "time": 4115,
      "train": 12,
      "operation": 26
    },
    {
      "time": 4116,
      "train": 0,
      "operation": 67
    },
    {
      "time": 4123,
      "train": 5,
      "operation": 26
    },
    {
      "time": 4125,
      "train": 0,
      "operation": 70
    },
    {
      "time": 4132,
      "train": 5,
      "operation": 28
    },
    {
      "time": 4164,
      "train": 4,
      "operation": 25
    },
    {
      "time": 4182,
      "train": 4,
      "operation": 26
    },
    {
      "time": 4251,
      "train": 0,
      "operation": 75
    },
    {
      "time": 4267,
      "train": 0,
      "operation": 80
    },
    {
      "time": 4295,
      "train": 1,
      "operation": 61
    },
    {
      "time": 4316,
      "train": 1,
      "operation": 64
    },
    {
      "time": 4416,
      "train": 9,
      "operation": 67
    },
    {
      "time": 4434,
      "train": 9,
      "operation": 71
    },
    {
      "time": 4468,
      "train": 12,
      "operation": 27
    },
    {
      "time": 4473,
      "train": 12,
      "operation": 28
    },
    {
      "time": 4537,
      "train": 1,
      "operation": 66
    },
    {
      "time": 4537,
      "train": 1,
      "operation": 68
    },
    {
      "time": 4581,
      "train": 12,
      "operation": 29
    },
    {
      "time": 4602,
      "train": 12,
      "operation": 30
    },
    {
      "time": 4603,
      "train": 2,
      "operation": 69
    },
    {
      "time": 4612,
      "train": 2,
      "operation": 70
    },
    {
      "time": 4627,
      "train": 7,
      "operation": 16
    },
    {
      "time": 4636,
      "train": 7,
      "operation": 18
    },
    {
      "time": 4738,
      "train": 2,
      "operation": 71
    },
    {
      "time": 4754,
      "train": 2,
      "operation": 72
    },
    {
      "time": 4769,
      "train": 0,
      "operation": 82
    },
    {
      "time": 4787,
      "train": 4,
      "operation": 27
    },
    {
      "time": 4793,
      "train": 0,
      "operation": 84
    },
    {
      "time": 4805,
      "train": 4,
      "operation": 28
    },
    {
      "time": 4823,
      "train": 12,
      "operation": 31
    },
    {
      "time": 4823,
      "train": 12,
      "operation": 32
    },
    {
      "time": 5013,
      "train": 9,
      "operation": 74
    },
    {
      "time": 5026,
      "train": 7,
      "operation": 20
    },
    {
      "time": 5035,
      "train": 9,
      "operation": 78
    },
    {
      "time": 5038,
      "train": 7,
      "operation": 22
    },
    {
      "time": 5202,
      "train": 7,
      "operation": 24
    },
    {
      "time": 5220,
      "train": 12,
      "operation": 33
    },
    {
      "time": 5236,
      "train": 12,
      "operation": 34
    },
    {
      "time": 5256,
      "train": 2,
      "operation": 73
    },
    {
      "time": 5263,
      "train": 0,
      "operation": 85
    },
    {
      "time": 5263,
      "train": 0,
      "operation": 86
    },
    {
      "time": 5280,
      "train": 2,
      "operation": 75
    },
    {
      "time": 5284,
      "train": 7,
      "operation": 25
    },
    {
      "time": 5284,
      "train": 7,
      "operation": 26
    },
    {
      "time": 5338,
      "train": 4,
      "operation": 29
    },
    {
      "time": 5338,
      "train": 4,
      "operation": 30
    },
    {
      "time": 5379,
      "train": 9,
      "operation": 82
    },
    {
      "time": 5379,
      "train": 9,
      "operation": 84
    },
    {
      "time": 5553,
      "train": 0,
      "operation": 87
    },
    {
      "time": 5575,
      "train": 9,
      "operation": 88
    },
    {
      "time": 5576,
      "train": 0,
      "operation": 89
    },
    {
      "time": 5593,
      "train": 9,
      "operation": 92
    },
    {
      "time": 5750,
      "train": 2,
      "operation": 77
    },
    {
      "time": 5750,
      "train": 2,
      "operation": 79
    },
    {
      "time": 5780,
      "train": 5,
      "operation": 41
    },
    {
      "time": 5786,
      "train": 5,
      "operation": 43
    },
    {
      "time": 5820,
      "train": 0,
      "operation": 91
    },
    {
      "time": 5856,
      "train": 0,
      "operation": 94
    },
    {
      "time": 5857,
      "train": 12,
      "operation": 35
    },
    {
      "time": 5872,
      "train": 12,
      "operation": 36
    },
    {
      "time": 5934,
      "train": 0,
      "operation": 97
    },
    {
      "time": 5943,
      "train": 0,
      "operation": 100
    },
    {
      "time": 6036,
      "train": 0,
      "operation": 111
    },
    {
      "time": 6040,
      "train": 2,
      "operation": 81
    },
    {
      "time": 6056,
      "train": 0,
      "operation": 115
    },
    {
      "time": 6058,
      "train": 2,
      "operation": 85
    },
    {
      "time": 6062,
      "train": 5,
      "operation": 45
    },
    {
      "time": 6070,
      "train": 5,
      "operation": 47
    },
    {
      "time": 6077,
      "train": 0,
      "operation": 119
    },
    {
      "time": 6111,
      "train": 0,
      "operation": 125
    },
    {
      "time": 6136,
      "train": 9,
      "operation": 94
    },
    {
      "time": 6145,
      "train": 9,
      "operation": 96
    },
    {
      "time": 6160,
      "train": 0,
      "operation": 131
    },
    {
      "time": 6167,
      "train": 0,
      "operation": 141
    },
    {
      "time": 6187,
      "train": 0,
      "operation": 148
    },
    {
      "time": 6252,
      "train": 0,
      "operation": 155
    },
    {
      "time": 6271,
      "train": 9,
      "operation": 98
    },
    {
      "time": 6273,
      "train": 0,
      "operation": 162
    },
    {
      "time": 6284,
      "train": 0,
      "operation": 177
    },
    {
      "time": 6287,
      "train": 9,
      "operation": 100
    },
    {
      "time": 6302,
      "train": 2,
      "operation": 90
    },
    {
      "time": 6338,
      "train": 2,
      "operation": 94
    },
    {
      "time": 6404,
      "train": 1,
      "operation": 91
    },
    {
      "time": 6404,
      "train": 1,
      "operation": 92
    },
    {
      "time": 6405,
      "train": 0,
      "operation": 181
    },
    {
      "time": 6415,
      "train": 12,
      "operation": 37
    },
    {
      "time": 6416,
      "train": 2,
      "operation": 97
    },
    {
      "time": 6425,
      "train": 2,
      "operation": 100
    },
    {
      "time": 6430,
      "train": 12,
      "operation": 38
    },
    {
      "time": 6457,
      "train": 0,
      "operation": 193
    },
    {
      "time": 6462,
      "train": 5,
      "operation": 50
    },
    {
      "time": 6473,
      "train": 5,
      "operation": 52
    },
    {
      "time": 6512,
      "train": 0,
      "operation": 211
    },
    {
      "time": 6518,
      "train": 2,
      "operation": 111
    },
    {
      "time": 6538,
      "train": 2,
      "operation": 115
    },
    {
      "time": 6556,
      "train": 0,
      "operation": 223
    },
    {
      "time": 6559,
      "train": 2,
      "operation": 119
    },
    {
      "time": 6566,
      "train": 0,
      "operation": 236
    },
    {
      "time": 6593,
      "train": 2,
      "operation": 125
    },
    {
      "time": 6640,
      "train": 0,
      "operation": 248
    },
    {
      "time": 6642,
      "train": 2,
      "operation": 131
    },
    {
      "time": 6649,
      "train": 2,
      "operation": 141
    },
    {
      "time": 6660,
      "train": 0,
      "operation": 262
    },
    {
      "time": 6660,
      "train": 0,
      "operation": 286
    },
    {
      "time": 6669,
      "train": 2,
      "operation": 148
    },
    {
      "time": 6688,
      "train": 5,
      "operation": 54
    },
    {
      "time": 6700,
      "train": 5,
      "operation": 56
    },
    {
      "time": 6734,
      "train": 2,
      "operation": 155
    },
    {
      "time": 6755,
      "train": 2,
      "operation": 162
    },
    {
      "time": 6766,
      "train": 2,
      "operation": 177
    },
    {
      "time": 6789,
      "train": 9,
      "operation": 102
    },
    {
      "time": 6811,
      "train": 5,
      "operation": 58
    },
    {
      "time": 6811,
      "train": 5,
      "operation": 60
    },
    {
      "time": 6813,
      "train": 9,
      "operation": 104
    },
    {
      "time": 6875,
      "train": 12,
      "operation": 39
    },
    {
      "time": 6875,
      "train": 12,
      "operation": 40
    },
    {
      "time": 6887,
      "train": 2,
      "operation": 181
    },
    {
      "time": 6939,
      "train": 2,
      "operation": 193
    },
    {
      "time": 6994,
      "train": 2,
      "operation": 211
    },
    {
      "time": 7038,
      "train": 2,
      "operation": 223
    },
    {
      "time": 7048,
      "train": 2,
      "operation": 236
    },
    {
      "time": 7084,
      "train": 5,
      "operation": 61
    },
    {
      "time": 7084,
      "train": 5,
      "operation": 62
    },
    {
      "time": 7122,
      "train": 2,
      "operation": 248
    },
    {
      "time": 7142,
      "train": 2,
      "operation": 262
    },
    {
      "time": 7142,
      "train": 2,
      "operation": 286
    },
    {
      "time": 7283,
      "train": 9,
      "operation": 106
    },
    {
      "time": 7283,
      "train": 9,
      "operation": 108
    },
    {
      "time": 7573,
      "train": 9,
      "operation": 111
    },
    {
      "time": 7596,
      "train": 9,
      "operation": 115
    },
    {
      "time": 7840,
      "train": 9,
      "operation": 118
    },
    {
      "time": 7876,
      "train": 9,
      "operation": 121
    },
    {
      "time": 7954,
      "train": 9,
      "operation": 124
    },
    {
      "time": 7963,
      "train": 9,
      "operation": 127
    },
    {
      "time": 8056,
      "train": 9,
      "operation": 129
    },
    {
      "time": 8076,
      "train": 9,
      "operation": 132
    },
    {
      "time": 8097,
      "train": 9,
      "operation": 141
    },
    {
      "time": 8131,
      "train": 9,
      "operation": 144
    },
    {
      "time": 8180,
      "train": 9,
      "operation": 147
    },
    {
      "time": 8187,
      "train": 9,
      "operation": 156
    },
    {
      "time": 8207,
      "train": 9,
      "operation": 165
    },
    {
      "time": 8272,
      "train": 9,
      "operation": 176
    },
    {
      "time": 8293,
      "train": 9,
      "operation": 187
    },
    {
      "time": 8304,
      "train": 9,
      "operation": 206
    },
    {
      "time": 8425,
      "train": 9,
      "operation": 228
    },
    {
      "time": 8477,
      "train": 9,
      "operation": 265
    },
    {
      "time": 8541,
      "train": 9,
      "operation": 298
    },
    {
      "time": 8549,
      "train": 9,
      "operation": 343
    },
    {
      "time": 8586,
      "train": 9,
      "operation": 370
    },
    {
      "time": 8617,
      "train": 9,
      "operation": 407
    },
    {
      "time": 8840,
      "train": 9,
      "operation": 436
    },
    {
      "time": 8902,
      "train": 9,
      "operation": 453
    },
    {
      "time": 9021,
      "train": 9,
      "operation": 455
    },
    {
      "time": 9034,
      "train": 9,
      "operation": 457
    },
    {
      "time": 9053,
      "train": 9,
      "operation": 459
    },
    {
      "time": 9053,
      "train": 9,
      "operation": 461
    },
    {
      "time": 9072,
      "train": 9,
      "operation": 463
    },
    {
      "time": 9072,
      "train": 9,
      "operation": 465
    }
  ]
}