{
  "objective_value": 18805,
  "events": [
    {
      "time": 0,
      "train": 0,
      "operation": 0
    },
    {
      "time": 0,
      "train": 2,
      "operation": 0
    },
    {
      "time": 0,
      "train": 3,
      "operation": 0
    },
    {
      "time": 0,
      "train": 4,
      "operation": 0
    },
    {
      "time": 0,
      "train": 5,
      "operation": 0
    },
    {
      "time": 0,
      "train": 6,
      "operation": 0
    },
    {
      "time": 200,
      "train": 4,
      "operation": 1
    },
    {
      "time": 211,
      "train": 4,
      "operation": 2
    },
    {
      "time": 467,
      "train": 2,
      "operation": 1
    },
    {
      "time": 468,
      "train": 6,
      "operation": 1
    },
    {
      "time": 474,
      "train": 2,
      "operation": 2
    },
    {
      "time": 486,
      "train": 6,
      "operation": 2
    },
    {
      "time": 611,
      "train": 2,
      "operation": 3
    },
    {
      "time": 618,
      "train": 2,
      "operation": 4
    },
    {
      "time": 819,
      "train": 2,
      "operation": 5
    },
    {
      "time": 826,
      "train": 4,
      "operation": 4
    },
    {
      "time": 827,
      "train": 2,
      "operation": 6
    },
    {
      "time": 836,
      "train": 4,
      "operation": 6
    },
    {
      "time": 1053,
      "train": 6,
      "operation": 3
    },
    {
      "time": 1066,
      "train": 6,
      "operation": 5
    },
    {
      "time": 1179,
      "train": 2,
      "operation": 7
    },
    {
      "time": 1192,
      "train": 2,
      "operation": 8
    },
    {
      "time": 1483,
      "train": 4,
      "operation": 10
    },
    {
      "time": 1493,
      "train": 4,
      "operation": 14
    },
    {
      "time": 1522,
      "train": 2,
      "operation": 9
    },
    {
      "time": 1528,
      "train": 2,
      "operation": 10
    },
    {
      "time": 1584,
      "train": 2,
      "operation": 11
    },
    {
      "time": 1595,
      "train": 2,
      "operation": 12
    },
    {
      "time": 1679,
      "train": 2,
      "operation": 14
    },
    {
      "time": 1692,
      "train": 2,
      "operation": 16
    },
    {
      "time": 1759,
      "train": 2,
      "operation": 18
    },
    {
      "time": 1768,
      "train": 2,
      "operation": 20
    },
    {
      "time": 1898,
      "train": 4,
      "operation": 18
    },
    {
      "time": 1903,
      "train": 2,
      "operation": 22
    },
    {
      "time": 1911,
      "train": 4,
      "operation": 22
    },
    {
      "time": 1916,
      "train": 2,
      "operation": 24
    },
    {
      "time": 2008,
      "train": 2,
      "operation": 26
    },
    {
      "time": 2020,
      "train": 2,
      "operation": 28
    },
    {
      "time": 2423,
      "train": 4,
      "operation": 26
    },
    {
      "time": 2434,
      "train": 4,
      "operation": 31
    },
    {
      "time": 2470,
      "train": 2,
      "operation": 29
    },
    {
      "time": 2479,
      "train": 2,
      "operation": 30
    },
    {
      "time": 2485,
      "train": 4,
      "operation": 39
    },
    {
      "time": 2510,
      "train": 4,
      "operation": 48
    },
    {
      "time": 2530,
      "train": 4,
      "operation": 60
    },
    {
      "time": 2542,
      "train": 4,
      "operation": 74
    },
    {
      "time": 2590,
      "train": 2,
      "operation": 31
    },
    {
      "time": 2597,
      "train": 2,
      "operation": 32
    },
    {
      "time": 2597,
      "train": 4,
      "operation": 82
    },
    {
      "time": 2613,
      "train": 4,
      "operation": 90
    },
    {
      "time": 2992,
      "train": 0,
      "operation": 2
    },
    {
      "time": 2997,
      "train": 4,
      "operation": 95
    },
    {
      "time": 3002,
      "train": 4,
      "operation": 97
    },
    {
      "time": 3003,
      "train": 0,
      "operation": 4
    },
    {
      "time": 3100,
      "train": 4,
      "operation": 99
    },
    {
      "time": 3105,
      "train": 4,
      "operation": 101
    },
    {
      "time": 3215,
      "train": 1,
      "operation": 0
    },
    {
      "time": 3321,
      "train": 2,
      "operation": 33
    },
    {
      "time": 3327,
      "train": 2,
      "operation": 35
    },
    {
      "time": 3441,
      "train": 2,
      "operation": 37
    },
    {
      "time": 3450,
      "train": 2,
      "operation": 39
    },
    {
      "time": 3506,
      "train": 4,
      "operation": 110
    },
    {
      "time": 3515,
      "train": 4,
      "operation": 114
    },
    {
      "time": 3624,
      "train": 0,
      "operation": 8
    },
    {
      "time": 3634,
      "train": 0,
      "operation": 12
    },
    {
      "time": 3780,
      "train": 4,
      "operation": 116
    },
    {
      "time": 3786,
      "train": 4,
      "operation": 118
    },
    {
      "time": 3937,
      "train": 4,
      "operation": 129
    },
    {
      "time": 3946,
      "train": 4,
      "operation": 132
    },
    {
      "time": 3994,
      "train": 4,
      "operation": 135
    },
    {
      "time": 4001,
      "train": 4,
      "operation": 138
    },
    {
      "time": 4123,
      "train": 4,
      "operation": 140
    },
    {
      "time": 4136,
      "train": 4,
      "operation": 142
    },
    {
      "time": 4146,
      "train": 2,
      "operation": 41
    },
    {
      "time": 4157,
      "train": 2,
      "operation": 43
    },
    {
      "time": 4228,
      "train": 4,
      "operation": 144
    },
    {
      "time": 4240,
      "train": 4,
      "operation": 146
    },
    {
      "time": 4281,
      "train": 0,
      "operation": 16
    },
    {
      "time": 4291,
      "train": 0,
      "operation": 20
    },
    {
      "time": 4562,
      "train": 4,
      "operation": 147
    },
    {
      "time": 4568,
      "train": 4,
      "operation": 148
    },
    {
      "time": 4648,
      "train": 4,
      "operation": 149
    },
    {
      "time": 4653,
      "train": 4,
      "operation": 150
    },
    {
      "time": 4683,
      "train": 2,
      "operation": 45
    },
    {
      "time": 4691,
      "train": 2,
      "operation": 47
    },
    {
      "time": 4696,
      "train": 0,
      "operation": 24
    },
    {
      "time": 4709,
      "train": 0,
      "operation": 28
    },
    {
      "time": 5170,
      "train": 4,
      "operation": 151
    },
    {
      "time": 5175,
      "train": 4,
      "operation": 153
    },
    {
      "time": 5233,
      "train": 0,
      "operation": 32
    },
    {
      "time": 5244,
      "train": 0,
      "operation": 37
    },
    {
      "time": 5256,
      "train": 4,
      "operation": 155
    },
    {
      "time": 5263,
      "train": 4,
      "operation": 157
    },
    {
      "time": 5295,
      "train": 0,
      "operation": 42
    },
    {
      "time": 5325,
      "train": 0,
      "operation": 47
    },
    {
      "time": 5346,
      "train": 2,
      "operation": 49
    },
    {
      "time": 5353,
      "train": 2,
      "operation": 51
    },
    {
      "time": 5376,
      "train": 0,
      "operation": 52
    },
    {
      "time": 5382,
      "train": 0,
      "operation": 57
    },
    {
      "time": 5465,
      "train": 2,
      "operation": 53
    },
    {
      "time": 5472,
      "train": 2,
      "operation": 55
    },
    {
      "time": 5760,
      "train": 4,
      "operation": 159
    },
    {
      "time": 5768,
      "train": 4,
      "operation": 161
    },
    {
      "time": 6113,
      "train": 2,
      "operation": 57
    },
    {
      "time": 6119,
      "train": 2,
      "operation": 58
    },
    {
      "time": 6230,
      "train": 2,
      "operation": 59
    },
    {
      "time": 6239,
      "train": 2,
      "operation": 60
    },
    {
      "time": 6260,
      "train": 0,
      "operation": 59
    },
    {
      "time": 6265,
      "train": 0,
      "operation": 61
    },
    {
      "time": 6270,
      "train": 4,
      "operation": 163
    },
    {
      "time": 6276,
      "train": 4,
      "operation": 165
    },
    {
      "time": 6336,
      "train": 0,
      "operation": 63
    },
    {
      "time": 6342,
      "train": 0,
      "operation": 65
    },
    {
      "time": 6396,
      "train": 2,
      "operation": 61
    },
    {
      "time": 6401,
      "train": 2,
      "operation": 63
    },
    {
      "time": 6535,
      "train": 2,
      "operation": 65
    },
    {
      "time": 6541,
      "train": 2,
      "operation": 67
    },
    {
      "time": 6745,
      "train": 4,
      "operation": 167
    },
    {
      "time": 6750,
      "train": 4,
      "operation": 169
    },
    {
      "time": 6830,
      "train": 4,
      "operation": 171
    },
    {
      "time": 6835,
      "train": 4,
      "operation": 173
    },
    {
      "time": 6883,
      "train": 0,
      "operation": 67
    },
    {
      "time": 6889,
      "train": 0,
      "operation": 68
    },
    {
      "time": 6959,
      "train": 2,
      "operation": 69
    },
    {
      "time": 6965,
      "train": 2,
      "operation": 71
    },
    {
      "time": 7080,
      "train": 2,
      "operation": 73
    },
    {
      "time": 7088,
      "train": 2,
      "operation": 75
    },
    {
      "time": 7294,
      "train": 4,
      "operation": 175
    },
    {
      "time": 7299,
      "train": 4,
      "operation": 176
    },
    {
      "time": 7378,
      "train": 4,
      "operation": 177
    },
    {
      "time": 7385,
      "train": 4,
      "operation": 178
    },
    {
      "time": 7400,
      "train": 0,
      "operation": 69
    },
    {
      "time": 7405,
      "train": 0,
      "operation": 70
    },
    {
      "time": 7421,
      "train": 0,
      "operation": 71
    },
    {
      "time": 7425,
      "train": 0,
      "operation": 73
    },
    {
      "time": 7497,
      "train": 4,
      "operation": 179
    },
    {
      "time": 7501,
      "train": 4,
      "operation": 181
    },
    {
      "time": 7515,
      "train": 0,
      "operation": 75
    },
    {
      "time": 7520,
      "train": 0,
      "operation": 77
    },
    {
      "time": 7596,
      "train": 4,
      "operation": 183
    },
    {
      "time": 7600,
      "train": 4,
      "operation": 185
    },
    {
      "time": 7742,
      "train": 2,
      "operation": 77
    },
    {
      "time": 7749,
      "train": 2,
      "operation": 78
    },
    {
      "time": 7862,
      "train": 2,
      "operation": 79
    },
    {
      "time": 7871,
      "train": 2,
      "operation": 80
    },
    {
      "time": 7899,
      "train": 4,
      "operation": 187
    },
    {
      "time": 7904,
      "train": 4,
      "operation": 189
    },
    {
      "time": 7986,
      "train": 4,
      "operation": 191
    },
    {
      "time": 7992,
      "train": 4,
      "operation": 193
    },
    {
      "time": 8005,
      "train": 1,
      "operation": 1
    },
    {
      "time": 8031,
      "train": 1,
      "operation": 2
    },
    {
      "time": 8045,
      "train": 3,
      "operation": 1
    },
    {
      "time": 8061,
      "train": 3,
      "operation": 3
    },
    {
      "time": 8100,
      "train": 0,
      "operation": 79
    },
    {
      "time": 8104,
      "train": 0,
      "operation": 81
    },
    {
      "time": 8201,
      "train": 0,
      "operation": 83
    },
    {
      "time": 8207,
      "train": 0,
      "operation": 85
    },
    {
      "time": 8215,
      "train": 0,
      "operation": 87
    },
    {
      "time": 8233,
      "train": 0,
      "operation": 89
    },
    {
      "time": 8273,
      "train": 5,
      "operation": 1
    },
    {
      "time": 8348,
      "train": 2,
      "operation": 81
    },
    {
      "time": 8355,
      "train": 2,
      "operation": 83
    },
    {
      "time": 8451,
      "train": 6,
      "operation": 8
    },
    {
      "time": 8473,
      "train": 6,
      "operation": 12
    },
    {
      "time": 8482,
      "train": 4,
      "operation": 195
    },
    {
      "time": 8487,
      "train": 4,
      "operation": 196
    },
    {
      "time": 8563,
      "train": 2,
      "operation": 85
    },
    {
      "time": 8568,
      "train": 4,
      "operation": 197
    },
    {
      "time": 8571,
      "train": 2,
      "operation": 88
    },
    {
      "time": 8575,
      "train": 4,
      "operation": 198
    },
    {
      "time": 8728,
      "train": 2,
      "operation": 91
    },
    {
      "time": 8745,
      "train": 2,
      "operation": 94
    },
    {
      "time": 8845,
      "train": 1,
      "operation": 3
    },
    {
      "time": 8845,
      "train": 1,
      "operation": 4
    },
    {
      "time": 8856,
      "train": 2,
      "operation": 97
    },
    {
      "time": 8868,
      "train": 2,
      "operation": 100
    },
    {
      "time": 8875,
      "train": 3,
      "operation": 5
    },
    {
      "time": 8883,
      "train": 2,
      "operation": 103
    },
    {
      "time": 8888,
      "train": 3,
      "operation": 9
    },
    {
      "time": 8906,
      "train": 2,
      "operation": 105
    },
    {
      "time": 8916,
      "train": 4,
      "operation": 199
    },
    {
      "time": 8921,
      "train": 4,
      "operation": 201
    },
    {
      "time": 9091,
      "train": 4,
      "operation": 203
    },
    {
      "time": 9097,
      "train": 4,
      "operation": 206
    },
    {
      "time": 9100,
      "train": 5,
      "operation": 2
    },
    {
      "time": 9209,
      "train": 4,
      "operation": 209
    },
    {
      "time": 9221,
      "train": 4,
      "operation": 212
    },
    {
      "time": 9288,
      "train": 6,
      "operation": 16
    },
    {
      "time": 9300,
      "train": 4,
      "operation": 215
    },
    {
      "time": 9312,
      "train": 4,
      "operation": 217
    },
    {
      "time": 9312,
      "train": 6,
      "operation": 18
    },
    {
      "time": 9327,
      "train": 4,
      "operation": 219
    },
    {
      "time": 9345,
      "train": 0,
      "operation": 91
    },
    {
      "time": 9350,
      "train": 0,
      "operation": 93
    },
    {
      "time": 9350,
      "train": 4,
      "operation": 221
    },
    {
      "time": 9401,
      "train": 2,
      "operation": 107
    },
    {
      "time": 9406,
      "train": 2,
      "operation": 109
    },
    {
      "time": 9438,
      "train": 0,
      "operation": 95
    },
    {
      "time": 9443,
      "train": 0,
      "operation": 97
    },
    {
      "time": 9541,
      "train": 2,
      "operation": 111
    },
    {
      "time": 9547,
      "train": 2,
      "operation": 113
    },
    {
      "time": 9794,
      "train": 3,
      "operation": 14
    },
    {
      "time": 9804,
      "train": 4,
      "operation": 223
    },
    {
      "time": 9808,
      "train": 4,
      "operation": 225
    },
    {
      "time": 9816,
      "train": 3,
      "operation": 18
    },
    {
      "time": 9866,
      "train": 2,
      "operation": 115
    },
    {
      "time": 9873,
      "train": 2,
      "operation": 117
    },
    {
      "time": 9904,
      "train": 4,
      "operation": 227
    },
    {
      "time": 9908,
      "train": 4,
      "operation": 229
    },
    {
      "time": 9914,
      "train": 5,
      "operation": 4
    },
    {
      "time": 9914,
      "train": 6,
      "operation": 19
    },
    {
      "time": 9914,
      "train": 6,
      "operation": 20
    },
    {
      "time": 9937,
      "train": 5,
      "operation": 6
    },
    {
      "time": 9998,
      "train": 2,
      "operation": 119
    },
    {
      "time": 10004,
      "train": 2,
      "operation": 121
    },
    {
      "time": 10068,
      "train": 0,
      "operation": 99
    },
    {
      "time": 10072,
      "train": 0,
      "operation": 101
    },
    {
      "time": 10136,
      "train": 4,
      "operation": 231
    },
    {
      "time": 10141,
      "train": 4,
      "operation": 233
    },
    {
      "time": 10185,
      "train": 0,
      "operation": 103
    },
    {
      "time": 10190,
      "train": 0,
      "operation": 105
    },
    {
      "time": 10231,
      "train": 4,
      "operation": 235
    },
    {
      "time": 10236,
      "train": 4,
      "operation": 237
    },
    {
      "time": 10354,
      "train": 0,
      "operation": 107
    },
    {
      "time": 10374,
      "train": 0,
      "operation": 108
    },
    {
      "time": 10383,
      "train": 3,
      "operation": 24
    },
    {
      "time": 10401,
      "train": 3,
      "operation": 28
    },
    {
      "time": 10472,
      "train": 0,
      "operation": 109
    },
    {
      "time": 10472,
      "train": 0,
      "operation": 110
    },
    {
      "time": 10663,
      "train": 2,
      "operation": 124
    },
    {
      "time": 10674,
      "train": 2,
      "operation": 126
    },
    {
      "time": 10707,
      "train": 4,
      "operation": 240
    },
    {
      "time": 10718,
      "train": 4,
      "operation": 242
    },
    {
      "time": 10842,
      "train": 5,
      "operation": 10
    },
    {
      "time": 10846,
      "train": 2,
      "operation": 128
    },
    {
      "time": 10855,
      "train": 5,
      "operation": 14
    },
    {
      "time": 10861,
      "train": 2,
      "operation": 130
    },
    {
      "time": 10890,
      "train": 4,
      "operation": 244
    },
    {
      "time": 10905,
      "train": 4,
      "operation": 246
    },
    {
      "time": 10910,
      "train": 2,
      "operation": 133
    },
    {
      "time": 10928,
      "train": 2,
      "operation": 137
    },
    {
      "time": 10954,
      "train": 4,
      "operation": 249
    },
    {
      "time": 10972,
      "train": 4,
      "operation": 253
    },
    {
      "time": 11013,
      "train": 3,
      "operation": 32
    },
    {
      "time": 11028,
      "train": 3,
      "operation": 37
    },
    {
      "time": 11040,
      "train": 2,
      "operation": 140
    },
    {
      "time": 11063,
      "train": 2,
      "operation": 143
    },
    {
      "time": 11084,
      "train": 4,
      "operation": 256
    },
    {
      "time": 11100,
      "train": 3,
      "operation": 45
    },
    {
      "time": 11107,
      "train": 4,
      "operation": 258
    },
    {
      "time": 11125,
      "train": 3,
      "operation": 54
    },
    {
      "time": 11131,
      "train": 2,
      "operation": 144
    },
    {
      "time": 11131,
      "train": 2,
      "operation": 145
    },
    {
      "time": 11145,
      "train": 3,
      "operation": 66
    },
    {
      "time": 11162,
      "train": 3,
      "operation": 80
    },
    {
      "time": 11164,
      "train": 4,
      "operation": 259
    },
    {
      "time": 11164,
      "train": 4,
      "operation": 260
    },
    {
      "time": 11238,
      "train": 3,
      "operation": 93
    },
    {
      "time": 11254,
      "train": 3,
      "operation": 106
    },
    {
      "time": 11422,
      "train": 5,
      "operation": 18
    },
    {
      "time": 11440,
      "train": 5,
      "operation": 22
    },
    {
      "time": 11791,
      "train": 3,
      "operation": 111
    },
    {
      "time": 11798,
      "train": 3,
      "operation": 113
    },
    {
      "time": 11935,
      "train": 3,
      "operation": 115
    },
    {
      "time": 11942,
      "train": 3,
      "operation": 117
    },
    {
      "time": 12052,
      "train": 5,
      "operation": 26
    },
    {
      "time": 12067,
      "train": 5,
      "operation": 31
    },
    {
      "time": 12139,
      "train": 5,
      "operation": 36
    },
    {
      "time": 12143,
      "train": 3,
      "operation": 120
    },
    {
      "time": 12151,
      "train": 3,
      "operation": 122
    },
    {
      "time": 12169,
      "train": 5,
      "operation": 41
    },
    {
      "time": 12220,
      "train": 5,
      "operation": 46
    },
    {
      "time": 12226,
      "train": 5,
      "operation": 51
    },
    {
      "time": 12503,
      "train": 3,
      "operation": 126
    },
    {
      "time": 12516,
      "train": 3,
      "operation": 130
    },
    {
      "time": 12846,
      "train": 3,
      "operation": 132
    },
    {
      "time": 12852,
      "train": 3,
      "operation": 134
    },
    {
      "time": 12908,
      "train": 3,
      "operation": 138
    },
    {
      "time": 12919,
      "train": 3,
      "operation": 142
    },
    {
      "time": 13003,
      "train": 3,
      "operation": 148
    },
    {
      "time": 13016,
      "train": 3,
      "operation": 154
    },
    {
      "time": 13083,
      "train": 3,
      "operation": 157
    },
    {
      "time": 13092,
      "train": 3,
      "operation": 160
    },
    {
      "time": 13206,
      "train": 5,
      "operation": 53
    },
    {
      "time": 13212,
      "train": 5,
      "operation": 55
    },
    {
      "time": 13227,
      "train": 3,
      "operation": 164
    },
    {
      "time": 13240,
      "train": 3,
      "operation": 168
    },
    {
      "time": 13297,
      "train": 5,
      "operation": 57
    },
    {
      "time": 13304,
      "train": 5,
      "operation": 59
    },
    {
      "time": 13332,
      "train": 3,
      "operation": 170
    },
    {
      "time": 13344,
      "train": 3,
      "operation": 172
    },
    {
      "time": 13794,
      "train": 3,
      "operation": 173
    },
    {
      "time": 13803,
      "train": 3,
      "operation": 174
    },
    {
      "time": 13914,
      "train": 3,
      "operation": 175
    },
    {
      "time": 13921,
      "train": 3,
      "operation": 176
    },
    {
      "time": 13953,
      "train": 5,
      "operation": 61
    },
    {
      "time": 13960,
      "train": 5,
      "operation": 62
    },
    {
      "time": 14574,
      "train": 5,
      "operation": 63
    },
    {
      "time": 14580,
      "train": 5,
      "operation": 64
    },
    {
      "time": 14599,
      "train": 5,
      "operation": 65
    },
    {
      "time": 14603,
      "train": 5,
      "operation": 67
    },
    {
      "time": 14645,
      "train": 3,
      "operation": 177
    },
    {
      "time": 14651,
      "train": 3,
      "operation": 179
    },
    {
      "time": 14712,
      "train": 5,
      "operation": 69
    },
    {
      "time": 14718,
      "train": 5,
      "operation": 71
    },
    {
      "time": 14765,
      "train": 3,
      "operation": 181
    },
    {
      "time": 14774,
      "train": 3,
      "operation": 183
    },
    {
      "time": 15414,
      "train": 5,
      "operation": 73
    },
    {
      "time": 15419,
      "train": 5,
      "operation": 75
    },
    {
      "time": 15470,
      "train": 3,
      "operation": 185
    },
    {
      "time": 15481,
      "train": 3,
      "operation": 187
    },
    {
      "time": 15535,
      "train": 5,
      "operation": 77
    },
    {
      "time": 15542,
      "train": 5,
      "operation": 79
    },
    {
      "time": 15552,
      "train": 5,
      "operation": 81
    },
    {
      "time": 15570,
      "train": 5,
      "operation": 83
    },
    {
      "time": 16033,
      "train": 3,
      "operation": 189
    },
    {
      "time": 16041,
      "train": 3,
      "operation": 191
    },
    {
      "time": 16696,
      "train": 3,
      "operation": 193
    },
    {
      "time": 16703,
      "train": 3,
      "operation": 195
    },
    {
      "time": 16795,
      "train": 5,
      "operation": 85
    },
    {
      "time": 16801,
      "train": 5,
      "operation": 87
    },
    {
      "time": 16815,
      "train": 3,
      "operation": 197
    },
    {
      "time": 16822,
      "train": 3,
      "operation": 199
    },
    {
      "time": 16906,
      "train": 5,
      "operation": 89
    },
    {
      "time": 16912,
      "train": 5,
      "operation": 91
    },
    {
      "time": 17463,
      "train": 3,
      "operation": 201
    },
    {
      "time": 17469,
      "train": 3,
      "operation": 202
    },
    {
      "time": 17580,
      "train": 3,
      "operation": 203
    },
    {
      "time": 17589,
      "train": 3,
      "operation": 204
    },
    {
      "time": 17662,
      "train": 5,
      "operation": 93
    },
    {
      "time": 17667,
      "train": 5,
      "operation": 95
    },
    {
      "time": 17746,
      "train": 3,
      "operation": 205
    },
    {
      "time": 17751,
      "train": 3,
      "operation": 207
    },
    {
      "time": 17802,
      "train": 5,
      "operation": 97
    },
    {
      "time": 17808,
      "train": 5,
      "operation": 99
    },
    {
      "time": 17885,
      "train": 3,
      "operation": 209
    },
    {
      "time": 17891,
      "train": 3,
      "operation": 211
    },
    {
      "time": 18004,
      "train": 5,
      "operation": 101
    },
    {
      "time": 18028,
      "train": 5,
      "operation": 102
    },
    {
      "time": 18146,
      "train": 5,
      "operation": 103
    },
    {
      "time": 18165,
      "train": 5,
      "operation": 104
    },
    {
      "time": 18309,
      "train": 3,
      "operation": 213
    },
    {
      "time": 18315,
      "train": 3,
      "operation": 215
    },
    {
      "time": 18392,
      "train": 5,
      "operation": 105
    },
    {
      "time": 18398,
      "train": 5,
      "operation": 106
    },
    {
      "time": 18430,
      "train": 3,
      "operation": 217
    },
    {
      "time": 18438,
      "train": 3,
      "operation": 219
    },
    {
      "time": 18861,
      "train": 5,
      "operation": 107
    },
    {
      "time": 18883,
      "train": 5,
      "operation": 109
    },
    {
      "time": 18947,
      "train": 5,
      "operation": 111
    },
    {
      "time": 18972,
      "train": 5,
      "operation": 113
    },
    {
      "time": 19043,
      "train": 5,
      "operation": 115
    },
    {
      "time": 19062,
      "train": 5,
      "operation": 119
    },
    {
      "time": 19092,
      "train": 3,
      "operation": 221
    },
    {
      "time": 19099,
      "train": 3,
      "operation": 222
    },
    {
      "time": 19212,
      "train": 3,
      "operation": 223
    },
    {
      "time": 19221,
      "train": 3,
      "operation": 224
    },
    {
      "time": 19241,
      "train": 5,
      "operation": 123
    },
    {
      "time": 19259,
      "train": 5,
      "operation": 127
    },
    {
      "time": 19283,
      "train": 5,
      "operation": 131
    },
    {
      "time": 19291,
      "train": 5,
      "operation": 135
    },
    {
      "time": 19309,
      "train": 5,
      "operation": 139
    },
    {
      "time": 19318,
      "train": 5,
      "operation": 143
    },
    {
      "time": 19349,
      "train": 5,
      "operation": 149
    },
    {
      "time": 19389,
      "train": 5,
      "operation": 155
    },
    {
      "time": 19425,
      "train": 5,
      "operation": 160
    },
    {
      "time": 19425,
      "train": 5,
      "operation": 164
    },
    {
      "time": 19698,
      "train": 3,
      "operation": 225
    },
    {
      "time": 19705,
      "train": 3,
      "operation": 227
    },
    {
      "time": 19913,
      "train": 3,
      "operation": 229
    },
    {
      "time": 19921,
      "train": 3,
      "operation": 232
    },
    {
      "time": 20078,
      "train": 3,
      "operation": 235
    },
    {
      "time": 20078,
      "train": 3,
      "operation": 238
    }
  ]
}