{
  "objective_value": 3605,
  "events": [
    {
      "time": 0,
      "train": 0,
      "operation": 0
    },  
    {
      "time": 0,
      "train": 1,
      "operation": 0
    },
    {
      "time": 0,
      "train": 2,
      "operation": 0
    },    
    {
      "time": 0,
      "train": 3,
      "operation": 0
    },    
    {
      "time": 0,
      "train": 4,
      "operation": 0
    },
    {
      "time": 0,
      "train": 5,
      "operation": 0
    },
    {
      "time": 0,
      "train": 6,
      "operation": 0
    },
    {
      "time": 0,
      "train": 7,
      "operation": 0
    },
    {
      "time": 0,
      "train": 8,
      "operation": 0
    },
    {
      "time": 0,
      "train": 9,
      "operation": 0
    },
    {
      "time": 0,
      "train": 10,
      "operation": 0
    },
    {
      "time": 0,
      "train": 11,
      "operation": 0
    },
    {
      "time": 8735,
      "train": 5,
      "operation": 1
    },
    {
      "time": 8757,
      "train": 1,
      "operation": 1
    },
    {
      "time": 8757,
      "train": 2,
      "operation": 1
    },
    {
      "time": 8766,
      "train": 0,
      "operation": 1
    },
    {
      "time": 8817,
      "train": 8,
      "operation": 1
    },
    {
      "time": 8877,
      "train": 1,
      "operation": 2
    },
    {
      "time": 8877,
      "train": 5,
      "operation": 2
    },
    {
      "time": 8907,
      "train": 0,
      "operation": 2
    },
    {
      "time": 8907,
      "train": 2,
      "operation": 2
    },
    {
      "time": 8945,
      "train": 6,
      "operation": 1
    },
    {
      "time": 8967,
      "train": 8,
      "operation": 2
    },
    {
      "time": 9102,
      "train": 6,
      "operation": 2
    },
    {
      "time": 9102,
      "train": 6,
      "operation": 3
    },
    {
      "time": 9267,
      "train": 6,
      "operation": 6
    },
    {
      "time": 9297,
      "train": 6,
      "operation": 7
    },
    {
      "time": 9487,
      "train": 6,
      "operation": 8
    },
    {
      "time": 9537,
      "train": 6,
      "operation": 11
    },
    {
      "time": 9557,
      "train": 2,
      "operation": 4
    },
    {
      "time": 9568,
      "train": 1,
      "operation": 6
    },
    {
      "time": 9597,
      "train": 3,
      "operation": 1
    },
    {
      "time": 9597,
      "train": 3,
      "operation": 6
    },
    {
      "time": 9671,
      "train": 2,
      "operation": 5
    },
    {
      "time": 9687,
      "train": 3,
      "operation": 7
    },
    {
      "time": 9717,
      "train": 3,
      "operation": 9
    },
    {
      "time": 9756,
      "train": 0,
      "operation": 4
    },
    {
      "time": 9777,
      "train": 6,
      "operation": 13
    },
    {
      "time": 9783,
      "train": 5,
      "operation": 4
    },
    {
      "time": 9791,
      "train": 2,
      "operation": 10
    },
    {
      "time": 9791,
      "train": 8,
      "operation": 4
    },
    {
      "time": 9867,
      "train": 3,
      "operation": 11
    },
    {
      "time": 9886,
      "train": 8,
      "operation": 7
    },
    {
      "time": 9897,
      "train": 3,
      "operation": 12
    },
    {
      "time": 9897,
      "train": 6,
      "operation": 14
    },
    {
      "time": 9927,
      "train": 0,
      "operation": 5
    },
    {
      "time": 9927,
      "train": 0,
      "operation": 6
    },
    {
      "time": 9934,
      "train": 8,
      "operation": 9
    },
    {
      "time": 9964,
      "train": 8,
      "operation": 10
    },
    {
      "time": 9983,
      "train": 5,
      "operation": 6
    },
    {
      "time": 9997,
      "train": 3,
      "operation": 14
    },
    {
      "time": 9997,
      "train": 3,
      "operation": 15
    },
    {
      "time": 10013,
      "train": 0,
      "operation": 7
    },
    {
      "time": 10013,
      "train": 5,
      "operation": 8
    },
    {
      "time": 10043,
      "train": 0,
      "operation": 8
    },
    {
      "time": 10047,
      "train": 3,
      "operation": 16
    },
    {
      "time": 10077,
      "train": 3,
      "operation": 18
    },
    {
      "time": 10106,
      "train": 8,
      "operation": 12
    },
    {
      "time": 10107,
      "train": 6,
      "operation": 16
    },
    {
      "time": 10136,
      "train": 8,
      "operation": 13
    },
    {
      "time": 10155,
      "train": 5,
      "operation": 9
    },
    {
      "time": 10185,
      "train": 0,
      "operation": 9
    },
    {
      "time": 10185,
      "train": 5,
      "operation": 10
    },
    {
      "time": 10215,
      "train": 0,
      "operation": 11
    },
    {
      "time": 10227,
      "train": 3,
      "operation": 19
    },
    {
      "time": 10236,
      "train": 5,
      "operation": 11
    },
    {
      "time": 10236,
      "train": 5,
      "operation": 12
    },
    {
      "time": 10257,
      "train": 3,
      "operation": 21
    },
    {
      "time": 10317,
      "train": 10,
      "operation": 4
    },
    {
      "time": 10317,
      "train": 10,
      "operation": 5
    },
    {
      "time": 10364,
      "train": 8,
      "operation": 15
    },
    {
      "time": 10384,
      "train": 5,
      "operation": 13
    },
    {
      "time": 10414,
      "train": 5,
      "operation": 15
    },
    {
      "time": 10415,
      "train": 0,
      "operation": 12
    },
    {
      "time": 10415,
      "train": 6,
      "operation": 17
    },
    {
      "time": 10424,
      "train": 8,
      "operation": 16
    },
    {
      "time": 10445,
      "train": 0,
      "operation": 14
    },
    {
      "time": 10497,
      "train": 3,
      "operation": 23
    },
    {
      "time": 10497,
      "train": 4,
      "operation": 5
    },
    {
      "time": 10497,
      "train": 4,
      "operation": 6
    },
    {
      "time": 10510,
      "train": 8,
      "operation": 17
    },
    {
      "time": 10531,
      "train": 10,
      "operation": 6
    },
    {
      "time": 10531,
      "train": 10,
      "operation": 7
    },
    {
      "time": 10540,
      "train": 8,
      "operation": 21
    },
    {
      "time": 10556,
      "train": 5,
      "operation": 16
    },
    {
      "time": 10557,
      "train": 3,
      "operation": 24
    },
    {
      "time": 10557,
      "train": 6,
      "operation": 18
    },
    {
      "time": 10586,
      "train": 5,
      "operation": 20
    },
    {
      "time": 10587,
      "train": 4,
      "operation": 7
    },
    {
      "time": 10587,
      "train": 6,
      "operation": 20
    },
    {
      "time": 10617,
      "train": 4,
      "operation": 9
    },
    {
      "time": 10643,
      "train": 5,
      "operation": 21
    },
    {
      "time": 10645,
      "train": 0,
      "operation": 15
    },
    {
      "time": 10675,
      "train": 0,
      "operation": 17
    },
    {
      "time": 10677,
      "train": 3,
      "operation": 25
    },
    {
      "time": 10677,
      "train": 10,
      "operation": 9
    },
    {
      "time": 10680,
      "train": 7,
      "operation": 4
    },
    {
      "time": 10680,
      "train": 7,
      "operation": 5
    },
    {
      "time": 10682,
      "train": 8,
      "operation": 23
    },
    {
      "time": 10703,
      "train": 5,
      "operation": 23
    },
    {
      "time": 10712,
      "train": 8,
      "operation": 24
    },
    {
      "time": 10729,
      "train": 6,
      "operation": 21
    },
    {
      "time": 10737,
      "train": 7,
      "operation": 7
    },
    {
      "time": 10759,
      "train": 6,
      "operation": 22
    },
    {
      "time": 10767,
      "train": 4,
      "operation": 11
    },
    {
      "time": 10797,
      "train": 3,
      "operation": 29
    },
    {
      "time": 10797,
      "train": 4,
      "operation": 12
    },
    {
      "time": 10797,
      "train": 10,
      "operation": 10
    },
    {
      "time": 10845,
      "train": 6,
      "operation": 23
    },
    {
      "time": 10845,
      "train": 6,
      "operation": 24
    },
    {
      "time": 10856,
      "train": 8,
      "operation": 25
    },
    {
      "time": 10856,
      "train": 8,
      "operation": 26
    },
    {
      "time": 10875,
      "train": 0,
      "operation": 20
    },
    {
      "time": 10897,
      "train": 4,
      "operation": 13
    },
    {
      "time": 10897,
      "train": 4,
      "operation": 15
    },
    {
      "time": 10905,
      "train": 0,
      "operation": 21
    },
    {
      "time": 10911,
      "train": 8,
      "operation": 27
    },
    {
      "time": 10941,
      "train": 8,
      "operation": 28
    },
    {
      "time": 10947,
      "train": 4,
      "operation": 16
    },
    {
      "time": 10959,
      "train": 5,
      "operation": 24
    },
    {
      "time": 10959,
      "train": 7,
      "operation": 8
    },
    {
      "time": 10985,
      "train": 4,
      "operation": 18
    },
    {
      "time": 10989,
      "train": 5,
      "operation": 26
    },
    {
      "time": 10989,
      "train": 10,
      "operation": 11
    },
    {
      "time": 10989,
      "train": 10,
      "operation": 12
    },
    {
      "time": 11016,
      "train": 6,
      "operation": 26
    },
    {
      "time": 11046,
      "train": 6,
      "operation": 27
    },
    {
      "time": 11075,
      "train": 10,
      "operation": 13
    },
    {
      "time": 11083,
      "train": 8,
      "operation": 29
    },
    {
      "time": 11105,
      "train": 0,
      "operation": 24
    },
    {
      "time": 11105,
      "train": 10,
      "operation": 14
    },
    {
      "time": 11113,
      "train": 8,
      "operation": 32
    },
    {
      "time": 11127,
      "train": 4,
      "operation": 20
    },
    {
      "time": 11131,
      "train": 5,
      "operation": 27
    },
    {
      "time": 11135,
      "train": 0,
      "operation": 25
    },
    {
      "time": 11157,
      "train": 4,
      "operation": 21
    },
    {
      "time": 11161,
      "train": 5,
      "operation": 29
    },
    {
      "time": 11192,
      "train": 6,
      "operation": 28
    },
    {
      "time": 11192,
      "train": 6,
      "operation": 29
    },
    {
      "time": 11209,
      "train": 5,
      "operation": 31
    },
    {
      "time": 11209,
      "train": 5,
      "operation": 32
    },
    {
      "time": 11215,
      "train": 7,
      "operation": 9
    },
    {
      "time": 11245,
      "train": 7,
      "operation": 11
    },
    {
      "time": 11247,
      "train": 10,
      "operation": 15
    },
    {
      "time": 11277,
      "train": 10,
      "operation": 17
    },
    {
      "time": 11292,
      "train": 0,
      "operation": 26
    },
    {
      "time": 11292,
      "train": 0,
      "operation": 27
    },
    {
      "time": 11304,
      "train": 5,
      "operation": 33
    },
    {
      "time": 11313,
      "train": 8,
      "operation": 34
    },
    {
      "time": 11334,
      "train": 5,
      "operation": 35
    },
    {
      "time": 11387,
      "train": 7,
      "operation": 13
    },
    {
      "time": 11388,
      "train": 6,
      "operation": 30
    },
    {
      "time": 11397,
      "train": 4,
      "operation": 23
    },
    {
      "time": 11417,
      "train": 7,
      "operation": 14
    },
    {
      "time": 11427,
      "train": 10,
      "operation": 18
    },
    {
      "time": 11449,
      "train": 0,
      "operation": 28
    },
    {
      "time": 11457,
      "train": 4,
      "operation": 24
    },
    {
      "time": 11457,
      "train": 10,
      "operation": 20
    },
    {
      "time": 11463,
      "train": 8,
      "operation": 35
    },
    {
      "time": 11465,
      "train": 7,
      "operation": 16
    },
    {
      "time": 11465,
      "train": 7,
      "operation": 17
    },
    {
      "time": 11476,
      "train": 5,
      "operation": 37
    },
    {
      "time": 11479,
      "train": 0,
      "operation": 30
    },
    {
      "time": 11506,
      "train": 5,
      "operation": 38
    },
    {
      "time": 11508,
      "train": 6,
      "operation": 34
    },
    {
      "time": 11547,
      "train": 4,
      "operation": 28
    },
    {
      "time": 11560,
      "train": 7,
      "operation": 19
    },
    {
      "time": 11577,
      "train": 4,
      "operation": 29
    },
    {
      "time": 11590,
      "train": 7,
      "operation": 20
    },
    {
      "time": 11620,
      "train": 5,
      "operation": 40
    },
    {
      "time": 11620,
      "train": 8,
      "operation": 36
    },
    {
      "time": 11620,
      "train": 8,
      "operation": 37
    },
    {
      "time": 11667,
      "train": 10,
      "operation": 22
    },
    {
      "time": 11679,
      "train": 0,
      "operation": 33
    },
    {
      "time": 11697,
      "train": 10,
      "operation": 23
    },
    {
      "time": 11709,
      "train": 0,
      "operation": 34
    },
    {
      "time": 11727,
      "train": 4,
      "operation": 31
    },
    {
      "time": 11732,
      "train": 7,
      "operation": 21
    },
    {
      "time": 11740,
      "train": 5,
      "operation": 44
    },
    {
      "time": 11757,
      "train": 4,
      "operation": 32
    },
    {
      "time": 11762,
      "train": 7,
      "operation": 23
    },
    {
      "time": 11777,
      "train": 8,
      "operation": 38
    },
    {
      "time": 11807,
      "train": 8,
      "operation": 41
    },
    {
      "time": 11851,
      "train": 0,
      "operation": 35
    },
    {
      "time": 11876,
      "train": 7,
      "operation": 24
    },
    {
      "time": 11881,
      "train": 0,
      "operation": 36
    },
    {
      "time": 11907,
      "train": 10,
      "operation": 26
    },
    {
      "time": 11920,
      "train": 4,
      "operation": 33
    },
    {
      "time": 11920,
      "train": 4,
      "operation": 34
    },
    {
      "time": 11937,
      "train": 10,
      "operation": 27
    },
    {
      "time": 11939,
      "train": 0,
      "operation": 37
    },
    {
      "time": 11939,
      "train": 0,
      "operation": 38
    },
    {
      "time": 11975,
      "train": 4,
      "operation": 35
    },
    {
      "time": 11996,
      "train": 7,
      "operation": 29
    },
    {
      "time": 12005,
      "train": 4,
      "operation": 36
    },
    {
      "time": 12007,
      "train": 8,
      "operation": 42
    },
    {
      "time": 12037,
      "train": 8,
      "operation": 45
    },
    {
      "time": 12081,
      "train": 0,
      "operation": 40
    },
    {
      "time": 12111,
      "train": 0,
      "operation": 41
    },
    {
      "time": 12117,
      "train": 11,
      "operation": 1
    },
    {
      "time": 12117,
      "train": 11,
      "operation": 5
    },
    {
      "time": 12147,
      "train": 4,
      "operation": 39
    },
    {
      "time": 12147,
      "train": 10,
      "operation": 30
    },
    {
      "time": 12177,
      "train": 4,
      "operation": 40
    },
    {
      "time": 12177,
      "train": 10,
      "operation": 31
    },
    {
      "time": 12253,
      "train": 0,
      "operation": 45
    },
    {
      "time": 12265,
      "train": 8,
      "operation": 47
    },
    {
      "time": 12283,
      "train": 0,
      "operation": 46
    },
    {
      "time": 12323,
      "train": 11,
      "operation": 6
    },
    {
      "time": 12327,
      "train": 10,
      "operation": 32
    },
    {
      "time": 12327,
      "train": 10,
      "operation": 33
    },
    {
      "time": 12331,
      "train": 11,
      "operation": 7
    },
    {
      "time": 12340,
      "train": 0,
      "operation": 47
    },
    {
      "time": 12385,
      "train": 8,
      "operation": 48
    },
    {
      "time": 12387,
      "train": 4,
      "operation": 42
    },
    {
      "time": 12400,
      "train": 0,
      "operation": 49
    },
    {
      "time": 12477,
      "train": 9,
      "operation": 4
    },
    {
      "time": 12477,
      "train": 9,
      "operation": 5
    },
    {
      "time": 12477,
      "train": 10,
      "operation": 35
    },
    {
      "time": 12537,
      "train": 4,
      "operation": 43
    },
    {
      "time": 12537,
      "train": 10,
      "operation": 36
    },
    {
      "time": 12585,
      "train": 8,
      "operation": 50
    },
    {
      "time": 12596,
      "train": 9,
      "operation": 7
    },
    {
      "time": 12597,
      "train": 11,
      "operation": 10
    },
    {
      "time": 12615,
      "train": 8,
      "operation": 51
    },
    {
      "time": 12656,
      "train": 0,
      "operation": 51
    },
    {
      "time": 12656,
      "train": 9,
      "operation": 8
    },
    {
      "time": 12672,
      "train": 4,
      "operation": 44
    },
    {
      "time": 12679,
      "train": 4,
      "operation": 45
    },
    {
      "time": 12686,
      "train": 0,
      "operation": 52
    },
    {
      "time": 12741,
      "train": 11,
      "operation": 11
    },
    {
      "time": 12741,
      "train": 11,
      "operation": 12
    },
    {
      "time": 12747,
      "train": 10,
      "operation": 39
    },
    {
      "time": 12757,
      "train": 8,
      "operation": 52
    },
    {
      "time": 12777,
      "train": 10,
      "operation": 40
    },
    {
      "time": 12787,
      "train": 8,
      "operation": 54
    },
    {
      "time": 12807,
      "train": 4,
      "operation": 48
    },
    {
      "time": 12807,
      "train": 11,
      "operation": 13
    },
    {
      "time": 12828,
      "train": 0,
      "operation": 54
    },
    {
      "time": 12837,
      "train": 4,
      "operation": 49
    },
    {
      "time": 12845,
      "train": 11,
      "operation": 14
    },
    {
      "time": 12858,
      "train": 0,
      "operation": 55
    },
    {
      "time": 12906,
      "train": 0,
      "operation": 56
    },
    {
      "time": 12906,
      "train": 0,
      "operation": 58
    },
    {
      "time": 12912,
      "train": 9,
      "operation": 9
    },
    {
      "time": 12929,
      "train": 8,
      "operation": 55
    },
    {
      "time": 12930,
      "train": 10,
      "operation": 41
    },
    {
      "time": 12942,
      "train": 9,
      "operation": 11
    },
    {
      "time": 12959,
      "train": 8,
      "operation": 56
    },
    {
      "time": 12960,
      "train": 10,
      "operation": 42
    },
    {
      "time": 12987,
      "train": 11,
      "operation": 15
    },
    {
      "time": 13001,
      "train": 0,
      "operation": 59
    },
    {
      "time": 13011,
      "train": 10,
      "operation": 43
    },
    {
      "time": 13011,
      "train": 10,
      "operation": 44
    },
    {
      "time": 13017,
      "train": 11,
      "operation": 17
    },
    {
      "time": 13031,
      "train": 0,
      "operation": 61
    },
    {
      "time": 13045,
      "train": 8,
      "operation": 57
    },
    {
      "time": 13045,
      "train": 8,
      "operation": 58
    },
    {
      "time": 13047,
      "train": 4,
      "operation": 52
    },
    {
      "time": 13077,
      "train": 4,
      "operation": 53
    },
    {
      "time": 13084,
      "train": 9,
      "operation": 13
    },
    {
      "time": 13114,
      "train": 9,
      "operation": 14
    },
    {
      "time": 13162,
      "train": 9,
      "operation": 16
    },
    {
      "time": 13162,
      "train": 9,
      "operation": 17
    },
    {
      "time": 13167,
      "train": 10,
      "operation": 46
    },
    {
      "time": 13173,
      "train": 0,
      "operation": 63
    },
    {
      "time": 13197,
      "train": 10,
      "operation": 47
    },
    {
      "time": 13203,
      "train": 0,
      "operation": 64
    },
    {
      "time": 13207,
      "train": 11,
      "operation": 20
    },
    {
      "time": 13216,
      "train": 8,
      "operation": 59
    },
    {
      "time": 13246,
      "train": 8,
      "operation": 61
    },
    {
      "time": 13257,
      "train": 9,
      "operation": 18
    },
    {
      "time": 13287,
      "train": 9,
      "operation": 20
    },
    {
      "time": 13317,
      "train": 0,
      "operation": 69
    },
    {
      "time": 13317,
      "train": 4,
      "operation": 55
    },
    {
      "time": 13347,
      "train": 10,
      "operation": 51
    },
    {
      "time": 13377,
      "train": 10,
      "operation": 52
    },
    {
      "time": 13392,
      "train": 8,
      "operation": 62
    },
    {
      "time": 13392,
      "train": 8,
      "operation": 63
    },
    {
      "time": 13429,
      "train": 9,
      "operation": 21
    },
    {
      "time": 13437,
      "train": 0,
      "operation": 70
    },
    {
      "time": 13437,
      "train": 4,
      "operation": 56
    },
    {
      "time": 13437,
      "train": 10,
      "operation": 54
    },
    {
      "time": 13451,
      "train": 11,
      "operation": 23
    },
    {
      "time": 13459,
      "train": 9,
      "operation": 23
    },
    {
      "time": 13497,
      "train": 10,
      "operation": 55
    },
    {
      "time": 13573,
      "train": 9,
      "operation": 28
    },
    {
      "time": 13588,
      "train": 8,
      "operation": 67
    },
    {
      "time": 13647,
      "train": 4,
      "operation": 57
    },
    {
      "time": 13677,
      "train": 4,
      "operation": 59
    },
    {
      "time": 13693,
      "train": 9,
      "operation": 29
    },
    {
      "time": 13708,
      "train": 8,
      "operation": 68
    },
    {
      "time": 13737,
      "train": 11,
      "operation": 27
    },
    {
      "time": 13767,
      "train": 10,
      "operation": 57
    },
    {
      "time": 13797,
      "train": 10,
      "operation": 58
    },
    {
      "time": 13827,
      "train": 4,
      "operation": 61
    },
    {
      "time": 13857,
      "train": 4,
      "operation": 62
    },
    {
      "time": 13947,
      "train": 10,
      "operation": 59
    },
    {
      "time": 13947,
      "train": 11,
      "operation": 28
    },
    {
      "time": 13977,
      "train": 10,
      "operation": 61
    },
    {
      "time": 13977,
      "train": 11,
      "operation": 31
    },
    {
      "time": 14011,
      "train": 4,
      "operation": 63
    },
    {
      "time": 14027,
      "train": 10,
      "operation": 62
    },
    {
      "time": 14027,
      "train": 10,
      "operation": 64
    },
    {
      "time": 14041,
      "train": 4,
      "operation": 64
    },
    {
      "time": 14127,
      "train": 4,
      "operation": 65
    },
    {
      "time": 14127,
      "train": 4,
      "operation": 66
    },
    {
      "time": 14127,
      "train": 10,
      "operation": 65
    },
    {
      "time": 14127,
      "train": 11,
      "operation": 32
    },
    {
      "time": 14127,
      "train": 11,
      "operation": 33
    },
    {
      "time": 14157,
      "train": 10,
      "operation": 67
    },
    {
      "time": 14277,
      "train": 11,
      "operation": 34
    },
    {
      "time": 14307,
      "train": 4,
      "operation": 67
    },
    {
      "time": 14307,
      "train": 10,
      "operation": 69
    },
    {
      "time": 14337,
      "train": 4,
      "operation": 69
    },
    {
      "time": 14337,
      "train": 10,
      "operation": 70
    },
    {
      "time": 14347,
      "train": 11,
      "operation": 36
    },
    {
      "time": 14457,
      "train": 10,
      "operation": 75
    },
    {
      "time": 14478,
      "train": 4,
      "operation": 70
    },
    {
      "time": 14487,
      "train": 4,
      "operation": 71
    },
    {
      "time": 14547,
      "train": 11,
      "operation": 37
    },
    {
      "time": 14577,
      "train": 10,
      "operation": 76
    },
    {
      "time": 14577,
      "train": 11,
      "operation": 40
    },
    {
      "time": 14667,
      "train": 4,
      "operation": 75
    },
    {
      "time": 14677,
      "train": 11,
      "operation": 41
    },
    {
      "time": 14707,
      "train": 11,
      "operation": 42
    },
    {
      "time": 14765,
      "train": 11,
      "operation": 43
    },
    {
      "time": 14765,
      "train": 11,
      "operation": 44
    },
    {
      "time": 14787,
      "train": 4,
      "operation": 76
    },
    {
      "time": 14907,
      "train": 11,
      "operation": 45
    },
    {
      "time": 14966,
      "train": 11,
      "operation": 47
    },
    {
      "time": 15180,
      "train": 11,
      "operation": 52
    },
    {
      "time": 15237,
      "train": 11,
      "operation": 53
    },
    {
      "time": 15311,
      "train": 11,
      "operation": 55
    },
    {
      "time": 15597,
      "train": 11,
      "operation": 58
    },
    {
      "time": 15747,
      "train": 11,
      "operation": 59
    },
    {
      "time": 15779,
      "train": 11,
      "operation": 61
    },
    {
      "time": 15827,
      "train": 11,
      "operation": 63
    },
    {
      "time": 15832,
      "train": 11,
      "operation": 64
    },
    {
      "time": 15957,
      "train": 11,
      "operation": 67
    },
    {
      "time": 16137,
      "train": 11,
      "operation": 70
    },
    {
      "time": 16257,
      "train": 11,
      "operation": 74
    },
    {
      "time": 16377,
      "train": 11,
      "operation": 76
    }
  ]
}