{
  "objective_value": 12514,
  "events": [
    {
      "time": 0,
      "train": 0,
      "operation": 0
    },
    {
      "time": 0,
      "train": 1,
      "operation": 0
    },
    {
      "time": 0,
      "train": 2,
      "operation": 0
    },
    {
      "time": 0,
      "train": 3,
      "operation": 0
    },
    {
      "time": 0,
      "train": 4,
      "operation": 0
    },
    {
      "time": 0,
      "train": 5,
      "operation": 0
    },
    {
      "time": 0,
      "train": 6,
      "operation": 0
    },
    {
      "time": 0,
      "train": 7,
      "operation": 0
    },
    {
      "time": 0,
      "train": 8,
      "operation": 0
    },
    {
      "time": 0,
      "train": 9,
      "operation": 0
    },
    {
      "time": 0,
      "train": 10,
      "operation": 0
    },
    {
      "time": 0,
      "train": 11,
      "operation": 0
    },
    {
      "time": 22858,
      "train": 0,
      "operation": 1
    },
    {
      "time": 22978,
      "train": 3,
      "operation": 1
    },
    {
      "time": 22978,
      "train": 5,
      "operation": 1
    },
    {
      "time": 22978,
      "train": 6,
      "operation": 1
    },
    {
      "time": 23028,
      "train": 1,
      "operation": 1
    },
    {
      "time": 23098,
      "train": 0,
      "operation": 2
    },
    {
      "time": 23098,
      "train": 4,
      "operation": 3
    },
    {
      "time": 23128,
      "train": 1,
      "operation": 2
    },
    {
      "time": 23143,
      "train": 3,
      "operation": 2
    },
    {
      "time": 23158,
      "train": 6,
      "operation": 2
    },
    {
      "time": 23188,
      "train": 5,
      "operation": 3
    },
    {
      "time": 23733,
      "train": 0,
      "operation": 4
    },
    {
      "time": 23795,
      "train": 6,
      "operation": 3
    },
    {
      "time": 23815,
      "train": 1,
      "operation": 4
    },
    {
      "time": 23816,
      "train": 4,
      "operation": 6
    },
    {
      "time": 23848,
      "train": 0,
      "operation": 5
    },
    {
      "time": 23878,
      "train": 11,
      "operation": 1
    },
    {
      "time": 23881,
      "train": 11,
      "operation": 2
    },
    {
      "time": 23882,
      "train": 6,
      "operation": 4
    },
    {
      "time": 23903,
      "train": 4,
      "operation": 8
    },
    {
      "time": 23913,
      "train": 6,
      "operation": 5
    },
    {
      "time": 23934,
      "train": 4,
      "operation": 9
    },
    {
      "time": 23950,
      "train": 3,
      "operation": 3
    },
    {
      "time": 23958,
      "train": 1,
      "operation": 5
    },
    {
      "time": 23969,
      "train": 0,
      "operation": 9
    },
    {
      "time": 23989,
      "train": 1,
      "operation": 7
    },
    {
      "time": 24028,
      "train": 6,
      "operation": 7
    },
    {
      "time": 24052,
      "train": 11,
      "operation": 3
    },
    {
      "time": 24055,
      "train": 11,
      "operation": 4
    },
    {
      "time": 24077,
      "train": 4,
      "operation": 10
    },
    {
      "time": 24104,
      "train": 1,
      "operation": 11
    },
    {
      "time": 24108,
      "train": 3,
      "operation": 4
    },
    {
      "time": 24108,
      "train": 4,
      "operation": 12
    },
    {
      "time": 24113,
      "train": 5,
      "operation": 4
    },
    {
      "time": 24146,
      "train": 11,
      "operation": 7
    },
    {
      "time": 24147,
      "train": 11,
      "operation": 8
    },
    {
      "time": 24204,
      "train": 4,
      "operation": 14
    },
    {
      "time": 24208,
      "train": 4,
      "operation": 15
    },
    {
      "time": 24209,
      "train": 6,
      "operation": 8
    },
    {
      "time": 24225,
      "train": 1,
      "operation": 13
    },
    {
      "time": 24257,
      "train": 4,
      "operation": 16
    },
    {
      "time": 24271,
      "train": 5,
      "operation": 5
    },
    {
      "time": 24272,
      "train": 5,
      "operation": 6
    },
    {
      "time": 24288,
      "train": 4,
      "operation": 18
    },
    {
      "time": 24379,
      "train": 11,
      "operation": 10
    },
    {
      "time": 24382,
      "train": 11,
      "operation": 11
    },
    {
      "time": 24384,
      "train": 3,
      "operation": 6
    },
    {
      "time": 24410,
      "train": 6,
      "operation": 9
    },
    {
      "time": 24430,
      "train": 5,
      "operation": 8
    },
    {
      "time": 24431,
      "train": 4,
      "operation": 19
    },
    {
      "time": 24441,
      "train": 6,
      "operation": 11
    },
    {
      "time": 24461,
      "train": 5,
      "operation": 10
    },
    {
      "time": 24462,
      "train": 4,
      "operation": 21
    },
    {
      "time": 24569,
      "train": 11,
      "operation": 12
    },
    {
      "time": 24573,
      "train": 11,
      "operation": 13
    },
    {
      "time": 24585,
      "train": 3,
      "operation": 7
    },
    {
      "time": 24642,
      "train": 6,
      "operation": 13
    },
    {
      "time": 24662,
      "train": 5,
      "operation": 11
    },
    {
      "time": 24691,
      "train": 4,
      "operation": 22
    },
    {
      "time": 24693,
      "train": 5,
      "operation": 14
    },
    {
      "time": 24752,
      "train": 4,
      "operation": 24
    },
    {
      "time": 24758,
      "train": 11,
      "operation": 16
    },
    {
      "time": 24839,
      "train": 4,
      "operation": 26
    },
    {
      "time": 24870,
      "train": 4,
      "operation": 29
    },
    {
      "time": 24898,
      "train": 7,
      "operation": 2
    },
    {
      "time": 24900,
      "train": 7,
      "operation": 6
    },
    {
      "time": 24912,
      "train": 5,
      "operation": 15
    },
    {
      "time": 24917,
      "train": 6,
      "operation": 14
    },
    {
      "time": 24983,
      "train": 5,
      "operation": 17
    },
    {
      "time": 24988,
      "train": 7,
      "operation": 8
    },
    {
      "time": 25013,
      "train": 4,
      "operation": 30
    },
    {
      "time": 25019,
      "train": 7,
      "operation": 9
    },
    {
      "time": 25044,
      "train": 4,
      "operation": 32
    },
    {
      "time": 25078,
      "train": 2,
      "operation": 3
    },
    {
      "time": 25118,
      "train": 6,
      "operation": 17
    },
    {
      "time": 25149,
      "train": 6,
      "operation": 18
    },
    {
      "time": 25184,
      "train": 5,
      "operation": 18
    },
    {
      "time": 25189,
      "train": 4,
      "operation": 33
    },
    {
      "time": 25193,
      "train": 4,
      "operation": 34
    },
    {
      "time": 25215,
      "train": 5,
      "operation": 20
    },
    {
      "time": 25249,
      "train": 4,
      "operation": 35
    },
    {
      "time": 25280,
      "train": 4,
      "operation": 36
    },
    {
      "time": 25378,
      "train": 6,
      "operation": 20
    },
    {
      "time": 25383,
      "train": 11,
      "operation": 17
    },
    {
      "time": 25416,
      "train": 5,
      "operation": 21
    },
    {
      "time": 25423,
      "train": 4,
      "operation": 39
    },
    {
      "time": 25428,
      "train": 3,
      "operation": 10
    },
    {
      "time": 25447,
      "train": 5,
      "operation": 23
    },
    {
      "time": 25454,
      "train": 4,
      "operation": 40
    },
    {
      "time": 25571,
      "train": 3,
      "operation": 11
    },
    {
      "time": 25590,
      "train": 5,
      "operation": 24
    },
    {
      "time": 25602,
      "train": 3,
      "operation": 12
    },
    {
      "time": 25621,
      "train": 5,
      "operation": 25
    },
    {
      "time": 25654,
      "train": 3,
      "operation": 13
    },
    {
      "time": 25655,
      "train": 3,
      "operation": 14
    },
    {
      "time": 25655,
      "train": 4,
      "operation": 42
    },
    {
      "time": 25669,
      "train": 11,
      "operation": 19
    },
    {
      "time": 25671,
      "train": 11,
      "operation": 21
    },
    {
      "time": 25708,
      "train": 5,
      "operation": 26
    },
    {
      "time": 25709,
      "train": 5,
      "operation": 27
    },
    {
      "time": 25804,
      "train": 3,
      "operation": 15
    },
    {
      "time": 25806,
      "train": 4,
      "operation": 43
    },
    {
      "time": 25835,
      "train": 3,
      "operation": 17
    },
    {
      "time": 25881,
      "train": 5,
      "operation": 28
    },
    {
      "time": 25912,
      "train": 5,
      "operation": 30
    },
    {
      "time": 25924,
      "train": 11,
      "operation": 22
    },
    {
      "time": 25927,
      "train": 11,
      "operation": 24
    },
    {
      "time": 25978,
      "train": 3,
      "operation": 18
    },
    {
      "time": 26007,
      "train": 4,
      "operation": 44
    },
    {
      "time": 26009,
      "train": 3,
      "operation": 22
    },
    {
      "time": 26009,
      "train": 4,
      "operation": 45
    },
    {
      "time": 26059,
      "train": 5,
      "operation": 31
    },
    {
      "time": 26062,
      "train": 5,
      "operation": 32
    },
    {
      "time": 26067,
      "train": 3,
      "operation": 23
    },
    {
      "time": 26072,
      "train": 2,
      "operation": 5
    },
    {
      "time": 26128,
      "train": 3,
      "operation": 25
    },
    {
      "time": 26132,
      "train": 2,
      "operation": 6
    },
    {
      "time": 26135,
      "train": 11,
      "operation": 26
    },
    {
      "time": 26136,
      "train": 11,
      "operation": 27
    },
    {
      "time": 26210,
      "train": 4,
      "operation": 46
    },
    {
      "time": 26215,
      "train": 6,
      "operation": 22
    },
    {
      "time": 26259,
      "train": 5,
      "operation": 35
    },
    {
      "time": 26296,
      "train": 11,
      "operation": 28
    },
    {
      "time": 26299,
      "train": 11,
      "operation": 30
    },
    {
      "time": 26331,
      "train": 4,
      "operation": 49
    },
    {
      "time": 26338,
      "train": 9,
      "operation": 3
    },
    {
      "time": 26369,
      "train": 6,
      "operation": 23
    },
    {
      "time": 26373,
      "train": 6,
      "operation": 24
    },
    {
      "time": 26373,
      "train": 9,
      "operation": 4
    },
    {
      "time": 26379,
      "train": 11,
      "operation": 31
    },
    {
      "time": 26380,
      "train": 5,
      "operation": 37
    },
    {
      "time": 26381,
      "train": 11,
      "operation": 32
    },
    {
      "time": 26385,
      "train": 3,
      "operation": 27
    },
    {
      "time": 26389,
      "train": 2,
      "operation": 8
    },
    {
      "time": 26398,
      "train": 10,
      "operation": 1
    },
    {
      "time": 26416,
      "train": 3,
      "operation": 28
    },
    {
      "time": 26468,
      "train": 11,
      "operation": 33
    },
    {
      "time": 26471,
      "train": 11,
      "operation": 34
    },
    {
      "time": 26516,
      "train": 9,
      "operation": 5
    },
    {
      "time": 26526,
      "train": 6,
      "operation": 26
    },
    {
      "time": 26527,
      "train": 9,
      "operation": 6
    },
    {
      "time": 26559,
      "train": 3,
      "operation": 29
    },
    {
      "time": 26566,
      "train": 6,
      "operation": 27
    },
    {
      "time": 26590,
      "train": 3,
      "operation": 31
    },
    {
      "time": 26639,
      "train": 3,
      "operation": 32
    },
    {
      "time": 26641,
      "train": 3,
      "operation": 34
    },
    {
      "time": 26644,
      "train": 11,
      "operation": 35
    },
    {
      "time": 26646,
      "train": 2,
      "operation": 9
    },
    {
      "time": 26646,
      "train": 11,
      "operation": 37
    },
    {
      "time": 26670,
      "train": 9,
      "operation": 7
    },
    {
      "time": 26677,
      "train": 2,
      "operation": 11
    },
    {
      "time": 26737,
      "train": 3,
      "operation": 35
    },
    {
      "time": 26767,
      "train": 6,
      "operation": 28
    },
    {
      "time": 26768,
      "train": 3,
      "operation": 37
    },
    {
      "time": 26771,
      "train": 11,
      "operation": 38
    },
    {
      "time": 26773,
      "train": 7,
      "operation": 10
    },
    {
      "time": 26776,
      "train": 11,
      "operation": 39
    },
    {
      "time": 26798,
      "train": 6,
      "operation": 31
    },
    {
      "time": 26804,
      "train": 7,
      "operation": 12
    },
    {
      "time": 26820,
      "train": 2,
      "operation": 13
    },
    {
      "time": 26851,
      "train": 2,
      "operation": 14
    },
    {
      "time": 26900,
      "train": 2,
      "operation": 15
    },
    {
      "time": 26900,
      "train": 7,
      "operation": 14
    },
    {
      "time": 26901,
      "train": 2,
      "operation": 17
    },
    {
      "time": 26901,
      "train": 7,
      "operation": 15
    },
    {
      "time": 26911,
      "train": 3,
      "operation": 39
    },
    {
      "time": 26941,
      "train": 6,
      "operation": 32
    },
    {
      "time": 26942,
      "train": 3,
      "operation": 40
    },
    {
      "time": 26942,
      "train": 11,
      "operation": 41
    },
    {
      "time": 26944,
      "train": 11,
      "operation": 44
    },
    {
      "time": 26947,
      "train": 10,
      "operation": 5
    },
    {
      "time": 26950,
      "train": 7,
      "operation": 16
    },
    {
      "time": 26972,
      "train": 6,
      "operation": 33
    },
    {
      "time": 26981,
      "train": 7,
      "operation": 18
    },
    {
      "time": 26997,
      "train": 2,
      "operation": 18
    },
    {
      "time": 27028,
      "train": 2,
      "operation": 20
    },
    {
      "time": 27047,
      "train": 6,
      "operation": 34
    },
    {
      "time": 27049,
      "train": 6,
      "operation": 35
    },
    {
      "time": 27057,
      "train": 3,
      "operation": 42
    },
    {
      "time": 27124,
      "train": 7,
      "operation": 20
    },
    {
      "time": 27128,
      "train": 10,
      "operation": 6
    },
    {
      "time": 27130,
      "train": 10,
      "operation": 7
    },
    {
      "time": 27155,
      "train": 7,
      "operation": 21
    },
    {
      "time": 27171,
      "train": 2,
      "operation": 21
    },
    {
      "time": 27175,
      "train": 6,
      "operation": 36
    },
    {
      "time": 27178,
      "train": 3,
      "operation": 46
    },
    {
      "time": 27202,
      "train": 2,
      "operation": 23
    },
    {
      "time": 27206,
      "train": 6,
      "operation": 38
    },
    {
      "time": 27265,
      "train": 10,
      "operation": 9
    },
    {
      "time": 27296,
      "train": 10,
      "operation": 10
    },
    {
      "time": 27317,
      "train": 2,
      "operation": 27
    },
    {
      "time": 27349,
      "train": 6,
      "operation": 40
    },
    {
      "time": 27380,
      "train": 6,
      "operation": 43
    },
    {
      "time": 27384,
      "train": 7,
      "operation": 23
    },
    {
      "time": 27438,
      "train": 2,
      "operation": 29
    },
    {
      "time": 27445,
      "train": 7,
      "operation": 24
    },
    {
      "time": 27449,
      "train": 6,
      "operation": 45
    },
    {
      "time": 27468,
      "train": 10,
      "operation": 11
    },
    {
      "time": 27473,
      "train": 10,
      "operation": 12
    },
    {
      "time": 27510,
      "train": 6,
      "operation": 46
    },
    {
      "time": 27532,
      "train": 7,
      "operation": 25
    },
    {
      "time": 27560,
      "train": 10,
      "operation": 13
    },
    {
      "time": 27563,
      "train": 7,
      "operation": 29
    },
    {
      "time": 27566,
      "train": 8,
      "operation": 1
    },
    {
      "time": 27567,
      "train": 8,
      "operation": 5
    },
    {
      "time": 27572,
      "train": 11,
      "operation": 45
    },
    {
      "time": 27573,
      "train": 11,
      "operation": 47
    },
    {
      "time": 27591,
      "train": 10,
      "operation": 14
    },
    {
      "time": 27625,
      "train": 8,
      "operation": 7
    },
    {
      "time": 27706,
      "train": 7,
      "operation": 30
    },
    {
      "time": 27734,
      "train": 10,
      "operation": 16
    },
    {
      "time": 27737,
      "train": 7,
      "operation": 32
    },
    {
      "time": 27765,
      "train": 10,
      "operation": 17
    },
    {
      "time": 27767,
      "train": 6,
      "operation": 47
    },
    {
      "time": 27771,
      "train": 8,
      "operation": 8
    },
    {
      "time": 27798,
      "train": 6,
      "operation": 49
    },
    {
      "time": 27867,
      "train": 7,
      "operation": 33
    },
    {
      "time": 27870,
      "train": 7,
      "operation": 34
    },
    {
      "time": 27908,
      "train": 10,
      "operation": 19
    },
    {
      "time": 27939,
      "train": 10,
      "operation": 20
    },
    {
      "time": 27941,
      "train": 6,
      "operation": 51
    },
    {
      "time": 27941,
      "train": 7,
      "operation": 35
    },
    {
      "time": 27972,
      "train": 6,
      "operation": 52
    },
    {
      "time": 27972,
      "train": 7,
      "operation": 36
    },
    {
      "time": 28021,
      "train": 6,
      "operation": 54
    },
    {
      "time": 28023,
      "train": 6,
      "operation": 55
    },
    {
      "time": 28028,
      "train": 8,
      "operation": 9
    },
    {
      "time": 28059,
      "train": 8,
      "operation": 11
    },
    {
      "time": 28115,
      "train": 7,
      "operation": 38
    },
    {
      "time": 28119,
      "train": 6,
      "operation": 56
    },
    {
      "time": 28146,
      "train": 7,
      "operation": 40
    },
    {
      "time": 28150,
      "train": 6,
      "operation": 58
    },
    {
      "time": 28168,
      "train": 10,
      "operation": 21
    },
    {
      "time": 28202,
      "train": 8,
      "operation": 12
    },
    {
      "time": 28216,
      "train": 11,
      "operation": 49
    },
    {
      "time": 28233,
      "train": 8,
      "operation": 14
    },
    {
      "time": 28282,
      "train": 8,
      "operation": 15
    },
    {
      "time": 28285,
      "train": 8,
      "operation": 17
    },
    {
      "time": 28293,
      "train": 6,
      "operation": 60
    },
    {
      "time": 28324,
      "train": 6,
      "operation": 61
    },
    {
      "time": 28356,
      "train": 7,
      "operation": 42
    },
    {
      "time": 28361,
      "train": 9,
      "operation": 9
    },
    {
      "time": 28381,
      "train": 8,
      "operation": 18
    },
    {
      "time": 28412,
      "train": 8,
      "operation": 20
    },
    {
      "time": 28437,
      "train": 7,
      "operation": 43
    },
    {
      "time": 28439,
      "train": 6,
      "operation": 62
    },
    {
      "time": 28555,
      "train": 8,
      "operation": 21
    },
    {
      "time": 28560,
      "train": 6,
      "operation": 67
    },
    {
      "time": 28562,
      "train": 9,
      "operation": 12
    },
    {
      "time": 28586,
      "train": 8,
      "operation": 23
    },
    {
      "time": 28592,
      "train": 11,
      "operation": 50
    },
    {
      "time": 28593,
      "train": 9,
      "operation": 13
    },
    {
      "time": 28595,
      "train": 7,
      "operation": 44
    },
    {
      "time": 28597,
      "train": 7,
      "operation": 45
    },
    {
      "time": 28701,
      "train": 8,
      "operation": 24
    },
    {
      "time": 28736,
      "train": 9,
      "operation": 14
    },
    {
      "time": 28755,
      "train": 7,
      "operation": 48
    },
    {
      "time": 28767,
      "train": 9,
      "operation": 15
    },
    {
      "time": 28786,
      "train": 7,
      "operation": 49
    },
    {
      "time": 28822,
      "train": 8,
      "operation": 29
    },
    {
      "time": 28864,
      "train": 9,
      "operation": 16
    },
    {
      "time": 28866,
      "train": 9,
      "operation": 17
    },
    {
      "time": 28945,
      "train": 11,
      "operation": 51
    },
    {
      "time": 28948,
      "train": 11,
      "operation": 53
    },
    {
      "time": 28987,
      "train": 7,
      "operation": 50
    },
    {
      "time": 29018,
      "train": 7,
      "operation": 53
    },
    {
      "time": 29028,
      "train": 9,
      "operation": 18
    },
    {
      "time": 29119,
      "train": 9,
      "operation": 20
    },
    {
      "time": 29262,
      "train": 9,
      "operation": 21
    },
    {
      "time": 29275,
      "train": 7,
      "operation": 55
    },
    {
      "time": 29280,
      "train": 10,
      "operation": 23
    },
    {
      "time": 29293,
      "train": 9,
      "operation": 25
    },
    {
      "time": 29306,
      "train": 7,
      "operation": 56
    },
    {
      "time": 29351,
      "train": 9,
      "operation": 27
    },
    {
      "time": 29412,
      "train": 9,
      "operation": 28
    },
    {
      "time": 29481,
      "train": 10,
      "operation": 25
    },
    {
      "time": 29507,
      "train": 7,
      "operation": 57
    },
    {
      "time": 29512,
      "train": 10,
      "operation": 27
    },
    {
      "time": 29538,
      "train": 7,
      "operation": 59
    },
    {
      "time": 29669,
      "train": 9,
      "operation": 29
    },
    {
      "time": 29700,
      "train": 9,
      "operation": 31
    },
    {
      "time": 29739,
      "train": 7,
      "operation": 61
    },
    {
      "time": 29741,
      "train": 10,
      "operation": 28
    },
    {
      "time": 29770,
      "train": 7,
      "operation": 62
    },
    {
      "time": 29843,
      "train": 9,
      "operation": 33
    },
    {
      "time": 29851,
      "train": 11,
      "operation": 56
    },
    {
      "time": 29852,
      "train": 11,
      "operation": 57
    },
    {
      "time": 29862,
      "train": 10,
      "operation": 31
    },
    {
      "time": 29874,
      "train": 9,
      "operation": 34
    },
    {
      "time": 29913,
      "train": 7,
      "operation": 63
    },
    {
      "time": 29923,
      "train": 9,
      "operation": 36
    },
    {
      "time": 29925,
      "train": 9,
      "operation": 37
    },
    {
      "time": 29944,
      "train": 7,
      "operation": 64
    },
    {
      "time": 30020,
      "train": 10,
      "operation": 32
    },
    {
      "time": 30021,
      "train": 9,
      "operation": 39
    },
    {
      "time": 30021,
      "train": 10,
      "operation": 33
    },
    {
      "time": 30031,
      "train": 7,
      "operation": 65
    },
    {
      "time": 30035,
      "train": 7,
      "operation": 66
    },
    {
      "time": 30052,
      "train": 9,
      "operation": 40
    },
    {
      "time": 30179,
      "train": 10,
      "operation": 34
    },
    {
      "time": 30195,
      "train": 9,
      "operation": 41
    },
    {
      "time": 30207,
      "train": 7,
      "operation": 68
    },
    {
      "time": 30210,
      "train": 10,
      "operation": 36
    },
    {
      "time": 30226,
      "train": 9,
      "operation": 43
    },
    {
      "time": 30238,
      "train": 7,
      "operation": 69
    },
    {
      "time": 30341,
      "train": 9,
      "operation": 48
    },
    {
      "time": 30385,
      "train": 7,
      "operation": 70
    },
    {
      "time": 30388,
      "train": 7,
      "operation": 71
    },
    {
      "time": 30411,
      "train": 10,
      "operation": 37
    },
    {
      "time": 30442,
      "train": 10,
      "operation": 40
    },
    {
      "time": 30462,
      "train": 9,
      "operation": 49
    },
    {
      "time": 30585,
      "train": 7,
      "operation": 72
    },
    {
      "time": 30585,
      "train": 10,
      "operation": 41
    },
    {
      "time": 30616,
      "train": 10,
      "operation": 42
    },
    {
      "time": 30691,
      "train": 10,
      "operation": 43
    },
    {
      "time": 30695,
      "train": 10,
      "operation": 44
    },
    {
      "time": 30706,
      "train": 7,
      "operation": 76
    },
    {
      "time": 30821,
      "train": 10,
      "operation": 46
    },
    {
      "time": 30852,
      "train": 10,
      "operation": 47
    },
    {
      "time": 30995,
      "train": 10,
      "operation": 50
    },
    {
      "time": 31026,
      "train": 10,
      "operation": 52
    },
    {
      "time": 31084,
      "train": 10,
      "operation": 53
    },
    {
      "time": 31145,
      "train": 10,
      "operation": 55
    },
    {
      "time": 31402,
      "train": 10,
      "operation": 57
    },
    {
      "time": 31433,
      "train": 10,
      "operation": 58
    },
    {
      "time": 31576,
      "train": 10,
      "operation": 59
    },
    {
      "time": 31607,
      "train": 10,
      "operation": 61
    },
    {
      "time": 31656,
      "train": 10,
      "operation": 62
    },
    {
      "time": 31658,
      "train": 10,
      "operation": 64
    },
    {
      "time": 31754,
      "train": 10,
      "operation": 66
    },
    {
      "time": 31785,
      "train": 10,
      "operation": 67
    },
    {
      "time": 31928,
      "train": 10,
      "operation": 68
    },
    {
      "time": 31959,
      "train": 10,
      "operation": 70
    },
    {
      "time": 32074,
      "train": 10,
      "operation": 73
    },
    {
      "time": 32195,
      "train": 10,
      "operation": 76
    }
  ]
}