{
  "objective_value": 8986,
  "events": [
    {
      "time": 0,
      "train": 0,
      "operation": 0
    },
    {
      "time": 0,
      "train": 1,
      "operation": 0
    },
    {
      "time": 0,
      "train": 2,
      "operation": 0
    },
    {
      "time": 0,
      "train": 3,
      "operation": 0
    },
    {
      "time": 0,
      "train": 4,
      "operation": 0
    },
    {
      "time": 0,
      "train": 5,
      "operation": 0
    },
    {
      "time": 0,
      "train": 6,
      "operation": 0
    },
    {
      "time": 0,
      "train": 7,
      "operation": 0
    },
    {
      "time": 0,
      "train": 8,
      "operation": 0
    },
    {
      "time": 0,
      "train": 9,
      "operation": 0
    },
    {
      "time": 0,
      "train": 10,
      "operation": 0
    },
    {
      "time": 0,
      "train": 11,
      "operation": 0
    },
    {
      "time": 12058,
      "train": 2,
      "operation": 1
    },
    {
      "time": 12118,
      "train": 10,
      "operation": 1
    },
    {
      "time": 12147,
      "train": 9,
      "operation": 1
    },
    {
      "time": 12178,
      "train": 1,
      "operation": 1
    },
    {
      "time": 12228,
      "train": 0,
      "operation": 1
    },
    {
      "time": 12298,
      "train": 2,
      "operation": 2
    },
    {
      "time": 12298,
      "train": 3,
      "operation": 1
    },
    {
      "time": 12298,
      "train": 8,
      "operation": 4
    },
    {
      "time": 12320,
      "train": 9,
      "operation": 2
    },
    {
      "time": 12324,
      "train": 10,
      "operation": 2
    },
    {
      "time": 12328,
      "train": 0,
      "operation": 2
    },
    {
      "time": 12388,
      "train": 1,
      "operation": 3
    },
    {
      "time": 12388,
      "train": 3,
      "operation": 2
    },
    {
      "time": 12393,
      "train": 3,
      "operation": 3
    },
    {
      "time": 12478,
      "train": 4,
      "operation": 4
    },
    {
      "time": 12481,
      "train": 4,
      "operation": 5
    },
    {
      "time": 12539,
      "train": 1,
      "operation": 4
    },
    {
      "time": 12539,
      "train": 4,
      "operation": 7
    },
    {
      "time": 12568,
      "train": 3,
      "operation": 4
    },
    {
      "time": 12600,
      "train": 4,
      "operation": 8
    },
    {
      "time": 12673,
      "train": 1,
      "operation": 5
    },
    {
      "time": 12678,
      "train": 1,
      "operation": 6
    },
    {
      "time": 12808,
      "train": 1,
      "operation": 9
    },
    {
      "time": 12811,
      "train": 6,
      "operation": 1
    },
    {
      "time": 12814,
      "train": 10,
      "operation": 3
    },
    {
      "time": 12868,
      "train": 4,
      "operation": 9
    },
    {
      "time": 12899,
      "train": 4,
      "operation": 11
    },
    {
      "time": 12934,
      "train": 2,
      "operation": 4
    },
    {
      "time": 12940,
      "train": 9,
      "operation": 4
    },
    {
      "time": 12954,
      "train": 6,
      "operation": 2
    },
    {
      "time": 12961,
      "train": 10,
      "operation": 5
    },
    {
      "time": 12965,
      "train": 3,
      "operation": 6
    },
    {
      "time": 13048,
      "train": 4,
      "operation": 13
    },
    {
      "time": 13049,
      "train": 2,
      "operation": 7
    },
    {
      "time": 13079,
      "train": 4,
      "operation": 14
    },
    {
      "time": 13082,
      "train": 10,
      "operation": 6
    },
    {
      "time": 13112,
      "train": 3,
      "operation": 7
    },
    {
      "time": 13116,
      "train": 3,
      "operation": 8
    },
    {
      "time": 13126,
      "train": 8,
      "operation": 6
    },
    {
      "time": 13128,
      "train": 4,
      "operation": 16
    },
    {
      "time": 13130,
      "train": 4,
      "operation": 17
    },
    {
      "time": 13150,
      "train": 9,
      "operation": 6
    },
    {
      "time": 13154,
      "train": 9,
      "operation": 7
    },
    {
      "time": 13170,
      "train": 2,
      "operation": 9
    },
    {
      "time": 13198,
      "train": 5,
      "operation": 5
    },
    {
      "time": 13213,
      "train": 8,
      "operation": 8
    },
    {
      "time": 13216,
      "train": 10,
      "operation": 7
    },
    {
      "time": 13218,
      "train": 5,
      "operation": 6
    },
    {
      "time": 13220,
      "train": 10,
      "operation": 8
    },
    {
      "time": 13228,
      "train": 4,
      "operation": 19
    },
    {
      "time": 13244,
      "train": 8,
      "operation": 9
    },
    {
      "time": 13259,
      "train": 4,
      "operation": 20
    },
    {
      "time": 13287,
      "train": 10,
      "operation": 9
    },
    {
      "time": 13305,
      "train": 5,
      "operation": 7
    },
    {
      "time": 13313,
      "train": 3,
      "operation": 12
    },
    {
      "time": 13318,
      "train": 10,
      "operation": 10
    },
    {
      "time": 13387,
      "train": 8,
      "operation": 11
    },
    {
      "time": 13392,
      "train": 5,
      "operation": 9
    },
    {
      "time": 13408,
      "train": 4,
      "operation": 22
    },
    {
      "time": 13412,
      "train": 0,
      "operation": 4
    },
    {
      "time": 13418,
      "train": 8,
      "operation": 12
    },
    {
      "time": 13434,
      "train": 3,
      "operation": 13
    },
    {
      "time": 13438,
      "train": 9,
      "operation": 9
    },
    {
      "time": 13461,
      "train": 10,
      "operation": 11
    },
    {
      "time": 13492,
      "train": 10,
      "operation": 13
    },
    {
      "time": 13514,
      "train": 8,
      "operation": 14
    },
    {
      "time": 13516,
      "train": 8,
      "operation": 15
    },
    {
      "time": 13535,
      "train": 5,
      "operation": 11
    },
    {
      "time": 13555,
      "train": 0,
      "operation": 5
    },
    {
      "time": 13565,
      "train": 8,
      "operation": 16
    },
    {
      "time": 13566,
      "train": 5,
      "operation": 12
    },
    {
      "time": 13586,
      "train": 0,
      "operation": 7
    },
    {
      "time": 13596,
      "train": 8,
      "operation": 18
    },
    {
      "time": 13635,
      "train": 10,
      "operation": 14
    },
    {
      "time": 13662,
      "train": 5,
      "operation": 14
    },
    {
      "time": 13665,
      "train": 5,
      "operation": 15
    },
    {
      "time": 13666,
      "train": 10,
      "operation": 16
    },
    {
      "time": 13671,
      "train": 6,
      "operation": 3
    },
    {
      "time": 13679,
      "train": 9,
      "operation": 11
    },
    {
      "time": 13701,
      "train": 0,
      "operation": 9
    },
    {
      "time": 13706,
      "train": 4,
      "operation": 23
    },
    {
      "time": 13714,
      "train": 5,
      "operation": 16
    },
    {
      "time": 13739,
      "train": 8,
      "operation": 19
    },
    {
      "time": 13745,
      "train": 5,
      "operation": 18
    },
    {
      "time": 13770,
      "train": 8,
      "operation": 21
    },
    {
      "time": 13814,
      "train": 6,
      "operation": 5
    },
    {
      "time": 13821,
      "train": 4,
      "operation": 24
    },
    {
      "time": 13822,
      "train": 0,
      "operation": 13
    },
    {
      "time": 13858,
      "train": 11,
      "operation": 2
    },
    {
      "time": 13861,
      "train": 11,
      "operation": 5
    },
    {
      "time": 13867,
      "train": 10,
      "operation": 18
    },
    {
      "time": 13873,
      "train": 9,
      "operation": 13
    },
    {
      "time": 13875,
      "train": 6,
      "operation": 6
    },
    {
      "time": 13878,
      "train": 1,
      "operation": 10
    },
    {
      "time": 13878,
      "train": 9,
      "operation": 15
    },
    {
      "time": 13888,
      "train": 5,
      "operation": 19
    },
    {
      "time": 13942,
      "train": 4,
      "operation": 29
    },
    {
      "time": 13999,
      "train": 8,
      "operation": 22
    },
    {
      "time": 14003,
      "train": 5,
      "operation": 21
    },
    {
      "time": 14011,
      "train": 9,
      "operation": 16
    },
    {
      "time": 14015,
      "train": 9,
      "operation": 17
    },
    {
      "time": 14047,
      "train": 11,
      "operation": 6
    },
    {
      "time": 14048,
      "train": 11,
      "operation": 7
    },
    {
      "time": 14060,
      "train": 8,
      "operation": 24
    },
    {
      "time": 14076,
      "train": 6,
      "operation": 8
    },
    {
      "time": 14079,
      "train": 1,
      "operation": 12
    },
    {
      "time": 14107,
      "train": 6,
      "operation": 10
    },
    {
      "time": 14110,
      "train": 1,
      "operation": 14
    },
    {
      "time": 14147,
      "train": 8,
      "operation": 27
    },
    {
      "time": 14148,
      "train": 9,
      "operation": 18
    },
    {
      "time": 14188,
      "train": 11,
      "operation": 9
    },
    {
      "time": 14208,
      "train": 9,
      "operation": 20
    },
    {
      "time": 14232,
      "train": 5,
      "operation": 23
    },
    {
      "time": 14250,
      "train": 6,
      "operation": 11
    },
    {
      "time": 14281,
      "train": 6,
      "operation": 12
    },
    {
      "time": 14293,
      "train": 5,
      "operation": 24
    },
    {
      "time": 14333,
      "train": 6,
      "operation": 13
    },
    {
      "time": 14335,
      "train": 6,
      "operation": 14
    },
    {
      "time": 14339,
      "train": 1,
      "operation": 15
    },
    {
      "time": 14341,
      "train": 10,
      "operation": 19
    },
    {
      "time": 14408,
      "train": 5,
      "operation": 26
    },
    {
      "time": 14418,
      "train": 9,
      "operation": 22
    },
    {
      "time": 14460,
      "train": 1,
      "operation": 17
    },
    {
      "time": 14484,
      "train": 6,
      "operation": 15
    },
    {
      "time": 14515,
      "train": 6,
      "operation": 17
    },
    {
      "time": 14529,
      "train": 5,
      "operation": 29
    },
    {
      "time": 14598,
      "train": 10,
      "operation": 21
    },
    {
      "time": 14619,
      "train": 9,
      "operation": 24
    },
    {
      "time": 14629,
      "train": 10,
      "operation": 23
    },
    {
      "time": 14658,
      "train": 6,
      "operation": 21
    },
    {
      "time": 14661,
      "train": 1,
      "operation": 19
    },
    {
      "time": 14689,
      "train": 6,
      "operation": 22
    },
    {
      "time": 14692,
      "train": 1,
      "operation": 20
    },
    {
      "time": 14718,
      "train": 9,
      "operation": 25
    },
    {
      "time": 14722,
      "train": 9,
      "operation": 26
    },
    {
      "time": 14747,
      "train": 6,
      "operation": 24
    },
    {
      "time": 14793,
      "train": 9,
      "operation": 27
    },
    {
      "time": 14798,
      "train": 9,
      "operation": 28
    },
    {
      "time": 14808,
      "train": 6,
      "operation": 25
    },
    {
      "time": 14830,
      "train": 10,
      "operation": 26
    },
    {
      "time": 14835,
      "train": 1,
      "operation": 22
    },
    {
      "time": 14861,
      "train": 10,
      "operation": 27
    },
    {
      "time": 14866,
      "train": 1,
      "operation": 23
    },
    {
      "time": 14923,
      "train": 9,
      "operation": 29
    },
    {
      "time": 14926,
      "train": 9,
      "operation": 31
    },
    {
      "time": 15004,
      "train": 10,
      "operation": 28
    },
    {
      "time": 15009,
      "train": 1,
      "operation": 24
    },
    {
      "time": 15009,
      "train": 10,
      "operation": 29
    },
    {
      "time": 15034,
      "train": 9,
      "operation": 35
    },
    {
      "time": 15035,
      "train": 9,
      "operation": 36
    },
    {
      "time": 15039,
      "train": 8,
      "operation": 29
    },
    {
      "time": 15040,
      "train": 1,
      "operation": 25
    },
    {
      "time": 15065,
      "train": 6,
      "operation": 27
    },
    {
      "time": 15096,
      "train": 6,
      "operation": 28
    },
    {
      "time": 15118,
      "train": 7,
      "operation": 3
    },
    {
      "time": 15119,
      "train": 7,
      "operation": 4
    },
    {
      "time": 15127,
      "train": 1,
      "operation": 26
    },
    {
      "time": 15130,
      "train": 1,
      "operation": 27
    },
    {
      "time": 15150,
      "train": 9,
      "operation": 37
    },
    {
      "time": 15152,
      "train": 10,
      "operation": 30
    },
    {
      "time": 15182,
      "train": 8,
      "operation": 30
    },
    {
      "time": 15213,
      "train": 8,
      "operation": 32
    },
    {
      "time": 15213,
      "train": 10,
      "operation": 32
    },
    {
      "time": 15239,
      "train": 6,
      "operation": 29
    },
    {
      "time": 15266,
      "train": 7,
      "operation": 5
    },
    {
      "time": 15267,
      "train": 7,
      "operation": 6
    },
    {
      "time": 15270,
      "train": 6,
      "operation": 31
    },
    {
      "time": 15271,
      "train": 9,
      "operation": 39
    },
    {
      "time": 15302,
      "train": 1,
      "operation": 28
    },
    {
      "time": 15307,
      "train": 11,
      "operation": 10
    },
    {
      "time": 15319,
      "train": 6,
      "operation": 32
    },
    {
      "time": 15320,
      "train": 6,
      "operation": 34
    },
    {
      "time": 15333,
      "train": 1,
      "operation": 30
    },
    {
      "time": 15349,
      "train": 8,
      "operation": 33
    },
    {
      "time": 15354,
      "train": 8,
      "operation": 34
    },
    {
      "time": 15413,
      "train": 7,
      "operation": 8
    },
    {
      "time": 15414,
      "train": 10,
      "operation": 34
    },
    {
      "time": 15416,
      "train": 6,
      "operation": 35
    },
    {
      "time": 15420,
      "train": 8,
      "operation": 35
    },
    {
      "time": 15441,
      "train": 11,
      "operation": 11
    },
    {
      "time": 15445,
      "train": 11,
      "operation": 12
    },
    {
      "time": 15447,
      "train": 6,
      "operation": 37
    },
    {
      "time": 15451,
      "train": 8,
      "operation": 36
    },
    {
      "time": 15468,
      "train": 1,
      "operation": 31
    },
    {
      "time": 15469,
      "train": 1,
      "operation": 32
    },
    {
      "time": 15512,
      "train": 11,
      "operation": 13
    },
    {
      "time": 15526,
      "train": 9,
      "operation": 41
    },
    {
      "time": 15527,
      "train": 9,
      "operation": 42
    },
    {
      "time": 15543,
      "train": 11,
      "operation": 14
    },
    {
      "time": 15590,
      "train": 6,
      "operation": 38
    },
    {
      "time": 15594,
      "train": 8,
      "operation": 37
    },
    {
      "time": 15599,
      "train": 10,
      "operation": 36
    },
    {
      "time": 15617,
      "train": 9,
      "operation": 43
    },
    {
      "time": 15621,
      "train": 6,
      "operation": 40
    },
    {
      "time": 15625,
      "train": 8,
      "operation": 40
    },
    {
      "time": 15650,
      "train": 1,
      "operation": 35
    },
    {
      "time": 15677,
      "train": 9,
      "operation": 45
    },
    {
      "time": 15686,
      "train": 10,
      "operation": 37
    },
    {
      "time": 15686,
      "train": 11,
      "operation": 16
    },
    {
      "time": 15717,
      "train": 10,
      "operation": 38
    },
    {
      "time": 15717,
      "train": 11,
      "operation": 17
    },
    {
      "time": 15736,
      "train": 6,
      "operation": 42
    },
    {
      "time": 15752,
      "train": 9,
      "operation": 47
    },
    {
      "time": 15755,
      "train": 9,
      "operation": 48
    },
    {
      "time": 15771,
      "train": 1,
      "operation": 37
    },
    {
      "time": 15776,
      "train": 10,
      "operation": 39
    },
    {
      "time": 15778,
      "train": 10,
      "operation": 40
    },
    {
      "time": 15826,
      "train": 8,
      "operation": 41
    },
    {
      "time": 15831,
      "train": 7,
      "operation": 9
    },
    {
      "time": 15857,
      "train": 6,
      "operation": 46
    },
    {
      "time": 15860,
      "train": 11,
      "operation": 19
    },
    {
      "time": 15891,
      "train": 11,
      "operation": 20
    },
    {
      "time": 15903,
      "train": 9,
      "operation": 50
    },
    {
      "time": 15904,
      "train": 9,
      "operation": 51
    },
    {
      "time": 15917,
      "train": 8,
      "operation": 43
    },
    {
      "time": 15921,
      "train": 10,
      "operation": 42
    },
    {
      "time": 15981,
      "train": 10,
      "operation": 43
    },
    {
      "time": 16036,
      "train": 7,
      "operation": 11
    },
    {
      "time": 16036,
      "train": 9,
      "operation": 53
    },
    {
      "time": 16039,
      "train": 9,
      "operation": 54
    },
    {
      "time": 16089,
      "train": 8,
      "operation": 44
    },
    {
      "time": 16092,
      "train": 11,
      "operation": 22
    },
    {
      "time": 16094,
      "train": 8,
      "operation": 45
    },
    {
      "time": 16123,
      "train": 11,
      "operation": 23
    },
    {
      "time": 16154,
      "train": 10,
      "operation": 47
    },
    {
      "time": 16157,
      "train": 7,
      "operation": 13
    },
    {
      "time": 16185,
      "train": 10,
      "operation": 48
    },
    {
      "time": 16201,
      "train": 9,
      "operation": 57
    },
    {
      "time": 16243,
      "train": 10,
      "operation": 50
    },
    {
      "time": 16266,
      "train": 8,
      "operation": 46
    },
    {
      "time": 16300,
      "train": 7,
      "operation": 14
    },
    {
      "time": 16304,
      "train": 10,
      "operation": 51
    },
    {
      "time": 16324,
      "train": 11,
      "operation": 26
    },
    {
      "time": 16331,
      "train": 7,
      "operation": 15
    },
    {
      "time": 16355,
      "train": 11,
      "operation": 27
    },
    {
      "time": 16387,
      "train": 8,
      "operation": 49
    },
    {
      "time": 16409,
      "train": 7,
      "operation": 16
    },
    {
      "time": 16413,
      "train": 7,
      "operation": 17
    },
    {
      "time": 16537,
      "train": 7,
      "operation": 19
    },
    {
      "time": 16561,
      "train": 10,
      "operation": 53
    },
    {
      "time": 16568,
      "train": 7,
      "operation": 20
    },
    {
      "time": 16584,
      "train": 11,
      "operation": 30
    },
    {
      "time": 16592,
      "train": 10,
      "operation": 54
    },
    {
      "time": 16705,
      "train": 11,
      "operation": 31
    },
    {
      "time": 16711,
      "train": 7,
      "operation": 24
    },
    {
      "time": 16735,
      "train": 10,
      "operation": 55
    },
    {
      "time": 16742,
      "train": 7,
      "operation": 25
    },
    {
      "time": 16766,
      "train": 10,
      "operation": 57
    },
    {
      "time": 16800,
      "train": 7,
      "operation": 26
    },
    {
      "time": 16815,
      "train": 10,
      "operation": 59
    },
    {
      "time": 16817,
      "train": 10,
      "operation": 60
    },
    {
      "time": 16848,
      "train": 11,
      "operation": 32
    },
    {
      "time": 16852,
      "train": 11,
      "operation": 33
    },
    {
      "time": 16861,
      "train": 7,
      "operation": 28
    },
    {
      "time": 16913,
      "train": 10,
      "operation": 62
    },
    {
      "time": 16944,
      "train": 10,
      "operation": 63
    },
    {
      "time": 16995,
      "train": 11,
      "operation": 34
    },
    {
      "time": 17056,
      "train": 11,
      "operation": 36
    },
    {
      "time": 17087,
      "train": 10,
      "operation": 65
    },
    {
      "time": 17118,
      "train": 7,
      "operation": 30
    },
    {
      "time": 17118,
      "train": 10,
      "operation": 66
    },
    {
      "time": 17149,
      "train": 7,
      "operation": 31
    },
    {
      "time": 17233,
      "train": 10,
      "operation": 70
    },
    {
      "time": 17257,
      "train": 11,
      "operation": 38
    },
    {
      "time": 17288,
      "train": 11,
      "operation": 40
    },
    {
      "time": 17292,
      "train": 7,
      "operation": 33
    },
    {
      "time": 17323,
      "train": 7,
      "operation": 34
    },
    {
      "time": 17354,
      "train": 10,
      "operation": 72
    },
    {
      "time": 17372,
      "train": 7,
      "operation": 36
    },
    {
      "time": 17373,
      "train": 7,
      "operation": 37
    },
    {
      "time": 17402,
      "train": 9,
      "operation": 60
    },
    {
      "time": 17431,
      "train": 11,
      "operation": 41
    },
    {
      "time": 17462,
      "train": 11,
      "operation": 42
    },
    {
      "time": 17469,
      "train": 7,
      "operation": 38
    },
    {
      "time": 17500,
      "train": 7,
      "operation": 40
    },
    {
      "time": 17514,
      "train": 11,
      "operation": 43
    },
    {
      "time": 17519,
      "train": 11,
      "operation": 44
    },
    {
      "time": 17643,
      "train": 7,
      "operation": 41
    },
    {
      "time": 17668,
      "train": 11,
      "operation": 46
    },
    {
      "time": 17674,
      "train": 7,
      "operation": 43
    },
    {
      "time": 17699,
      "train": 11,
      "operation": 47
    },
    {
      "time": 17789,
      "train": 7,
      "operation": 46
    },
    {
      "time": 17842,
      "train": 11,
      "operation": 50
    },
    {
      "time": 17873,
      "train": 11,
      "operation": 52
    },
    {
      "time": 17910,
      "train": 7,
      "operation": 49
    },
    {
      "time": 17931,
      "train": 11,
      "operation": 54
    },
    {
      "time": 17992,
      "train": 11,
      "operation": 55
    },
    {
      "time": 18249,
      "train": 11,
      "operation": 57
    },
    {
      "time": 18280,
      "train": 11,
      "operation": 58
    },
    {
      "time": 18423,
      "train": 11,
      "operation": 60
    },
    {
      "time": 18454,
      "train": 11,
      "operation": 61
    },
    {
      "time": 18503,
      "train": 11,
      "operation": 63
    },
    {
      "time": 18505,
      "train": 11,
      "operation": 64
    },
    {
      "time": 18601,
      "train": 11,
      "operation": 66
    },
    {
      "time": 18632,
      "train": 11,
      "operation": 67
    },
    {
      "time": 18775,
      "train": 11,
      "operation": 69
    },
    {
      "time": 18806,
      "train": 11,
      "operation": 70
    },
    {
      "time": 18921,
      "train": 11,
      "operation": 73
    },
    {
      "time": 19042,
      "train": 11,
      "operation": 76
    }
  ]
}