{
  "objective_value": 12868,
  "events": [
    {
      "time": 0,
      "train": 0,
      "operation": 0
    },
    {
      "time": 0,
      "train": 1,
      "operation": 0
    },
    {
      "time": 0,
      "train": 2,
      "operation": 0
    },
    {
      "time": 0,
      "train": 3,
      "operation": 0
    },
    {
      "time": 0,
      "train": 4,
      "operation": 0
    },
    {
      "time": 0,
      "train": 5,
      "operation": 0
    },
    {
      "time": 0,
      "train": 6,
      "operation": 0
    },
    {
      "time": 0,
      "train": 7,
      "operation": 0
    },
    {
      "time": 0,
      "train": 8,
      "operation": 0
    },
    {
      "time": 1,
      "train": 1,
      "operation": 1
    },
    {
      "time": 1,
      "train": 8,
      "operation": 1
    },
    {
      "time": 2,
      "train": 7,
      "operation": 1
    },
    {
      "time": 3,
      "train": 0,
      "operation": 1
    },
    {
      "time": 3,
      "train": 2,
      "operation": 1
    },
    {
      "time": 5,
      "train": 3,
      "operation": 1
    },
    {
      "time": 5,
      "train": 6,
      "operation": 1
    },
    {
      "time": 13,
      "train": 6,
      "operation": 2
    },
    {
      "time": 19,
      "train": 8,
      "operation": 2
    },
    {
      "time": 30,
      "train": 2,
      "operation": 2
    },
    {
      "time": 43,
      "train": 7,
      "operation": 2
    },
    {
      "time": 89,
      "train": 3,
      "operation": 2
    },
    {
      "time": 101,
      "train": 6,
      "operation": 3
    },
    {
      "time": 107,
      "train": 6,
      "operation": 4
    },
    {
      "time": 184,
      "train": 3,
      "operation": 3
    },
    {
      "time": 198,
      "train": 2,
      "operation": 3
    },
    {
      "time": 205,
      "train": 7,
      "operation": 3
    },
    {
      "time": 207,
      "train": 2,
      "operation": 4
    },
    {
      "time": 240,
      "train": 7,
      "operation": 4
    },
    {
      "time": 249,
      "train": 7,
      "operation": 5
    },
    {
      "time": 306,
      "train": 7,
      "operation": 6
    },
    {
      "time": 365,
      "train": 6,
      "operation": 5
    },
    {
      "time": 375,
      "train": 6,
      "operation": 6
    },
    {
      "time": 456,
      "train": 3,
      "operation": 4
    },
    {
      "time": 462,
      "train": 4,
      "operation": 1
    },
    {
      "time": 486,
      "train": 4,
      "operation": 2
    },
    {
      "time": 498,
      "train": 3,
      "operation": 5
    },
    {
      "time": 501,
      "train": 3,
      "operation": 6
    },
    {
      "time": 503,
      "train": 3,
      "operation": 7
    },
    {
      "time": 606,
      "train": 5,
      "operation": 1
    },
    {
      "time": 613,
      "train": 5,
      "operation": 2
    },
    {
      "time": 617,
      "train": 0,
      "operation": 2
    },
    {
      "time": 618,
      "train": 1,
      "operation": 2
    },
    {
      "time": 663,
      "train": 2,
      "operation": 6
    },
    {
      "time": 681,
      "train": 7,
      "operation": 7
    },
    {
      "time": 684,
      "train": 2,
      "operation": 8
    },
    {
      "time": 695,
      "train": 7,
      "operation": 8
    },
    {
      "time": 741,
      "train": 0,
      "operation": 3
    },
    {
      "time": 772,
      "train": 6,
      "operation": 7
    },
    {
      "time": 787,
      "train": 5,
      "operation": 3
    },
    {
      "time": 799,
      "train": 5,
      "operation": 4
    },
    {
      "time": 821,
      "train": 6,
      "operation": 9
    },
    {
      "time": 828,
      "train": 6,
      "operation": 11
    },
    {
      "time": 897,
      "train": 6,
      "operation": 17
    },
    {
      "time": 931,
      "train": 2,
      "operation": 11
    },
    {
      "time": 942,
      "train": 2,
      "operation": 14
    },
    {
      "time": 974,
      "train": 8,
      "operation": 4
    },
    {
      "time": 988,
      "train": 8,
      "operation": 6
    },
    {
      "time": 1109,
      "train": 7,
      "operation": 10
    },
    {
      "time": 1126,
      "train": 7,
      "operation": 12
    },
    {
      "time": 1142,
      "train": 2,
      "operation": 17
    },
    {
      "time": 1148,
      "train": 6,
      "operation": 23
    },
    {
      "time": 1154,
      "train": 2,
      "operation": 20
    },
    {
      "time": 1162,
      "train": 4,
      "operation": 3
    },
    {
      "time": 1163,
      "train": 8,
      "operation": 8
    },
    {
      "time": 1165,
      "train": 6,
      "operation": 25
    },
    {
      "time": 1174,
      "train": 8,
      "operation": 10
    },
    {
      "time": 1179,
      "train": 4,
      "operation": 4
    },
    {
      "time": 1185,
      "train": 5,
      "operation": 5
    },
    {
      "time": 1193,
      "train": 5,
      "operation": 6
    },
    {
      "time": 1218,
      "train": 2,
      "operation": 23
    },
    {
      "time": 1220,
      "train": 6,
      "operation": 27
    },
    {
      "time": 1224,
      "train": 6,
      "operation": 29
    },
    {
      "time": 1239,
      "train": 2,
      "operation": 26
    },
    {
      "time": 1273,
      "train": 2,
      "operation": 28
    },
    {
      "time": 1321,
      "train": 5,
      "operation": 7
    },
    {
      "time": 1329,
      "train": 5,
      "operation": 8
    },
    {
      "time": 1364,
      "train": 2,
      "operation": 38
    },
    {
      "time": 1441,
      "train": 1,
      "operation": 4
    },
    {
      "time": 1443,
      "train": 8,
      "operation": 11
    },
    {
      "time": 1453,
      "train": 8,
      "operation": 12
    },
    {
      "time": 1463,
      "train": 1,
      "operation": 6
    },
    {
      "time": 1492,
      "train": 2,
      "operation": 40
    },
    {
      "time": 1529,
      "train": 2,
      "operation": 42
    },
    {
      "time": 1592,
      "train": 4,
      "operation": 5
    },
    {
      "time": 1607,
      "train": 4,
      "operation": 6
    },
    {
      "time": 1626,
      "train": 7,
      "operation": 15
    },
    {
      "time": 1654,
      "train": 1,
      "operation": 9
    },
    {
      "time": 1654,
      "train": 7,
      "operation": 19
    },
    {
      "time": 1665,
      "train": 2,
      "operation": 44
    },
    {
      "time": 1666,
      "train": 1,
      "operation": 12
    },
    {
      "time": 1674,
      "train": 2,
      "operation": 45
    },
    {
      "time": 1749,
      "train": 2,
      "operation": 46
    },
    {
      "time": 1763,
      "train": 2,
      "operation": 47
    },
    {
      "time": 1784,
      "train": 1,
      "operation": 15
    },
    {
      "time": 1797,
      "train": 1,
      "operation": 18
    },
    {
      "time": 1802,
      "train": 0,
      "operation": 4
    },
    {
      "time": 1852,
      "train": 2,
      "operation": 48
    },
    {
      "time": 1866,
      "train": 2,
      "operation": 51
    },
    {
      "time": 1889,
      "train": 8,
      "operation": 14
    },
    {
      "time": 1938,
      "train": 8,
      "operation": 16
    },
    {
      "time": 1947,
      "train": 8,
      "operation": 24
    },
    {
      "time": 1980,
      "train": 1,
      "operation": 21
    },
    {
      "time": 1982,
      "train": 4,
      "operation": 7
    },
    {
      "time": 2004,
      "train": 4,
      "operation": 9
    },
    {
      "time": 2009,
      "train": 8,
      "operation": 33
    },
    {
      "time": 2013,
      "train": 4,
      "operation": 11
    },
    {
      "time": 2023,
      "train": 1,
      "operation": 24
    },
    {
      "time": 2050,
      "train": 4,
      "operation": 14
    },
    {
      "time": 2078,
      "train": 1,
      "operation": 26
    },
    {
      "time": 2089,
      "train": 1,
      "operation": 29
    },
    {
      "time": 2114,
      "train": 2,
      "operation": 54
    },
    {
      "time": 2119,
      "train": 2,
      "operation": 57
    },
    {
      "time": 2181,
      "train": 4,
      "operation": 17
    },
    {
      "time": 2214,
      "train": 8,
      "operation": 38
    },
    {
      "time": 2222,
      "train": 4,
      "operation": 22
    },
    {
      "time": 2222,
      "train": 8,
      "operation": 43
    },
    {
      "time": 2272,
      "train": 7,
      "operation": 22
    },
    {
      "time": 2290,
      "train": 8,
      "operation": 50
    },
    {
      "time": 2298,
      "train": 7,
      "operation": 25
    },
    {
      "time": 2301,
      "train": 8,
      "operation": 58
    },
    {
      "time": 2305,
      "train": 4,
      "operation": 27
    },
    {
      "time": 2340,
      "train": 1,
      "operation": 33
    },
    {
      "time": 2349,
      "train": 4,
      "operation": 34
    },
    {
      "time": 2352,
      "train": 5,
      "operation": 10
    },
    {
      "time": 2361,
      "train": 5,
      "operation": 12
    },
    {
      "time": 2385,
      "train": 4,
      "operation": 41
    },
    {
      "time": 2386,
      "train": 4,
      "operation": 48
    },
    {
      "time": 2442,
      "train": 1,
      "operation": 37
    },
    {
      "time": 2452,
      "train": 1,
      "operation": 43
    },
    {
      "time": 2481,
      "train": 1,
      "operation": 47
    },
    {
      "time": 2522,
      "train": 8,
      "operation": 63
    },
    {
      "time": 2533,
      "train": 8,
      "operation": 66
    },
    {
      "time": 2545,
      "train": 7,
      "operation": 33
    },
    {
      "time": 2556,
      "train": 7,
      "operation": 36
    },
    {
      "time": 2567,
      "train": 5,
      "operation": 14
    },
    {
      "time": 2578,
      "train": 0,
      "operation": 5
    },
    {
      "time": 2578,
      "train": 5,
      "operation": 16
    },
    {
      "time": 2584,
      "train": 0,
      "operation": 7
    },
    {
      "time": 2657,
      "train": 8,
      "operation": 69
    },
    {
      "time": 2675,
      "train": 1,
      "operation": 52
    },
    {
      "time": 2701,
      "train": 8,
      "operation": 72
    },
    {
      "time": 2716,
      "train": 1,
      "operation": 58
    },
    {
      "time": 2729,
      "train": 0,
      "operation": 9
    },
    {
      "time": 2739,
      "train": 0,
      "operation": 11
    },
    {
      "time": 2756,
      "train": 7,
      "operation": 41
    },
    {
      "time": 2768,
      "train": 7,
      "operation": 46
    },
    {
      "time": 2783,
      "train": 1,
      "operation": 62
    },
    {
      "time": 2832,
      "train": 7,
      "operation": 50
    },
    {
      "time": 2834,
      "train": 1,
      "operation": 66
    },
    {
      "time": 2853,
      "train": 7,
      "operation": 54
    },
    {
      "time": 2863,
      "train": 1,
      "operation": 70
    },
    {
      "time": 2865,
      "train": 1,
      "operation": 71
    },
    {
      "time": 2887,
      "train": 7,
      "operation": 59
    },
    {
      "time": 2978,
      "train": 7,
      "operation": 65
    },
    {
      "time": 3100,
      "train": 0,
      "operation": 14
    },
    {
      "time": 3107,
      "train": 7,
      "operation": 78
    },
    {
      "time": 3113,
      "train": 0,
      "operation": 16
    },
    {
      "time": 3128,
      "train": 7,
      "operation": 84
    },
    {
      "time": 3279,
      "train": 7,
      "operation": 87
    },
    {
      "time": 3288,
      "train": 7,
      "operation": 90
    },
    {
      "time": 3319,
      "train": 0,
      "operation": 18
    },
    {
      "time": 3331,
      "train": 0,
      "operation": 20
    },
    {
      "time": 3344,
      "train": 7,
      "operation": 92
    },
    {
      "time": 3356,
      "train": 7,
      "operation": 94
    },
    {
      "time": 3395,
      "train": 7,
      "operation": 97
    },
    {
      "time": 3416,
      "train": 7,
      "operation": 101
    },
    {
      "time": 3463,
      "train": 5,
      "operation": 17
    },
    {
      "time": 3473,
      "train": 5,
      "operation": 19
    },
    {
      "time": 3549,
      "train": 8,
      "operation": 76
    },
    {
      "time": 3560,
      "train": 8,
      "operation": 78
    },
    {
      "time": 3707,
      "train": 5,
      "operation": 21
    },
    {
      "time": 3714,
      "train": 5,
      "operation": 23
    },
    {
      "time": 3831,
      "train": 7,
      "operation": 105
    },
    {
      "time": 3849,
      "train": 8,
      "operation": 80
    },
    {
      "time": 3867,
      "train": 8,
      "operation": 82
    },
    {
      "time": 3886,
      "train": 7,
      "operation": 108
    },
    {
      "time": 3932,
      "train": 7,
      "operation": 112
    },
    {
      "time": 3943,
      "train": 7,
      "operation": 117
    },
    {
      "time": 4223,
      "train": 7,
      "operation": 126
    },
    {
      "time": 4229,
      "train": 7,
      "operation": 130
    },
    {
      "time": 4255,
      "train": 8,
      "operation": 83
    },
    {
      "time": 4264,
      "train": 8,
      "operation": 85
    },
    {
      "time": 4271,
      "train": 5,
      "operation": 25
    },
    {
      "time": 4277,
      "train": 5,
      "operation": 27
    },
    {
      "time": 4283,
      "train": 0,
      "operation": 22
    },
    {
      "time": 4292,
      "train": 0,
      "operation": 24
    },
    {
      "time": 4399,
      "train": 8,
      "operation": 87
    },
    {
      "time": 4404,
      "train": 5,
      "operation": 29
    },
    {
      "time": 4407,
      "train": 8,
      "operation": 89
    },
    {
      "time": 4412,
      "train": 5,
      "operation": 31
    },
    {
      "time": 4498,
      "train": 0,
      "operation": 26
    },
    {
      "time": 4509,
      "train": 0,
      "operation": 28
    },
    {
      "time": 4667,
      "train": 7,
      "operation": 135
    },
    {
      "time": 4677,
      "train": 7,
      "operation": 137
    },
    {
      "time": 4945,
      "train": 7,
      "operation": 140
    },
    {
      "time": 4953,
      "train": 7,
      "operation": 142
    },
    {
      "time": 4983,
      "train": 5,
      "operation": 33
    },
    {
      "time": 4991,
      "train": 5,
      "operation": 35
    },
    {
      "time": 5038,
      "train": 7,
      "operation": 144
    },
    {
      "time": 5043,
      "train": 7,
      "operation": 146
    },
    {
      "time": 5150,
      "train": 5,
      "operation": 37
    },
    {
      "time": 5158,
      "train": 5,
      "operation": 39
    },
    {
      "time": 5294,
      "train": 0,
      "operation": 30
    },
    {
      "time": 5305,
      "train": 0,
      "operation": 32
    },
    {
      "time": 5475,
      "train": 8,
      "operation": 92
    },
    {
      "time": 5484,
      "train": 8,
      "operation": 94
    },
    {
      "time": 5568,
      "train": 0,
      "operation": 34
    },
    {
      "time": 5578,
      "train": 0,
      "operation": 36
    },
    {
      "time": 5635,
      "train": 5,
      "operation": 41
    },
    {
      "time": 5646,
      "train": 5,
      "operation": 43
    },
    {
      "time": 5690,
      "train": 8,
      "operation": 96
    },
    {
      "time": 5701,
      "train": 8,
      "operation": 98
    },
    {
      "time": 5792,
      "train": 7,
      "operation": 149
    },
    {
      "time": 5801,
      "train": 7,
      "operation": 151
    },
    {
      "time": 5840,
      "train": 5,
      "operation": 45
    },
    {
      "time": 5849,
      "train": 5,
      "operation": 47
    },
    {
      "time": 6035,
      "train": 7,
      "operation": 153
    },
    {
      "time": 6046,
      "train": 7,
      "operation": 155
    },
    {
      "time": 6099,
      "train": 0,
      "operation": 38
    },
    {
      "time": 6108,
      "train": 0,
      "operation": 40
    },
    {
      "time": 6249,
      "train": 7,
      "operation": 158
    },
    {
      "time": 6256,
      "train": 7,
      "operation": 159
    },
    {
      "time": 6314,
      "train": 5,
      "operation": 49
    },
    {
      "time": 6319,
      "train": 0,
      "operation": 42
    },
    {
      "time": 6322,
      "train": 7,
      "operation": 160
    },
    {
      "time": 6328,
      "train": 7,
      "operation": 161
    },
    {
      "time": 6331,
      "train": 0,
      "operation": 44
    },
    {
      "time": 6335,
      "train": 5,
      "operation": 51
    },
    {
      "time": 6479,
      "train": 7,
      "operation": 162
    },
    {
      "time": 6485,
      "train": 7,
      "operation": 163
    },
    {
      "time": 6569,
      "train": 7,
      "operation": 165
    },
    {
      "time": 6581,
      "train": 7,
      "operation": 167
    },
    {
      "time": 6594,
      "train": 8,
      "operation": 100
    },
    {
      "time": 6605,
      "train": 8,
      "operation": 102
    },
    {
      "time": 6746,
      "train": 7,
      "operation": 169
    },
    {
      "time": 6758,
      "train": 7,
      "operation": 171
    },
    {
      "time": 6765,
      "train": 5,
      "operation": 53
    },
    {
      "time": 6793,
      "train": 5,
      "operation": 57
    },
    {
      "time": 6826,
      "train": 0,
      "operation": 46
    },
    {
      "time": 6835,
      "train": 0,
      "operation": 48
    },
    {
      "time": 6868,
      "train": 8,
      "operation": 104
    },
    {
      "time": 6878,
      "train": 8,
      "operation": 106
    },
    {
      "time": 7020,
      "train": 0,
      "operation": 50
    },
    {
      "time": 7032,
      "train": 0,
      "operation": 52
    },
    {
      "time": 7074,
      "train": 5,
      "operation": 62
    },
    {
      "time": 7082,
      "train": 5,
      "operation": 65
    },
    {
      "time": 7116,
      "train": 7,
      "operation": 173
    },
    {
      "time": 7127,
      "train": 7,
      "operation": 175
    },
    {
      "time": 7445,
      "train": 7,
      "operation": 177
    },
    {
      "time": 7447,
      "train": 0,
      "operation": 54
    },
    {
      "time": 7456,
      "train": 7,
      "operation": 179
    },
    {
      "time": 7462,
      "train": 0,
      "operation": 56
    },
    {
      "time": 7464,
      "train": 5,
      "operation": 69
    },
    {
      "time": 7478,
      "train": 8,
      "operation": 107
    },
    {
      "time": 7484,
      "train": 8,
      "operation": 109
    },
    {
      "time": 7496,
      "train": 5,
      "operation": 70
    },
    {
      "time": 7611,
      "train": 8,
      "operation": 111
    },
    {
      "time": 7619,
      "train": 8,
      "operation": 113
    },
    {
      "time": 7742,
      "train": 0,
      "operation": 58
    },
    {
      "time": 7756,
      "train": 0,
      "operation": 60
    },
    {
      "time": 7884,
      "train": 7,
      "operation": 181
    },
    {
      "time": 7898,
      "train": 7,
      "operation": 183
    },
    {
      "time": 7912,
      "train": 5,
      "operation": 72
    },
    {
      "time": 7923,
      "train": 5,
      "operation": 74
    },
    {
      "time": 8143,
      "train": 5,
      "operation": 76
    },
    {
      "time": 8156,
      "train": 5,
      "operation": 78
    },
    {
      "time": 8198,
      "train": 8,
      "operation": 115
    },
    {
      "time": 8206,
      "train": 8,
      "operation": 117
    },
    {
      "time": 8208,
      "train": 0,
      "operation": 62
    },
    {
      "time": 8222,
      "train": 0,
      "operation": 64
    },
    {
      "time": 8257,
      "train": 7,
      "operation": 185
    },
    {
      "time": 8267,
      "train": 7,
      "operation": 187
    },
    {
      "time": 8365,
      "train": 8,
      "operation": 119
    },
    {
      "time": 8373,
      "train": 8,
      "operation": 121
    },
    {
      "time": 8510,
      "train": 7,
      "operation": 188
    },
    {
      "time": 8517,
      "train": 7,
      "operation": 190
    },
    {
      "time": 8520,
      "train": 5,
      "operation": 80
    },
    {
      "time": 8532,
      "train": 5,
      "operation": 82
    },
    {
      "time": 8621,
      "train": 7,
      "operation": 192
    },
    {
      "time": 8630,
      "train": 7,
      "operation": 194
    },
    {
      "time": 8651,
      "train": 0,
      "operation": 68
    },
    {
      "time": 8680,
      "train": 0,
      "operation": 72
    },
    {
      "time": 8721,
      "train": 5,
      "operation": 84
    },
    {
      "time": 8734,
      "train": 0,
      "operation": 75
    },
    {
      "time": 8744,
      "train": 0,
      "operation": 78
    },
    {
      "time": 8751,
      "train": 5,
      "operation": 86
    },
    {
      "time": 8850,
      "train": 8,
      "operation": 124
    },
    {
      "time": 8865,
      "train": 8,
      "operation": 126
    },
    {
      "time": 8966,
      "train": 0,
      "operation": 79
    },
    {
      "time": 8981,
      "train": 0,
      "operation": 80
    },
    {
      "time": 8990,
      "train": 7,
      "operation": 196
    },
    {
      "time": 8991,
      "train": 7,
      "operation": 197
    },
    {
      "time": 9145,
      "train": 8,
      "operation": 128
    },
    {
      "time": 9159,
      "train": 8,
      "operation": 130
    },
    {
      "time": 9200,
      "train": 7,
      "operation": 199
    },
    {
      "time": 9213,
      "train": 7,
      "operation": 201
    },
    {
      "time": 9367,
      "train": 0,
      "operation": 81
    },
    {
      "time": 9399,
      "train": 0,
      "operation": 82
    },
    {
      "time": 9435,
      "train": 5,
      "operation": 87
    },
    {
      "time": 9442,
      "train": 5,
      "operation": 89
    },
    {
      "time": 9555,
      "train": 7,
      "operation": 203
    },
    {
      "time": 9559,
      "train": 5,
      "operation": 91
    },
    {
      "time": 9566,
      "train": 5,
      "operation": 93
    },
    {
      "time": 9567,
      "train": 7,
      "operation": 205
    },
    {
      "time": 9603,
      "train": 7,
      "operation": 207
    },
    {
      "time": 9609,
      "train": 7,
      "operation": 209
    },
    {
      "time": 9626,
      "train": 7,
      "operation": 211
    },
    {
      "time": 9632,
      "train": 8,
      "operation": 131
    },
    {
      "time": 9633,
      "train": 7,
      "operation": 213
    },
    {
      "time": 9653,
      "train": 8,
      "operation": 133
    },
    {
      "time": 9778,
      "train": 0,
      "operation": 84
    },
    {
      "time": 9789,
      "train": 0,
      "operation": 86
    },
    {
      "time": 10009,
      "train": 0,
      "operation": 88
    },
    {
      "time": 10022,
      "train": 0,
      "operation": 90
    },
    {
      "time": 10083,
      "train": 8,
      "operation": 135
    },
    {
      "time": 10111,
      "train": 8,
      "operation": 139
    },
    {
      "time": 10241,
      "train": 7,
      "operation": 214
    },
    {
      "time": 10252,
      "train": 7,
      "operation": 216
    },
    {
      "time": 10325,
      "train": 0,
      "operation": 91
    },
    {
      "time": 10332,
      "train": 0,
      "operation": 93
    },
    {
      "time": 10406,
      "train": 8,
      "operation": 144
    },
    {
      "time": 10414,
      "train": 8,
      "operation": 147
    },
    {
      "time": 10455,
      "train": 0,
      "operation": 95
    },
    {
      "time": 10463,
      "train": 7,
      "operation": 218
    },
    {
      "time": 10478,
      "train": 0,
      "operation": 97
    },
    {
      "time": 10478,
      "train": 7,
      "operation": 220
    },
    {
      "time": 10531,
      "train": 5,
      "operation": 95
    },
    {
      "time": 10538,
      "train": 5,
      "operation": 97
    },
    {
      "time": 10673,
      "train": 5,
      "operation": 99
    },
    {
      "time": 10680,
      "train": 5,
      "operation": 101
    },
    {
      "time": 10806,
      "train": 8,
      "operation": 151
    },
    {
      "time": 10838,
      "train": 8,
      "operation": 152
    },
    {
      "time": 10912,
      "train": 7,
      "operation": 223
    },
    {
      "time": 10926,
      "train": 7,
      "operation": 225
    },
    {
      "time": 11089,
      "train": 0,
      "operation": 100
    },
    {
      "time": 11100,
      "train": 0,
      "operation": 102
    },
    {
      "time": 11254,
      "train": 8,
      "operation": 154
    },
    {
      "time": 11265,
      "train": 8,
      "operation": 156
    },
    {
      "time": 11294,
      "train": 0,
      "operation": 104
    },
    {
      "time": 11305,
      "train": 0,
      "operation": 106
    },
    {
      "time": 11362,
      "train": 7,
      "operation": 227
    },
    {
      "time": 11383,
      "train": 7,
      "operation": 229
    },
    {
      "time": 11485,
      "train": 8,
      "operation": 158
    },
    {
      "time": 11498,
      "train": 8,
      "operation": 160
    },
    {
      "time": 11780,
      "train": 7,
      "operation": 230
    },
    {
      "time": 11789,
      "train": 7,
      "operation": 232
    },
    {
      "time": 11862,
      "train": 8,
      "operation": 161
    },
    {
      "time": 11869,
      "train": 8,
      "operation": 163
    },
    {
      "time": 11908,
      "train": 7,
      "operation": 234
    },
    {
      "time": 11913,
      "train": 7,
      "operation": 236
    },
    {
      "time": 11996,
      "train": 8,
      "operation": 165
    },
    {
      "time": 11997,
      "train": 5,
      "operation": 104
    },
    {
      "time": 12008,
      "train": 5,
      "operation": 106
    },
    {
      "time": 12019,
      "train": 8,
      "operation": 167
    },
    {
      "time": 12109,
      "train": 0,
      "operation": 107
    },
    {
      "time": 12115,
      "train": 0,
      "operation": 109
    },
    {
      "time": 12163,
      "train": 7,
      "operation": 238
    },
    {
      "time": 12170,
      "train": 7,
      "operation": 239
    },
    {
      "time": 12213,
      "train": 5,
      "operation": 108
    },
    {
      "time": 12223,
      "train": 5,
      "operation": 110
    },
    {
      "time": 12228,
      "train": 0,
      "operation": 111
    },
    {
      "time": 12234,
      "train": 0,
      "operation": 113
    },
    {
      "time": 12238,
      "train": 7,
      "operation": 240
    },
    {
      "time": 12244,
      "train": 7,
      "operation": 241
    },
    {
      "time": 12347,
      "train": 7,
      "operation": 243
    },
    {
      "time": 12360,
      "train": 7,
      "operation": 245
    },
    {
      "time": 12713,
      "train": 8,
      "operation": 169
    },
    {
      "time": 12720,
      "train": 8,
      "operation": 171
    },
    {
      "time": 12728,
      "train": 7,
      "operation": 247
    },
    {
      "time": 12741,
      "train": 7,
      "operation": 249
    },
    {
      "time": 12769,
      "train": 5,
      "operation": 112
    },
    {
      "time": 12780,
      "train": 5,
      "operation": 114
    },
    {
      "time": 12837,
      "train": 8,
      "operation": 173
    },
    {
      "time": 12844,
      "train": 8,
      "operation": 175
    },
    {
      "time": 12865,
      "train": 0,
      "operation": 116
    },
    {
      "time": 12876,
      "train": 0,
      "operation": 118
    },
    {
      "time": 12980,
      "train": 5,
      "operation": 116
    },
    {
      "time": 12992,
      "train": 5,
      "operation": 118
    },
    {
      "time": 12996,
      "train": 7,
      "operation": 250
    },
    {
      "time": 13010,
      "train": 7,
      "operation": 251
    },
    {
      "time": 13038,
      "train": 7,
      "operation": 252
    },
    {
      "time": 13046,
      "train": 7,
      "operation": 254
    },
    {
      "time": 13056,
      "train": 7,
      "operation": 256
    },
    {
      "time": 13065,
      "train": 7,
      "operation": 259
    },
    {
      "time": 13081,
      "train": 0,
      "operation": 120
    },
    {
      "time": 13091,
      "train": 0,
      "operation": 122
    },
    {
      "time": 13161,
      "train": 7,
      "operation": 263
    },
    {
      "time": 13197,
      "train": 7,
      "operation": 269
    },
    {
      "time": 13546,
      "train": 0,
      "operation": 124
    },
    {
      "time": 13557,
      "train": 0,
      "operation": 126
    },
    {
      "time": 13590,
      "train": 7,
      "operation": 275
    },
    {
      "time": 13611,
      "train": 7,
      "operation": 277
    },
    {
      "time": 13756,
      "train": 5,
      "operation": 119
    },
    {
      "time": 13757,
      "train": 0,
      "operation": 128
    },
    {
      "time": 13763,
      "train": 5,
      "operation": 121
    },
    {
      "time": 13769,
      "train": 0,
      "operation": 130
    },
    {
      "time": 13809,
      "train": 8,
      "operation": 178
    },
    {
      "time": 13820,
      "train": 8,
      "operation": 180
    },
    {
      "time": 13886,
      "train": 5,
      "operation": 123
    },
    {
      "time": 13894,
      "train": 5,
      "operation": 125
    },
    {
      "time": 14038,
      "train": 7,
      "operation": 278
    },
    {
      "time": 14044,
      "train": 8,
      "operation": 182
    },
    {
      "time": 14055,
      "train": 8,
      "operation": 184
    },
    {
      "time": 14066,
      "train": 7,
      "operation": 280
    },
    {
      "time": 14174,
      "train": 7,
      "operation": 283
    },
    {
      "time": 14213,
      "train": 7,
      "operation": 287
    },
    {
      "time": 14366,
      "train": 5,
      "operation": 128
    },
    {
      "time": 14378,
      "train": 5,
      "operation": 130
    },
    {
      "time": 14426,
      "train": 0,
      "operation": 131
    },
    {
      "time": 14432,
      "train": 0,
      "operation": 133
    },
    {
      "time": 14535,
      "train": 0,
      "operation": 135
    },
    {
      "time": 14542,
      "train": 0,
      "operation": 137
    },
    {
      "time": 14564,
      "train": 7,
      "operation": 292
    },
    {
      "time": 14582,
      "train": 7,
      "operation": 296
    },
    {
      "time": 14771,
      "train": 7,
      "operation": 300
    },
    {
      "time": 14786,
      "train": 7,
      "operation": 303
    },
    {
      "time": 14812,
      "train": 8,
      "operation": 186
    },
    {
      "time": 14823,
      "train": 8,
      "operation": 188
    },
    {
      "time": 14935,
      "train": 0,
      "operation": 139
    },
    {
      "time": 14941,
      "train": 0,
      "operation": 141
    },
    {
      "time": 15028,
      "train": 8,
      "operation": 190
    },
    {
      "time": 15038,
      "train": 8,
      "operation": 192
    },
    {
      "time": 15040,
      "train": 0,
      "operation": 143
    },
    {
      "time": 15047,
      "train": 0,
      "operation": 145
    },
    {
      "time": 15295,
      "train": 7,
      "operation": 311
    },
    {
      "time": 15306,
      "train": 7,
      "operation": 313
    },
    {
      "time": 15446,
      "train": 0,
      "operation": 147
    },
    {
      "time": 15449,
      "train": 5,
      "operation": 132
    },
    {
      "time": 15456,
      "train": 0,
      "operation": 149
    },
    {
      "time": 15461,
      "train": 5,
      "operation": 134
    },
    {
      "time": 15507,
      "train": 7,
      "operation": 315
    },
    {
      "time": 15518,
      "train": 7,
      "operation": 317
    },
    {
      "time": 15584,
      "train": 8,
      "operation": 194
    },
    {
      "time": 15595,
      "train": 8,
      "operation": 196
    },
    {
      "time": 15655,
      "train": 0,
      "operation": 151
    },
    {
      "time": 15663,
      "train": 0,
      "operation": 153
    },
    {
      "time": 15795,
      "train": 8,
      "operation": 198
    },
    {
      "time": 15807,
      "train": 8,
      "operation": 200
    },
    {
      "time": 15966,
      "train": 7,
      "operation": 319
    },
    {
      "time": 15987,
      "train": 5,
      "operation": 136
    },
    {
      "time": 16004,
      "train": 7,
      "operation": 321
    },
    {
      "time": 16012,
      "train": 5,
      "operation": 138
    },
    {
      "time": 16237,
      "train": 7,
      "operation": 323
    },
    {
      "time": 16248,
      "train": 7,
      "operation": 325
    },
    {
      "time": 16536,
      "train": 0,
      "operation": 156
    },
    {
      "time": 16536,
      "train": 5,
      "operation": 140
    },
    {
      "time": 16547,
      "train": 0,
      "operation": 158
    },
    {
      "time": 16547,
      "train": 7,
      "operation": 326
    },
    {
      "time": 16551,
      "train": 7,
      "operation": 328
    },
    {
      "time": 16553,
      "train": 5,
      "operation": 142
    },
    {
      "time": 16580,
      "train": 8,
      "operation": 201
    },
    {
      "time": 16587,
      "train": 8,
      "operation": 203
    },
    {
      "time": 16628,
      "train": 7,
      "operation": 330
    },
    {
      "time": 16633,
      "train": 7,
      "operation": 332
    },
    {
      "time": 16710,
      "train": 8,
      "operation": 205
    },
    {
      "time": 16718,
      "train": 8,
      "operation": 207
    },
    {
      "time": 16772,
      "train": 0,
      "operation": 160
    },
    {
      "time": 16785,
      "train": 0,
      "operation": 162
    },
    {
      "time": 16924,
      "train": 7,
      "operation": 335
    },
    {
      "time": 16936,
      "train": 7,
      "operation": 337
    },
    {
      "time": 17073,
      "train": 7,
      "operation": 339
    },
    {
      "time": 17083,
      "train": 7,
      "operation": 341
    },
    {
      "time": 17190,
      "train": 8,
      "operation": 209
    },
    {
      "time": 17197,
      "train": 8,
      "operation": 211
    },
    {
      "time": 17315,
      "train": 8,
      "operation": 213
    },
    {
      "time": 17323,
      "train": 8,
      "operation": 215
    },
    {
      "time": 17465,
      "train": 7,
      "operation": 343
    },
    {
      "time": 17478,
      "train": 7,
      "operation": 345
    },
    {
      "time": 17583,
      "train": 5,
      "operation": 144
    },
    {
      "time": 17594,
      "train": 5,
      "operation": 146
    },
    {
      "time": 17675,
      "train": 0,
      "operation": 163
    },
    {
      "time": 17678,
      "train": 7,
      "operation": 347
    },
    {
      "time": 17682,
      "train": 0,
      "operation": 165
    },
    {
      "time": 17691,
      "train": 7,
      "operation": 349
    },
    {
      "time": 17802,
      "train": 8,
      "operation": 217
    },
    {
      "time": 17804,
      "train": 0,
      "operation": 167
    },
    {
      "time": 17811,
      "train": 0,
      "operation": 169
    },
    {
      "time": 17812,
      "train": 8,
      "operation": 219
    },
    {
      "time": 17819,
      "train": 5,
      "operation": 148
    },
    {
      "time": 17832,
      "train": 5,
      "operation": 150
    },
    {
      "time": 18011,
      "train": 8,
      "operation": 221
    },
    {
      "time": 18019,
      "train": 8,
      "operation": 223
    },
    {
      "time": 18179,
      "train": 7,
      "operation": 351
    },
    {
      "time": 18191,
      "train": 7,
      "operation": 353
    },
    {
      "time": 18391,
      "train": 7,
      "operation": 355
    },
    {
      "time": 18401,
      "train": 7,
      "operation": 357
    },
    {
      "time": 18658,
      "train": 7,
      "operation": 358
    },
    {
      "time": 18663,
      "train": 7,
      "operation": 359
    },
    {
      "time": 18670,
      "train": 0,
      "operation": 171
    },
    {
      "time": 18676,
      "train": 0,
      "operation": 173
    },
    {
      "time": 18712,
      "train": 7,
      "operation": 360
    },
    {
      "time": 18717,
      "train": 7,
      "operation": 361
    },
    {
      "time": 18771,
      "train": 0,
      "operation": 175
    },
    {
      "time": 18777,
      "train": 0,
      "operation": 177
    },
    {
      "time": 18900,
      "train": 5,
      "operation": 152
    },
    {
      "time": 18913,
      "train": 5,
      "operation": 154
    },
    {
      "time": 19043,
      "train": 7,
      "operation": 363
    },
    {
      "time": 19049,
      "train": 8,
      "operation": 225
    },
    {
      "time": 19055,
      "train": 7,
      "operation": 365
    },
    {
      "time": 19056,
      "train": 8,
      "operation": 227
    },
    {
      "time": 19156,
      "train": 5,
      "operation": 156
    },
    {
      "time": 19169,
      "train": 5,
      "operation": 158
    },
    {
      "time": 19191,
      "train": 8,
      "operation": 229
    },
    {
      "time": 19200,
      "train": 8,
      "operation": 231
    },
    {
      "time": 19315,
      "train": 7,
      "operation": 367
    },
    {
      "time": 19326,
      "train": 7,
      "operation": 369
    },
    {
      "time": 19471,
      "train": 0,
      "operation": 179
    },
    {
      "time": 19482,
      "train": 0,
      "operation": 180
    },
    {
      "time": 19698,
      "train": 7,
      "operation": 370
    },
    {
      "time": 19710,
      "train": 7,
      "operation": 372
    },
    {
      "time": 19758,
      "train": 0,
      "operation": 182
    },
    {
      "time": 19775,
      "train": 0,
      "operation": 184
    },
    {
      "time": 19860,
      "train": 7,
      "operation": 374
    },
    {
      "time": 19886,
      "train": 7,
      "operation": 377
    },
    {
      "time": 20013,
      "train": 0,
      "operation": 186
    },
    {
      "time": 20020,
      "train": 0,
      "operation": 188
    },
    {
      "time": 20102,
      "train": 0,
      "operation": 191
    },
    {
      "time": 20111,
      "train": 0,
      "operation": 193
    },
    {
      "time": 20169,
      "train": 7,
      "operation": 380
    },
    {
      "time": 20176,
      "train": 5,
      "operation": 160
    },
    {
      "time": 20188,
      "train": 5,
      "operation": 162
    },
    {
      "time": 20208,
      "train": 7,
      "operation": 383
    },
    {
      "time": 20268,
      "train": 8,
      "operation": 234
    },
    {
      "time": 20281,
      "train": 8,
      "operation": 236
    },
    {
      "time": 20376,
      "train": 5,
      "operation": 164
    },
    {
      "time": 20387,
      "train": 5,
      "operation": 166
    },
    {
      "time": 20524,
      "train": 8,
      "operation": 238
    },
    {
      "time": 20537,
      "train": 8,
      "operation": 240
    },
    {
      "time": 20566,
      "train": 0,
      "operation": 195
    },
    {
      "time": 20603,
      "train": 0,
      "operation": 197
    },
    {
      "time": 20891,
      "train": 7,
      "operation": 386
    },
    {
      "time": 20902,
      "train": 7,
      "operation": 387
    },
    {
      "time": 21021,
      "train": 7,
      "operation": 388
    },
    {
      "time": 21027,
      "train": 7,
      "operation": 390
    },
    {
      "time": 21112,
      "train": 7,
      "operation": 392
    },
    {
      "time": 21120,
      "train": 7,
      "operation": 394
    },
    {
      "time": 21200,
      "train": 5,
      "operation": 167
    },
    {
      "time": 21211,
      "train": 5,
      "operation": 168
    },
    {
      "time": 21432,
      "train": 7,
      "operation": 396
    },
    {
      "time": 21460,
      "train": 7,
      "operation": 398
    },
    {
      "time": 21490,
      "train": 5,
      "operation": 170
    },
    {
      "time": 21507,
      "train": 5,
      "operation": 172
    },
    {
      "time": 21540,
      "train": 0,
      "operation": 210
    },
    {
      "time": 21548,
      "train": 0,
      "operation": 212
    },
    {
      "time": 21554,
      "train": 8,
      "operation": 241
    },
    {
      "time": 21562,
      "train": 8,
      "operation": 243
    },
    {
      "time": 21675,
      "train": 8,
      "operation": 245
    },
    {
      "time": 21682,
      "train": 8,
      "operation": 247
    },
    {
      "time": 21688,
      "train": 0,
      "operation": 214
    },
    {
      "time": 21694,
      "train": 0,
      "operation": 216
    },
    {
      "time": 21697,
      "train": 7,
      "operation": 400
    },
    {
      "time": 21710,
      "train": 7,
      "operation": 402
    },
    {
      "time": 21793,
      "train": 5,
      "operation": 174
    },
    {
      "time": 21802,
      "train": 5,
      "operation": 176
    },
    {
      "time": 21900,
      "train": 5,
      "operation": 179
    },
    {
      "time": 21910,
      "train": 5,
      "operation": 181
    },
    {
      "time": 21983,
      "train": 7,
      "operation": 407
    },
    {
      "time": 21994,
      "train": 7,
      "operation": 409
    },
    {
      "time": 22161,
      "train": 7,
      "operation": 411
    },
    {
      "time": 22174,
      "train": 7,
      "operation": 413
    },
    {
      "time": 22188,
      "train": 0,
      "operation": 218
    },
    {
      "time": 22195,
      "train": 0,
      "operation": 219
    },
    {
      "time": 22295,
      "train": 0,
      "operation": 220
    },
    {
      "time": 22303,
      "train": 0,
      "operation": 221
    },
    {
      "time": 22360,
      "train": 7,
      "operation": 414
    },
    {
      "time": 22372,
      "train": 7,
      "operation": 415
    },
    {
      "time": 22455,
      "train": 5,
      "operation": 183
    },
    {
      "time": 22492,
      "train": 5,
      "operation": 185
    },
    {
      "time": 22495,
      "train": 8,
      "operation": 249
    },
    {
      "time": 22499,
      "train": 7,
      "operation": 416
    },
    {
      "time": 22506,
      "train": 8,
      "operation": 250
    },
    {
      "time": 22518,
      "train": 7,
      "operation": 418
    },
    {
      "time": 22639,
      "train": 7,
      "operation": 420
    },
    {
      "time": 22646,
      "train": 7,
      "operation": 422
    },
    {
      "time": 22797,
      "train": 8,
      "operation": 252
    },
    {
      "time": 22806,
      "train": 8,
      "operation": 254
    },
    {
      "time": 22943,
      "train": 7,
      "operation": 424
    },
    {
      "time": 22949,
      "train": 7,
      "operation": 426
    },
    {
      "time": 23011,
      "train": 7,
      "operation": 428
    },
    {
      "time": 23018,
      "train": 7,
      "operation": 430
    },
    {
      "time": 23092,
      "train": 8,
      "operation": 256
    },
    {
      "time": 23101,
      "train": 8,
      "operation": 258
    },
    {
      "time": 23199,
      "train": 8,
      "operation": 260
    },
    {
      "time": 23209,
      "train": 8,
      "operation": 263
    },
    {
      "time": 23261,
      "train": 7,
      "operation": 432
    },
    {
      "time": 23266,
      "train": 7,
      "operation": 434
    },
    {
      "time": 23373,
      "train": 7,
      "operation": 436
    },
    {
      "time": 23382,
      "train": 7,
      "operation": 438
    },
    {
      "time": 23440,
      "train": 0,
      "operation": 223
    },
    {
      "time": 23483,
      "train": 0,
      "operation": 225
    },
    {
      "time": 23577,
      "train": 5,
      "operation": 198
    },
    {
      "time": 23585,
      "train": 5,
      "operation": 200
    },
    {
      "time": 23662,
      "train": 7,
      "operation": 440
    },
    {
      "time": 23668,
      "train": 7,
      "operation": 441
    },
    {
      "time": 23684,
      "train": 0,
      "operation": 227
    },
    {
      "time": 23695,
      "train": 0,
      "operation": 229
    },
    {
      "time": 23730,
      "train": 5,
      "operation": 202
    },
    {
      "time": 23737,
      "train": 5,
      "operation": 204
    },
    {
      "time": 23750,
      "train": 7,
      "operation": 442
    },
    {
      "time": 23754,
      "train": 8,
      "operation": 269
    },
    {
      "time": 23756,
      "train": 7,
      "operation": 443
    },
    {
      "time": 23791,
      "train": 8,
      "operation": 271
    },
    {
      "time": 24155,
      "train": 7,
      "operation": 444
    },
    {
      "time": 24165,
      "train": 7,
      "operation": 445
    },
    {
      "time": 24292,
      "train": 0,
      "operation": 231
    },
    {
      "time": 24300,
      "train": 7,
      "operation": 446
    },
    {
      "time": 24305,
      "train": 0,
      "operation": 233
    },
    {
      "time": 24313,
      "train": 7,
      "operation": 448
    },
    {
      "time": 24329,
      "train": 5,
      "operation": 206
    },
    {
      "time": 24336,
      "train": 5,
      "operation": 207
    },
    {
      "time": 24436,
      "train": 5,
      "operation": 208
    },
    {
      "time": 24444,
      "train": 5,
      "operation": 209
    },
    {
      "time": 24518,
      "train": 7,
      "operation": 450
    },
    {
      "time": 24525,
      "train": 7,
      "operation": 452
    },
    {
      "time": 24557,
      "train": 0,
      "operation": 235
    },
    {
      "time": 24568,
      "train": 0,
      "operation": 237
    },
    {
      "time": 24884,
      "train": 8,
      "operation": 285
    },
    {
      "time": 24893,
      "train": 8,
      "operation": 287
    },
    {
      "time": 25027,
      "train": 7,
      "operation": 454
    },
    {
      "time": 25032,
      "train": 7,
      "operation": 456
    },
    {
      "time": 25047,
      "train": 8,
      "operation": 289
    },
    {
      "time": 25054,
      "train": 8,
      "operation": 291
    },
    {
      "time": 25120,
      "train": 7,
      "operation": 458
    },
    {
      "time": 25126,
      "train": 7,
      "operation": 460
    },
    {
      "time": 25377,
      "train": 7,
      "operation": 463
    },
    {
      "time": 25394,
      "train": 7,
      "operation": 465
    },
    {
      "time": 25472,
      "train": 0,
      "operation": 238
    },
    {
      "time": 25477,
      "train": 0,
      "operation": 240
    },
    {
      "time": 25564,
      "train": 7,
      "operation": 467
    },
    {
      "time": 25566,
      "train": 0,
      "operation": 242
    },
    {
      "time": 25572,
      "train": 0,
      "operation": 244
    },
    {
      "time": 25581,
      "train": 7,
      "operation": 469
    },
    {
      "time": 25596,
      "train": 5,
      "operation": 211
    },
    {
      "time": 25639,
      "train": 5,
      "operation": 213
    },
    {
      "time": 25646,
      "train": 8,
      "operation": 293
    },
    {
      "time": 25653,
      "train": 8,
      "operation": 294
    },
    {
      "time": 25753,
      "train": 8,
      "operation": 295
    },
    {
      "time": 25761,
      "train": 8,
      "operation": 296
    },
    {
      "time": 25792,
      "train": 7,
      "operation": 471
    },
    {
      "time": 25810,
      "train": 7,
      "operation": 473
    },
    {
      "time": 25840,
      "train": 5,
      "operation": 215
    },
    {
      "time": 25851,
      "train": 5,
      "operation": 217
    },
    {
      "time": 25980,
      "train": 7,
      "operation": 475
    },
    {
      "time": 25995,
      "train": 7,
      "operation": 477
    },
    {
      "time": 26192,
      "train": 0,
      "operation": 247
    },
    {
      "time": 26198,
      "train": 0,
      "operation": 249
    },
    {
      "time": 26319,
      "train": 7,
      "operation": 479
    },
    {
      "time": 26334,
      "train": 7,
      "operation": 481
    },
    {
      "time": 26435,
      "train": 0,
      "operation": 251
    },
    {
      "time": 26451,
      "train": 0,
      "operation": 253
    },
    {
      "time": 26567,
      "train": 5,
      "operation": 219
    },
    {
      "time": 26580,
      "train": 5,
      "operation": 221
    },
    {
      "time": 26587,
      "train": 7,
      "operation": 483
    },
    {
      "time": 26601,
      "train": 7,
      "operation": 485
    },
    {
      "time": 26703,
      "train": 0,
      "operation": 255
    },
    {
      "time": 26714,
      "train": 0,
      "operation": 257
    },
    {
      "time": 26832,
      "train": 5,
      "operation": 223
    },
    {
      "time": 26843,
      "train": 5,
      "operation": 225
    },
    {
      "time": 26939,
      "train": 0,
      "operation": 259
    },
    {
      "time": 26950,
      "train": 0,
      "operation": 261
    },
    {
      "time": 26970,
      "train": 8,
      "operation": 297
    },
    {
      "time": 26993,
      "train": 7,
      "operation": 486
    },
    {
      "time": 26993,
      "train": 8,
      "operation": 299
    },
    {
      "time": 26999,
      "train": 7,
      "operation": 488
    },
    {
      "time": 27072,
      "train": 7,
      "operation": 490
    },
    {
      "time": 27079,
      "train": 7,
      "operation": 492
    },
    {
      "time": 27096,
      "train": 8,
      "operation": 301
    },
    {
      "time": 27103,
      "train": 8,
      "operation": 303
    },
    {
      "time": 27363,
      "train": 7,
      "operation": 494
    },
    {
      "time": 27369,
      "train": 7,
      "operation": 495
    },
    {
      "time": 27429,
      "train": 7,
      "operation": 496
    },
    {
      "time": 27435,
      "train": 7,
      "operation": 497
    },
    {
      "time": 27612,
      "train": 7,
      "operation": 498
    },
    {
      "time": 27618,
      "train": 7,
      "operation": 500
    },
    {
      "time": 27728,
      "train": 7,
      "operation": 502
    },
    {
      "time": 27737,
      "train": 7,
      "operation": 504
    },
    {
      "time": 27755,
      "train": 0,
      "operation": 263
    },
    {
      "time": 27769,
      "train": 0,
      "operation": 265
    },
    {
      "time": 27797,
      "train": 7,
      "operation": 507
    },
    {
      "time": 27808,
      "train": 7,
      "operation": 511
    },
    {
      "time": 27819,
      "train": 8,
      "operation": 305
    },
    {
      "time": 27826,
      "train": 8,
      "operation": 307
    },
    {
      "time": 27929,
      "train": 5,
      "operation": 227
    },
    {
      "time": 27939,
      "train": 5,
      "operation": 229
    },
    {
      "time": 27953,
      "train": 8,
      "operation": 309
    },
    {
      "time": 27960,
      "train": 8,
      "operation": 311
    },
    {
      "time": 27989,
      "train": 0,
      "operation": 267
    },
    {
      "time": 28002,
      "train": 0,
      "operation": 269
    },
    {
      "time": 28084,
      "train": 7,
      "operation": 515
    },
    {
      "time": 28090,
      "train": 7,
      "operation": 518
    },
    {
      "time": 28146,
      "train": 7,
      "operation": 522
    },
    {
      "time": 28150,
      "train": 5,
      "operation": 231
    },
    {
      "time": 28156,
      "train": 7,
      "operation": 526
    },
    {
      "time": 28163,
      "train": 5,
      "operation": 233
    },
    {
      "time": 28451,
      "train": 0,
      "operation": 270
    },
    {
      "time": 28456,
      "train": 0,
      "operation": 272
    },
    {
      "time": 28520,
      "train": 7,
      "operation": 529
    },
    {
      "time": 28531,
      "train": 7,
      "operation": 531
    },
    {
      "time": 28566,
      "train": 0,
      "operation": 274
    },
    {
      "time": 28572,
      "train": 0,
      "operation": 276
    },
    {
      "time": 28883,
      "train": 5,
      "operation": 234
    },
    {
      "time": 28898,
      "train": 5,
      "operation": 236
    },
    {
      "time": 28966,
      "train": 7,
      "operation": 535
    },
    {
      "time": 28970,
      "train": 0,
      "operation": 278
    },
    {
      "time": 28984,
      "train": 0,
      "operation": 280
    },
    {
      "time": 28988,
      "train": 7,
      "operation": 539
    },
    {
      "time": 29046,
      "train": 8,
      "operation": 313
    },
    {
      "time": 29051,
      "train": 8,
      "operation": 315
    },
    {
      "time": 29087,
      "train": 0,
      "operation": 282
    },
    {
      "time": 29094,
      "train": 0,
      "operation": 284
    },
    {
      "time": 29158,
      "train": 8,
      "operation": 317
    },
    {
      "time": 29165,
      "train": 8,
      "operation": 319
    },
    {
      "time": 29225,
      "train": 5,
      "operation": 238
    },
    {
      "time": 29236,
      "train": 5,
      "operation": 240
    },
    {
      "time": 29311,
      "train": 7,
      "operation": 542
    },
    {
      "time": 29322,
      "train": 7,
      "operation": 545
    },
    {
      "time": 29467,
      "train": 7,
      "operation": 548
    },
    {
      "time": 29494,
      "train": 7,
      "operation": 551
    },
    {
      "time": 29498,
      "train": 5,
      "operation": 242
    },
    {
      "time": 29505,
      "train": 5,
      "operation": 244
    },
    {
      "time": 29518,
      "train": 7,
      "operation": 554
    },
    {
      "time": 29546,
      "train": 7,
      "operation": 557
    },
    {
      "time": 29571,
      "train": 7,
      "operation": 560
    },
    {
      "time": 29592,
      "train": 7,
      "operation": 565
    },
    {
      "time": 29603,
      "train": 7,
      "operation": 566
    },
    {
      "time": 29612,
      "train": 0,
      "operation": 286
    },
    {
      "time": 29621,
      "train": 0,
      "operation": 288
    },
    {
      "time": 29637,
      "train": 5,
      "operation": 246
    },
    {
      "time": 29644,
      "train": 5,
      "operation": 248
    },
    {
      "time": 29709,
      "train": 7,
      "operation": 568
    },
    {
      "time": 29755,
      "train": 0,
      "operation": 290
    },
    {
      "time": 29760,
      "train": 7,
      "operation": 570
    },
    {
      "time": 29764,
      "train": 0,
      "operation": 292
    },
    {
      "time": 29890,
      "train": 7,
      "operation": 572
    },
    {
      "time": 29894,
      "train": 8,
      "operation": 322
    },
    {
      "time": 29901,
      "train": 7,
      "operation": 575
    },
    {
      "time": 29901,
      "train": 8,
      "operation": 324
    },
    {
      "time": 29929,
      "train": 7,
      "operation": 579
    },
    {
      "time": 29959,
      "train": 7,
      "operation": 584
    },
    {
      "time": 30138,
      "train": 8,
      "operation": 326
    },
    {
      "time": 30143,
      "train": 8,
      "operation": 327
    },
    {
      "time": 30158,
      "train": 7,
      "operation": 588
    },
    {
      "time": 30164,
      "train": 7,
      "operation": 591
    },
    {
      "time": 30360,
      "train": 7,
      "operation": 594
    },
    {
      "time": 30399,
      "train": 7,
      "operation": 596
    },
    {
      "time": 30531,
      "train": 0,
      "operation": 294
    },
    {
      "time": 30537,
      "train": 0,
      "operation": 296
    },
    {
      "time": 30566,
      "train": 5,
      "operation": 251
    },
    {
      "time": 30580,
      "train": 5,
      "operation": 253
    },
    {
      "time": 30628,
      "train": 0,
      "operation": 298
    },
    {
      "time": 30634,
      "train": 0,
      "operation": 300
    },
    {
      "time": 30800,
      "train": 5,
      "operation": 255
    },
    {
      "time": 30813,
      "train": 5,
      "operation": 257
    },
    {
      "time": 30873,
      "train": 7,
      "operation": 598
    },
    {
      "time": 30878,
      "train": 7,
      "operation": 600
    },
    {
      "time": 31270,
      "train": 5,
      "operation": 259
    },
    {
      "time": 31281,
      "train": 5,
      "operation": 261
    },
    {
      "time": 31541,
      "train": 5,
      "operation": 263
    },
    {
      "time": 31551,
      "train": 0,
      "operation": 302
    },
    {
      "time": 31554,
      "train": 5,
      "operation": 265
    },
    {
      "time": 31556,
      "train": 0,
      "operation": 304
    },
    {
      "time": 31651,
      "train": 0,
      "operation": 306
    },
    {
      "time": 31657,
      "train": 0,
      "operation": 308
    },
    {
      "time": 32032,
      "train": 5,
      "operation": 266
    },
    {
      "time": 32047,
      "train": 5,
      "operation": 268
    },
    {
      "time": 32061,
      "train": 0,
      "operation": 311
    },
    {
      "time": 32076,
      "train": 0,
      "operation": 313
    },
    {
      "time": 32161,
      "train": 5,
      "operation": 270
    },
    {
      "time": 32168,
      "train": 5,
      "operation": 272
    },
    {
      "time": 32321,
      "train": 0,
      "operation": 315
    },
    {
      "time": 32334,
      "train": 0,
      "operation": 317
    },
    {
      "time": 32706,
      "train": 5,
      "operation": 275
    },
    {
      "time": 32720,
      "train": 5,
      "operation": 277
    },
    {
      "time": 32932,
      "train": 5,
      "operation": 279
    },
    {
      "time": 32945,
      "train": 5,
      "operation": 281
    },
    {
      "time": 33011,
      "train": 0,
      "operation": 319
    },
    {
      "time": 33026,
      "train": 0,
      "operation": 321
    },
    {
      "time": 33236,
      "train": 0,
      "operation": 323
    },
    {
      "time": 33250,
      "train": 0,
      "operation": 325
    },
    {
      "time": 33719,
      "train": 5,
      "operation": 282
    },
    {
      "time": 33726,
      "train": 5,
      "operation": 284
    },
    {
      "time": 33800,
      "train": 0,
      "operation": 327
    },
    {
      "time": 33811,
      "train": 0,
      "operation": 329
    },
    {
      "time": 33835,
      "train": 5,
      "operation": 286
    },
    {
      "time": 33842,
      "train": 5,
      "operation": 288
    },
    {
      "time": 34060,
      "train": 0,
      "operation": 331
    },
    {
      "time": 34073,
      "train": 0,
      "operation": 333
    },
    {
      "time": 34629,
      "train": 0,
      "operation": 334
    },
    {
      "time": 34636,
      "train": 0,
      "operation": 335
    },
    {
      "time": 34726,
      "train": 0,
      "operation": 336
    },
    {
      "time": 34734,
      "train": 0,
      "operation": 337
    },
    {
      "time": 34875,
      "train": 5,
      "operation": 290
    },
    {
      "time": 34881,
      "train": 5,
      "operation": 292
    },
    {
      "time": 34995,
      "train": 5,
      "operation": 294
    },
    {
      "time": 35002,
      "train": 5,
      "operation": 296
    },
    {
      "time": 35348,
      "train": 0,
      "operation": 338
    },
    {
      "time": 35354,
      "train": 0,
      "operation": 340
    },
    {
      "time": 35456,
      "train": 0,
      "operation": 342
    },
    {
      "time": 35463,
      "train": 0,
      "operation": 344
    },
    {
      "time": 35486,
      "train": 5,
      "operation": 298
    },
    {
      "time": 35494,
      "train": 5,
      "operation": 300
    },
    {
      "time": 35618,
      "train": 5,
      "operation": 302
    },
    {
      "time": 35625,
      "train": 5,
      "operation": 304
    },
    {
      "time": 36195,
      "train": 0,
      "operation": 347
    },
    {
      "time": 36205,
      "train": 0,
      "operation": 349
    },
    {
      "time": 36320,
      "train": 5,
      "operation": 306
    },
    {
      "time": 36328,
      "train": 5,
      "operation": 308
    },
    {
      "time": 36434,
      "train": 5,
      "operation": 310
    },
    {
      "time": 36441,
      "train": 5,
      "operation": 312
    },
    {
      "time": 36609,
      "train": 0,
      "operation": 351
    },
    {
      "time": 36620,
      "train": 0,
      "operation": 354
    },
    {
      "time": 36835,
      "train": 0,
      "operation": 356
    },
    {
      "time": 36849,
      "train": 0,
      "operation": 359
    },
    {
      "time": 37044,
      "train": 5,
      "operation": 314
    },
    {
      "time": 37051,
      "train": 5,
      "operation": 316
    },
    {
      "time": 37073,
      "train": 0,
      "operation": 362
    },
    {
      "time": 37080,
      "train": 0,
      "operation": 365
    },
    {
      "time": 37190,
      "train": 5,
      "operation": 318
    },
    {
      "time": 37197,
      "train": 5,
      "operation": 320
    },
    {
      "time": 37320,
      "train": 0,
      "operation": 369
    },
    {
      "time": 37329,
      "train": 0,
      "operation": 371
    },
    {
      "time": 37462,
      "train": 0,
      "operation": 373
    },
    {
      "time": 37470,
      "train": 0,
      "operation": 375
    },
    {
      "time": 37495,
      "train": 0,
      "operation": 377
    },
    {
      "time": 37523,
      "train": 0,
      "operation": 379
    },
    {
      "time": 37839,
      "train": 5,
      "operation": 322
    },
    {
      "time": 37847,
      "train": 5,
      "operation": 323
    },
    {
      "time": 37954,
      "train": 5,
      "operation": 324
    },
    {
      "time": 37963,
      "train": 5,
      "operation": 325
    },
    {
      "time": 38188,
      "train": 0,
      "operation": 381
    },
    {
      "time": 38200,
      "train": 0,
      "operation": 382
    },
    {
      "time": 38358,
      "train": 0,
      "operation": 383
    },
    {
      "time": 38372,
      "train": 0,
      "operation": 384
    },
    {
      "time": 38604,
      "train": 5,
      "operation": 326
    },
    {
      "time": 38610,
      "train": 5,
      "operation": 328
    },
    {
      "time": 38648,
      "train": 0,
      "operation": 386
    },
    {
      "time": 38655,
      "train": 0,
      "operation": 388
    },
    {
      "time": 38712,
      "train": 5,
      "operation": 330
    },
    {
      "time": 38719,
      "train": 5,
      "operation": 332
    },
    {
      "time": 39063,
      "train": 0,
      "operation": 390
    },
    {
      "time": 39071,
      "train": 0,
      "operation": 392
    },
    {
      "time": 39346,
      "train": 0,
      "operation": 393
    },
    {
      "time": 39356,
      "train": 0,
      "operation": 395
    },
    {
      "time": 39451,
      "train": 5,
      "operation": 334
    },
    {
      "time": 39461,
      "train": 5,
      "operation": 336
    },
    {
      "time": 39570,
      "train": 0,
      "operation": 397
    },
    {
      "time": 39577,
      "train": 0,
      "operation": 399
    },
    {
      "time": 39868,
      "train": 5,
      "operation": 338
    },
    {
      "time": 39876,
      "train": 5,
      "operation": 340
    },
    {
      "time": 39942,
      "train": 0,
      "operation": 402
    },
    {
      "time": 39953,
      "train": 0,
      "operation": 404
    },
    {
      "time": 40094,
      "train": 5,
      "operation": 342
    },
    {
      "time": 40108,
      "train": 5,
      "operation": 343
    },
    {
      "time": 40154,
      "train": 0,
      "operation": 406
    },
    {
      "time": 40164,
      "train": 0,
      "operation": 408
    },
    {
      "time": 40332,
      "train": 5,
      "operation": 344
    },
    {
      "time": 40340,
      "train": 5,
      "operation": 345
    },
    {
      "time": 40604,
      "train": 5,
      "operation": 346
    },
    {
      "time": 40612,
      "train": 0,
      "operation": 410
    },
    {
      "time": 40614,
      "train": 5,
      "operation": 348
    },
    {
      "time": 40625,
      "train": 0,
      "operation": 412
    },
    {
      "time": 40760,
      "train": 5,
      "operation": 350
    },
    {
      "time": 40769,
      "train": 5,
      "operation": 352
    },
    {
      "time": 40796,
      "train": 5,
      "operation": 354
    },
    {
      "time": 40824,
      "train": 5,
      "operation": 356
    },
    {
      "time": 40862,
      "train": 0,
      "operation": 414
    },
    {
      "time": 40881,
      "train": 0,
      "operation": 416
    },
    {
      "time": 40934,
      "train": 0,
      "operation": 418
    },
    {
      "time": 40938,
      "train": 0,
      "operation": 420
    },
    {
      "time": 40990,
      "train": 0,
      "operation": 422
    },
    {
      "time": 40992,
      "train": 0,
      "operation": 425
    },
    {
      "time": 41551,
      "train": 5,
      "operation": 358
    },
    {
      "time": 41563,
      "train": 5,
      "operation": 359
    },
    {
      "time": 41724,
      "train": 5,
      "operation": 360
    },
    {
      "time": 41738,
      "train": 5,
      "operation": 361
    },
    {
      "time": 42069,
      "train": 5,
      "operation": 363
    },
    {
      "time": 42077,
      "train": 5,
      "operation": 365
    },
    {
      "time": 42566,
      "train": 5,
      "operation": 367
    },
    {
      "time": 42575,
      "train": 5,
      "operation": 369
    },
    {
      "time": 42881,
      "train": 5,
      "operation": 370
    },
    {
      "time": 42892,
      "train": 5,
      "operation": 372
    },
    {
      "time": 43124,
      "train": 5,
      "operation": 374
    },
    {
      "time": 43131,
      "train": 5,
      "operation": 376
    },
    {
      "time": 43534,
      "train": 5,
      "operation": 379
    },
    {
      "time": 43545,
      "train": 5,
      "operation": 381
    },
    {
      "time": 43755,
      "train": 5,
      "operation": 383
    },
    {
      "time": 43765,
      "train": 5,
      "operation": 385
    },
    {
      "time": 44213,
      "train": 5,
      "operation": 387
    },
    {
      "time": 44226,
      "train": 5,
      "operation": 389
    },
    {
      "time": 44484,
      "train": 5,
      "operation": 391
    },
    {
      "time": 44503,
      "train": 5,
      "operation": 393
    },
    {
      "time": 44556,
      "train": 5,
      "operation": 395
    },
    {
      "time": 44557,
      "train": 5,
      "operation": 397
    },
    {
      "time": 44609,
      "train": 5,
      "operation": 399
    },
    {
      "time": 44613,
      "train": 5,
      "operation": 402
    }
  ]
}