{
  "objective_value": 8383,
  "events": [
    {
      "time": 0,
      "train": 0,
      "operation": 0
    },
    {
      "time": 0,
      "train": 1,
      "operation": 0
    },
    {
      "time": 0,
      "train": 2,
      "operation": 0
    },
    {
      "time": 0,
      "train": 3,
      "operation": 0
    },
    {
      "time": 0,
      "train": 4,
      "operation": 0
    },
    {
      "time": 3,
      "train": 4,
      "operation": 1
    },
    {
      "time": 32,
      "train": 4,
      "operation": 2
    },
    {
      "time": 48,
      "train": 1,
      "operation": 1
    },
    {
      "time": 156,
      "train": 2,
      "operation": 1
    },
    {
      "time": 165,
      "train": 2,
      "operation": 2
    },
    {
      "time": 218,
      "train": 1,
      "operation": 2
    },
    {
      "time": 304,
      "train": 4,
      "operation": 3
    },
    {
      "time": 359,
      "train": 2,
      "operation": 3
    },
    {
      "time": 370,
      "train": 2,
      "operation": 4
    },
    {
      "time": 376,
      "train": 4,
      "operation": 4
    },
    {
      "time": 495,
      "train": 1,
      "operation": 3
    },
    {
      "time": 502,
      "train": 1,
      "operation": 5
    },
    {
      "time": 617,
      "train": 1,
      "operation": 7
    },
    {
      "time": 619,
      "train": 0,
      "operation": 1
    },
    {
      "time": 646,
      "train": 1,
      "operation": 9
    },
    {
      "time": 703,
      "train": 3,
      "operation": 1
    },
    {
      "time": 714,
      "train": 3,
      "operation": 2
    },
    {
      "time": 716,
      "train": 0,
      "operation": 2
    },
    {
      "time": 896,
      "train": 3,
      "operation": 3
    },
    {
      "time": 917,
      "train": 3,
      "operation": 4
    },
    {
      "time": 988,
      "train": 2,
      "operation": 5
    },
    {
      "time": 993,
      "train": 0,
      "operation": 4
    },
    {
      "time": 1003,
      "train": 0,
      "operation": 6
    },
    {
      "time": 1005,
      "train": 2,
      "operation": 7
    },
    {
      "time": 1037,
      "train": 4,
      "operation": 5
    },
    {
      "time": 1062,
      "train": 4,
      "operation": 6
    },
    {
      "time": 1176,
      "train": 1,
      "operation": 12
    },
    {
      "time": 1200,
      "train": 0,
      "operation": 8
    },
    {
      "time": 1202,
      "train": 2,
      "operation": 9
    },
    {
      "time": 1207,
      "train": 2,
      "operation": 11
    },
    {
      "time": 1222,
      "train": 0,
      "operation": 10
    },
    {
      "time": 1248,
      "train": 1,
      "operation": 14
    },
    {
      "time": 1316,
      "train": 3,
      "operation": 5
    },
    {
      "time": 1322,
      "train": 3,
      "operation": 6
    },
    {
      "time": 1438,
      "train": 3,
      "operation": 7
    },
    {
      "time": 1441,
      "train": 0,
      "operation": 11
    },
    {
      "time": 1445,
      "train": 3,
      "operation": 8
    },
    {
      "time": 1450,
      "train": 0,
      "operation": 13
    },
    {
      "time": 1484,
      "train": 2,
      "operation": 14
    },
    {
      "time": 1494,
      "train": 2,
      "operation": 16
    },
    {
      "time": 1610,
      "train": 2,
      "operation": 18
    },
    {
      "time": 1611,
      "train": 4,
      "operation": 7
    },
    {
      "time": 1616,
      "train": 0,
      "operation": 15
    },
    {
      "time": 1626,
      "train": 0,
      "operation": 17
    },
    {
      "time": 1627,
      "train": 4,
      "operation": 8
    },
    {
      "time": 1639,
      "train": 2,
      "operation": 20
    },
    {
      "time": 1843,
      "train": 0,
      "operation": 19
    },
    {
      "time": 1855,
      "train": 3,
      "operation": 9
    },
    {
      "time": 1856,
      "train": 0,
      "operation": 21
    },
    {
      "time": 1861,
      "train": 3,
      "operation": 10
    },
    {
      "time": 1895,
      "train": 1,
      "operation": 18
    },
    {
      "time": 1911,
      "train": 2,
      "operation": 21
    },
    {
      "time": 1920,
      "train": 1,
      "operation": 22
    },
    {
      "time": 1978,
      "train": 3,
      "operation": 11
    },
    {
      "time": 1983,
      "train": 2,
      "operation": 23
    },
    {
      "time": 2006,
      "train": 3,
      "operation": 12
    },
    {
      "time": 2008,
      "train": 4,
      "operation": 9
    },
    {
      "time": 2013,
      "train": 4,
      "operation": 10
    },
    {
      "time": 2174,
      "train": 4,
      "operation": 11
    },
    {
      "time": 2180,
      "train": 4,
      "operation": 12
    },
    {
      "time": 2447,
      "train": 1,
      "operation": 24
    },
    {
      "time": 2463,
      "train": 1,
      "operation": 26
    },
    {
      "time": 2523,
      "train": 4,
      "operation": 13
    },
    {
      "time": 2531,
      "train": 4,
      "operation": 14
    },
    {
      "time": 2617,
      "train": 4,
      "operation": 15
    },
    {
      "time": 2643,
      "train": 4,
      "operation": 16
    },
    {
      "time": 2647,
      "train": 2,
      "operation": 25
    },
    {
      "time": 2672,
      "train": 2,
      "operation": 29
    },
    {
      "time": 2795,
      "train": 3,
      "operation": 13
    },
    {
      "time": 2815,
      "train": 3,
      "operation": 14
    },
    {
      "time": 2844,
      "train": 1,
      "operation": 28
    },
    {
      "time": 2853,
      "train": 1,
      "operation": 30
    },
    {
      "time": 3017,
      "train": 0,
      "operation": 23
    },
    {
      "time": 3026,
      "train": 0,
      "operation": 27
    },
    {
      "time": 3097,
      "train": 3,
      "operation": 15
    },
    {
      "time": 3103,
      "train": 3,
      "operation": 16
    },
    {
      "time": 3125,
      "train": 4,
      "operation": 17
    },
    {
      "time": 3139,
      "train": 4,
      "operation": 18
    },
    {
      "time": 3178,
      "train": 0,
      "operation": 31
    },
    {
      "time": 3199,
      "train": 0,
      "operation": 33
    },
    {
      "time": 3199,
      "train": 2,
      "operation": 33
    },
    {
      "time": 3200,
      "train": 1,
      "operation": 32
    },
    {
      "time": 3211,
      "train": 1,
      "operation": 34
    },
    {
      "time": 3218,
      "train": 3,
      "operation": 17
    },
    {
      "time": 3221,
      "train": 2,
      "operation": 35
    },
    {
      "time": 3225,
      "train": 3,
      "operation": 18
    },
    {
      "time": 3554,
      "train": 0,
      "operation": 36
    },
    {
      "time": 3554,
      "train": 1,
      "operation": 36
    },
    {
      "time": 3563,
      "train": 0,
      "operation": 38
    },
    {
      "time": 3565,
      "train": 1,
      "operation": 38
    },
    {
      "time": 3602,
      "train": 2,
      "operation": 38
    },
    {
      "time": 3611,
      "train": 2,
      "operation": 40
    },
    {
      "time": 3651,
      "train": 1,
      "operation": 41
    },
    {
      "time": 3677,
      "train": 1,
      "operation": 44
    },
    {
      "time": 3697,
      "train": 4,
      "operation": 19
    },
    {
      "time": 3712,
      "train": 4,
      "operation": 20
    },
    {
      "time": 3755,
      "train": 0,
      "operation": 40
    },
    {
      "time": 3766,
      "train": 0,
      "operation": 42
    },
    {
      "time": 3767,
      "train": 3,
      "operation": 19
    },
    {
      "time": 3773,
      "train": 3,
      "operation": 20
    },
    {
      "time": 3958,
      "train": 2,
      "operation": 42
    },
    {
      "time": 3969,
      "train": 2,
      "operation": 44
    },
    {
      "time": 3979,
      "train": 3,
      "operation": 21
    },
    {
      "time": 3986,
      "train": 3,
      "operation": 22
    },
    {
      "time": 4082,
      "train": 0,
      "operation": 43
    },
    {
      "time": 4087,
      "train": 0,
      "operation": 44
    },
    {
      "time": 4159,
      "train": 1,
      "operation": 47
    },
    {
      "time": 4174,
      "train": 1,
      "operation": 50
    },
    {
      "time": 4178,
      "train": 0,
      "operation": 46
    },
    {
      "time": 4206,
      "train": 0,
      "operation": 48
    },
    {
      "time": 4312,
      "train": 2,
      "operation": 46
    },
    {
      "time": 4323,
      "train": 2,
      "operation": 48
    },
    {
      "time": 4409,
      "train": 2,
      "operation": 51
    },
    {
      "time": 4435,
      "train": 2,
      "operation": 54
    },
    {
      "time": 4451,
      "train": 3,
      "operation": 23
    },
    {
      "time": 4470,
      "train": 3,
      "operation": 24
    },
    {
      "time": 4477,
      "train": 4,
      "operation": 21
    },
    {
      "time": 4494,
      "train": 4,
      "operation": 22
    },
    {
      "time": 4606,
      "train": 4,
      "operation": 23
    },
    {
      "time": 4628,
      "train": 4,
      "operation": 24
    },
    {
      "time": 4732,
      "train": 1,
      "operation": 53
    },
    {
      "time": 4747,
      "train": 1,
      "operation": 56
    },
    {
      "time": 4879,
      "train": 0,
      "operation": 50
    },
    {
      "time": 4899,
      "train": 0,
      "operation": 52
    },
    {
      "time": 4923,
      "train": 3,
      "operation": 25
    },
    {
      "time": 4946,
      "train": 2,
      "operation": 57
    },
    {
      "time": 4948,
      "train": 3,
      "operation": 26
    },
    {
      "time": 4961,
      "train": 2,
      "operation": 60
    },
    {
      "time": 5116,
      "train": 0,
      "operation": 54
    },
    {
      "time": 5125,
      "train": 0,
      "operation": 56
    },
    {
      "time": 5153,
      "train": 1,
      "operation": 58
    },
    {
      "time": 5170,
      "train": 1,
      "operation": 60
    },
    {
      "time": 5286,
      "train": 4,
      "operation": 25
    },
    {
      "time": 5302,
      "train": 4,
      "operation": 26
    },
    {
      "time": 5316,
      "train": 0,
      "operation": 58
    },
    {
      "time": 5326,
      "train": 0,
      "operation": 60
    },
    {
      "time": 5337,
      "train": 3,
      "operation": 27
    },
    {
      "time": 5356,
      "train": 3,
      "operation": 28
    },
    {
      "time": 5366,
      "train": 1,
      "operation": 62
    },
    {
      "time": 5375,
      "train": 1,
      "operation": 65
    },
    {
      "time": 5458,
      "train": 1,
      "operation": 67
    },
    {
      "time": 5488,
      "train": 1,
      "operation": 71
    },
    {
      "time": 5519,
      "train": 2,
      "operation": 62
    },
    {
      "time": 5539,
      "train": 2,
      "operation": 65
    },
    {
      "time": 5743,
      "train": 0,
      "operation": 62
    },
    {
      "time": 5752,
      "train": 0,
      "operation": 64
    },
    {
      "time": 5804,
      "train": 4,
      "operation": 27
    },
    {
      "time": 5819,
      "train": 4,
      "operation": 28
    },
    {
      "time": 5828,
      "train": 3,
      "operation": 29
    },
    {
      "time": 5834,
      "train": 3,
      "operation": 31
    },
    {
      "time": 6048,
      "train": 3,
      "operation": 33
    },
    {
      "time": 6055,
      "train": 3,
      "operation": 35
    },
    {
      "time": 6095,
      "train": 0,
      "operation": 66
    },
    {
      "time": 6099,
      "train": 1,
      "operation": 75
    },
    {
      "time": 6105,
      "train": 0,
      "operation": 68
    },
    {
      "time": 6115,
      "train": 1,
      "operation": 78
    },
    {
      "time": 6247,
      "train": 2,
      "operation": 67
    },
    {
      "time": 6264,
      "train": 2,
      "operation": 69
    },
    {
      "time": 6365,
      "train": 3,
      "operation": 37
    },
    {
      "time": 6370,
      "train": 4,
      "operation": 29
    },
    {
      "time": 6371,
      "train": 3,
      "operation": 39
    },
    {
      "time": 6376,
      "train": 2,
      "operation": 71
    },
    {
      "time": 6392,
      "train": 4,
      "operation": 30
    },
    {
      "time": 6398,
      "train": 2,
      "operation": 74
    },
    {
      "time": 6464,
      "train": 0,
      "operation": 69
    },
    {
      "time": 6486,
      "train": 3,
      "operation": 41
    },
    {
      "time": 6488,
      "train": 0,
      "operation": 71
    },
    {
      "time": 6492,
      "train": 3,
      "operation": 43
    },
    {
      "time": 6525,
      "train": 4,
      "operation": 31
    },
    {
      "time": 6530,
      "train": 4,
      "operation": 33
    },
    {
      "time": 6617,
      "train": 1,
      "operation": 81
    },
    {
      "time": 6627,
      "train": 4,
      "operation": 35
    },
    {
      "time": 6632,
      "train": 1,
      "operation": 84
    },
    {
      "time": 6633,
      "train": 4,
      "operation": 37
    },
    {
      "time": 6884,
      "train": 0,
      "operation": 73
    },
    {
      "time": 6902,
      "train": 0,
      "operation": 75
    },
    {
      "time": 6966,
      "train": 4,
      "operation": 40
    },
    {
      "time": 6975,
      "train": 4,
      "operation": 42
    },
    {
      "time": 7004,
      "train": 3,
      "operation": 45
    },
    {
      "time": 7009,
      "train": 2,
      "operation": 85
    },
    {
      "time": 7010,
      "train": 3,
      "operation": 47
    },
    {
      "time": 7025,
      "train": 2,
      "operation": 88
    },
    {
      "time": 7180,
      "train": 0,
      "operation": 77
    },
    {
      "time": 7183,
      "train": 1,
      "operation": 87
    },
    {
      "time": 7204,
      "train": 0,
      "operation": 79
    },
    {
      "time": 7205,
      "train": 1,
      "operation": 89
    },
    {
      "time": 7245,
      "train": 3,
      "operation": 49
    },
    {
      "time": 7252,
      "train": 3,
      "operation": 51
    },
    {
      "time": 7305,
      "train": 4,
      "operation": 44
    },
    {
      "time": 7317,
      "train": 4,
      "operation": 46
    },
    {
      "time": 7338,
      "train": 1,
      "operation": 94
    },
    {
      "time": 7349,
      "train": 1,
      "operation": 96
    },
    {
      "time": 7527,
      "train": 2,
      "operation": 91
    },
    {
      "time": 7527,
      "train": 4,
      "operation": 48
    },
    {
      "time": 7538,
      "train": 4,
      "operation": 50
    },
    {
      "time": 7542,
      "train": 2,
      "operation": 94
    },
    {
      "time": 7546,
      "train": 0,
      "operation": 82
    },
    {
      "time": 7555,
      "train": 0,
      "operation": 84
    },
    {
      "time": 7580,
      "train": 1,
      "operation": 98
    },
    {
      "time": 7587,
      "train": 3,
      "operation": 54
    },
    {
      "time": 7593,
      "train": 1,
      "operation": 100
    },
    {
      "time": 7596,
      "train": 3,
      "operation": 56
    },
    {
      "time": 7911,
      "train": 0,
      "operation": 86
    },
    {
      "time": 7921,
      "train": 0,
      "operation": 88
    },
    {
      "time": 7926,
      "train": 1,
      "operation": 101
    },
    {
      "time": 7931,
      "train": 1,
      "operation": 103
    },
    {
      "time": 7950,
      "train": 3,
      "operation": 58
    },
    {
      "time": 7962,
      "train": 3,
      "operation": 60
    },
    {
      "time": 8019,
      "train": 4,
      "operation": 53
    },
    {
      "time": 8041,
      "train": 4,
      "operation": 57
    },
    {
      "time": 8084,
      "train": 1,
      "operation": 105
    },
    {
      "time": 8090,
      "train": 1,
      "operation": 107
    },
    {
      "time": 8093,
      "train": 2,
      "operation": 97
    },
    {
      "time": 8115,
      "train": 2,
      "operation": 99
    },
    {
      "time": 8160,
      "train": 0,
      "operation": 90
    },
    {
      "time": 8169,
      "train": 0,
      "operation": 92
    },
    {
      "time": 8217,
      "train": 3,
      "operation": 61
    },
    {
      "time": 8223,
      "train": 3,
      "operation": 62
    },
    {
      "time": 8248,
      "train": 2,
      "operation": 104
    },
    {
      "time": 8259,
      "train": 2,
      "operation": 106
    },
    {
      "time": 8300,
      "train": 1,
      "operation": 109
    },
    {
      "time": 8311,
      "train": 1,
      "operation": 111
    },
    {
      "time": 8349,
      "train": 3,
      "operation": 63
    },
    {
      "time": 8356,
      "train": 3,
      "operation": 64
    },
    {
      "time": 8361,
      "train": 0,
      "operation": 94
    },
    {
      "time": 8370,
      "train": 0,
      "operation": 96
    },
    {
      "time": 8490,
      "train": 2,
      "operation": 108
    },
    {
      "time": 8503,
      "train": 2,
      "operation": 110
    },
    {
      "time": 8563,
      "train": 4,
      "operation": 59
    },
    {
      "time": 8578,
      "train": 4,
      "operation": 62
    },
    {
      "time": 8742,
      "train": 1,
      "operation": 114
    },
    {
      "time": 8742,
      "train": 3,
      "operation": 65
    },
    {
      "time": 8764,
      "train": 0,
      "operation": 97
    },
    {
      "time": 8764,
      "train": 1,
      "operation": 118
    },
    {
      "time": 8764,
      "train": 3,
      "operation": 66
    },
    {
      "time": 8769,
      "train": 0,
      "operation": 99
    },
    {
      "time": 8836,
      "train": 2,
      "operation": 112
    },
    {
      "time": 8845,
      "train": 2,
      "operation": 114
    },
    {
      "time": 8925,
      "train": 4,
      "operation": 65
    },
    {
      "time": 8942,
      "train": 4,
      "operation": 68
    },
    {
      "time": 8950,
      "train": 0,
      "operation": 101
    },
    {
      "time": 8955,
      "train": 0,
      "operation": 103
    },
    {
      "time": 9175,
      "train": 2,
      "operation": 116
    },
    {
      "time": 9180,
      "train": 3,
      "operation": 67
    },
    {
      "time": 9187,
      "train": 2,
      "operation": 118
    },
    {
      "time": 9188,
      "train": 3,
      "operation": 68
    },
    {
      "time": 9225,
      "train": 4,
      "operation": 71
    },
    {
      "time": 9231,
      "train": 4,
      "operation": 74
    },
    {
      "time": 9286,
      "train": 1,
      "operation": 123
    },
    {
      "time": 9298,
      "train": 4,
      "operation": 77
    },
    {
      "time": 9301,
      "train": 1,
      "operation": 126
    },
    {
      "time": 9303,
      "train": 3,
      "operation": 69
    },
    {
      "time": 9304,
      "train": 4,
      "operation": 79
    },
    {
      "time": 9310,
      "train": 3,
      "operation": 70
    },
    {
      "time": 9397,
      "train": 2,
      "operation": 119
    },
    {
      "time": 9408,
      "train": 2,
      "operation": 121
    },
    {
      "time": 9415,
      "train": 4,
      "operation": 81
    },
    {
      "time": 9449,
      "train": 4,
      "operation": 84
    },
    {
      "time": 9540,
      "train": 3,
      "operation": 71
    },
    {
      "time": 9562,
      "train": 3,
      "operation": 72
    },
    {
      "time": 9591,
      "train": 0,
      "operation": 105
    },
    {
      "time": 9596,
      "train": 0,
      "operation": 107
    },
    {
      "time": 9648,
      "train": 1,
      "operation": 129
    },
    {
      "time": 9665,
      "train": 1,
      "operation": 132
    },
    {
      "time": 9760,
      "train": 0,
      "operation": 109
    },
    {
      "time": 9766,
      "train": 0,
      "operation": 111
    },
    {
      "time": 9839,
      "train": 2,
      "operation": 124
    },
    {
      "time": 9861,
      "train": 2,
      "operation": 128
    },
    {
      "time": 9998,
      "train": 0,
      "operation": 113
    },
    {
      "time": 10004,
      "train": 0,
      "operation": 114
    },
    {
      "time": 10082,
      "train": 4,
      "operation": 87
    },
    {
      "time": 10106,
      "train": 4,
      "operation": 90
    },
    {
      "time": 10130,
      "train": 0,
      "operation": 115
    },
    {
      "time": 10133,
      "train": 1,
      "operation": 135
    },
    {
      "time": 10137,
      "train": 0,
      "operation": 116
    },
    {
      "time": 10167,
      "train": 1,
      "operation": 138
    },
    {
      "time": 10245,
      "train": 1,
      "operation": 140
    },
    {
      "time": 10254,
      "train": 1,
      "operation": 142
    },
    {
      "time": 10377,
      "train": 3,
      "operation": 73
    },
    {
      "time": 10383,
      "train": 2,
      "operation": 133
    },
    {
      "time": 10398,
      "train": 2,
      "operation": 136
    },
    {
      "time": 10398,
      "train": 3,
      "operation": 74
    },
    {
      "time": 10498,
      "train": 0,
      "operation": 117
    },
    {
      "time": 10515,
      "train": 0,
      "operation": 118
    },
    {
      "time": 10745,
      "train": 2,
      "operation": 139
    },
    {
      "time": 10761,
      "train": 4,
      "operation": 93
    },
    {
      "time": 10762,
      "train": 2,
      "operation": 142
    },
    {
      "time": 10787,
      "train": 4,
      "operation": 95
    },
    {
      "time": 10806,
      "train": 1,
      "operation": 145
    },
    {
      "time": 10813,
      "train": 0,
      "operation": 119
    },
    {
      "time": 10819,
      "train": 0,
      "operation": 120
    },
    {
      "time": 10830,
      "train": 1,
      "operation": 148
    },
    {
      "time": 10901,
      "train": 0,
      "operation": 121
    },
    {
      "time": 10906,
      "train": 0,
      "operation": 122
    },
    {
      "time": 10916,
      "train": 3,
      "operation": 75
    },
    {
      "time": 10937,
      "train": 3,
      "operation": 76
    },
    {
      "time": 11071,
      "train": 0,
      "operation": 123
    },
    {
      "time": 11087,
      "train": 0,
      "operation": 124
    },
    {
      "time": 11230,
      "train": 2,
      "operation": 145
    },
    {
      "time": 11264,
      "train": 2,
      "operation": 148
    },
    {
      "time": 11284,
      "train": 4,
      "operation": 97
    },
    {
      "time": 11309,
      "train": 4,
      "operation": 100
    },
    {
      "time": 11342,
      "train": 2,
      "operation": 150
    },
    {
      "time": 11351,
      "train": 2,
      "operation": 152
    },
    {
      "time": 11485,
      "train": 1,
      "operation": 151
    },
    {
      "time": 11511,
      "train": 1,
      "operation": 154
    },
    {
      "time": 11681,
      "train": 0,
      "operation": 125
    },
    {
      "time": 11696,
      "train": 0,
      "operation": 126
    },
    {
      "time": 11709,
      "train": 1,
      "operation": 156
    },
    {
      "time": 11717,
      "train": 1,
      "operation": 158
    },
    {
      "time": 11742,
      "train": 3,
      "operation": 77
    },
    {
      "time": 11768,
      "train": 3,
      "operation": 78
    },
    {
      "time": 11868,
      "train": 4,
      "operation": 103
    },
    {
      "time": 11894,
      "train": 4,
      "operation": 106
    },
    {
      "time": 11903,
      "train": 2,
      "operation": 154
    },
    {
      "time": 11927,
      "train": 2,
      "operation": 157
    },
    {
      "time": 12012,
      "train": 1,
      "operation": 161
    },
    {
      "time": 12037,
      "train": 1,
      "operation": 164
    },
    {
      "time": 12066,
      "train": 0,
      "operation": 127
    },
    {
      "time": 12081,
      "train": 0,
      "operation": 128
    },
    {
      "time": 12336,
      "train": 4,
      "operation": 109
    },
    {
      "time": 12360,
      "train": 4,
      "operation": 112
    },
    {
      "time": 12441,
      "train": 3,
      "operation": 80
    },
    {
      "time": 12462,
      "train": 3,
      "operation": 82
    },
    {
      "time": 12582,
      "train": 2,
      "operation": 165
    },
    {
      "time": 12608,
      "train": 1,
      "operation": 167
    },
    {
      "time": 12608,
      "train": 2,
      "operation": 167
    },
    {
      "time": 12637,
      "train": 1,
      "operation": 170
    },
    {
      "time": 12657,
      "train": 0,
      "operation": 129
    },
    {
      "time": 12676,
      "train": 0,
      "operation": 130
    },
    {
      "time": 13063,
      "train": 3,
      "operation": 84
    },
    {
      "time": 13088,
      "train": 3,
      "operation": 87
    },
    {
      "time": 13105,
      "train": 2,
      "operation": 169
    },
    {
      "time": 13117,
      "train": 4,
      "operation": 116
    },
    {
      "time": 13122,
      "train": 1,
      "operation": 173
    },
    {
      "time": 13130,
      "train": 2,
      "operation": 172
    },
    {
      "time": 13141,
      "train": 4,
      "operation": 120
    },
    {
      "time": 13146,
      "train": 1,
      "operation": 176
    },
    {
      "time": 13149,
      "train": 3,
      "operation": 90
    },
    {
      "time": 13156,
      "train": 3,
      "operation": 94
    },
    {
      "time": 13179,
      "train": 0,
      "operation": 131
    },
    {
      "time": 13181,
      "train": 3,
      "operation": 100
    },
    {
      "time": 13207,
      "train": 3,
      "operation": 107
    },
    {
      "time": 13219,
      "train": 0,
      "operation": 133
    },
    {
      "time": 13317,
      "train": 3,
      "operation": 112
    },
    {
      "time": 13334,
      "train": 3,
      "operation": 115
    },
    {
      "time": 13613,
      "train": 3,
      "operation": 118
    },
    {
      "time": 13649,
      "train": 0,
      "operation": 135
    },
    {
      "time": 13650,
      "train": 3,
      "operation": 122
    },
    {
      "time": 13661,
      "train": 0,
      "operation": 138
    },
    {
      "time": 13689,
      "train": 2,
      "operation": 175
    },
    {
      "time": 13705,
      "train": 0,
      "operation": 141
    },
    {
      "time": 13711,
      "train": 0,
      "operation": 145
    },
    {
      "time": 13715,
      "train": 2,
      "operation": 178
    },
    {
      "time": 13729,
      "train": 0,
      "operation": 150
    },
    {
      "time": 13737,
      "train": 4,
      "operation": 124
    },
    {
      "time": 13742,
      "train": 4,
      "operation": 125
    },
    {
      "time": 13748,
      "train": 0,
      "operation": 157
    },
    {
      "time": 13852,
      "train": 0,
      "operation": 162
    },
    {
      "time": 13864,
      "train": 0,
      "operation": 165
    },
    {
      "time": 13987,
      "train": 1,
      "operation": 180
    },
    {
      "time": 14014,
      "train": 1,
      "operation": 184
    },
    {
      "time": 14157,
      "train": 2,
      "operation": 181
    },
    {
      "time": 14181,
      "train": 2,
      "operation": 184
    },
    {
      "time": 14304,
      "train": 3,
      "operation": 126
    },
    {
      "time": 14355,
      "train": 3,
      "operation": 129
    },
    {
      "time": 14532,
      "train": 0,
      "operation": 168
    },
    {
      "time": 14569,
      "train": 0,
      "operation": 172
    },
    {
      "time": 14610,
      "train": 1,
      "operation": 186
    },
    {
      "time": 14613,
      "train": 1,
      "operation": 187
    },
    {
      "time": 14938,
      "train": 2,
      "operation": 188
    },
    {
      "time": 14962,
      "train": 2,
      "operation": 192
    },
    {
      "time": 15036,
      "train": 0,
      "operation": 177
    },
    {
      "time": 15059,
      "train": 0,
      "operation": 180
    },
    {
      "time": 15303,
      "train": 0,
      "operation": 187
    },
    {
      "time": 15308,
      "train": 0,
      "operation": 191
    },
    {
      "time": 15391,
      "train": 0,
      "operation": 193
    },
    {
      "time": 15397,
      "train": 0,
      "operation": 195
    },
    {
      "time": 15494,
      "train": 0,
      "operation": 197
    },
    {
      "time": 15516,
      "train": 0,
      "operation": 199
    },
    {
      "time": 15558,
      "train": 2,
      "operation": 196
    },
    {
      "time": 15561,
      "train": 2,
      "operation": 197
    },
    {
      "time": 16138,
      "train": 0,
      "operation": 201
    },
    {
      "time": 16154,
      "train": 0,
      "operation": 205
    },
    {
      "time": 16336,
      "train": 3,
      "operation": 135
    },
    {
      "time": 16358,
      "train": 3,
      "operation": 139
    },
    {
      "time": 16558,
      "train": 0,
      "operation": 218
    },
    {
      "time": 16572,
      "train": 0,
      "operation": 222
    },
    {
      "time": 16803,
      "train": 0,
      "operation": 228
    },
    {
      "time": 16854,
      "train": 0,
      "operation": 232
    },
    {
      "time": 17137,
      "train": 3,
      "operation": 153
    },
    {
      "time": 17173,
      "train": 3,
      "operation": 157
    },
    {
      "time": 17239,
      "train": 0,
      "operation": 235
    },
    {
      "time": 17289,
      "train": 0,
      "operation": 239
    },
    {
      "time": 17319,
      "train": 0,
      "operation": 245
    },
    {
      "time": 17400,
      "train": 0,
      "operation": 254
    },
    {
      "time": 17419,
      "train": 0,
      "operation": 261
    },
    {
      "time": 17627,
      "train": 0,
      "operation": 270
    },
    {
      "time": 17675,
      "train": 0,
      "operation": 280
    },
    {
      "time": 17707,
      "train": 3,
      "operation": 169
    },
    {
      "time": 17714,
      "train": 3,
      "operation": 173
    },
    {
      "time": 17831,
      "train": 3,
      "operation": 177
    },
    {
      "time": 17860,
      "train": 3,
      "operation": 181
    },
    {
      "time": 18098,
      "train": 0,
      "operation": 284
    },
    {
      "time": 18115,
      "train": 0,
      "operation": 286
    },
    {
      "time": 18271,
      "train": 3,
      "operation": 185
    },
    {
      "time": 18323,
      "train": 3,
      "operation": 189
    },
    {
      "time": 18353,
      "train": 3,
      "operation": 193
    },
    {
      "time": 18421,
      "train": 0,
      "operation": 288
    },
    {
      "time": 18432,
      "train": 0,
      "operation": 290
    },
    {
      "time": 18434,
      "train": 3,
      "operation": 201
    },
    {
      "time": 18453,
      "train": 3,
      "operation": 211
    },
    {
      "time": 18661,
      "train": 3,
      "operation": 221
    },
    {
      "time": 18709,
      "train": 3,
      "operation": 231
    },
    {
      "time": 19181,
      "train": 3,
      "operation": 235
    },
    {
      "time": 19198,
      "train": 0,
      "operation": 292
    },
    {
      "time": 19199,
      "train": 0,
      "operation": 294
    },
    {
      "time": 19205,
      "train": 3,
      "operation": 237
    },
    {
      "time": 19633,
      "train": 3,
      "operation": 240
    },
    {
      "time": 19648,
      "train": 3,
      "operation": 242
    },
    {
      "time": 19786,
      "train": 0,
      "operation": 297
    },
    {
      "time": 19799,
      "train": 0,
      "operation": 301
    },
    {
      "time": 20265,
      "train": 0,
      "operation": 304
    },
    {
      "time": 20284,
      "train": 0,
      "operation": 308
    },
    {
      "time": 20571,
      "train": 3,
      "operation": 244
    },
    {
      "time": 20574,
      "train": 3,
      "operation": 246
    },
    {
      "time": 20723,
      "train": 0,
      "operation": 314
    },
    {
      "time": 20737,
      "train": 0,
      "operation": 318
    },
    {
      "time": 21249,
      "train": 3,
      "operation": 250
    },
    {
      "time": 21268,
      "train": 3,
      "operation": 254
    },
    {
      "time": 21452,
      "train": 0,
      "operation": 321
    },
    {
      "time": 21471,
      "train": 0,
      "operation": 325
    },
    {
      "time": 21734,
      "train": 3,
      "operation": 258
    },
    {
      "time": 21747,
      "train": 3,
      "operation": 262
    },
    {
      "time": 22018,
      "train": 0,
      "operation": 328
    },
    {
      "time": 22037,
      "train": 0,
      "operation": 332
    },
    {
      "time": 22186,
      "train": 3,
      "operation": 266
    },
    {
      "time": 22200,
      "train": 3,
      "operation": 270
    },
    {
      "time": 22873,
      "train": 0,
      "operation": 338
    },
    {
      "time": 22889,
      "train": 0,
      "operation": 342
    },
    {
      "time": 22915,
      "train": 3,
      "operation": 273
    },
    {
      "time": 22934,
      "train": 3,
      "operation": 277
    },
    {
      "time": 23447,
      "train": 0,
      "operation": 346
    },
    {
      "time": 23463,
      "train": 0,
      "operation": 350
    },
    {
      "time": 23481,
      "train": 3,
      "operation": 280
    },
    {
      "time": 23500,
      "train": 3,
      "operation": 284
    },
    {
      "time": 23902,
      "train": 0,
      "operation": 353
    },
    {
      "time": 23919,
      "train": 0,
      "operation": 356
    },
    {
      "time": 24325,
      "train": 0,
      "operation": 359
    },
    {
      "time": 24347,
      "train": 0,
      "operation": 363
    },
    {
      "time": 24367,
      "train": 3,
      "operation": 290
    },
    {
      "time": 24389,
      "train": 3,
      "operation": 294
    },
    {
      "time": 24793,
      "train": 0,
      "operation": 365
    },
    {
      "time": 24815,
      "train": 0,
      "operation": 371
    },
    {
      "time": 25169,
      "train": 3,
      "operation": 297
    },
    {
      "time": 25191,
      "train": 3,
      "operation": 301
    },
    {
      "time": 25454,
      "train": 0,
      "operation": 380
    },
    {
      "time": 25470,
      "train": 0,
      "operation": 386
    },
    {
      "time": 25805,
      "train": 3,
      "operation": 304
    },
    {
      "time": 25841,
      "train": 3,
      "operation": 307
    },
    {
      "time": 26062,
      "train": 0,
      "operation": 396
    },
    {
      "time": 26081,
      "train": 0,
      "operation": 400
    },
    {
      "time": 26340,
      "train": 3,
      "operation": 312
    },
    {
      "time": 26362,
      "train": 3,
      "operation": 316
    },
    {
      "time": 26461,
      "train": 0,
      "operation": 403
    },
    {
      "time": 26480,
      "train": 0,
      "operation": 407
    },
    {
      "time": 26785,
      "train": 0,
      "operation": 409
    },
    {
      "time": 26799,
      "train": 0,
      "operation": 412
    },
    {
      "time": 26931,
      "train": 3,
      "operation": 320
    },
    {
      "time": 26953,
      "train": 3,
      "operation": 326
    },
    {
      "time": 27319,
      "train": 0,
      "operation": 418
    },
    {
      "time": 27335,
      "train": 0,
      "operation": 422
    },
    {
      "time": 27708,
      "train": 0,
      "operation": 425
    },
    {
      "time": 27730,
      "train": 0,
      "operation": 428
    },
    {
      "time": 27847,
      "train": 3,
      "operation": 331
    },
    {
      "time": 27869,
      "train": 3,
      "operation": 337
    },
    {
      "time": 28332,
      "train": 0,
      "operation": 441
    },
    {
      "time": 28359,
      "train": 0,
      "operation": 445
    },
    {
      "time": 28698,
      "train": 3,
      "operation": 345
    },
    {
      "time": 28717,
      "train": 3,
      "operation": 349
    },
    {
      "time": 29088,
      "train": 0,
      "operation": 457
    },
    {
      "time": 29098,
      "train": 3,
      "operation": 354
    },
    {
      "time": 29104,
      "train": 0,
      "operation": 460
    },
    {
      "time": 29119,
      "train": 3,
      "operation": 358
    },
    {
      "time": 29425,
      "train": 3,
      "operation": 362
    },
    {
      "time": 29437,
      "train": 3,
      "operation": 365
    },
    {
      "time": 29629,
      "train": 0,
      "operation": 467
    },
    {
      "time": 29644,
      "train": 0,
      "operation": 470
    },
    {
      "time": 30085,
      "train": 3,
      "operation": 368
    },
    {
      "time": 30107,
      "train": 3,
      "operation": 372
    },
    {
      "time": 30115,
      "train": 0,
      "operation": 473
    },
    {
      "time": 30131,
      "train": 0,
      "operation": 476
    },
    {
      "time": 30615,
      "train": 0,
      "operation": 480
    },
    {
      "time": 30628,
      "train": 3,
      "operation": 378
    },
    {
      "time": 30631,
      "train": 0,
      "operation": 483
    },
    {
      "time": 30658,
      "train": 3,
      "operation": 382
    },
    {
      "time": 31019,
      "train": 0,
      "operation": 495
    },
    {
      "time": 31036,
      "train": 0,
      "operation": 499
    },
    {
      "time": 31501,
      "train": 3,
      "operation": 395
    },
    {
      "time": 31528,
      "train": 3,
      "operation": 399
    },
    {
      "time": 31544,
      "train": 0,
      "operation": 501
    },
    {
      "time": 31560,
      "train": 0,
      "operation": 504
    },
    {
      "time": 32091,
      "train": 0,
      "operation": 507
    },
    {
      "time": 32106,
      "train": 0,
      "operation": 511
    },
    {
      "time": 32442,
      "train": 3,
      "operation": 411
    },
    {
      "time": 32477,
      "train": 3,
      "operation": 414
    },
    {
      "time": 32586,
      "train": 0,
      "operation": 515
    },
    {
      "time": 32602,
      "train": 0,
      "operation": 518
    },
    {
      "time": 33131,
      "train": 0,
      "operation": 522
    },
    {
      "time": 33152,
      "train": 0,
      "operation": 525
    },
    {
      "time": 33211,
      "train": 3,
      "operation": 422
    },
    {
      "time": 33232,
      "train": 3,
      "operation": 425
    },
    {
      "time": 33667,
      "train": 0,
      "operation": 530
    },
    {
      "time": 33683,
      "train": 0,
      "operation": 534
    },
    {
      "time": 33891,
      "train": 3,
      "operation": 439
    },
    {
      "time": 33913,
      "train": 3,
      "operation": 440
    },
    {
      "time": 34177,
      "train": 0,
      "operation": 538
    },
    {
      "time": 34193,
      "train": 0,
      "operation": 542
    },
    {
      "time": 34352,
      "train": 0,
      "operation": 546
    },
    {
      "time": 34369,
      "train": 0,
      "operation": 550
    },
    {
      "time": 34460,
      "train": 3,
      "operation": 441
    },
    {
      "time": 34466,
      "train": 3,
      "operation": 442
    },
    {
      "time": 34468,
      "train": 0,
      "operation": 556
    },
    {
      "time": 34488,
      "train": 0,
      "operation": 581
    },
    {
      "time": 34543,
      "train": 0,
      "operation": 607
    },
    {
      "time": 34581,
      "train": 3,
      "operation": 443
    },
    {
      "time": 34611,
      "train": 3,
      "operation": 445
    },
    {
      "time": 34794,
      "train": 0,
      "operation": 618
    },
    {
      "time": 34849,
      "train": 0,
      "operation": 641
    },
    {
      "time": 34907,
      "train": 0,
      "operation": 667
    },
    {
      "time": 35061,
      "train": 0,
      "operation": 674
    },
    {
      "time": 35096,
      "train": 0,
      "operation": 679
    },
    {
      "time": 35153,
      "train": 3,
      "operation": 448
    },
    {
      "time": 35176,
      "train": 3,
      "operation": 452
    },
    {
      "time": 35634,
      "train": 0,
      "operation": 683
    },
    {
      "time": 35637,
      "train": 0,
      "operation": 684
    },
    {
      "time": 35886,
      "train": 3,
      "operation": 457
    },
    {
      "time": 35908,
      "train": 3,
      "operation": 460
    },
    {
      "time": 36650,
      "train": 3,
      "operation": 464
    },
    {
      "time": 36671,
      "train": 3,
      "operation": 468
    },
    {
      "time": 37342,
      "train": 3,
      "operation": 471
    },
    {
      "time": 37364,
      "train": 3,
      "operation": 474
    },
    {
      "time": 38104,
      "train": 3,
      "operation": 477
    },
    {
      "time": 38125,
      "train": 3,
      "operation": 480
    },
    {
      "time": 38846,
      "train": 3,
      "operation": 483
    },
    {
      "time": 38868,
      "train": 3,
      "operation": 487
    },
    {
      "time": 39559,
      "train": 3,
      "operation": 489
    },
    {
      "time": 39581,
      "train": 3,
      "operation": 493
    },
    {
      "time": 39803,
      "train": 3,
      "operation": 497
    },
    {
      "time": 39827,
      "train": 3,
      "operation": 501
    },
    {
      "time": 39965,
      "train": 3,
      "operation": 506
    },
    {
      "time": 40010,
      "train": 3,
      "operation": 520
    },
    {
      "time": 40065,
      "train": 3,
      "operation": 546
    },
    {
      "time": 40316,
      "train": 3,
      "operation": 579
    },
    {
      "time": 40354,
      "train": 3,
      "operation": 605
    },
    {
      "time": 40412,
      "train": 3,
      "operation": 631
    },
    {
      "time": 40616,
      "train": 3,
      "operation": 642
    },
    {
      "time": 40662,
      "train": 3,
      "operation": 653
    },
    {
      "time": 41200,
      "train": 3,
      "operation": 655
    },
    {
      "time": 41201,
      "train": 3,
      "operation": 656
    }
  ]
}