{
  "objective_value": 4481,
  "events": [
    {
      "time": 0,
      "train": 0,
      "operation": 0
    },
    {
      "time": 0,
      "train": 1,
      "operation": 0
    },
    {
      "time": 0,
      "train": 2,
      "operation": 0
    },
    {
      "time": 0,
      "train": 3,
      "operation": 0
    },
    {
      "time": 0,
      "train": 4,
      "operation": 0
    },
    {
      "time": 0,
      "train": 5,
      "operation": 0
    },
    {
      "time": 0,
      "train": 6,
      "operation": 0
    },
    {
      "time": 0,
      "train": 7,
      "operation": 0
    },
    {
      "time": 0,
      "train": 8,
      "operation": 0
    },
    {
      "time": 0,
      "train": 9,
      "operation": 0
    },
    {
      "time": 26730,
      "train": 4,
      "operation": 1
    },
    {
      "time": 26758,
      "train": 0,
      "operation": 1
    },
    {
      "time": 26758,
      "train": 1,
      "operation": 1
    },
    {
      "time": 26758,
      "train": 6,
      "operation": 1
    },
    {
      "time": 26818,
      "train": 2,
      "operation": 1
    },
    {
      "time": 26818,
      "train": 5,
      "operation": 1
    },
    {
      "time": 26878,
      "train": 0,
      "operation": 2
    },
    {
      "time": 26878,
      "train": 3,
      "operation": 4
    },
    {
      "time": 26908,
      "train": 1,
      "operation": 2
    },
    {
      "time": 26938,
      "train": 6,
      "operation": 2
    },
    {
      "time": 26968,
      "train": 2,
      "operation": 3
    },
    {
      "time": 26998,
      "train": 4,
      "operation": 2
    },
    {
      "time": 27028,
      "train": 5,
      "operation": 2
    },
    {
      "time": 27058,
      "train": 5,
      "operation": 5
    },
    {
      "time": 27208,
      "train": 5,
      "operation": 6
    },
    {
      "time": 27238,
      "train": 5,
      "operation": 7
    },
    {
      "time": 27339,
      "train": 5,
      "operation": 8
    },
    {
      "time": 27340,
      "train": 5,
      "operation": 9
    },
    {
      "time": 27508,
      "train": 1,
      "operation": 4
    },
    {
      "time": 27508,
      "train": 5,
      "operation": 11
    },
    {
      "time": 27540,
      "train": 2,
      "operation": 4
    },
    {
      "time": 27549,
      "train": 0,
      "operation": 6
    },
    {
      "time": 27598,
      "train": 5,
      "operation": 12
    },
    {
      "time": 27614,
      "train": 3,
      "operation": 5
    },
    {
      "time": 27622,
      "train": 1,
      "operation": 5
    },
    {
      "time": 27635,
      "train": 2,
      "operation": 5
    },
    {
      "time": 27636,
      "train": 2,
      "operation": 7
    },
    {
      "time": 27671,
      "train": 3,
      "operation": 7
    },
    {
      "time": 27684,
      "train": 2,
      "operation": 9
    },
    {
      "time": 27714,
      "train": 2,
      "operation": 10
    },
    {
      "time": 27731,
      "train": 3,
      "operation": 8
    },
    {
      "time": 27742,
      "train": 1,
      "operation": 10
    },
    {
      "time": 27748,
      "train": 5,
      "operation": 13
    },
    {
      "time": 27778,
      "train": 5,
      "operation": 17
    },
    {
      "time": 27825,
      "train": 6,
      "operation": 3
    },
    {
      "time": 27838,
      "train": 5,
      "operation": 19
    },
    {
      "time": 27856,
      "train": 2,
      "operation": 12
    },
    {
      "time": 27886,
      "train": 2,
      "operation": 13
    },
    {
      "time": 27911,
      "train": 6,
      "operation": 4
    },
    {
      "time": 27941,
      "train": 6,
      "operation": 5
    },
    {
      "time": 27952,
      "train": 4,
      "operation": 4
    },
    {
      "time": 27987,
      "train": 3,
      "operation": 10
    },
    {
      "time": 27991,
      "train": 5,
      "operation": 20
    },
    {
      "time": 28017,
      "train": 3,
      "operation": 11
    },
    {
      "time": 28025,
      "train": 4,
      "operation": 7
    },
    {
      "time": 28026,
      "train": 4,
      "operation": 9
    },
    {
      "time": 28083,
      "train": 6,
      "operation": 6
    },
    {
      "time": 28113,
      "train": 6,
      "operation": 8
    },
    {
      "time": 28114,
      "train": 2,
      "operation": 15
    },
    {
      "time": 28159,
      "train": 3,
      "operation": 13
    },
    {
      "time": 28174,
      "train": 2,
      "operation": 16
    },
    {
      "time": 28189,
      "train": 3,
      "operation": 14
    },
    {
      "time": 28192,
      "train": 4,
      "operation": 10
    },
    {
      "time": 28237,
      "train": 3,
      "operation": 16
    },
    {
      "time": 28241,
      "train": 3,
      "operation": 17
    },
    {
      "time": 28247,
      "train": 5,
      "operation": 21
    },
    {
      "time": 28255,
      "train": 6,
      "operation": 10
    },
    {
      "time": 28260,
      "train": 2,
      "operation": 18
    },
    {
      "time": 28277,
      "train": 5,
      "operation": 23
    },
    {
      "time": 28285,
      "train": 6,
      "operation": 11
    },
    {
      "time": 28290,
      "train": 2,
      "operation": 21
    },
    {
      "time": 28336,
      "train": 3,
      "operation": 18
    },
    {
      "time": 28360,
      "train": 4,
      "operation": 12
    },
    {
      "time": 28366,
      "train": 3,
      "operation": 20
    },
    {
      "time": 28419,
      "train": 5,
      "operation": 24
    },
    {
      "time": 28432,
      "train": 2,
      "operation": 23
    },
    {
      "time": 28449,
      "train": 5,
      "operation": 26
    },
    {
      "time": 28497,
      "train": 5,
      "operation": 28
    },
    {
      "time": 28498,
      "train": 5,
      "operation": 29
    },
    {
      "time": 28498,
      "train": 8,
      "operation": 4
    },
    {
      "time": 28499,
      "train": 8,
      "operation": 6
    },
    {
      "time": 28506,
      "train": 4,
      "operation": 13
    },
    {
      "time": 28507,
      "train": 4,
      "operation": 14
    },
    {
      "time": 28508,
      "train": 3,
      "operation": 21
    },
    {
      "time": 28511,
      "train": 2,
      "operation": 24
    },
    {
      "time": 28513,
      "train": 6,
      "operation": 12
    },
    {
      "time": 28538,
      "train": 3,
      "operation": 23
    },
    {
      "time": 28542,
      "train": 4,
      "operation": 15
    },
    {
      "time": 28543,
      "train": 4,
      "operation": 16
    },
    {
      "time": 28588,
      "train": 8,
      "operation": 7
    },
    {
      "time": 28593,
      "train": 5,
      "operation": 30
    },
    {
      "time": 28618,
      "train": 8,
      "operation": 9
    },
    {
      "time": 28622,
      "train": 4,
      "operation": 17
    },
    {
      "time": 28623,
      "train": 5,
      "operation": 32
    },
    {
      "time": 28624,
      "train": 4,
      "operation": 20
    },
    {
      "time": 28633,
      "train": 6,
      "operation": 14
    },
    {
      "time": 28646,
      "train": 2,
      "operation": 25
    },
    {
      "time": 28650,
      "train": 2,
      "operation": 26
    },
    {
      "time": 28652,
      "train": 3,
      "operation": 24
    },
    {
      "time": 28715,
      "train": 2,
      "operation": 27
    },
    {
      "time": 28745,
      "train": 2,
      "operation": 28
    },
    {
      "time": 28765,
      "train": 5,
      "operation": 33
    },
    {
      "time": 28768,
      "train": 8,
      "operation": 11
    },
    {
      "time": 28772,
      "train": 3,
      "operation": 29
    },
    {
      "time": 28795,
      "train": 5,
      "operation": 35
    },
    {
      "time": 28798,
      "train": 8,
      "operation": 12
    },
    {
      "time": 28820,
      "train": 4,
      "operation": 22
    },
    {
      "time": 28833,
      "train": 6,
      "operation": 15
    },
    {
      "time": 28863,
      "train": 6,
      "operation": 18
    },
    {
      "time": 28880,
      "train": 4,
      "operation": 23
    },
    {
      "time": 28887,
      "train": 2,
      "operation": 30
    },
    {
      "time": 28898,
      "train": 8,
      "operation": 13
    },
    {
      "time": 28900,
      "train": 8,
      "operation": 15
    },
    {
      "time": 28909,
      "train": 5,
      "operation": 36
    },
    {
      "time": 28917,
      "train": 2,
      "operation": 32
    },
    {
      "time": 28948,
      "train": 8,
      "operation": 17
    },
    {
      "time": 28978,
      "train": 8,
      "operation": 18
    },
    {
      "time": 29016,
      "train": 4,
      "operation": 24
    },
    {
      "time": 29018,
      "train": 4,
      "operation": 25
    },
    {
      "time": 29029,
      "train": 5,
      "operation": 41
    },
    {
      "time": 29091,
      "train": 6,
      "operation": 21
    },
    {
      "time": 29117,
      "train": 2,
      "operation": 34
    },
    {
      "time": 29128,
      "train": 8,
      "operation": 20
    },
    {
      "time": 29153,
      "train": 4,
      "operation": 26
    },
    {
      "time": 29155,
      "train": 4,
      "operation": 29
    },
    {
      "time": 29158,
      "train": 8,
      "operation": 21
    },
    {
      "time": 29211,
      "train": 6,
      "operation": 22
    },
    {
      "time": 29312,
      "train": 4,
      "operation": 31
    },
    {
      "time": 29313,
      "train": 4,
      "operation": 33
    },
    {
      "time": 29338,
      "train": 9,
      "operation": 1
    },
    {
      "time": 29339,
      "train": 9,
      "operation": 2
    },
    {
      "time": 29368,
      "train": 6,
      "operation": 23
    },
    {
      "time": 29369,
      "train": 6,
      "operation": 24
    },
    {
      "time": 29398,
      "train": 8,
      "operation": 22
    },
    {
      "time": 29458,
      "train": 8,
      "operation": 24
    },
    {
      "time": 29484,
      "train": 4,
      "operation": 35
    },
    {
      "time": 29487,
      "train": 4,
      "operation": 36
    },
    {
      "time": 29498,
      "train": 9,
      "operation": 3
    },
    {
      "time": 29499,
      "train": 9,
      "operation": 4
    },
    {
      "time": 29526,
      "train": 6,
      "operation": 25
    },
    {
      "time": 29530,
      "train": 2,
      "operation": 35
    },
    {
      "time": 29548,
      "train": 8,
      "operation": 25
    },
    {
      "time": 29556,
      "train": 6,
      "operation": 27
    },
    {
      "time": 29578,
      "train": 8,
      "operation": 29
    },
    {
      "time": 29591,
      "train": 9,
      "operation": 7
    },
    {
      "time": 29634,
      "train": 4,
      "operation": 38
    },
    {
      "time": 29635,
      "train": 4,
      "operation": 39
    },
    {
      "time": 29728,
      "train": 8,
      "operation": 30
    },
    {
      "time": 29730,
      "train": 2,
      "operation": 36
    },
    {
      "time": 29732,
      "train": 2,
      "operation": 37
    },
    {
      "time": 29754,
      "train": 4,
      "operation": 41
    },
    {
      "time": 29755,
      "train": 4,
      "operation": 42
    },
    {
      "time": 29756,
      "train": 6,
      "operation": 29
    },
    {
      "time": 29761,
      "train": 9,
      "operation": 8
    },
    {
      "time": 29786,
      "train": 6,
      "operation": 31
    },
    {
      "time": 29831,
      "train": 4,
      "operation": 43
    },
    {
      "time": 29834,
      "train": 4,
      "operation": 44
    },
    {
      "time": 29920,
      "train": 4,
      "operation": 45
    },
    {
      "time": 29925,
      "train": 4,
      "operation": 46
    },
    {
      "time": 29928,
      "train": 6,
      "operation": 32
    },
    {
      "time": 29932,
      "train": 2,
      "operation": 39
    },
    {
      "time": 29958,
      "train": 6,
      "operation": 33
    },
    {
      "time": 29961,
      "train": 9,
      "operation": 10
    },
    {
      "time": 29962,
      "train": 9,
      "operation": 11
    },
    {
      "time": 30032,
      "train": 6,
      "operation": 34
    },
    {
      "time": 30036,
      "train": 6,
      "operation": 35
    },
    {
      "time": 30052,
      "train": 2,
      "operation": 41
    },
    {
      "time": 30096,
      "train": 4,
      "operation": 47
    },
    {
      "time": 30118,
      "train": 9,
      "operation": 12
    },
    {
      "time": 30123,
      "train": 9,
      "operation": 13
    },
    {
      "time": 30161,
      "train": 6,
      "operation": 37
    },
    {
      "time": 30165,
      "train": 8,
      "operation": 32
    },
    {
      "time": 30178,
      "train": 7,
      "operation": 3
    },
    {
      "time": 30191,
      "train": 6,
      "operation": 38
    },
    {
      "time": 30278,
      "train": 9,
      "operation": 14
    },
    {
      "time": 30279,
      "train": 9,
      "operation": 17
    },
    {
      "time": 30282,
      "train": 7,
      "operation": 4
    },
    {
      "time": 30305,
      "train": 4,
      "operation": 49
    },
    {
      "time": 30309,
      "train": 8,
      "operation": 33
    },
    {
      "time": 30312,
      "train": 8,
      "operation": 34
    },
    {
      "time": 30333,
      "train": 6,
      "operation": 40
    },
    {
      "time": 30363,
      "train": 6,
      "operation": 43
    },
    {
      "time": 30367,
      "train": 8,
      "operation": 35
    },
    {
      "time": 30397,
      "train": 8,
      "operation": 36
    },
    {
      "time": 30420,
      "train": 6,
      "operation": 44
    },
    {
      "time": 30424,
      "train": 7,
      "operation": 5
    },
    {
      "time": 30426,
      "train": 7,
      "operation": 6
    },
    {
      "time": 30440,
      "train": 4,
      "operation": 50
    },
    {
      "time": 30445,
      "train": 4,
      "operation": 51
    },
    {
      "time": 30480,
      "train": 6,
      "operation": 46
    },
    {
      "time": 30496,
      "train": 9,
      "operation": 20
    },
    {
      "time": 30497,
      "train": 9,
      "operation": 21
    },
    {
      "time": 30539,
      "train": 8,
      "operation": 37
    },
    {
      "time": 30568,
      "train": 7,
      "operation": 7
    },
    {
      "time": 30569,
      "train": 8,
      "operation": 40
    },
    {
      "time": 30625,
      "train": 4,
      "operation": 52
    },
    {
      "time": 30685,
      "train": 4,
      "operation": 56
    },
    {
      "time": 30736,
      "train": 6,
      "operation": 48
    },
    {
      "time": 30738,
      "train": 9,
      "operation": 22
    },
    {
      "time": 30740,
      "train": 9,
      "operation": 24
    },
    {
      "time": 30766,
      "train": 6,
      "operation": 49
    },
    {
      "time": 30769,
      "train": 8,
      "operation": 42
    },
    {
      "time": 30773,
      "train": 7,
      "operation": 9
    },
    {
      "time": 30908,
      "train": 6,
      "operation": 50
    },
    {
      "time": 30919,
      "train": 8,
      "operation": 43
    },
    {
      "time": 30938,
      "train": 6,
      "operation": 52
    },
    {
      "time": 30942,
      "train": 9,
      "operation": 25
    },
    {
      "time": 30944,
      "train": 9,
      "operation": 27
    },
    {
      "time": 30973,
      "train": 7,
      "operation": 10
    },
    {
      "time": 30986,
      "train": 6,
      "operation": 53
    },
    {
      "time": 30988,
      "train": 6,
      "operation": 55
    },
    {
      "time": 31003,
      "train": 7,
      "operation": 13
    },
    {
      "time": 31057,
      "train": 8,
      "operation": 44
    },
    {
      "time": 31060,
      "train": 8,
      "operation": 45
    },
    {
      "time": 31083,
      "train": 6,
      "operation": 57
    },
    {
      "time": 31113,
      "train": 6,
      "operation": 58
    },
    {
      "time": 31120,
      "train": 9,
      "operation": 29
    },
    {
      "time": 31122,
      "train": 9,
      "operation": 30
    },
    {
      "time": 31145,
      "train": 7,
      "operation": 14
    },
    {
      "time": 31175,
      "train": 7,
      "operation": 15
    },
    {
      "time": 31198,
      "train": 8,
      "operation": 46
    },
    {
      "time": 31237,
      "train": 9,
      "operation": 31
    },
    {
      "time": 31238,
      "train": 9,
      "operation": 32
    },
    {
      "time": 31251,
      "train": 7,
      "operation": 16
    },
    {
      "time": 31255,
      "train": 6,
      "operation": 60
    },
    {
      "time": 31255,
      "train": 7,
      "operation": 17
    },
    {
      "time": 31268,
      "train": 8,
      "operation": 49
    },
    {
      "time": 31284,
      "train": 4,
      "operation": 57
    },
    {
      "time": 31285,
      "train": 6,
      "operation": 61
    },
    {
      "time": 31287,
      "train": 4,
      "operation": 59
    },
    {
      "time": 31334,
      "train": 9,
      "operation": 33
    },
    {
      "time": 31336,
      "train": 9,
      "operation": 34
    },
    {
      "time": 31379,
      "train": 7,
      "operation": 18
    },
    {
      "time": 31399,
      "train": 6,
      "operation": 62
    },
    {
      "time": 31409,
      "train": 7,
      "operation": 20
    },
    {
      "time": 31468,
      "train": 8,
      "operation": 52
    },
    {
      "time": 31498,
      "train": 8,
      "operation": 53
    },
    {
      "time": 31519,
      "train": 6,
      "operation": 67
    },
    {
      "time": 31527,
      "train": 9,
      "operation": 36
    },
    {
      "time": 31528,
      "train": 9,
      "operation": 37
    },
    {
      "time": 31551,
      "train": 7,
      "operation": 21
    },
    {
      "time": 31581,
      "train": 7,
      "operation": 25
    },
    {
      "time": 31638,
      "train": 7,
      "operation": 27
    },
    {
      "time": 31677,
      "train": 9,
      "operation": 38
    },
    {
      "time": 31681,
      "train": 9,
      "operation": 39
    },
    {
      "time": 31698,
      "train": 7,
      "operation": 28
    },
    {
      "time": 31727,
      "train": 8,
      "operation": 55
    },
    {
      "time": 31811,
      "train": 4,
      "operation": 61
    },
    {
      "time": 31814,
      "train": 4,
      "operation": 62
    },
    {
      "time": 31846,
      "train": 8,
      "operation": 56
    },
    {
      "time": 31881,
      "train": 9,
      "operation": 42
    },
    {
      "time": 31883,
      "train": 9,
      "operation": 44
    },
    {
      "time": 31954,
      "train": 7,
      "operation": 29
    },
    {
      "time": 31984,
      "train": 7,
      "operation": 31
    },
    {
      "time": 32046,
      "train": 8,
      "operation": 57
    },
    {
      "time": 32076,
      "train": 8,
      "operation": 59
    },
    {
      "time": 32087,
      "train": 4,
      "operation": 64
    },
    {
      "time": 32091,
      "train": 4,
      "operation": 65
    },
    {
      "time": 32126,
      "train": 7,
      "operation": 32
    },
    {
      "time": 32156,
      "train": 7,
      "operation": 34
    },
    {
      "time": 32204,
      "train": 7,
      "operation": 36
    },
    {
      "time": 32206,
      "train": 7,
      "operation": 37
    },
    {
      "time": 32276,
      "train": 8,
      "operation": 61
    },
    {
      "time": 32301,
      "train": 7,
      "operation": 38
    },
    {
      "time": 32306,
      "train": 8,
      "operation": 62
    },
    {
      "time": 32331,
      "train": 7,
      "operation": 40
    },
    {
      "time": 32448,
      "train": 8,
      "operation": 63
    },
    {
      "time": 32473,
      "train": 7,
      "operation": 42
    },
    {
      "time": 32478,
      "train": 8,
      "operation": 64
    },
    {
      "time": 32503,
      "train": 7,
      "operation": 43
    },
    {
      "time": 32510,
      "train": 9,
      "operation": 45
    },
    {
      "time": 32513,
      "train": 9,
      "operation": 47
    },
    {
      "time": 32564,
      "train": 8,
      "operation": 65
    },
    {
      "time": 32569,
      "train": 8,
      "operation": 66
    },
    {
      "time": 32617,
      "train": 7,
      "operation": 44
    },
    {
      "time": 32737,
      "train": 7,
      "operation": 49
    },
    {
      "time": 32740,
      "train": 8,
      "operation": 68
    },
    {
      "time": 32770,
      "train": 8,
      "operation": 69
    },
    {
      "time": 32916,
      "train": 8,
      "operation": 70
    },
    {
      "time": 32918,
      "train": 4,
      "operation": 66
    },
    {
      "time": 32919,
      "train": 8,
      "operation": 71
    },
    {
      "time": 32977,
      "train": 4,
      "operation": 69
    },
    {
      "time": 33115,
      "train": 8,
      "operation": 72
    },
    {
      "time": 33140,
      "train": 9,
      "operation": 48
    },
    {
      "time": 33144,
      "train": 9,
      "operation": 50
    },
    {
      "time": 33235,
      "train": 8,
      "operation": 76
    },
    {
      "time": 33481,
      "train": 9,
      "operation": 51
    },
    {
      "time": 33484,
      "train": 9,
      "operation": 53
    },
    {
      "time": 34463,
      "train": 9,
      "operation": 55
    },
    {
      "time": 34464,
      "train": 9,
      "operation": 57
    }
  ]
}