{
  "objective_value": 1843,
  "events": [
    {
      "time": 0,
      "train": 0,
      "operation": 0
    },
    {
      "time": 0,
      "train": 1,
      "operation": 0
    },
    {
      "time": 0,
      "train": 2,
      "operation": 0
    },
    {
      "time": 0,
      "train": 3,
      "operation": 0
    },
    {
      "time": 0,
      "train": 4,
      "operation": 0
    },
    {
      "time": 0,
      "train": 5,
      "operation": 0
    },
    {
      "time": 1,
      "train": 5,
      "operation": 1
    },
    {
      "time": 2,
      "train": 2,
      "operation": 1
    },
    {
      "time": 3,
      "train": 4,
      "operation": 1
    },
    {
      "time": 4,
      "train": 0,
      "operation": 1
    },
    {
      "time": 7,
      "train": 2,
      "operation": 2
    },
    {
      "time": 9,
      "train": 4,
      "operation": 2
    },
    {
      "time": 18,
      "train": 0,
      "operation": 2
    },
    {
      "time": 152,
      "train": 4,
      "operation": 3
    },
    {
      "time": 160,
      "train": 4,
      "operation": 4
    },
    {
      "time": 223,
      "train": 5,
      "operation": 2
    },
    {
      "time": 327,
      "train": 3,
      "operation": 1
    },
    {
      "time": 547,
      "train": 1,
      "operation": 1
    },
    {
      "time": 556,
      "train": 1,
      "operation": 2
    },
    {
      "time": 559,
      "train": 0,
      "operation": 4
    },
    {
      "time": 596,
      "train": 0,
      "operation": 6
    },
    {
      "time": 664,
      "train": 1,
      "operation": 3
    },
    {
      "time": 676,
      "train": 1,
      "operation": 4
    },
    {
      "time": 683,
      "train": 0,
      "operation": 8
    },
    {
      "time": 697,
      "train": 0,
      "operation": 10
    },
    {
      "time": 739,
      "train": 4,
      "operation": 5
    },
    {
      "time": 751,
      "train": 4,
      "operation": 6
    },
    {
      "time": 824,
      "train": 4,
      "operation": 7
    },
    {
      "time": 845,
      "train": 4,
      "operation": 8
    },
    {
      "time": 865,
      "train": 5,
      "operation": 4
    },
    {
      "time": 874,
      "train": 5,
      "operation": 6
    },
    {
      "time": 957,
      "train": 0,
      "operation": 11
    },
    {
      "time": 968,
      "train": 0,
      "operation": 12
    },
    {
      "time": 1039,
      "train": 1,
      "operation": 5
    },
    {
      "time": 1051,
      "train": 1,
      "operation": 6
    },
    {
      "time": 1058,
      "train": 4,
      "operation": 9
    },
    {
      "time": 1077,
      "train": 4,
      "operation": 10
    },
    {
      "time": 1088,
      "train": 3,
      "operation": 2
    },
    {
      "time": 1112,
      "train": 5,
      "operation": 8
    },
    {
      "time": 1113,
      "train": 4,
      "operation": 11
    },
    {
      "time": 1120,
      "train": 4,
      "operation": 12
    },
    {
      "time": 1124,
      "train": 5,
      "operation": 10
    },
    {
      "time": 1194,
      "train": 1,
      "operation": 7
    },
    {
      "time": 1210,
      "train": 1,
      "operation": 9
    },
    {
      "time": 1352,
      "train": 1,
      "operation": 12
    },
    {
      "time": 1395,
      "train": 1,
      "operation": 16
    },
    {
      "time": 1534,
      "train": 1,
      "operation": 20
    },
    {
      "time": 1550,
      "train": 1,
      "operation": 24
    },
    {
      "time": 1552,
      "train": 0,
      "operation": 13
    },
    {
      "time": 1561,
      "train": 0,
      "operation": 14
    },
    {
      "time": 1572,
      "train": 1,
      "operation": 28
    },
    {
      "time": 1579,
      "train": 1,
      "operation": 32
    },
    {
      "time": 1627,
      "train": 1,
      "operation": 36
    },
    {
      "time": 1661,
      "train": 4,
      "operation": 13
    },
    {
      "time": 1669,
      "train": 0,
      "operation": 15
    },
    {
      "time": 1676,
      "train": 0,
      "operation": 17
    },
    {
      "time": 1679,
      "train": 4,
      "operation": 15
    },
    {
      "time": 1697,
      "train": 5,
      "operation": 11
    },
    {
      "time": 1709,
      "train": 5,
      "operation": 12
    },
    {
      "time": 1730,
      "train": 3,
      "operation": 4
    },
    {
      "time": 1739,
      "train": 3,
      "operation": 6
    },
    {
      "time": 1782,
      "train": 5,
      "operation": 13
    },
    {
      "time": 1785,
      "train": 5,
      "operation": 14
    },
    {
      "time": 1862,
      "train": 0,
      "operation": 19
    },
    {
      "time": 1869,
      "train": 0,
      "operation": 21
    },
    {
      "time": 1877,
      "train": 1,
      "operation": 40
    },
    {
      "time": 1879,
      "train": 1,
      "operation": 41
    },
    {
      "time": 1887,
      "train": 4,
      "operation": 17
    },
    {
      "time": 1894,
      "train": 4,
      "operation": 19
    },
    {
      "time": 1977,
      "train": 3,
      "operation": 8
    },
    {
      "time": 1996,
      "train": 3,
      "operation": 10
    },
    {
      "time": 2012,
      "train": 0,
      "operation": 24
    },
    {
      "time": 2021,
      "train": 0,
      "operation": 28
    },
    {
      "time": 2164,
      "train": 0,
      "operation": 32
    },
    {
      "time": 2206,
      "train": 0,
      "operation": 34
    },
    {
      "time": 2340,
      "train": 0,
      "operation": 36
    },
    {
      "time": 2377,
      "train": 0,
      "operation": 38
    },
    {
      "time": 2393,
      "train": 0,
      "operation": 40
    },
    {
      "time": 2416,
      "train": 0,
      "operation": 44
    },
    {
      "time": 2446,
      "train": 0,
      "operation": 50
    },
    {
      "time": 2457,
      "train": 4,
      "operation": 23
    },
    {
      "time": 2466,
      "train": 4,
      "operation": 24
    },
    {
      "time": 2496,
      "train": 0,
      "operation": 60
    },
    {
      "time": 2528,
      "train": 0,
      "operation": 67
    },
    {
      "time": 2563,
      "train": 0,
      "operation": 78
    },
    {
      "time": 2574,
      "train": 4,
      "operation": 25
    },
    {
      "time": 2576,
      "train": 3,
      "operation": 11
    },
    {
      "time": 2581,
      "train": 4,
      "operation": 27
    },
    {
      "time": 2588,
      "train": 3,
      "operation": 12
    },
    {
      "time": 2604,
      "train": 0,
      "operation": 89
    },
    {
      "time": 2623,
      "train": 0,
      "operation": 101
    },
    {
      "time": 2661,
      "train": 3,
      "operation": 13
    },
    {
      "time": 2682,
      "train": 3,
      "operation": 14
    },
    {
      "time": 2767,
      "train": 4,
      "operation": 29
    },
    {
      "time": 2774,
      "train": 4,
      "operation": 31
    },
    {
      "time": 2895,
      "train": 3,
      "operation": 15
    },
    {
      "time": 2914,
      "train": 3,
      "operation": 16
    },
    {
      "time": 2917,
      "train": 4,
      "operation": 33
    },
    {
      "time": 2929,
      "train": 0,
      "operation": 114
    },
    {
      "time": 2933,
      "train": 4,
      "operation": 35
    },
    {
      "time": 2950,
      "train": 3,
      "operation": 17
    },
    {
      "time": 2957,
      "train": 3,
      "operation": 18
    },
    {
      "time": 2981,
      "train": 0,
      "operation": 122
    },
    {
      "time": 3016,
      "train": 0,
      "operation": 132
    },
    {
      "time": 3025,
      "train": 0,
      "operation": 139
    },
    {
      "time": 3075,
      "train": 4,
      "operation": 38
    },
    {
      "time": 3118,
      "train": 4,
      "operation": 42
    },
    {
      "time": 3145,
      "train": 0,
      "operation": 147
    },
    {
      "time": 3164,
      "train": 0,
      "operation": 159
    },
    {
      "time": 3212,
      "train": 0,
      "operation": 174
    },
    {
      "time": 3231,
      "train": 0,
      "operation": 192
    },
    {
      "time": 3257,
      "train": 4,
      "operation": 46
    },
    {
      "time": 3273,
      "train": 4,
      "operation": 50
    },
    {
      "time": 3295,
      "train": 4,
      "operation": 54
    },
    {
      "time": 3302,
      "train": 4,
      "operation": 56
    },
    {
      "time": 3350,
      "train": 4,
      "operation": 58
    },
    {
      "time": 3495,
      "train": 0,
      "operation": 208
    },
    {
      "time": 3498,
      "train": 3,
      "operation": 19
    },
    {
      "time": 3516,
      "train": 3,
      "operation": 21
    },
    {
      "time": 3526,
      "train": 0,
      "operation": 222
    },
    {
      "time": 3600,
      "train": 4,
      "operation": 59
    },
    {
      "time": 3602,
      "train": 4,
      "operation": 60
    },
    {
      "time": 3724,
      "train": 3,
      "operation": 23
    },
    {
      "time": 3731,
      "train": 3,
      "operation": 25
    },
    {
      "time": 3851,
      "train": 0,
      "operation": 249
    },
    {
      "time": 3872,
      "train": 0,
      "operation": 253
    },
    {
      "time": 4279,
      "train": 0,
      "operation": 260
    },
    {
      "time": 4293,
      "train": 0,
      "operation": 264
    },
    {
      "time": 4301,
      "train": 3,
      "operation": 29
    },
    {
      "time": 4310,
      "train": 3,
      "operation": 30
    },
    {
      "time": 4374,
      "train": 0,
      "operation": 268
    },
    {
      "time": 4381,
      "train": 0,
      "operation": 274
    },
    {
      "time": 4418,
      "train": 3,
      "operation": 31
    },
    {
      "time": 4423,
      "train": 3,
      "operation": 32
    },
    {
      "time": 4551,
      "train": 0,
      "operation": 281
    },
    {
      "time": 4552,
      "train": 0,
      "operation": 288
    }
  ]
}