{
  "objective_value": 6713,
  "events": [
    {
      "time": 0,
      "train": 0,
      "operation": 0
    },
    {
      "time": 0,
      "train": 1,
      "operation": 0
    },
    {
      "time": 0,
      "train": 2,
      "operation": 0
    },
    {
      "time": 0,
      "train": 3,
      "operation": 0
    },
    {
      "time": 0,
      "train": 4,
      "operation": 0
    },
    {
      "time": 0,
      "train": 5,
      "operation": 0
    },
    {
      "time": 1,
      "train": 1,
      "operation": 1
    },
    {
      "time": 14,
      "train": 1,
      "operation": 2
    },
    {
      "time": 155,
      "train": 5,
      "operation": 1
    },
    {
      "time": 271,
      "train": 3,
      "operation": 1
    },
    {
      "time": 272,
      "train": 3,
      "operation": 2
    },
    {
      "time": 347,
      "train": 4,
      "operation": 1
    },
    {
      "time": 395,
      "train": 4,
      "operation": 2
    },
    {
      "time": 480,
      "train": 1,
      "operation": 3
    },
    {
      "time": 493,
      "train": 1,
      "operation": 4
    },
    {
      "time": 516,
      "train": 2,
      "operation": 1
    },
    {
      "time": 604,
      "train": 4,
      "operation": 3
    },
    {
      "time": 609,
      "train": 2,
      "operation": 2
    },
    {
      "time": 627,
      "train": 4,
      "operation": 5
    },
    {
      "time": 662,
      "train": 4,
      "operation": 8
    },
    {
      "time": 696,
      "train": 4,
      "operation": 11
    },
    {
      "time": 915,
      "train": 2,
      "operation": 3
    },
    {
      "time": 932,
      "train": 1,
      "operation": 5
    },
    {
      "time": 939,
      "train": 2,
      "operation": 5
    },
    {
      "time": 946,
      "train": 1,
      "operation": 6
    },
    {
      "time": 1136,
      "train": 4,
      "operation": 19
    },
    {
      "time": 1145,
      "train": 0,
      "operation": 1
    },
    {
      "time": 1158,
      "train": 0,
      "operation": 2
    },
    {
      "time": 1166,
      "train": 4,
      "operation": 25
    },
    {
      "time": 1195,
      "train": 3,
      "operation": 3
    },
    {
      "time": 1210,
      "train": 3,
      "operation": 4
    },
    {
      "time": 1369,
      "train": 5,
      "operation": 2
    },
    {
      "time": 1638,
      "train": 3,
      "operation": 6
    },
    {
      "time": 1661,
      "train": 1,
      "operation": 7
    },
    {
      "time": 1662,
      "train": 3,
      "operation": 8
    },
    {
      "time": 1676,
      "train": 1,
      "operation": 8
    },
    {
      "time": 1791,
      "train": 0,
      "operation": 3
    },
    {
      "time": 1794,
      "train": 0,
      "operation": 4
    },
    {
      "time": 1819,
      "train": 4,
      "operation": 30
    },
    {
      "time": 1835,
      "train": 5,
      "operation": 3
    },
    {
      "time": 1841,
      "train": 4,
      "operation": 36
    },
    {
      "time": 2005,
      "train": 5,
      "operation": 5
    },
    {
      "time": 2091,
      "train": 3,
      "operation": 14
    },
    {
      "time": 2127,
      "train": 3,
      "operation": 20
    },
    {
      "time": 2222,
      "train": 1,
      "operation": 9
    },
    {
      "time": 2238,
      "train": 1,
      "operation": 10
    },
    {
      "time": 2285,
      "train": 3,
      "operation": 30
    },
    {
      "time": 2303,
      "train": 3,
      "operation": 40
    },
    {
      "time": 2338,
      "train": 3,
      "operation": 56
    },
    {
      "time": 2372,
      "train": 3,
      "operation": 76
    },
    {
      "time": 2501,
      "train": 2,
      "operation": 7
    },
    {
      "time": 2505,
      "train": 2,
      "operation": 9
    },
    {
      "time": 2602,
      "train": 0,
      "operation": 5
    },
    {
      "time": 2612,
      "train": 4,
      "operation": 44
    },
    {
      "time": 2615,
      "train": 0,
      "operation": 6
    },
    {
      "time": 2627,
      "train": 5,
      "operation": 7
    },
    {
      "time": 2634,
      "train": 4,
      "operation": 48
    },
    {
      "time": 2812,
      "train": 3,
      "operation": 88
    },
    {
      "time": 2826,
      "train": 5,
      "operation": 9
    },
    {
      "time": 2842,
      "train": 3,
      "operation": 94
    },
    {
      "time": 2972,
      "train": 0,
      "operation": 8
    },
    {
      "time": 2992,
      "train": 0,
      "operation": 10
    },
    {
      "time": 3071,
      "train": 1,
      "operation": 12
    },
    {
      "time": 3090,
      "train": 1,
      "operation": 14
    },
    {
      "time": 3233,
      "train": 4,
      "operation": 60
    },
    {
      "time": 3283,
      "train": 4,
      "operation": 64
    },
    {
      "time": 3373,
      "train": 0,
      "operation": 16
    },
    {
      "time": 3409,
      "train": 0,
      "operation": 22
    },
    {
      "time": 3439,
      "train": 2,
      "operation": 11
    },
    {
      "time": 3458,
      "train": 2,
      "operation": 15
    },
    {
      "time": 3495,
      "train": 3,
      "operation": 99
    },
    {
      "time": 3517,
      "train": 3,
      "operation": 105
    },
    {
      "time": 3567,
      "train": 0,
      "operation": 32
    },
    {
      "time": 3585,
      "train": 0,
      "operation": 42
    },
    {
      "time": 3620,
      "train": 0,
      "operation": 58
    },
    {
      "time": 3630,
      "train": 5,
      "operation": 11
    },
    {
      "time": 3643,
      "train": 5,
      "operation": 13
    },
    {
      "time": 3654,
      "train": 0,
      "operation": 78
    },
    {
      "time": 3740,
      "train": 1,
      "operation": 18
    },
    {
      "time": 3759,
      "train": 1,
      "operation": 22
    },
    {
      "time": 3924,
      "train": 2,
      "operation": 19
    },
    {
      "time": 3937,
      "train": 2,
      "operation": 23
    },
    {
      "time": 3937,
      "train": 4,
      "operation": 78
    },
    {
      "time": 3974,
      "train": 4,
      "operation": 81
    },
    {
      "time": 4000,
      "train": 5,
      "operation": 15
    },
    {
      "time": 4024,
      "train": 5,
      "operation": 17
    },
    {
      "time": 4086,
      "train": 0,
      "operation": 91
    },
    {
      "time": 4114,
      "train": 0,
      "operation": 97
    },
    {
      "time": 4230,
      "train": 0,
      "operation": 103
    },
    {
      "time": 4237,
      "train": 0,
      "operation": 109
    },
    {
      "time": 4253,
      "train": 4,
      "operation": 88
    },
    {
      "time": 4269,
      "train": 4,
      "operation": 91
    },
    {
      "time": 4271,
      "train": 1,
      "operation": 25
    },
    {
      "time": 4288,
      "train": 3,
      "operation": 113
    },
    {
      "time": 4290,
      "train": 1,
      "operation": 28
    },
    {
      "time": 4310,
      "train": 3,
      "operation": 117
    },
    {
      "time": 4377,
      "train": 2,
      "operation": 27
    },
    {
      "time": 4379,
      "train": 4,
      "operation": 94
    },
    {
      "time": 4390,
      "train": 2,
      "operation": 31
    },
    {
      "time": 4405,
      "train": 5,
      "operation": 21
    },
    {
      "time": 4422,
      "train": 4,
      "operation": 97
    },
    {
      "time": 4450,
      "train": 5,
      "operation": 27
    },
    {
      "time": 4472,
      "train": 4,
      "operation": 100
    },
    {
      "time": 4486,
      "train": 4,
      "operation": 103
    },
    {
      "time": 4608,
      "train": 4,
      "operation": 106
    },
    {
      "time": 4612,
      "train": 4,
      "operation": 107
    },
    {
      "time": 4646,
      "train": 5,
      "operation": 35
    },
    {
      "time": 4664,
      "train": 5,
      "operation": 45
    },
    {
      "time": 4682,
      "train": 0,
      "operation": 111
    },
    {
      "time": 4699,
      "train": 5,
      "operation": 58
    },
    {
      "time": 4705,
      "train": 1,
      "operation": 32
    },
    {
      "time": 4723,
      "train": 1,
      "operation": 36
    },
    {
      "time": 4733,
      "train": 5,
      "operation": 80
    },
    {
      "time": 4909,
      "train": 3,
      "operation": 129
    },
    {
      "time": 4959,
      "train": 3,
      "operation": 133
    },
    {
      "time": 5105,
      "train": 2,
      "operation": 35
    },
    {
      "time": 5120,
      "train": 2,
      "operation": 39
    },
    {
      "time": 5154,
      "train": 5,
      "operation": 88
    },
    {
      "time": 5179,
      "train": 5,
      "operation": 94
    },
    {
      "time": 5198,
      "train": 1,
      "operation": 40
    },
    {
      "time": 5217,
      "train": 1,
      "operation": 46
    },
    {
      "time": 5613,
      "train": 3,
      "operation": 148
    },
    {
      "time": 5636,
      "train": 3,
      "operation": 151
    },
    {
      "time": 5667,
      "train": 2,
      "operation": 43
    },
    {
      "time": 5681,
      "train": 2,
      "operation": 47
    },
    {
      "time": 5711,
      "train": 4,
      "operation": 108
    },
    {
      "time": 5716,
      "train": 4,
      "operation": 109
    },
    {
      "time": 5720,
      "train": 4,
      "operation": 110
    },
    {
      "time": 5723,
      "train": 5,
      "operation": 99
    },
    {
      "time": 5745,
      "train": 5,
      "operation": 105
    },
    {
      "time": 5915,
      "train": 3,
      "operation": 158
    },
    {
      "time": 5931,
      "train": 3,
      "operation": 161
    },
    {
      "time": 5962,
      "train": 1,
      "operation": 52
    },
    {
      "time": 5980,
      "train": 1,
      "operation": 58
    },
    {
      "time": 6041,
      "train": 3,
      "operation": 166
    },
    {
      "time": 6068,
      "train": 3,
      "operation": 172
    },
    {
      "time": 6159,
      "train": 3,
      "operation": 177
    },
    {
      "time": 6175,
      "train": 3,
      "operation": 183
    },
    {
      "time": 6392,
      "train": 5,
      "operation": 113
    },
    {
      "time": 6411,
      "train": 5,
      "operation": 117
    },
    {
      "time": 6517,
      "train": 2,
      "operation": 51
    },
    {
      "time": 6534,
      "train": 2,
      "operation": 55
    },
    {
      "time": 6570,
      "train": 0,
      "operation": 113
    },
    {
      "time": 6671,
      "train": 1,
      "operation": 67
    },
    {
      "time": 6682,
      "train": 1,
      "operation": 71
    },
    {
      "time": 6776,
      "train": 3,
      "operation": 191
    },
    {
      "time": 6797,
      "train": 3,
      "operation": 193
    },
    {
      "time": 6911,
      "train": 5,
      "operation": 129
    },
    {
      "time": 6961,
      "train": 5,
      "operation": 133
    },
    {
      "time": 7061,
      "train": 1,
      "operation": 73
    },
    {
      "time": 7077,
      "train": 1,
      "operation": 77
    },
    {
      "time": 7092,
      "train": 2,
      "operation": 59
    },
    {
      "time": 7108,
      "train": 2,
      "operation": 63
    },
    {
      "time": 7246,
      "train": 0,
      "operation": 115
    },
    {
      "time": 7265,
      "train": 0,
      "operation": 119
    },
    {
      "time": 7382,
      "train": 1,
      "operation": 81
    },
    {
      "time": 7396,
      "train": 1,
      "operation": 84
    },
    {
      "time": 7506,
      "train": 5,
      "operation": 147
    },
    {
      "time": 7541,
      "train": 3,
      "operation": 194
    },
    {
      "time": 7543,
      "train": 5,
      "operation": 150
    },
    {
      "time": 7548,
      "train": 2,
      "operation": 67
    },
    {
      "time": 7564,
      "train": 2,
      "operation": 70
    },
    {
      "time": 7567,
      "train": 3,
      "operation": 195
    },
    {
      "time": 7765,
      "train": 0,
      "operation": 131
    },
    {
      "time": 7776,
      "train": 5,
      "operation": 157
    },
    {
      "time": 7790,
      "train": 5,
      "operation": 160
    },
    {
      "time": 7815,
      "train": 0,
      "operation": 135
    },
    {
      "time": 7882,
      "train": 5,
      "operation": 164
    },
    {
      "time": 7925,
      "train": 5,
      "operation": 170
    },
    {
      "time": 7962,
      "train": 1,
      "operation": 90
    },
    {
      "time": 7971,
      "train": 2,
      "operation": 74
    },
    {
      "time": 7980,
      "train": 1,
      "operation": 94
    },
    {
      "time": 7992,
      "train": 2,
      "operation": 78
    },
    {
      "time": 8001,
      "train": 5,
      "operation": 178
    },
    {
      "time": 8014,
      "train": 5,
      "operation": 182
    },
    {
      "time": 8360,
      "train": 0,
      "operation": 150
    },
    {
      "time": 8372,
      "train": 3,
      "operation": 196
    },
    {
      "time": 8379,
      "train": 0,
      "operation": 153
    },
    {
      "time": 8393,
      "train": 3,
      "operation": 197
    },
    {
      "time": 8415,
      "train": 1,
      "operation": 97
    },
    {
      "time": 8438,
      "train": 2,
      "operation": 84
    },
    {
      "time": 8440,
      "train": 1,
      "operation": 100
    },
    {
      "time": 8454,
      "train": 2,
      "operation": 90
    },
    {
      "time": 8515,
      "train": 5,
      "operation": 188
    },
    {
      "time": 8536,
      "train": 5,
      "operation": 190
    },
    {
      "time": 8612,
      "train": 0,
      "operation": 160
    },
    {
      "time": 8626,
      "train": 0,
      "operation": 163
    },
    {
      "time": 8718,
      "train": 0,
      "operation": 168
    },
    {
      "time": 8740,
      "train": 0,
      "operation": 174
    },
    {
      "time": 8816,
      "train": 0,
      "operation": 179
    },
    {
      "time": 8829,
      "train": 0,
      "operation": 185
    },
    {
      "time": 8911,
      "train": 3,
      "operation": 198
    },
    {
      "time": 8932,
      "train": 3,
      "operation": 199
    },
    {
      "time": 9093,
      "train": 2,
      "operation": 95
    },
    {
      "time": 9115,
      "train": 2,
      "operation": 101
    },
    {
      "time": 9139,
      "train": 5,
      "operation": 191
    },
    {
      "time": 9142,
      "train": 1,
      "operation": 113
    },
    {
      "time": 9161,
      "train": 5,
      "operation": 192
    },
    {
      "time": 9169,
      "train": 1,
      "operation": 117
    },
    {
      "time": 9330,
      "train": 0,
      "operation": 193
    },
    {
      "time": 9351,
      "train": 0,
      "operation": 195
    },
    {
      "time": 9708,
      "train": 2,
      "operation": 109
    },
    {
      "time": 9727,
      "train": 2,
      "operation": 113
    },
    {
      "time": 9747,
      "train": 3,
      "operation": 200
    },
    {
      "time": 9769,
      "train": 3,
      "operation": 201
    },
    {
      "time": 9829,
      "train": 1,
      "operation": 129
    },
    {
      "time": 9832,
      "train": 5,
      "operation": 193
    },
    {
      "time": 9847,
      "train": 1,
      "operation": 132
    },
    {
      "time": 9850,
      "train": 5,
      "operation": 194
    },
    {
      "time": 9994,
      "train": 0,
      "operation": 196
    },
    {
      "time": 9999,
      "train": 3,
      "operation": 202
    },
    {
      "time": 10005,
      "train": 3,
      "operation": 203
    },
    {
      "time": 10016,
      "train": 0,
      "operation": 197
    },
    {
      "time": 10106,
      "train": 2,
      "operation": 118
    },
    {
      "time": 10120,
      "train": 3,
      "operation": 204
    },
    {
      "time": 10127,
      "train": 2,
      "operation": 122
    },
    {
      "time": 10128,
      "train": 3,
      "operation": 205
    },
    {
      "time": 10281,
      "train": 5,
      "operation": 195
    },
    {
      "time": 10299,
      "train": 5,
      "operation": 196
    },
    {
      "time": 10433,
      "train": 2,
      "operation": 126
    },
    {
      "time": 10445,
      "train": 2,
      "operation": 129
    },
    {
      "time": 10459,
      "train": 1,
      "operation": 139
    },
    {
      "time": 10477,
      "train": 1,
      "operation": 142
    },
    {
      "time": 10544,
      "train": 3,
      "operation": 206
    },
    {
      "time": 10566,
      "train": 3,
      "operation": 207
    },
    {
      "time": 10687,
      "train": 0,
      "operation": 198
    },
    {
      "time": 10705,
      "train": 0,
      "operation": 199
    },
    {
      "time": 10952,
      "train": 3,
      "operation": 208
    },
    {
      "time": 10958,
      "train": 3,
      "operation": 209
    },
    {
      "time": 10966,
      "train": 2,
      "operation": 132
    },
    {
      "time": 10978,
      "train": 5,
      "operation": 197
    },
    {
      "time": 10988,
      "train": 2,
      "operation": 136
    },
    {
      "time": 10996,
      "train": 5,
      "operation": 198
    },
    {
      "time": 11027,
      "train": 1,
      "operation": 145
    },
    {
      "time": 11046,
      "train": 1,
      "operation": 148
    },
    {
      "time": 11084,
      "train": 3,
      "operation": 210
    },
    {
      "time": 11091,
      "train": 3,
      "operation": 211
    },
    {
      "time": 11136,
      "train": 0,
      "operation": 200
    },
    {
      "time": 11155,
      "train": 0,
      "operation": 201
    },
    {
      "time": 11188,
      "train": 5,
      "operation": 199
    },
    {
      "time": 11193,
      "train": 5,
      "operation": 200
    },
    {
      "time": 11289,
      "train": 5,
      "operation": 201
    },
    {
      "time": 11292,
      "train": 5,
      "operation": 202
    },
    {
      "time": 11346,
      "train": 3,
      "operation": 212
    },
    {
      "time": 11353,
      "train": 3,
      "operation": 214
    },
    {
      "time": 11375,
      "train": 2,
      "operation": 141
    },
    {
      "time": 11397,
      "train": 2,
      "operation": 144
    },
    {
      "time": 11566,
      "train": 3,
      "operation": 216
    },
    {
      "time": 11573,
      "train": 3,
      "operation": 218
    },
    {
      "time": 11609,
      "train": 1,
      "operation": 152
    },
    {
      "time": 11627,
      "train": 1,
      "operation": 155
    },
    {
      "time": 11834,
      "train": 0,
      "operation": 202
    },
    {
      "time": 11852,
      "train": 0,
      "operation": 203
    },
    {
      "time": 11908,
      "train": 3,
      "operation": 220
    },
    {
      "time": 11914,
      "train": 3,
      "operation": 222
    },
    {
      "time": 11999,
      "train": 2,
      "operation": 157
    },
    {
      "time": 12026,
      "train": 2,
      "operation": 161
    },
    {
      "time": 12044,
      "train": 0,
      "operation": 204
    },
    {
      "time": 12049,
      "train": 0,
      "operation": 205
    },
    {
      "time": 12079,
      "train": 1,
      "operation": 167
    },
    {
      "time": 12098,
      "train": 1,
      "operation": 171
    },
    {
      "time": 12145,
      "train": 0,
      "operation": 206
    },
    {
      "time": 12149,
      "train": 3,
      "operation": 224
    },
    {
      "time": 12152,
      "train": 0,
      "operation": 207
    },
    {
      "time": 12156,
      "train": 3,
      "operation": 226
    },
    {
      "time": 12499,
      "train": 0,
      "operation": 208
    },
    {
      "time": 12517,
      "train": 0,
      "operation": 209
    },
    {
      "time": 12592,
      "train": 2,
      "operation": 173
    },
    {
      "time": 12608,
      "train": 2,
      "operation": 176
    },
    {
      "time": 12668,
      "train": 3,
      "operation": 228
    },
    {
      "time": 12673,
      "train": 3,
      "operation": 230
    },
    {
      "time": 12690,
      "train": 1,
      "operation": 173
    },
    {
      "time": 12708,
      "train": 1,
      "operation": 176
    },
    {
      "time": 12789,
      "train": 3,
      "operation": 232
    },
    {
      "time": 12796,
      "train": 3,
      "operation": 234
    },
    {
      "time": 12858,
      "train": 0,
      "operation": 210
    },
    {
      "time": 12864,
      "train": 0,
      "operation": 211
    },
    {
      "time": 12990,
      "train": 0,
      "operation": 212
    },
    {
      "time": 12997,
      "train": 0,
      "operation": 213
    },
    {
      "time": 13106,
      "train": 3,
      "operation": 236
    },
    {
      "time": 13112,
      "train": 3,
      "operation": 238
    },
    {
      "time": 13133,
      "train": 2,
      "operation": 183
    },
    {
      "time": 13148,
      "train": 2,
      "operation": 186
    },
    {
      "time": 13251,
      "train": 0,
      "operation": 214
    },
    {
      "time": 13257,
      "train": 0,
      "operation": 216
    },
    {
      "time": 13326,
      "train": 3,
      "operation": 240
    },
    {
      "time": 13327,
      "train": 1,
      "operation": 179
    },
    {
      "time": 13333,
      "train": 3,
      "operation": 242
    },
    {
      "time": 13344,
      "train": 1,
      "operation": 183
    },
    {
      "time": 13435,
      "train": 0,
      "operation": 218
    },
    {
      "time": 13441,
      "train": 0,
      "operation": 220
    },
    {
      "time": 13619,
      "train": 2,
      "operation": 189
    },
    {
      "time": 13635,
      "train": 2,
      "operation": 192
    },
    {
      "time": 13720,
      "train": 0,
      "operation": 223
    },
    {
      "time": 13729,
      "train": 0,
      "operation": 225
    },
    {
      "time": 13805,
      "train": 3,
      "operation": 244
    },
    {
      "time": 13829,
      "train": 3,
      "operation": 246
    },
    {
      "time": 13903,
      "train": 1,
      "operation": 187
    },
    {
      "time": 13921,
      "train": 1,
      "operation": 190
    },
    {
      "time": 14119,
      "train": 0,
      "operation": 227
    },
    {
      "time": 14119,
      "train": 2,
      "operation": 196
    },
    {
      "time": 14129,
      "train": 0,
      "operation": 229
    },
    {
      "time": 14135,
      "train": 2,
      "operation": 199
    },
    {
      "time": 14218,
      "train": 3,
      "operation": 248
    },
    {
      "time": 14243,
      "train": 3,
      "operation": 250
    },
    {
      "time": 14523,
      "train": 2,
      "operation": 211
    },
    {
      "time": 14538,
      "train": 1,
      "operation": 193
    },
    {
      "time": 14540,
      "train": 2,
      "operation": 215
    },
    {
      "time": 14556,
      "train": 0,
      "operation": 231
    },
    {
      "time": 14556,
      "train": 1,
      "operation": 196
    },
    {
      "time": 14564,
      "train": 0,
      "operation": 233
    },
    {
      "time": 14696,
      "train": 3,
      "operation": 252
    },
    {
      "time": 14720,
      "train": 3,
      "operation": 254
    },
    {
      "time": 14755,
      "train": 0,
      "operation": 235
    },
    {
      "time": 14765,
      "train": 0,
      "operation": 237
    },
    {
      "time": 15023,
      "train": 0,
      "operation": 238
    },
    {
      "time": 15028,
      "train": 0,
      "operation": 240
    },
    {
      "time": 15048,
      "train": 2,
      "operation": 218
    },
    {
      "time": 15070,
      "train": 2,
      "operation": 221
    },
    {
      "time": 15157,
      "train": 1,
      "operation": 199
    },
    {
      "time": 15175,
      "train": 1,
      "operation": 203
    },
    {
      "time": 15185,
      "train": 3,
      "operation": 257
    },
    {
      "time": 15194,
      "train": 3,
      "operation": 259
    },
    {
      "time": 15207,
      "train": 0,
      "operation": 242
    },
    {
      "time": 15213,
      "train": 0,
      "operation": 244
    },
    {
      "time": 15537,
      "train": 3,
      "operation": 261
    },
    {
      "time": 15547,
      "train": 3,
      "operation": 263
    },
    {
      "time": 15601,
      "train": 2,
      "operation": 225
    },
    {
      "time": 15607,
      "train": 0,
      "operation": 247
    },
    {
      "time": 15622,
      "train": 2,
      "operation": 229
    },
    {
      "time": 15623,
      "train": 0,
      "operation": 249
    },
    {
      "time": 15751,
      "train": 1,
      "operation": 207
    },
    {
      "time": 15769,
      "train": 1,
      "operation": 211
    },
    {
      "time": 15947,
      "train": 0,
      "operation": 251
    },
    {
      "time": 15953,
      "train": 1,
      "operation": 215
    },
    {
      "time": 15968,
      "train": 0,
      "operation": 253
    },
    {
      "time": 15973,
      "train": 1,
      "operation": 219
    },
    {
      "time": 16088,
      "train": 1,
      "operation": 223
    },
    {
      "time": 16089,
      "train": 3,
      "operation": 264
    },
    {
      "time": 16095,
      "train": 3,
      "operation": 266
    },
    {
      "time": 16102,
      "train": 2,
      "operation": 231
    },
    {
      "time": 16111,
      "train": 1,
      "operation": 231
    },
    {
      "time": 16118,
      "train": 2,
      "operation": 234
    },
    {
      "time": 16139,
      "train": 1,
      "operation": 257
    },
    {
      "time": 16210,
      "train": 3,
      "operation": 268
    },
    {
      "time": 16217,
      "train": 3,
      "operation": 270
    },
    {
      "time": 16390,
      "train": 1,
      "operation": 291
    },
    {
      "time": 16401,
      "train": 0,
      "operation": 255
    },
    {
      "time": 16417,
      "train": 0,
      "operation": 257
    },
    {
      "time": 16428,
      "train": 1,
      "operation": 315
    },
    {
      "time": 16472,
      "train": 1,
      "operation": 341
    },
    {
      "time": 16499,
      "train": 3,
      "operation": 272
    },
    {
      "time": 16519,
      "train": 3,
      "operation": 274
    },
    {
      "time": 16626,
      "train": 1,
      "operation": 344
    },
    {
      "time": 16647,
      "train": 2,
      "operation": 237
    },
    {
      "time": 16661,
      "train": 1,
      "operation": 349
    },
    {
      "time": 16662,
      "train": 2,
      "operation": 240
    },
    {
      "time": 16805,
      "train": 0,
      "operation": 258
    },
    {
      "time": 16810,
      "train": 0,
      "operation": 260
    },
    {
      "time": 16982,
      "train": 0,
      "operation": 262
    },
    {
      "time": 16988,
      "train": 0,
      "operation": 264
    },
    {
      "time": 17177,
      "train": 2,
      "operation": 243
    },
    {
      "time": 17193,
      "train": 2,
      "operation": 247
    },
    {
      "time": 17199,
      "train": 1,
      "operation": 354
    },
    {
      "time": 17204,
      "train": 1,
      "operation": 356
    },
    {
      "time": 17308,
      "train": 3,
      "operation": 276
    },
    {
      "time": 17336,
      "train": 3,
      "operation": 278
    },
    {
      "time": 17440,
      "train": 0,
      "operation": 267
    },
    {
      "time": 17449,
      "train": 0,
      "operation": 269
    },
    {
      "time": 17453,
      "train": 3,
      "operation": 280
    },
    {
      "time": 17460,
      "train": 3,
      "operation": 282
    },
    {
      "time": 17640,
      "train": 0,
      "operation": 271
    },
    {
      "time": 17650,
      "train": 0,
      "operation": 273
    },
    {
      "time": 17687,
      "train": 2,
      "operation": 251
    },
    {
      "time": 17703,
      "train": 2,
      "operation": 255
    },
    {
      "time": 17862,
      "train": 2,
      "operation": 259
    },
    {
      "time": 17870,
      "train": 3,
      "operation": 284
    },
    {
      "time": 17877,
      "train": 3,
      "operation": 286
    },
    {
      "time": 17879,
      "train": 2,
      "operation": 263
    },
    {
      "time": 17886,
      "train": 0,
      "operation": 275
    },
    {
      "time": 17903,
      "train": 0,
      "operation": 277
    },
    {
      "time": 17978,
      "train": 2,
      "operation": 267
    },
    {
      "time": 17992,
      "train": 3,
      "operation": 288
    },
    {
      "time": 17998,
      "train": 2,
      "operation": 275
    },
    {
      "time": 17999,
      "train": 3,
      "operation": 290
    },
    {
      "time": 18023,
      "train": 2,
      "operation": 301
    },
    {
      "time": 18274,
      "train": 2,
      "operation": 335
    },
    {
      "time": 18312,
      "train": 2,
      "operation": 359
    },
    {
      "time": 18354,
      "train": 3,
      "operation": 292
    },
    {
      "time": 18356,
      "train": 2,
      "operation": 385
    },
    {
      "time": 18375,
      "train": 3,
      "operation": 294
    },
    {
      "time": 18510,
      "train": 2,
      "operation": 388
    },
    {
      "time": 18545,
      "train": 2,
      "operation": 393
    },
    {
      "time": 18557,
      "train": 3,
      "operation": 296
    },
    {
      "time": 18567,
      "train": 3,
      "operation": 300
    },
    {
      "time": 18613,
      "train": 0,
      "operation": 279
    },
    {
      "time": 18636,
      "train": 0,
      "operation": 281
    },
    {
      "time": 18734,
      "train": 0,
      "operation": 283
    },
    {
      "time": 18740,
      "train": 0,
      "operation": 285
    },
    {
      "time": 19082,
      "train": 0,
      "operation": 286
    },
    {
      "time": 19083,
      "train": 2,
      "operation": 398
    },
    {
      "time": 19086,
      "train": 2,
      "operation": 400
    },
    {
      "time": 19088,
      "train": 0,
      "operation": 288
    },
    {
      "time": 19184,
      "train": 0,
      "operation": 290
    },
    {
      "time": 19190,
      "train": 0,
      "operation": 292
    },
    {
      "time": 19497,
      "train": 0,
      "operation": 295
    },
    {
      "time": 19518,
      "train": 0,
      "operation": 297
    },
    {
      "time": 19670,
      "train": 0,
      "operation": 301
    },
    {
      "time": 19679,
      "train": 0,
      "operation": 305
    },
    {
      "time": 19714,
      "train": 3,
      "operation": 304
    },
    {
      "time": 19727,
      "train": 3,
      "operation": 306
    },
    {
      "time": 19944,
      "train": 3,
      "operation": 308
    },
    {
      "time": 19953,
      "train": 3,
      "operation": 310
    },
    {
      "time": 20119,
      "train": 3,
      "operation": 312
    },
    {
      "time": 20129,
      "train": 3,
      "operation": 314
    },
    {
      "time": 20407,
      "train": 3,
      "operation": 316
    },
    {
      "time": 20429,
      "train": 3,
      "operation": 318
    },
    {
      "time": 20685,
      "train": 3,
      "operation": 320
    },
    {
      "time": 20692,
      "train": 3,
      "operation": 322
    },
    {
      "time": 20767,
      "train": 0,
      "operation": 307
    },
    {
      "time": 20779,
      "train": 0,
      "operation": 309
    },
    {
      "time": 20996,
      "train": 0,
      "operation": 311
    },
    {
      "time": 21005,
      "train": 0,
      "operation": 313
    },
    {
      "time": 21079,
      "train": 3,
      "operation": 324
    },
    {
      "time": 21086,
      "train": 3,
      "operation": 326
    },
    {
      "time": 21199,
      "train": 0,
      "operation": 315
    },
    {
      "time": 21201,
      "train": 3,
      "operation": 328
    },
    {
      "time": 21210,
      "train": 0,
      "operation": 317
    },
    {
      "time": 21230,
      "train": 3,
      "operation": 330
    },
    {
      "time": 21485,
      "train": 0,
      "operation": 319
    },
    {
      "time": 21502,
      "train": 3,
      "operation": 333
    },
    {
      "time": 21507,
      "train": 0,
      "operation": 321
    },
    {
      "time": 21574,
      "train": 3,
      "operation": 335
    },
    {
      "time": 21721,
      "train": 0,
      "operation": 323
    },
    {
      "time": 21731,
      "train": 0,
      "operation": 325
    },
    {
      "time": 22054,
      "train": 0,
      "operation": 327
    },
    {
      "time": 22064,
      "train": 0,
      "operation": 329
    },
    {
      "time": 22180,
      "train": 0,
      "operation": 331
    },
    {
      "time": 22209,
      "train": 0,
      "operation": 333
    },
    {
      "time": 22221,
      "train": 3,
      "operation": 339
    },
    {
      "time": 22246,
      "train": 3,
      "operation": 343
    },
    {
      "time": 22481,
      "train": 0,
      "operation": 334
    },
    {
      "time": 22553,
      "train": 0,
      "operation": 336
    },
    {
      "time": 22880,
      "train": 3,
      "operation": 345
    },
    {
      "time": 22902,
      "train": 3,
      "operation": 347
    },
    {
      "time": 23213,
      "train": 0,
      "operation": 338
    },
    {
      "time": 23238,
      "train": 0,
      "operation": 342
    },
    {
      "time": 23396,
      "train": 3,
      "operation": 348
    },
    {
      "time": 23402,
      "train": 3,
      "operation": 350
    },
    {
      "time": 23611,
      "train": 3,
      "operation": 352
    },
    {
      "time": 23618,
      "train": 3,
      "operation": 354
    },
    {
      "time": 23800,
      "train": 0,
      "operation": 346
    },
    {
      "time": 23822,
      "train": 0,
      "operation": 348
    },
    {
      "time": 24063,
      "train": 3,
      "operation": 356
    },
    {
      "time": 24072,
      "train": 3,
      "operation": 358
    },
    {
      "time": 24183,
      "train": 3,
      "operation": 360
    },
    {
      "time": 24217,
      "train": 3,
      "operation": 363
    },
    {
      "time": 24234,
      "train": 0,
      "operation": 350
    },
    {
      "time": 24239,
      "train": 0,
      "operation": 352
    },
    {
      "time": 24413,
      "train": 0,
      "operation": 354
    },
    {
      "time": 24419,
      "train": 0,
      "operation": 356
    },
    {
      "time": 24791,
      "train": 0,
      "operation": 358
    },
    {
      "time": 24802,
      "train": 0,
      "operation": 359
    },
    {
      "time": 24891,
      "train": 3,
      "operation": 366
    },
    {
      "time": 24895,
      "train": 0,
      "operation": 360
    },
    {
      "time": 24910,
      "train": 3,
      "operation": 369
    },
    {
      "time": 24923,
      "train": 0,
      "operation": 361
    },
    {
      "time": 25485,
      "train": 0,
      "operation": 362
    },
    {
      "time": 25502,
      "train": 0,
      "operation": 363
    },
    {
      "time": 25691,
      "train": 3,
      "operation": 372
    },
    {
      "time": 25711,
      "train": 3,
      "operation": 375
    },
    {
      "time": 26152,
      "train": 0,
      "operation": 364
    },
    {
      "time": 26169,
      "train": 0,
      "operation": 365
    },
    {
      "time": 26490,
      "train": 3,
      "operation": 378
    },
    {
      "time": 26513,
      "train": 3,
      "operation": 380
    },
    {
      "time": 26643,
      "train": 0,
      "operation": 366
    },
    {
      "time": 26669,
      "train": 3,
      "operation": 382
    },
    {
      "time": 26699,
      "train": 3,
      "operation": 385
    },
    {
      "time": 26752,
      "train": 0,
      "operation": 367
    },
    {
      "time": 26793,
      "train": 0,
      "operation": 368
    },
    {
      "time": 26820,
      "train": 0,
      "operation": 369
    },
    {
      "time": 27348,
      "train": 3,
      "operation": 396
    },
    {
      "time": 27370,
      "train": 3,
      "operation": 399
    },
    {
      "time": 27577,
      "train": 0,
      "operation": 370
    },
    {
      "time": 27578,
      "train": 0,
      "operation": 371
    },
    {
      "time": 27582,
      "train": 0,
      "operation": 372
    },
    {
      "time": 28072,
      "train": 3,
      "operation": 402
    },
    {
      "time": 28093,
      "train": 3,
      "operation": 405
    },
    {
      "time": 28863,
      "train": 3,
      "operation": 408
    },
    {
      "time": 28885,
      "train": 3,
      "operation": 410
    },
    {
      "time": 29055,
      "train": 3,
      "operation": 414
    },
    {
      "time": 29061,
      "train": 3,
      "operation": 416
    },
    {
      "time": 29177,
      "train": 3,
      "operation": 418
    },
    {
      "time": 29184,
      "train": 3,
      "operation": 420
    },
    {
      "time": 29617,
      "train": 3,
      "operation": 422
    },
    {
      "time": 29623,
      "train": 3,
      "operation": 424
    },
    {
      "time": 29821,
      "train": 3,
      "operation": 426
    },
    {
      "time": 29829,
      "train": 3,
      "operation": 428
    },
    {
      "time": 30101,
      "train": 3,
      "operation": 431
    },
    {
      "time": 30112,
      "train": 3,
      "operation": 433
    },
    {
      "time": 30569,
      "train": 3,
      "operation": 437
    },
    {
      "time": 30591,
      "train": 3,
      "operation": 441
    },
    {
      "time": 31322,
      "train": 3,
      "operation": 444
    },
    {
      "time": 31343,
      "train": 3,
      "operation": 447
    },
    {
      "time": 31828,
      "train": 3,
      "operation": 450
    },
    {
      "time": 31851,
      "train": 3,
      "operation": 453
    },
    {
      "time": 32464,
      "train": 3,
      "operation": 455
    },
    {
      "time": 32498,
      "train": 3,
      "operation": 458
    },
    {
      "time": 33131,
      "train": 3,
      "operation": 470
    },
    {
      "time": 33155,
      "train": 3,
      "operation": 473
    },
    {
      "time": 33810,
      "train": 3,
      "operation": 476
    },
    {
      "time": 33836,
      "train": 3,
      "operation": 478
    },
    {
      "time": 34333,
      "train": 3,
      "operation": 480
    },
    {
      "time": 34358,
      "train": 3,
      "operation": 483
    },
    {
      "time": 34917,
      "train": 3,
      "operation": 486
    },
    {
      "time": 34943,
      "train": 3,
      "operation": 489
    },
    {
      "time": 35385,
      "train": 3,
      "operation": 492
    },
    {
      "time": 35409,
      "train": 3,
      "operation": 495
    },
    {
      "time": 36166,
      "train": 3,
      "operation": 499
    },
    {
      "time": 36190,
      "train": 3,
      "operation": 503
    },
    {
      "time": 36786,
      "train": 3,
      "operation": 507
    },
    {
      "time": 36788,
      "train": 3,
      "operation": 508
    }
  ]
}