{
  "objective_value": 14240,
  "events": [
    {
      "time": 0,
      "train": 0,
      "operation": 0
    },
    {
      "time": 0,
      "train": 1,
      "operation": 0
    },
    {
      "time": 0,
      "train": 2,
      "operation": 0
    },
    {
      "time": 0,
      "train": 3,
      "operation": 0
    },
    {
      "time": 0,
      "train": 4,
      "operation": 0
    },
    {
      "time": 0,
      "train": 5,
      "operation": 0
    },
    {
      "time": 26037,
      "train": 0,
      "operation": 1
    },
    {
      "time": 26097,
      "train": 1,
      "operation": 1
    },
    {
      "time": 26157,
      "train": 0,
      "operation": 2
    },
    {
      "time": 26197,
      "train": 1,
      "operation": 3
    },
    {
      "time": 26217,
      "train": 2,
      "operation": 1
    },
    {
      "time": 26313,
      "train": 2,
      "operation": 3
    },
    {
      "time": 26316,
      "train": 2,
      "operation": 4
    },
    {
      "time": 26397,
      "train": 3,
      "operation": 2
    },
    {
      "time": 26425,
      "train": 2,
      "operation": 6
    },
    {
      "time": 26427,
      "train": 2,
      "operation": 7
    },
    {
      "time": 26746,
      "train": 1,
      "operation": 4
    },
    {
      "time": 26750,
      "train": 2,
      "operation": 9
    },
    {
      "time": 26794,
      "train": 1,
      "operation": 6
    },
    {
      "time": 26798,
      "train": 2,
      "operation": 10
    },
    {
      "time": 26824,
      "train": 1,
      "operation": 7
    },
    {
      "time": 26846,
      "train": 2,
      "operation": 12
    },
    {
      "time": 26966,
      "train": 1,
      "operation": 9
    },
    {
      "time": 26970,
      "train": 2,
      "operation": 13
    },
    {
      "time": 26996,
      "train": 1,
      "operation": 10
    },
    {
      "time": 27057,
      "train": 2,
      "operation": 15
    },
    {
      "time": 27136,
      "train": 0,
      "operation": 7
    },
    {
      "time": 27224,
      "train": 1,
      "operation": 12
    },
    {
      "time": 27228,
      "train": 2,
      "operation": 16
    },
    {
      "time": 27284,
      "train": 1,
      "operation": 13
    },
    {
      "time": 27398,
      "train": 1,
      "operation": 14
    },
    {
      "time": 27483,
      "train": 2,
      "operation": 18
    },
    {
      "time": 27518,
      "train": 1,
      "operation": 18
    },
    {
      "time": 27603,
      "train": 2,
      "operation": 19
    },
    {
      "time": 27676,
      "train": 2,
      "operation": 21
    },
    {
      "time": 27678,
      "train": 2,
      "operation": 24
    },
    {
      "time": 27844,
      "train": 2,
      "operation": 26
    },
    {
      "time": 28012,
      "train": 2,
      "operation": 27
    },
    {
      "time": 28158,
      "train": 2,
      "operation": 28
    },
    {
      "time": 28162,
      "train": 2,
      "operation": 29
    },
    {
      "time": 28197,
      "train": 2,
      "operation": 30
    },
    {
      "time": 28198,
      "train": 2,
      "operation": 31
    },
    {
      "time": 28277,
      "train": 2,
      "operation": 32
    },
    {
      "time": 28280,
      "train": 2,
      "operation": 35
    },
    {
      "time": 28476,
      "train": 2,
      "operation": 37
    },
    {
      "time": 28497,
      "train": 5,
      "operation": 3
    },
    {
      "time": 28501,
      "train": 5,
      "operation": 6
    },
    {
      "time": 28536,
      "train": 2,
      "operation": 38
    },
    {
      "time": 28587,
      "train": 5,
      "operation": 8
    },
    {
      "time": 28617,
      "train": 5,
      "operation": 9
    },
    {
      "time": 28672,
      "train": 2,
      "operation": 39
    },
    {
      "time": 28677,
      "train": 2,
      "operation": 40
    },
    {
      "time": 28767,
      "train": 5,
      "operation": 10
    },
    {
      "time": 28797,
      "train": 5,
      "operation": 12
    },
    {
      "time": 28812,
      "train": 2,
      "operation": 41
    },
    {
      "time": 28814,
      "train": 2,
      "operation": 44
    },
    {
      "time": 28897,
      "train": 5,
      "operation": 14
    },
    {
      "time": 28899,
      "train": 5,
      "operation": 15
    },
    {
      "time": 28947,
      "train": 5,
      "operation": 17
    },
    {
      "time": 28971,
      "train": 2,
      "operation": 45
    },
    {
      "time": 28973,
      "train": 2,
      "operation": 48
    },
    {
      "time": 28977,
      "train": 5,
      "operation": 18
    },
    {
      "time": 29127,
      "train": 5,
      "operation": 19
    },
    {
      "time": 29144,
      "train": 2,
      "operation": 50
    },
    {
      "time": 29148,
      "train": 2,
      "operation": 51
    },
    {
      "time": 29157,
      "train": 5,
      "operation": 21
    },
    {
      "time": 29295,
      "train": 2,
      "operation": 53
    },
    {
      "time": 29297,
      "train": 2,
      "operation": 54
    },
    {
      "time": 29397,
      "train": 5,
      "operation": 22
    },
    {
      "time": 29416,
      "train": 2,
      "operation": 55
    },
    {
      "time": 29418,
      "train": 2,
      "operation": 57
    },
    {
      "time": 29457,
      "train": 5,
      "operation": 24
    },
    {
      "time": 29494,
      "train": 2,
      "operation": 58
    },
    {
      "time": 29497,
      "train": 2,
      "operation": 59
    },
    {
      "time": 29547,
      "train": 5,
      "operation": 28
    },
    {
      "time": 29583,
      "train": 2,
      "operation": 60
    },
    {
      "time": 29587,
      "train": 2,
      "operation": 61
    },
    {
      "time": 29758,
      "train": 2,
      "operation": 63
    },
    {
      "time": 29967,
      "train": 2,
      "operation": 64
    },
    {
      "time": 30102,
      "train": 2,
      "operation": 65
    },
    {
      "time": 30107,
      "train": 2,
      "operation": 66
    },
    {
      "time": 30287,
      "train": 2,
      "operation": 67
    },
    {
      "time": 30291,
      "train": 3,
      "operation": 5
    },
    {
      "time": 30347,
      "train": 2,
      "operation": 71
    },
    {
      "time": 30471,
      "train": 3,
      "operation": 6
    },
    {
      "time": 30476,
      "train": 3,
      "operation": 7
    },
    {
      "time": 30610,
      "train": 3,
      "operation": 9
    },
    {
      "time": 30613,
      "train": 4,
      "operation": 1
    },
    {
      "time": 30640,
      "train": 3,
      "operation": 10
    },
    {
      "time": 30737,
      "train": 4,
      "operation": 2
    },
    {
      "time": 30811,
      "train": 3,
      "operation": 11
    },
    {
      "time": 30815,
      "train": 3,
      "operation": 12
    },
    {
      "time": 30901,
      "train": 3,
      "operation": 13
    },
    {
      "time": 30931,
      "train": 3,
      "operation": 14
    },
    {
      "time": 30946,
      "train": 2,
      "operation": 73
    },
    {
      "time": 30951,
      "train": 2,
      "operation": 74
    },
    {
      "time": 31073,
      "train": 3,
      "operation": 15
    },
    {
      "time": 31103,
      "train": 3,
      "operation": 17
    },
    {
      "time": 31245,
      "train": 3,
      "operation": 18
    },
    {
      "time": 31275,
      "train": 3,
      "operation": 20
    },
    {
      "time": 31475,
      "train": 2,
      "operation": 75
    },
    {
      "time": 31477,
      "train": 2,
      "operation": 77
    },
    {
      "time": 31503,
      "train": 3,
      "operation": 21
    },
    {
      "time": 31516,
      "train": 4,
      "operation": 3
    },
    {
      "time": 31623,
      "train": 3,
      "operation": 23
    },
    {
      "time": 31681,
      "train": 4,
      "operation": 6
    },
    {
      "time": 31683,
      "train": 4,
      "operation": 8
    },
    {
      "time": 31750,
      "train": 2,
      "operation": 78
    },
    {
      "time": 31754,
      "train": 2,
      "operation": 80
    },
    {
      "time": 31823,
      "train": 3,
      "operation": 25
    },
    {
      "time": 31853,
      "train": 3,
      "operation": 27
    },
    {
      "time": 32081,
      "train": 3,
      "operation": 29
    },
    {
      "time": 32201,
      "train": 3,
      "operation": 31
    },
    {
      "time": 32310,
      "train": 4,
      "operation": 10
    },
    {
      "time": 32314,
      "train": 4,
      "operation": 11
    },
    {
      "time": 32358,
      "train": 3,
      "operation": 32
    },
    {
      "time": 32359,
      "train": 3,
      "operation": 33
    },
    {
      "time": 32516,
      "train": 3,
      "operation": 34
    },
    {
      "time": 32546,
      "train": 3,
      "operation": 36
    },
    {
      "time": 32581,
      "train": 2,
      "operation": 81
    },
    {
      "time": 32640,
      "train": 2,
      "operation": 84
    },
    {
      "time": 32746,
      "train": 3,
      "operation": 38
    },
    {
      "time": 32776,
      "train": 3,
      "operation": 40
    },
    {
      "time": 32918,
      "train": 3,
      "operation": 41
    },
    {
      "time": 32948,
      "train": 3,
      "operation": 42
    },
    {
      "time": 32956,
      "train": 4,
      "operation": 13
    },
    {
      "time": 33022,
      "train": 3,
      "operation": 43
    },
    {
      "time": 33027,
      "train": 3,
      "operation": 44
    },
    {
      "time": 33152,
      "train": 3,
      "operation": 46
    },
    {
      "time": 33182,
      "train": 3,
      "operation": 47
    },
    {
      "time": 33324,
      "train": 3,
      "operation": 50
    },
    {
      "time": 33328,
      "train": 5,
      "operation": 29
    },
    {
      "time": 33331,
      "train": 4,
      "operation": 14
    },
    {
      "time": 33354,
      "train": 3,
      "operation": 52
    },
    {
      "time": 33411,
      "train": 3,
      "operation": 54
    },
    {
      "time": 33470,
      "train": 5,
      "operation": 30
    },
    {
      "time": 33471,
      "train": 3,
      "operation": 55
    },
    {
      "time": 33500,
      "train": 5,
      "operation": 32
    },
    {
      "time": 33644,
      "train": 5,
      "operation": 33
    },
    {
      "time": 33645,
      "train": 5,
      "operation": 34
    },
    {
      "time": 33683,
      "train": 4,
      "operation": 15
    },
    {
      "time": 33686,
      "train": 4,
      "operation": 17
    },
    {
      "time": 33700,
      "train": 5,
      "operation": 35
    },
    {
      "time": 33727,
      "train": 3,
      "operation": 57
    },
    {
      "time": 33730,
      "train": 5,
      "operation": 36
    },
    {
      "time": 33757,
      "train": 3,
      "operation": 58
    },
    {
      "time": 33872,
      "train": 5,
      "operation": 39
    },
    {
      "time": 33899,
      "train": 3,
      "operation": 59
    },
    {
      "time": 33902,
      "train": 5,
      "operation": 40
    },
    {
      "time": 33929,
      "train": 3,
      "operation": 61
    },
    {
      "time": 33977,
      "train": 3,
      "operation": 62
    },
    {
      "time": 33981,
      "train": 3,
      "operation": 64
    },
    {
      "time": 34076,
      "train": 3,
      "operation": 66
    },
    {
      "time": 34102,
      "train": 5,
      "operation": 42
    },
    {
      "time": 34106,
      "train": 3,
      "operation": 67
    },
    {
      "time": 34248,
      "train": 3,
      "operation": 68
    },
    {
      "time": 34252,
      "train": 5,
      "operation": 43
    },
    {
      "time": 34278,
      "train": 3,
      "operation": 70
    },
    {
      "time": 34390,
      "train": 5,
      "operation": 44
    },
    {
      "time": 34391,
      "train": 5,
      "operation": 45
    },
    {
      "time": 34392,
      "train": 3,
      "operation": 72
    },
    {
      "time": 34512,
      "train": 3,
      "operation": 76
    },
    {
      "time": 34529,
      "train": 5,
      "operation": 48
    },
    {
      "time": 34588,
      "train": 4,
      "operation": 19
    },
    {
      "time": 34591,
      "train": 4,
      "operation": 21
    },
    {
      "time": 34599,
      "train": 5,
      "operation": 49
    },
    {
      "time": 34799,
      "train": 5,
      "operation": 52
    },
    {
      "time": 34829,
      "train": 5,
      "operation": 53
    },
    {
      "time": 35058,
      "train": 5,
      "operation": 55
    },
    {
      "time": 35177,
      "train": 5,
      "operation": 56
    },
    {
      "time": 35377,
      "train": 5,
      "operation": 57
    },
    {
      "time": 35407,
      "train": 5,
      "operation": 59
    },
    {
      "time": 35607,
      "train": 5,
      "operation": 61
    },
    {
      "time": 35637,
      "train": 5,
      "operation": 62
    },
    {
      "time": 35779,
      "train": 5,
      "operation": 63
    },
    {
      "time": 35809,
      "train": 5,
      "operation": 64
    },
    {
      "time": 35895,
      "train": 5,
      "operation": 65
    },
    {
      "time": 35900,
      "train": 5,
      "operation": 66
    },
    {
      "time": 36071,
      "train": 5,
      "operation": 67
    },
    {
      "time": 36101,
      "train": 5,
      "operation": 69
    },
    {
      "time": 36247,
      "train": 5,
      "operation": 70
    },
    {
      "time": 36249,
      "train": 5,
      "operation": 71
    },
    {
      "time": 36445,
      "train": 5,
      "operation": 75
    },
    {
      "time": 36565,
      "train": 5,
      "operation": 76
    }
  ]
}