{
  "objective_value": 2277,
  "events": [
    {
      "time": 0,
      "train": 0,
      "operation": 0
    },
    {
      "time": 0,
      "train": 1,
      "operation": 0
    },
    {
      "time": 0,
      "train": 2,
      "operation": 0
    },
    {
      "time": 0,
      "train": 3,
      "operation": 0
    },
    {
      "time": 0,
      "train": 4,
      "operation": 0
    },
    {
      "time": 0,
      "train": 5,
      "operation": 0
    },
    {
      "time": 1,
      "train": 4,
      "operation": 1
    },
    {
      "time": 3,
      "train": 2,
      "operation": 1
    },
    {
      "time": 4,
      "train": 1,
      "operation": 2
    },
    {
      "time": 19,
      "train": 4,
      "operation": 2
    },
    {
      "time": 29,
      "train": 1,
      "operation": 4
    },
    {
      "time": 37,
      "train": 2,
      "operation": 2
    },
    {
      "time": 163,
      "train": 5,
      "operation": 2
    },
    {
      "time": 184,
      "train": 0,
      "operation": 1
    },
    {
      "time": 185,
      "train": 5,
      "operation": 4
    },
    {
      "time": 200,
      "train": 0,
      "operation": 2
    },
    {
      "time": 341,
      "train": 3,
      "operation": 2
    },
    {
      "time": 358,
      "train": 3,
      "operation": 4
    },
    {
      "time": 414,
      "train": 1,
      "operation": 6
    },
    {
      "time": 459,
      "train": 1,
      "operation": 8
    },
    {
      "time": 495,
      "train": 2,
      "operation": 5
    },
    {
      "time": 551,
      "train": 2,
      "operation": 8
    },
    {
      "time": 677,
      "train": 0,
      "operation": 3
    },
    {
      "time": 682,
      "train": 1,
      "operation": 11
    },
    {
      "time": 693,
      "train": 0,
      "operation": 5
    },
    {
      "time": 702,
      "train": 1,
      "operation": 13
    },
    {
      "time": 715,
      "train": 3,
      "operation": 6
    },
    {
      "time": 719,
      "train": 3,
      "operation": 7
    },
    {
      "time": 749,
      "train": 4,
      "operation": 3
    },
    {
      "time": 776,
      "train": 2,
      "operation": 11
    },
    {
      "time": 788,
      "train": 2,
      "operation": 14
    },
    {
      "time": 794,
      "train": 4,
      "operation": 5
    },
    {
      "time": 838,
      "train": 5,
      "operation": 7
    },
    {
      "time": 868,
      "train": 5,
      "operation": 10
    },
    {
      "time": 1122,
      "train": 0,
      "operation": 7
    },
    {
      "time": 1144,
      "train": 0,
      "operation": 10
    },
    {
      "time": 1167,
      "train": 1,
      "operation": 16
    },
    {
      "time": 1191,
      "train": 1,
      "operation": 20
    },
    {
      "time": 1218,
      "train": 2,
      "operation": 15
    },
    {
      "time": 1221,
      "train": 0,
      "operation": 13
    },
    {
      "time": 1227,
      "train": 0,
      "operation": 16
    },
    {
      "time": 1234,
      "train": 2,
      "operation": 16
    },
    {
      "time": 1237,
      "train": 4,
      "operation": 7
    },
    {
      "time": 1267,
      "train": 4,
      "operation": 13
    },
    {
      "time": 1279,
      "train": 5,
      "operation": 15
    },
    {
      "time": 1282,
      "train": 5,
      "operation": 16
    },
    {
      "time": 1497,
      "train": 1,
      "operation": 25
    },
    {
      "time": 1508,
      "train": 1,
      "operation": 28
    },
    {
      "time": 1615,
      "train": 0,
      "operation": 23
    },
    {
      "time": 1632,
      "train": 0,
      "operation": 25
    },
    {
      "time": 1711,
      "train": 2,
      "operation": 17
    },
    {
      "time": 1727,
      "train": 2,
      "operation": 19
    },
    {
      "time": 1831,
      "train": 0,
      "operation": 27
    },
    {
      "time": 1843,
      "train": 0,
      "operation": 30
    },
    {
      "time": 1920,
      "train": 4,
      "operation": 21
    },
    {
      "time": 1922,
      "train": 0,
      "operation": 33
    },
    {
      "time": 1941,
      "train": 0,
      "operation": 39
    },
    {
      "time": 1942,
      "train": 4,
      "operation": 26
    },
    {
      "time": 1959,
      "train": 0,
      "operation": 45
    },
    {
      "time": 1965,
      "train": 0,
      "operation": 51
    },
    {
      "time": 2009,
      "train": 0,
      "operation": 57
    },
    {
      "time": 2021,
      "train": 0,
      "operation": 63
    },
    {
      "time": 2156,
      "train": 2,
      "operation": 21
    },
    {
      "time": 2206,
      "train": 2,
      "operation": 25
    },
    {
      "time": 2288,
      "train": 1,
      "operation": 34
    },
    {
      "time": 2289,
      "train": 1,
      "operation": 36
    },
    {
      "time": 2451,
      "train": 0,
      "operation": 70
    },
    {
      "time": 2472,
      "train": 0,
      "operation": 74
    },
    {
      "time": 2609,
      "train": 4,
      "operation": 31
    },
    {
      "time": 2631,
      "train": 4,
      "operation": 33
    },
    {
      "time": 2673,
      "train": 2,
      "operation": 39
    },
    {
      "time": 2710,
      "train": 2,
      "operation": 42
    },
    {
      "time": 2876,
      "train": 1,
      "operation": 39
    },
    {
      "time": 2889,
      "train": 1,
      "operation": 43
    },
    {
      "time": 2909,
      "train": 2,
      "operation": 49
    },
    {
      "time": 2921,
      "train": 2,
      "operation": 52
    },
    {
      "time": 2926,
      "train": 0,
      "operation": 79
    },
    {
      "time": 2951,
      "train": 0,
      "operation": 82
    },
    {
      "time": 3000,
      "train": 2,
      "operation": 56
    },
    {
      "time": 3043,
      "train": 2,
      "operation": 62
    },
    {
      "time": 3108,
      "train": 2,
      "operation": 68
    },
    {
      "time": 3120,
      "train": 2,
      "operation": 74
    },
    {
      "time": 3230,
      "train": 4,
      "operation": 36
    },
    {
      "time": 3261,
      "train": 4,
      "operation": 40
    },
    {
      "time": 3355,
      "train": 1,
      "operation": 45
    },
    {
      "time": 3368,
      "train": 1,
      "operation": 47
    },
    {
      "time": 3368,
      "train": 4,
      "operation": 43
    },
    {
      "time": 3376,
      "train": 4,
      "operation": 46
    },
    {
      "time": 3521,
      "train": 0,
      "operation": 85
    },
    {
      "time": 3537,
      "train": 0,
      "operation": 88
    },
    {
      "time": 3550,
      "train": 2,
      "operation": 94
    },
    {
      "time": 3565,
      "train": 2,
      "operation": 98
    },
    {
      "time": 3646,
      "train": 0,
      "operation": 90
    },
    {
      "time": 3654,
      "train": 0,
      "operation": 92
    },
    {
      "time": 3808,
      "train": 1,
      "operation": 49
    },
    {
      "time": 3821,
      "train": 1,
      "operation": 51
    },
    {
      "time": 3910,
      "train": 0,
      "operation": 94
    },
    {
      "time": 3918,
      "train": 4,
      "operation": 59
    },
    {
      "time": 3926,
      "train": 0,
      "operation": 96
    },
    {
      "time": 3941,
      "train": 4,
      "operation": 61
    },
    {
      "time": 4019,
      "train": 2,
      "operation": 101
    },
    {
      "time": 4044,
      "train": 2,
      "operation": 104
    },
    {
      "time": 4220,
      "train": 4,
      "operation": 63
    },
    {
      "time": 4236,
      "train": 4,
      "operation": 66
    },
    {
      "time": 4346,
      "train": 4,
      "operation": 69
    },
    {
      "time": 4389,
      "train": 4,
      "operation": 72
    },
    {
      "time": 4439,
      "train": 4,
      "operation": 75
    },
    {
      "time": 4453,
      "train": 4,
      "operation": 78
    },
    {
      "time": 4508,
      "train": 0,
      "operation": 99
    },
    {
      "time": 4524,
      "train": 0,
      "operation": 102
    },
    {
      "time": 4536,
      "train": 1,
      "operation": 53
    },
    {
      "time": 4555,
      "train": 1,
      "operation": 55
    },
    {
      "time": 4575,
      "train": 4,
      "operation": 81
    },
    {
      "time": 4576,
      "train": 4,
      "operation": 82
    },
    {
      "time": 4614,
      "train": 2,
      "operation": 107
    },
    {
      "time": 4630,
      "train": 2,
      "operation": 110
    },
    {
      "time": 4739,
      "train": 2,
      "operation": 112
    },
    {
      "time": 4747,
      "train": 2,
      "operation": 114
    },
    {
      "time": 5003,
      "train": 2,
      "operation": 116
    },
    {
      "time": 5019,
      "train": 2,
      "operation": 118
    },
    {
      "time": 5074,
      "train": 0,
      "operation": 104
    },
    {
      "time": 5096,
      "train": 0,
      "operation": 106
    },
    {
      "time": 5101,
      "train": 1,
      "operation": 57
    },
    {
      "time": 5120,
      "train": 1,
      "operation": 59
    },
    {
      "time": 5433,
      "train": 0,
      "operation": 111
    },
    {
      "time": 5439,
      "train": 0,
      "operation": 112
    },
    {
      "time": 5565,
      "train": 0,
      "operation": 113
    },
    {
      "time": 5572,
      "train": 0,
      "operation": 114
    },
    {
      "time": 5601,
      "train": 2,
      "operation": 121
    },
    {
      "time": 5617,
      "train": 2,
      "operation": 124
    },
    {
      "time": 5675,
      "train": 4,
      "operation": 83
    },
    {
      "time": 5680,
      "train": 4,
      "operation": 84
    },
    {
      "time": 5681,
      "train": 4,
      "operation": 85
    },
    {
      "time": 5827,
      "train": 0,
      "operation": 115
    },
    {
      "time": 5833,
      "train": 0,
      "operation": 117
    },
    {
      "time": 5992,
      "train": 1,
      "operation": 61
    },
    {
      "time": 5997,
      "train": 0,
      "operation": 119
    },
    {
      "time": 6002,
      "train": 0,
      "operation": 121
    },
    {
      "time": 6009,
      "train": 1,
      "operation": 65
    },
    {
      "time": 6167,
      "train": 2,
      "operation": 126
    },
    {
      "time": 6189,
      "train": 2,
      "operation": 128
    },
    {
      "time": 6260,
      "train": 0,
      "operation": 124
    },
    {
      "time": 6269,
      "train": 0,
      "operation": 126
    },
    {
      "time": 6526,
      "train": 2,
      "operation": 133
    },
    {
      "time": 6532,
      "train": 2,
      "operation": 134
    },
    {
      "time": 6567,
      "train": 1,
      "operation": 70
    },
    {
      "time": 6589,
      "train": 1,
      "operation": 74
    },
    {
      "time": 6658,
      "train": 2,
      "operation": 135
    },
    {
      "time": 6659,
      "train": 0,
      "operation": 128
    },
    {
      "time": 6665,
      "train": 2,
      "operation": 136
    },
    {
      "time": 6669,
      "train": 0,
      "operation": 130
    },
    {
      "time": 6920,
      "train": 2,
      "operation": 138
    },
    {
      "time": 6932,
      "train": 2,
      "operation": 140
    },
    {
      "time": 7028,
      "train": 1,
      "operation": 80
    },
    {
      "time": 7045,
      "train": 1,
      "operation": 84
    },
    {
      "time": 7063,
      "train": 0,
      "operation": 131
    },
    {
      "time": 7067,
      "train": 0,
      "operation": 133
    },
    {
      "time": 7156,
      "train": 0,
      "operation": 135
    },
    {
      "time": 7161,
      "train": 0,
      "operation": 137
    },
    {
      "time": 7286,
      "train": 2,
      "operation": 142
    },
    {
      "time": 7296,
      "train": 2,
      "operation": 144
    },
    {
      "time": 7400,
      "train": 0,
      "operation": 139
    },
    {
      "time": 7405,
      "train": 0,
      "operation": 141
    },
    {
      "time": 7451,
      "train": 1,
      "operation": 87
    },
    {
      "time": 7473,
      "train": 1,
      "operation": 91
    },
    {
      "time": 7554,
      "train": 2,
      "operation": 145
    },
    {
      "time": 7559,
      "train": 2,
      "operation": 147
    },
    {
      "time": 7570,
      "train": 0,
      "operation": 143
    },
    {
      "time": 7575,
      "train": 0,
      "operation": 145
    },
    {
      "time": 7740,
      "train": 2,
      "operation": 149
    },
    {
      "time": 7745,
      "train": 2,
      "operation": 151
    },
    {
      "time": 7928,
      "train": 0,
      "operation": 147
    },
    {
      "time": 7929,
      "train": 1,
      "operation": 93
    },
    {
      "time": 7942,
      "train": 0,
      "operation": 148
    },
    {
      "time": 7951,
      "train": 1,
      "operation": 97
    },
    {
      "time": 8139,
      "train": 2,
      "operation": 153
    },
    {
      "time": 8143,
      "train": 2,
      "operation": 155
    },
    {
      "time": 8220,
      "train": 0,
      "operation": 149
    },
    {
      "time": 8232,
      "train": 2,
      "operation": 157
    },
    {
      "time": 8237,
      "train": 2,
      "operation": 159
    },
    {
      "time": 8238,
      "train": 0,
      "operation": 150
    },
    {
      "time": 8476,
      "train": 2,
      "operation": 162
    },
    {
      "time": 8485,
      "train": 2,
      "operation": 164
    },
    {
      "time": 8590,
      "train": 1,
      "operation": 103
    },
    {
      "time": 8606,
      "train": 1,
      "operation": 107
    },
    {
      "time": 8687,
      "train": 0,
      "operation": 151
    },
    {
      "time": 8702,
      "train": 0,
      "operation": 152
    },
    {
      "time": 8841,
      "train": 2,
      "operation": 166
    },
    {
      "time": 8851,
      "train": 2,
      "operation": 168
    },
    {
      "time": 9061,
      "train": 0,
      "operation": 153
    },
    {
      "time": 9066,
      "train": 0,
      "operation": 155
    },
    {
      "time": 9198,
      "train": 1,
      "operation": 115
    },
    {
      "time": 9204,
      "train": 2,
      "operation": 169
    },
    {
      "time": 9208,
      "train": 1,
      "operation": 119
    },
    {
      "time": 9218,
      "train": 2,
      "operation": 170
    },
    {
      "time": 9225,
      "train": 0,
      "operation": 157
    },
    {
      "time": 9230,
      "train": 0,
      "operation": 159
    },
    {
      "time": 9496,
      "train": 2,
      "operation": 171
    },
    {
      "time": 9514,
      "train": 2,
      "operation": 172
    },
    {
      "time": 9587,
      "train": 1,
      "operation": 122
    },
    {
      "time": 9608,
      "train": 1,
      "operation": 126
    },
    {
      "time": 9647,
      "train": 0,
      "operation": 161
    },
    {
      "time": 9652,
      "train": 0,
      "operation": 163
    },
    {
      "time": 9741,
      "train": 0,
      "operation": 165
    },
    {
      "time": 9746,
      "train": 0,
      "operation": 167
    },
    {
      "time": 9914,
      "train": 1,
      "operation": 131
    },
    {
      "time": 9926,
      "train": 1,
      "operation": 135
    },
    {
      "time": 9963,
      "train": 0,
      "operation": 170
    },
    {
      "time": 9965,
      "train": 2,
      "operation": 173
    },
    {
      "time": 9979,
      "train": 0,
      "operation": 172
    },
    {
      "time": 9980,
      "train": 2,
      "operation": 174
    },
    {
      "time": 10339,
      "train": 2,
      "operation": 175
    },
    {
      "time": 10344,
      "train": 2,
      "operation": 177
    },
    {
      "time": 10470,
      "train": 1,
      "operation": 138
    },
    {
      "time": 10492,
      "train": 1,
      "operation": 142
    },
    {
      "time": 10503,
      "train": 2,
      "operation": 179
    },
    {
      "time": 10508,
      "train": 2,
      "operation": 181
    },
    {
      "time": 10686,
      "train": 0,
      "operation": 174
    },
    {
      "time": 10708,
      "train": 0,
      "operation": 176
    },
    {
      "time": 10798,
      "train": 0,
      "operation": 178
    },
    {
      "time": 10803,
      "train": 0,
      "operation": 180
    },
    {
      "time": 10865,
      "train": 1,
      "operation": 148
    },
    {
      "time": 10887,
      "train": 1,
      "operation": 152
    },
    {
      "time": 10925,
      "train": 2,
      "operation": 183
    },
    {
      "time": 10930,
      "train": 2,
      "operation": 185
    },
    {
      "time": 11019,
      "train": 2,
      "operation": 187
    },
    {
      "time": 11024,
      "train": 2,
      "operation": 189
    },
    {
      "time": 11119,
      "train": 0,
      "operation": 181
    },
    {
      "time": 11124,
      "train": 0,
      "operation": 182
    },
    {
      "time": 11214,
      "train": 0,
      "operation": 183
    },
    {
      "time": 11219,
      "train": 0,
      "operation": 184
    },
    {
      "time": 11241,
      "train": 2,
      "operation": 192
    },
    {
      "time": 11257,
      "train": 2,
      "operation": 194
    },
    {
      "time": 11489,
      "train": 1,
      "operation": 162
    },
    {
      "time": 11511,
      "train": 0,
      "operation": 186
    },
    {
      "time": 11516,
      "train": 1,
      "operation": 165
    },
    {
      "time": 11532,
      "train": 0,
      "operation": 188
    },
    {
      "time": 11684,
      "train": 0,
      "operation": 192
    },
    {
      "time": 11693,
      "train": 0,
      "operation": 196
    },
    {
      "time": 11968,
      "train": 2,
      "operation": 196
    },
    {
      "time": 11990,
      "train": 2,
      "operation": 198
    },
    {
      "time": 12080,
      "train": 2,
      "operation": 200
    },
    {
      "time": 12082,
      "train": 1,
      "operation": 175
    },
    {
      "time": 12085,
      "train": 2,
      "operation": 202
    },
    {
      "time": 12098,
      "train": 1,
      "operation": 178
    },
    {
      "time": 12401,
      "train": 2,
      "operation": 203
    },
    {
      "time": 12406,
      "train": 2,
      "operation": 204
    },
    {
      "time": 12496,
      "train": 2,
      "operation": 205
    },
    {
      "time": 12501,
      "train": 2,
      "operation": 206
    },
    {
      "time": 12623,
      "train": 1,
      "operation": 185
    },
    {
      "time": 12638,
      "train": 1,
      "operation": 188
    },
    {
      "time": 12781,
      "train": 0,
      "operation": 198
    },
    {
      "time": 12793,
      "train": 0,
      "operation": 200
    },
    {
      "time": 12793,
      "train": 2,
      "operation": 207
    },
    {
      "time": 12814,
      "train": 2,
      "operation": 209
    },
    {
      "time": 12966,
      "train": 2,
      "operation": 211
    },
    {
      "time": 12975,
      "train": 2,
      "operation": 215
    },
    {
      "time": 13010,
      "train": 0,
      "operation": 203
    },
    {
      "time": 13019,
      "train": 0,
      "operation": 207
    },
    {
      "time": 13109,
      "train": 1,
      "operation": 197
    },
    {
      "time": 13125,
      "train": 1,
      "operation": 201
    },
    {
      "time": 13185,
      "train": 0,
      "operation": 209
    },
    {
      "time": 13195,
      "train": 0,
      "operation": 211
    },
    {
      "time": 13475,
      "train": 0,
      "operation": 213
    },
    {
      "time": 13492,
      "train": 0,
      "operation": 215
    },
    {
      "time": 13609,
      "train": 1,
      "operation": 205
    },
    {
      "time": 13631,
      "train": 1,
      "operation": 208
    },
    {
      "time": 13689,
      "train": 0,
      "operation": 217
    },
    {
      "time": 13694,
      "train": 0,
      "operation": 219
    },
    {
      "time": 13971,
      "train": 0,
      "operation": 222
    },
    {
      "time": 13981,
      "train": 0,
      "operation": 224
    },
    {
      "time": 14019,
      "train": 1,
      "operation": 216
    },
    {
      "time": 14036,
      "train": 1,
      "operation": 220
    },
    {
      "time": 14064,
      "train": 2,
      "operation": 219
    },
    {
      "time": 14077,
      "train": 2,
      "operation": 221
    },
    {
      "time": 14097,
      "train": 0,
      "operation": 226
    },
    {
      "time": 14126,
      "train": 0,
      "operation": 228
    },
    {
      "time": 14294,
      "train": 2,
      "operation": 223
    },
    {
      "time": 14303,
      "train": 2,
      "operation": 227
    },
    {
      "time": 14398,
      "train": 0,
      "operation": 230
    },
    {
      "time": 14469,
      "train": 2,
      "operation": 231
    },
    {
      "time": 14470,
      "train": 0,
      "operation": 232
    },
    {
      "time": 14479,
      "train": 2,
      "operation": 233
    },
    {
      "time": 14544,
      "train": 1,
      "operation": 226
    },
    {
      "time": 14560,
      "train": 1,
      "operation": 230
    },
    {
      "time": 14759,
      "train": 2,
      "operation": 236
    },
    {
      "time": 14781,
      "train": 2,
      "operation": 240
    },
    {
      "time": 14978,
      "train": 2,
      "operation": 242
    },
    {
      "time": 14988,
      "train": 2,
      "operation": 244
    },
    {
      "time": 15091,
      "train": 1,
      "operation": 233
    },
    {
      "time": 15112,
      "train": 1,
      "operation": 237
    },
    {
      "time": 15138,
      "train": 0,
      "operation": 235
    },
    {
      "time": 15163,
      "train": 0,
      "operation": 239
    },
    {
      "time": 15265,
      "train": 2,
      "operation": 246
    },
    {
      "time": 15275,
      "train": 2,
      "operation": 248
    },
    {
      "time": 15391,
      "train": 2,
      "operation": 250
    },
    {
      "time": 15420,
      "train": 2,
      "operation": 252
    },
    {
      "time": 15592,
      "train": 1,
      "operation": 240
    },
    {
      "time": 15614,
      "train": 1,
      "operation": 244
    },
    {
      "time": 15692,
      "train": 2,
      "operation": 254
    },
    {
      "time": 15721,
      "train": 0,
      "operation": 241
    },
    {
      "time": 15743,
      "train": 0,
      "operation": 243
    },
    {
      "time": 15764,
      "train": 2,
      "operation": 256
    },
    {
      "time": 16124,
      "train": 0,
      "operation": 245
    },
    {
      "time": 16129,
      "train": 0,
      "operation": 247
    },
    {
      "time": 16143,
      "train": 1,
      "operation": 249
    },
    {
      "time": 16164,
      "train": 1,
      "operation": 253
    },
    {
      "time": 16290,
      "train": 0,
      "operation": 249
    },
    {
      "time": 16296,
      "train": 0,
      "operation": 251
    },
    {
      "time": 16435,
      "train": 2,
      "operation": 259
    },
    {
      "time": 16460,
      "train": 2,
      "operation": 263
    },
    {
      "time": 16639,
      "train": 0,
      "operation": 254
    },
    {
      "time": 16650,
      "train": 0,
      "operation": 256
    },
    {
      "time": 16679,
      "train": 1,
      "operation": 255
    },
    {
      "time": 16695,
      "train": 1,
      "operation": 259
    },
    {
      "time": 16736,
      "train": 0,
      "operation": 259
    },
    {
      "time": 16762,
      "train": 0,
      "operation": 262
    },
    {
      "time": 17024,
      "train": 2,
      "operation": 265
    },
    {
      "time": 17046,
      "train": 2,
      "operation": 267
    },
    {
      "time": 17189,
      "train": 1,
      "operation": 264
    },
    {
      "time": 17211,
      "train": 1,
      "operation": 268
    },
    {
      "time": 17244,
      "train": 0,
      "operation": 265
    },
    {
      "time": 17259,
      "train": 0,
      "operation": 268
    },
    {
      "time": 17370,
      "train": 1,
      "operation": 274
    },
    {
      "time": 17387,
      "train": 1,
      "operation": 278
    },
    {
      "time": 17427,
      "train": 2,
      "operation": 269
    },
    {
      "time": 17432,
      "train": 2,
      "operation": 271
    },
    {
      "time": 17486,
      "train": 1,
      "operation": 285
    },
    {
      "time": 17506,
      "train": 1,
      "operation": 312
    },
    {
      "time": 17530,
      "train": 1,
      "operation": 338
    },
    {
      "time": 17593,
      "train": 2,
      "operation": 273
    },
    {
      "time": 17599,
      "train": 2,
      "operation": 275
    },
    {
      "time": 17782,
      "train": 1,
      "operation": 374
    },
    {
      "time": 17817,
      "train": 0,
      "operation": 271
    },
    {
      "time": 17820,
      "train": 1,
      "operation": 395
    },
    {
      "time": 17832,
      "train": 0,
      "operation": 274
    },
    {
      "time": 17864,
      "train": 1,
      "operation": 415
    },
    {
      "time": 17942,
      "train": 2,
      "operation": 277
    },
    {
      "time": 17950,
      "train": 2,
      "operation": 279
    },
    {
      "time": 18018,
      "train": 1,
      "operation": 435
    },
    {
      "time": 18036,
      "train": 2,
      "operation": 281
    },
    {
      "time": 18053,
      "train": 1,
      "operation": 455
    },
    {
      "time": 18062,
      "train": 2,
      "operation": 284
    },
    {
      "time": 18238,
      "train": 0,
      "operation": 276
    },
    {
      "time": 18255,
      "train": 0,
      "operation": 278
    },
    {
      "time": 18279,
      "train": 0,
      "operation": 280
    },
    {
      "time": 18288,
      "train": 0,
      "operation": 282
    },
    {
      "time": 18371,
      "train": 0,
      "operation": 283
    },
    {
      "time": 18401,
      "train": 0,
      "operation": 285
    },
    {
      "time": 18544,
      "train": 2,
      "operation": 287
    },
    {
      "time": 18558,
      "train": 2,
      "operation": 290
    },
    {
      "time": 18591,
      "train": 1,
      "operation": 475
    },
    {
      "time": 18595,
      "train": 1,
      "operation": 476
    },
    {
      "time": 19080,
      "train": 0,
      "operation": 287
    },
    {
      "time": 19096,
      "train": 0,
      "operation": 290
    },
    {
      "time": 19116,
      "train": 2,
      "operation": 293
    },
    {
      "time": 19131,
      "train": 2,
      "operation": 296
    },
    {
      "time": 19537,
      "train": 2,
      "operation": 299
    },
    {
      "time": 19554,
      "train": 2,
      "operation": 301
    },
    {
      "time": 19598,
      "train": 0,
      "operation": 293
    },
    {
      "time": 19613,
      "train": 0,
      "operation": 296
    },
    {
      "time": 19666,
      "train": 2,
      "operation": 303
    },
    {
      "time": 19688,
      "train": 2,
      "operation": 305
    },
    {
      "time": 20164,
      "train": 0,
      "operation": 299
    },
    {
      "time": 20186,
      "train": 0,
      "operation": 301
    },
    {
      "time": 20319,
      "train": 0,
      "operation": 303
    },
    {
      "time": 20324,
      "train": 0,
      "operation": 306
    },
    {
      "time": 20376,
      "train": 2,
      "operation": 311
    },
    {
      "time": 20392,
      "train": 2,
      "operation": 314
    },
    {
      "time": 20421,
      "train": 0,
      "operation": 313
    },
    {
      "time": 20427,
      "train": 0,
      "operation": 315
    },
    {
      "time": 20760,
      "train": 0,
      "operation": 317
    },
    {
      "time": 20765,
      "train": 0,
      "operation": 319
    },
    {
      "time": 20894,
      "train": 2,
      "operation": 317
    },
    {
      "time": 20909,
      "train": 2,
      "operation": 320
    },
    {
      "time": 20918,
      "train": 0,
      "operation": 321
    },
    {
      "time": 20924,
      "train": 0,
      "operation": 323
    },
    {
      "time": 21134,
      "train": 0,
      "operation": 326
    },
    {
      "time": 21145,
      "train": 0,
      "operation": 328
    },
    {
      "time": 21460,
      "train": 2,
      "operation": 323
    },
    {
      "time": 21482,
      "train": 2,
      "operation": 325
    },
    {
      "time": 21615,
      "train": 2,
      "operation": 328
    },
    {
      "time": 21626,
      "train": 2,
      "operation": 331
    },
    {
      "time": 21649,
      "train": 0,
      "operation": 331
    },
    {
      "time": 21665,
      "train": 0,
      "operation": 334
    },
    {
      "time": 21857,
      "train": 2,
      "operation": 338
    },
    {
      "time": 21870,
      "train": 2,
      "operation": 340
    },
    {
      "time": 22187,
      "train": 0,
      "operation": 337
    },
    {
      "time": 22202,
      "train": 0,
      "operation": 340
    },
    {
      "time": 22203,
      "train": 2,
      "operation": 341
    },
    {
      "time": 22208,
      "train": 2,
      "operation": 343
    },
    {
      "time": 22361,
      "train": 2,
      "operation": 345
    },
    {
      "time": 22367,
      "train": 2,
      "operation": 347
    },
    {
      "time": 22549,
      "train": 0,
      "operation": 343
    },
    {
      "time": 22566,
      "train": 0,
      "operation": 346
    },
    {
      "time": 22577,
      "train": 2,
      "operation": 350
    },
    {
      "time": 22588,
      "train": 2,
      "operation": 352
    },
    {
      "time": 23034,
      "train": 0,
      "operation": 349
    },
    {
      "time": 23068,
      "train": 0,
      "operation": 352
    },
    {
      "time": 23104,
      "train": 2,
      "operation": 355
    },
    {
      "time": 23120,
      "train": 2,
      "operation": 358
    },
    {
      "time": 23146,
      "train": 0,
      "operation": 354
    },
    {
      "time": 23155,
      "train": 0,
      "operation": 356
    },
    {
      "time": 23642,
      "train": 2,
      "operation": 361
    },
    {
      "time": 23657,
      "train": 2,
      "operation": 364
    },
    {
      "time": 23707,
      "train": 0,
      "operation": 359
    },
    {
      "time": 23731,
      "train": 0,
      "operation": 362
    },
    {
      "time": 24004,
      "train": 2,
      "operation": 367
    },
    {
      "time": 24021,
      "train": 2,
      "operation": 370
    },
    {
      "time": 24386,
      "train": 0,
      "operation": 365
    },
    {
      "time": 24412,
      "train": 0,
      "operation": 368
    },
    {
      "time": 24489,
      "train": 2,
      "operation": 373
    },
    {
      "time": 24523,
      "train": 2,
      "operation": 376
    },
    {
      "time": 24601,
      "train": 2,
      "operation": 378
    },
    {
      "time": 24610,
      "train": 0,
      "operation": 370
    },
    {
      "time": 24610,
      "train": 2,
      "operation": 380
    },
    {
      "time": 24618,
      "train": 0,
      "operation": 372
    },
    {
      "time": 24913,
      "train": 0,
      "operation": 374
    },
    {
      "time": 24938,
      "train": 0,
      "operation": 377
    },
    {
      "time": 25162,
      "train": 2,
      "operation": 383
    },
    {
      "time": 25186,
      "train": 2,
      "operation": 386
    },
    {
      "time": 25497,
      "train": 0,
      "operation": 379
    },
    {
      "time": 25523,
      "train": 0,
      "operation": 382
    },
    {
      "time": 25841,
      "train": 2,
      "operation": 389
    },
    {
      "time": 25867,
      "train": 2,
      "operation": 392
    },
    {
      "time": 25965,
      "train": 0,
      "operation": 385
    },
    {
      "time": 25989,
      "train": 0,
      "operation": 388
    },
    {
      "time": 26065,
      "train": 2,
      "operation": 394
    },
    {
      "time": 26073,
      "train": 2,
      "operation": 396
    },
    {
      "time": 26368,
      "train": 2,
      "operation": 398
    },
    {
      "time": 26393,
      "train": 2,
      "operation": 401
    },
    {
      "time": 26746,
      "train": 0,
      "operation": 392
    },
    {
      "time": 26770,
      "train": 0,
      "operation": 396
    },
    {
      "time": 26952,
      "train": 2,
      "operation": 403
    },
    {
      "time": 26978,
      "train": 2,
      "operation": 406
    },
    {
      "time": 27366,
      "train": 0,
      "operation": 400
    },
    {
      "time": 27368,
      "train": 0,
      "operation": 401
    },
    {
      "time": 27420,
      "train": 2,
      "operation": 409
    },
    {
      "time": 27444,
      "train": 2,
      "operation": 412
    },
    {
      "time": 28201,
      "train": 2,
      "operation": 415
    },
    {
      "time": 28225,
      "train": 2,
      "operation": 419
    },
    {
      "time": 28821,
      "train": 2,
      "operation": 423
    },
    {
      "time": 28824,
      "train": 2,
      "operation": 425
    }
  ]
}