{"trains":[[{"start_ub":0,"min_duration":0,"successors":[1]},{"start_lb":22857,"min_duration":228,"resources":[{"resource":"r20"}],"successors":[2,3]},{"start_lb":23097,"min_duration":634,"resources":[{"resource":"r21"}],"successors":[4]},{"start_lb":23097,"min_duration":634,"resources":[{"resource":"r22"}],"successors":[4]},{"start_lb":23157,"min_duration":114,"resources":[{"resource":"r23"}],"successors":[5,6,7,8]},{"start_lb":23277,"min_duration":120,"resources":[{"resource":"r24"}],"successors":[9]},{"start_lb":23277,"min_duration":120,"resources":[{"resource":"r25"}],"successors":[9]},{"start_lb":23277,"min_duration":120,"resources":[{"resource":"r26"}],"successors":[9]},{"start_lb":23277,"min_duration":120,"resources":[{"resource":"r27"}],"successors":[9]},{"start_lb":23397,"min_duration":0,"successors":[]}],[{"start_ub":0,"min_duration":0,"successors":[1]},{"start_lb":23027,"min_duration":95,"resources":[{"resource":"r92"}],"successors":[2,3]},{"start_lb":23127,"min_duration":686,"resources":[{"resource":"r9"}],"successors":[4]},{"start_lb":23127,"min_duration":686,"resources":[{"resource":"r10"}],"successors":[4]},{"start_lb":23157,"min_duration":142,"resources":[{"resource":"r93"}],"successors":[5,6]},{"start_lb":23307,"min_duration":30,"resources":[{"resource":"r6"}],"successors":[7]},{"start_lb":23307,"min_duration":30,"resources":[{"resource":"r7"}],"successors":[7]},{"start_lb":23337,"min_duration":114,"resources":[{"resource":"r94"}],"successors":[8,9,10,11,12]},{"start_lb":23457,"min_duration":120,"resources":[{"resource":"r0"}],"successors":[13]},{"start_lb":23457,"min_duration":120,"resources":[{"resource":"r1"}],"successors":[13]},{"start_lb":23457,"min_duration":120,"resources":[{"resource":"r2"}],"successors":[13]},{"start_lb":23457,"min_duration":120,"resources":[{"resource":"r3"}],"successors":[13]},{"start_lb":23457,"min_duration":120,"resources":[{"resource":"r4"}],"successors":[13]},{"start_lb":23577,"min_duration":0,"successors":[]}],[{"start_ub":0,"min_duration":0,"successors":[1,2,3,4]},{"start_lb":25077,"min_duration":0,"resources":[{"resource":"r24"}],"successors":[5]},{"start_lb":25077,"min_duration":0,"resources":[{"resource":"r25"}],"successors":[5]},{"start_lb":25077,"min_duration":0,"resources":[{"resource":"r26"}],"successors":[5]},{"start_lb":25077,"min_duration":0,"resources":[{"resource":"r27"}],"successors":[5]},{"start_lb":25077,"min_duration":57,"resources":[{"resource":"r88"}],"successors":[6,7]},{"start_lb":25137,"min_duration":60,"resources":[{"resource":"r21"}],"successors":[8]},{"start_lb":25137,"min_duration":60,"resources":[{"resource":"r22"}],"successors":[8]},{"start_lb":25197,"min_duration":256,"resources":[{"resource":"r89"}],"successors":[9,10]},{"start_lb":25467,"min_duration":30,"resources":[{"resource":"r18"}],"successors":[11]},{"start_lb":25467,"min_duration":30,"resources":[{"resource":"r19"}],"successors":[11]},{"start_lb":25497,"min_duration":142,"resources":[{"resource":"r90"}],"successors":[12,13]},{"start_lb":25647,"min_duration":30,"resources":[{"resource":"r15"}],"successors":[14]},{"start_lb":25647,"min_duration":30,"resources":[{"resource":"r16"}],"successors":[14]},{"start_lb":25677,"min_duration":48,"resources":[{"resource":"r91"}],"successors":[15,16]},{"start_lb":25727,"min_duration":0,"resources":[{"resource":"r12"}],"successors":[17]},{"start_lb":25727,"min_duration":0,"resources":[{"resource":"r13"}],"successors":[17]},{"start_lb":25727,"min_duration":95,"resources":[{"resource":"r92"}],"successors":[18,19]},{"start_lb":25827,"min_duration":30,"resources":[{"resource":"r9"}],"successors":[20]},{"start_lb":25827,"min_duration":30,"resources":[{"resource":"r10"}],"successors":[20]},{"start_lb":25857,"min_duration":142,"resources":[{"resource":"r93"}],"successors":[21,22]},{"start_lb":26007,"min_duration":30,"resources":[{"resource":"r6"}],"successors":[23]},{"start_lb":26007,"min_duration":30,"resources":[{"resource":"r7"}],"successors":[23]},{"start_lb":26037,"min_duration":114,"resources":[{"resource":"r94"}],"successors":[24,25,26,27,28]},{"start_lb":26157,"min_duration":120,"resources":[{"resource":"r0"}],"successors":[29]},{"start_lb":26157,"min_duration":120,"resources":[{"resource":"r1"}],"successors":[29]},{"start_lb":26157,"min_duration":120,"resources":[{"resource":"r2"}],"successors":[29]},{"start_lb":26157,"min_duration":120,"resources":[{"resource":"r3"}],"successors":[29]},{"start_lb":26157,"min_duration":120,"resources":[{"resource":"r4"}],"successors":[29]},{"start_lb":26277,"min_duration":0,"successors":[]}],[{"start_ub":0,"min_duration":0,"successors":[1]},{"start_lb":22977,"min_duration":157,"resources":[{"resource":"r44"}],"successors":[2]},{"start_lb":23142,"min_duration":806,"resources":[{"resource":"r43"}],"successors":[3]},{"start_lb":23142,"min_duration":157,"resources":[{"resource":"r42"}],"successors":[4,5]},{"start_lb":23307,"min_duration":30,"resources":[{"resource":"r40"}],"successors":[6]},{"start_lb":23307,"min_duration":30,"resources":[{"resource":"r41"}],"successors":[6]},{"start_lb":23337,"min_duration":200,"resources":[{"resource":"r39"}],"successors":[7,8,9]},{"start_lb":23547,"min_duration":30,"resources":[{"resource":"r36"}],"successors":[10]},{"start_lb":23547,"min_duration":30,"resources":[{"resource":"r37"}],"successors":[10]},{"start_lb":23547,"min_duration":30,"resources":[{"resource":"r38"}],"successors":[10]},{"start_lb":23577,"min_duration":142,"resources":[{"resource":"r35"}],"successors":[11]},{"start_lb":23727,"min_duration":30,"resources":[{"resource":"r34"}],"successors":[12]},{"start_lb":23757,"min_duration":51,"resources":[{"resource":"r33"}],"successors":[13]},{"start_lb":23811,"min_duration":0,"resources":[{"resource":"r32"}],"successors":[14]},{"start_lb":23811,"min_duration":148,"resources":[{"resource":"r31"}],"successors":[15,16]},{"start_lb":23967,"min_duration":30,"resources":[{"resource":"r29"}],"successors":[17]},{"start_lb":23967,"min_duration":30,"resources":[{"resource":"r30"}],"successors":[17]},{"start_lb":23997,"min_duration":142,"resources":[{"resource":"r28"}],"successors":[18,19,20,21]},{"start_lb":24147,"min_duration":30,"resources":[{"resource":"r24"}],"successors":[22]},{"start_lb":24147,"min_duration":30,"resources":[{"resource":"r25"}],"successors":[22]},{"start_lb":24147,"min_duration":30,"resources":[{"resource":"r26"}],"successors":[22]},{"start_lb":24147,"min_duration":30,"resources":[{"resource":"r27"}],"successors":[22]},{"start_lb":24177,"min_duration":57,"resources":[{"resource":"r88"}],"successors":[23,24]},{"start_lb":24237,"min_duration":60,"resources":[{"resource":"r21"}],"successors":[25]},{"start_lb":24237,"min_duration":60,"resources":[{"resource":"r22"}],"successors":[25]},{"start_lb":24297,"min_duration":256,"resources":[{"resource":"r89"}],"successors":[26,27]},{"start_lb":24567,"min_duration":30,"resources":[{"resource":"r18"}],"successors":[28]},{"start_lb":24567,"min_duration":30,"resources":[{"resource":"r19"}],"successors":[28]},{"start_lb":24597,"min_duration":142,"resources":[{"resource":"r90"}],"successors":[29,30]},{"start_lb":24747,"min_duration":30,"resources":[{"resource":"r15"}],"successors":[31]},{"start_lb":24747,"min_duration":30,"resources":[{"resource":"r16"}],"successors":[31]},{"start_lb":24777,"min_duration":48,"resources":[{"resource":"r91"}],"successors":[32,33]},{"start_lb":24827,"min_duration":0,"resources":[{"resource":"r12"}],"successors":[34]},{"start_lb":24827,"min_duration":0,"resources":[{"resource":"r13"}],"successors":[34]},{"start_lb":24827,"min_duration":95,"resources":[{"resource":"r92"}],"successors":[35,36]},{"start_lb":24927,"min_duration":30,"resources":[{"resource":"r9"}],"successors":[37]},{"start_lb":24927,"min_duration":30,"resources":[{"resource":"r10"}],"successors":[37]},{"start_lb":24957,"min_duration":142,"resources":[{"resource":"r93"}],"successors":[38,39]},{"start_lb":25107,"min_duration":30,"resources":[{"resource":"r6"}],"successors":[40]},{"start_lb":25107,"min_duration":30,"resources":[{"resource":"r7"}],"successors":[40]},{"start_lb":25137,"min_duration":114,"resources":[{"resource":"r94"}],"successors":[41,42,43,44,45]},{"start_lb":25257,"min_duration":120,"resources":[{"resource":"r0"}],"successors":[46]},{"start_lb":25257,"min_duration":120,"resources":[{"resource":"r1"}],"successors":[46]},{"start_lb":25257,"min_duration":120,"resources":[{"resource":"r2"}],"successors":[46]},{"start_lb":25257,"min_duration":120,"resources":[{"resource":"r3"}],"successors":[46]},{"start_lb":25257,"min_duration":120,"resources":[{"resource":"r4"}],"successors":[46]},{"start_lb":25377,"min_duration":0,"successors":[]}],[{"start_ub":0,"min_duration":0,"successors":[1,2,3,4,5]},{"start_lb":23097,"min_duration":717,"resources":[{"resource":"r0"}],"successors":[6]},{"start_lb":23097,"min_duration":717,"resources":[{"resource":"r1"}],"successors":[6]},{"start_lb":23097,"min_duration":717,"resources":[{"resource":"r2"}],"successors":[6]},{"start_lb":23097,"min_duration":717,"resources":[{"resource":"r3"}],"successors":[6]},{"start_lb":23097,"min_duration":717,"resources":[{"resource":"r4"}],"successors":[6]},{"start_lb":23097,"min_duration":86,"resources":[{"resource":"r5"}],"successors":[7,8]},{"start_lb":23187,"min_duration":30,"resources":[{"resource":"r6"}],"successors":[9]},{"start_lb":23187,"min_duration":30,"resources":[{"resource":"r7"}],"successors":[9]},{"start_lb":23217,"min_duration":142,"resources":[{"resource":"r8"}],"successors":[10,11]},{"start_lb":23367,"min_duration":30,"resources":[{"resource":"r9"}],"successors":[12]},{"start_lb":23367,"min_duration":30,"resources":[{"resource":"r10"}],"successors":[12]},{"start_lb":23397,"min_duration":95,"resources":[{"resource":"r11"}],"successors":[13,14]},{"start_lb":23497,"min_duration":0,"resources":[{"resource":"r12"}],"successors":[15]},{"start_lb":23497,"min_duration":0,"resources":[{"resource":"r13"}],"successors":[15]},{"start_lb":23497,"min_duration":48,"resources":[{"resource":"r14"}],"successors":[16,17]},{"start_lb":23547,"min_duration":30,"resources":[{"resource":"r15"}],"successors":[18]},{"start_lb":23547,"min_duration":30,"resources":[{"resource":"r16"}],"successors":[18]},{"start_lb":23577,"min_duration":142,"resources":[{"resource":"r17"}],"successors":[19,20]},{"start_lb":23727,"min_duration":30,"resources":[{"resource":"r18"}],"successors":[21]},{"start_lb":23727,"min_duration":30,"resources":[{"resource":"r19"}],"successors":[21]},{"start_lb":23757,"min_duration":228,"resources":[{"resource":"r20"}],"successors":[22,23]},{"start_lb":23997,"min_duration":60,"resources":[{"resource":"r21"}],"successors":[24]},{"start_lb":23997,"min_duration":60,"resources":[{"resource":"r22"}],"successors":[24]},{"start_lb":24057,"min_duration":86,"resources":[{"resource":"r23"}],"successors":[25,26,27,28]},{"start_lb":24147,"min_duration":30,"resources":[{"resource":"r24"}],"successors":[29]},{"start_lb":24147,"min_duration":30,"resources":[{"resource":"r25"}],"successors":[29]},{"start_lb":24147,"min_duration":30,"resources":[{"resource":"r26"}],"successors":[29]},{"start_lb":24147,"min_duration":30,"resources":[{"resource":"r27"}],"successors":[29]},{"start_lb":24177,"min_duration":142,"resources":[{"resource":"r28"}],"successors":[30,31]},{"start_lb":24327,"min_duration":30,"resources":[{"resource":"r29"}],"successors":[32]},{"start_lb":24327,"min_duration":30,"resources":[{"resource":"r30"}],"successors":[32]},{"start_lb":24357,"min_duration":144,"resources":[{"resource":"r31"}],"successors":[33]},{"start_lb":24509,"min_duration":0,"resources":[{"resource":"r32"}],"successors":[34]},{"start_lb":24509,"min_duration":55,"resources":[{"resource":"r33"}],"successors":[35]},{"start_lb":24567,"min_duration":30,"resources":[{"resource":"r34"}],"successors":[36]},{"start_lb":24597,"min_duration":142,"resources":[{"resource":"r35"}],"successors":[37,38,39]},{"start_lb":24747,"min_duration":30,"resources":[{"resource":"r36"}],"successors":[40]},{"start_lb":24747,"min_duration":30,"resources":[{"resource":"r37"}],"successors":[40]},{"start_lb":24747,"min_duration":30,"resources":[{"resource":"r38"}],"successors":[40]},{"start_lb":24777,"min_duration":200,"resources":[{"resource":"r39"}],"successors":[41,42]},{"start_lb":24987,"min_duration":150,"resources":[{"resource":"r40"}],"successors":[43]},{"start_lb":24987,"min_duration":150,"resources":[{"resource":"r41"}],"successors":[43]},{"start_lb":25137,"min_duration":200,"resources":[{"resource":"r42"}],"successors":[44]},{"start_lb":25347,"min_duration":0,"resources":[{"resource":"r43"}],"successors":[45]},{"start_lb":25347,"min_duration":200,"resources":[{"resource":"r44"}],"successors":[46,47,48]},{"start_lb":25557,"min_duration":120,"resources":[{"resource":"r45"}],"successors":[49]},{"start_lb":25557,"min_duration":120,"resources":[{"resource":"r46"}],"successors":[49]},{"start_lb":25557,"min_duration":120,"resources":[{"resource":"r47"}],"successors":[49]},{"start_lb":25677,"min_duration":0,"successors":[]}],[{"start_ub":0,"min_duration":0,"successors":[1]},{"start_lb":22977,"min_duration":200,"resources":[{"resource":"r39"}],"successors":[2,3]},{"start_lb":23187,"min_duration":150,"resources":[{"resource":"r40"}],"successors":[4]},{"start_lb":23187,"min_duration":150,"resources":[{"resource":"r41"}],"successors":[4]},{"start_lb":23337,"min_duration":157,"resources":[{"resource":"r42"}],"successors":[5]},{"start_lb":23502,"min_duration":0,"resources":[{"resource":"r43"}],"successors":[6]},{"start_lb":23502,"min_duration":157,"resources":[{"resource":"r44"}],"successors":[7,8,9]},{"start_lb":23667,"min_duration":30,"resources":[{"resource":"r45"}],"successors":[10]},{"start_lb":23667,"min_duration":30,"resources":[{"resource":"r46"}],"successors":[10]},{"start_lb":23667,"min_duration":30,"resources":[{"resource":"r47"}],"successors":[10]},{"start_lb":23697,"min_duration":200,"resources":[{"resource":"r48"}],"successors":[11,12,13]},{"start_lb":23907,"min_duration":30,"resources":[{"resource":"r49"}],"successors":[14]},{"start_lb":23907,"min_duration":30,"resources":[{"resource":"r50"}],"successors":[14]},{"start_lb":23907,"min_duration":30,"resources":[{"resource":"r51"}],"successors":[14]},{"start_lb":23937,"min_duration":218,"resources":[{"resource":"r52"}],"successors":[15,16]},{"start_lb":24167,"min_duration":70,"resources":[{"resource":"r53"}],"successors":[17]},{"start_lb":24167,"min_duration":70,"resources":[{"resource":"r54"}],"successors":[17]},{"start_lb":24237,"min_duration":200,"resources":[{"resource":"r55"}],"successors":[18,19]},{"start_lb":24447,"min_duration":30,"resources":[{"resource":"r56"}],"successors":[20]},{"start_lb":24447,"min_duration":30,"resources":[{"resource":"r57"}],"successors":[20]},{"start_lb":24477,"min_duration":200,"resources":[{"resource":"r58"}],"successors":[21,22]},{"start_lb":24687,"min_duration":30,"resources":[{"resource":"r59"}],"successors":[23]},{"start_lb":24687,"min_duration":30,"resources":[{"resource":"r60"}],"successors":[23]},{"start_lb":24717,"min_duration":142,"resources":[{"resource":"r61"}],"successors":[24]},{"start_lb":24867,"min_duration":30,"resources":[{"resource":"r62"}],"successors":[25]},{"start_lb":24897,"min_duration":86,"resources":[{"resource":"r63"}],"successors":[26]},{"start_lb":24987,"min_duration":0,"resources":[{"resource":"r64"}],"successors":[27]},{"start_lb":24987,"min_duration":171,"resources":[{"resource":"r65"}],"successors":[28,29]},{"start_lb":25167,"min_duration":30,"resources":[{"resource":"r66"}],"successors":[30]},{"start_lb":25167,"min_duration":30,"resources":[{"resource":"r67"}],"successors":[30]},{"start_lb":25197,"min_duration":146,"resources":[{"resource":"r68"}],"successors":[31]},{"start_lb":25351,"min_duration":0,"resources":[{"resource":"r69"}],"successors":[32]},{"start_lb":25351,"min_duration":196,"resources":[{"resource":"r70"}],"successors":[33,34,35,36]},{"start_lb":25557,"min_duration":120,"resources":[{"resource":"r71"}],"successors":[37]},{"start_lb":25557,"min_duration":120,"resources":[{"resource":"r72"}],"successors":[37]},{"start_lb":25557,"min_duration":120,"resources":[{"resource":"r73"}],"successors":[37]},{"start_lb":25557,"min_duration":120,"resources":[{"resource":"r74"}],"successors":[37]},{"start_lb":25677,"min_duration":0,"successors":[]}],[{"start_ub":0,"min_duration":0,"successors":[1]},{"start_lb":22977,"min_duration":171,"resources":[{"resource":"r65"}],"successors":[2]},{"start_lb":23157,"min_duration":636,"resources":[{"resource":"r64"}],"successors":[3]},{"start_lb":23157,"min_duration":86,"resources":[{"resource":"r63"}],"successors":[4]},{"start_lb":23247,"min_duration":30,"resources":[{"resource":"r62"}],"successors":[5]},{"start_lb":23277,"min_duration":114,"resources":[{"resource":"r61"}],"successors":[6,7]},{"start_lb":23397,"min_duration":180,"resources":[{"resource":"r59"}],"successors":[8]},{"start_lb":23397,"min_duration":180,"resources":[{"resource":"r60"}],"successors":[8]},{"start_lb":23577,"min_duration":200,"resources":[{"resource":"r58"}],"successors":[9,10]},{"start_lb":23787,"min_duration":30,"resources":[{"resource":"r56"}],"successors":[11]},{"start_lb":23787,"min_duration":30,"resources":[{"resource":"r57"}],"successors":[11]},{"start_lb":23817,"min_duration":200,"resources":[{"resource":"r55"}],"successors":[12,13]},{"start_lb":24027,"min_duration":150,"resources":[{"resource":"r53"}],"successors":[14]},{"start_lb":24027,"min_duration":150,"resources":[{"resource":"r54"}],"successors":[14]},{"start_lb":24177,"min_duration":200,"resources":[{"resource":"r52"}],"successors":[15,16,17]},{"start_lb":24387,"min_duration":30,"resources":[{"resource":"r49"}],"successors":[18]},{"start_lb":24387,"min_duration":30,"resources":[{"resource":"r50"}],"successors":[18]},{"start_lb":24387,"min_duration":30,"resources":[{"resource":"r51"}],"successors":[18]},{"start_lb":24417,"min_duration":228,"resources":[{"resource":"r48"}],"successors":[19,20,21]},{"start_lb":24657,"min_duration":120,"resources":[{"resource":"r45"}],"successors":[22]},{"start_lb":24657,"min_duration":120,"resources":[{"resource":"r46"}],"successors":[22]},{"start_lb":24657,"min_duration":120,"resources":[{"resource":"r47"}],"successors":[22]},{"start_lb":24777,"min_duration":153,"resources":[{"resource":"r44"}],"successors":[23]},{"start_lb":24938,"min_duration":0,"resources":[{"resource":"r43"}],"successors":[24]},{"start_lb":24938,"min_duration":152,"resources":[{"resource":"r42"}],"successors":[25,26]},{"start_lb":25098,"min_duration":39,"resources":[{"resource":"r40"}],"successors":[27]},{"start_lb":25098,"min_duration":39,"resources":[{"resource":"r41"}],"successors":[27]},{"start_lb":25137,"min_duration":200,"resources":[{"resource":"r39"}],"successors":[28,29,30]},{"start_lb":25347,"min_duration":30,"resources":[{"resource":"r36"}],"successors":[31]},{"start_lb":25347,"min_duration":30,"resources":[{"resource":"r37"}],"successors":[31]},{"start_lb":25347,"min_duration":30,"resources":[{"resource":"r38"}],"successors":[31]},{"start_lb":25377,"min_duration":142,"resources":[{"resource":"r35"}],"successors":[32]},{"start_lb":25527,"min_duration":30,"resources":[{"resource":"r34"}],"successors":[33]},{"start_lb":25557,"min_duration":74,"resources":[{"resource":"r33"}],"successors":[34]},{"start_lb":25635,"min_duration":0,"resources":[{"resource":"r32"}],"successors":[35]},{"start_lb":25635,"min_duration":125,"resources":[{"resource":"r31"}],"successors":[36,37]},{"start_lb":25767,"min_duration":30,"resources":[{"resource":"r29"}],"successors":[38]},{"start_lb":25767,"min_duration":30,"resources":[{"resource":"r30"}],"successors":[38]},{"start_lb":25797,"min_duration":142,"resources":[{"resource":"r28"}],"successors":[39,40,41,42]},{"start_lb":25947,"min_duration":30,"resources":[{"resource":"r24"}],"successors":[43]},{"start_lb":25947,"min_duration":30,"resources":[{"resource":"r25"}],"successors":[43]},{"start_lb":25947,"min_duration":30,"resources":[{"resource":"r26"}],"successors":[43]},{"start_lb":25947,"min_duration":30,"resources":[{"resource":"r27"}],"successors":[43]},{"start_lb":25977,"min_duration":57,"resources":[{"resource":"r88"}],"successors":[44,45]},{"start_lb":26037,"min_duration":60,"resources":[{"resource":"r21"}],"successors":[46]},{"start_lb":26037,"min_duration":60,"resources":[{"resource":"r22"}],"successors":[46]},{"start_lb":26097,"min_duration":256,"resources":[{"resource":"r89"}],"successors":[47,48]},{"start_lb":26367,"min_duration":30,"resources":[{"resource":"r18"}],"successors":[49]},{"start_lb":26367,"min_duration":30,"resources":[{"resource":"r19"}],"successors":[49]},{"start_lb":26397,"min_duration":142,"resources":[{"resource":"r90"}],"successors":[50,51]},{"start_lb":26547,"min_duration":30,"resources":[{"resource":"r15"}],"successors":[52]},{"start_lb":26547,"min_duration":30,"resources":[{"resource":"r16"}],"successors":[52]},{"start_lb":26577,"min_duration":48,"resources":[{"resource":"r91"}],"successors":[53,54]},{"start_lb":26627,"min_duration":0,"resources":[{"resource":"r12"}],"successors":[55]},{"start_lb":26627,"min_duration":0,"resources":[{"resource":"r13"}],"successors":[55]},{"start_lb":26627,"min_duration":95,"resources":[{"resource":"r92"}],"successors":[56,57]},{"start_lb":26727,"min_duration":30,"resources":[{"resource":"r9"}],"successors":[58]},{"start_lb":26727,"min_duration":30,"resources":[{"resource":"r10"}],"successors":[58]},{"start_lb":26757,"min_duration":142,"resources":[{"resource":"r93"}],"successors":[59,60]},{"start_lb":26907,"min_duration":30,"resources":[{"resource":"r6"}],"successors":[61]},{"start_lb":26907,"min_duration":30,"resources":[{"resource":"r7"}],"successors":[61]},{"start_lb":26937,"min_duration":114,"resources":[{"resource":"r94"}],"successors":[62,63,64,65,66]},{"start_lb":27057,"min_duration":120,"resources":[{"resource":"r0"}],"successors":[67]},{"start_lb":27057,"min_duration":120,"resources":[{"resource":"r1"}],"successors":[67]},{"start_lb":27057,"min_duration":120,"resources":[{"resource":"r2"}],"successors":[67]},{"start_lb":27057,"min_duration":120,"resources":[{"resource":"r3"}],"successors":[67]},{"start_lb":27057,"min_duration":120,"resources":[{"resource":"r4"}],"successors":[67]},{"start_lb":27177,"min_duration":0,"successors":[]}],[{"start_ub":0,"min_duration":0,"successors":[1,2,3,4,5]},{"start_lb":24897,"min_duration":0,"resources":[{"resource":"r0"}],"successors":[6]},{"start_lb":24897,"min_duration":0,"resources":[{"resource":"r1"}],"successors":[6]},{"start_lb":24897,"min_duration":0,"resources":[{"resource":"r2"}],"successors":[6]},{"start_lb":24897,"min_duration":0,"resources":[{"resource":"r3"}],"successors":[6]},{"start_lb":24897,"min_duration":0,"resources":[{"resource":"r4"}],"successors":[6]},{"start_lb":24897,"min_duration":86,"resources":[{"resource":"r5"}],"successors":[7,8]},{"start_lb":24987,"min_duration":30,"resources":[{"resource":"r6"}],"successors":[9]},{"start_lb":24987,"min_duration":30,"resources":[{"resource":"r7"}],"successors":[9]},{"start_lb":25017,"min_duration":142,"resources":[{"resource":"r8"}],"successors":[10,11]},{"start_lb":25167,"min_duration":30,"resources":[{"resource":"r9"}],"successors":[12]},{"start_lb":25167,"min_duration":30,"resources":[{"resource":"r10"}],"successors":[12]},{"start_lb":25197,"min_duration":95,"resources":[{"resource":"r11"}],"successors":[13,14]},{"start_lb":25297,"min_duration":0,"resources":[{"resource":"r12"}],"successors":[15]},{"start_lb":25297,"min_duration":0,"resources":[{"resource":"r13"}],"successors":[15]},{"start_lb":25297,"min_duration":48,"resources":[{"resource":"r14"}],"successors":[16,17]},{"start_lb":25347,"min_duration":30,"resources":[{"resource":"r15"}],"successors":[18]},{"start_lb":25347,"min_duration":30,"resources":[{"resource":"r16"}],"successors":[18]},{"start_lb":25377,"min_duration":142,"resources":[{"resource":"r17"}],"successors":[19,20]},{"start_lb":25527,"min_duration":30,"resources":[{"resource":"r18"}],"successors":[21]},{"start_lb":25527,"min_duration":30,"resources":[{"resource":"r19"}],"successors":[21]},{"start_lb":25557,"min_duration":228,"resources":[{"resource":"r20"}],"successors":[22,23]},{"start_lb":25797,"min_duration":60,"resources":[{"resource":"r21"}],"successors":[24]},{"start_lb":25797,"min_duration":60,"resources":[{"resource":"r22"}],"successors":[24]},{"start_lb":25857,"min_duration":86,"resources":[{"resource":"r23"}],"successors":[25,26,27,28]},{"start_lb":25947,"min_duration":30,"resources":[{"resource":"r24"}],"successors":[29]},{"start_lb":25947,"min_duration":30,"resources":[{"resource":"r25"}],"successors":[29]},{"start_lb":25947,"min_duration":30,"resources":[{"resource":"r26"}],"successors":[29]},{"start_lb":25947,"min_duration":30,"resources":[{"resource":"r27"}],"successors":[29]},{"start_lb":25977,"min_duration":142,"resources":[{"resource":"r28"}],"successors":[30,31]},{"start_lb":26127,"min_duration":30,"resources":[{"resource":"r29"}],"successors":[32]},{"start_lb":26127,"min_duration":30,"resources":[{"resource":"r30"}],"successors":[32]},{"start_lb":26157,"min_duration":129,"resources":[{"resource":"r31"}],"successors":[33]},{"start_lb":26293,"min_duration":0,"resources":[{"resource":"r32"}],"successors":[34]},{"start_lb":26293,"min_duration":70,"resources":[{"resource":"r33"}],"successors":[35]},{"start_lb":26367,"min_duration":30,"resources":[{"resource":"r34"}],"successors":[36]},{"start_lb":26397,"min_duration":142,"resources":[{"resource":"r35"}],"successors":[37,38,39]},{"start_lb":26547,"min_duration":30,"resources":[{"resource":"r36"}],"successors":[40]},{"start_lb":26547,"min_duration":30,"resources":[{"resource":"r37"}],"successors":[40]},{"start_lb":26547,"min_duration":30,"resources":[{"resource":"r38"}],"successors":[40]},{"start_lb":26577,"min_duration":209,"resources":[{"resource":"r39"}],"successors":[41,42]},{"start_lb":26797,"min_duration":80,"resources":[{"resource":"r40"}],"successors":[43]},{"start_lb":26797,"min_duration":80,"resources":[{"resource":"r41"}],"successors":[43]},{"start_lb":26877,"min_duration":157,"resources":[{"resource":"r42"}],"successors":[44]},{"start_lb":27042,"min_duration":0,"resources":[{"resource":"r43"}],"successors":[45]},{"start_lb":27042,"min_duration":157,"resources":[{"resource":"r44"}],"successors":[46,47,48]},{"start_lb":27207,"min_duration":30,"resources":[{"resource":"r45"}],"successors":[49]},{"start_lb":27207,"min_duration":30,"resources":[{"resource":"r46"}],"successors":[49]},{"start_lb":27207,"min_duration":30,"resources":[{"resource":"r47"}],"successors":[49]},{"start_lb":27237,"min_duration":200,"resources":[{"resource":"r48"}],"successors":[50,51,52]},{"start_lb":27447,"min_duration":30,"resources":[{"resource":"r49"}],"successors":[53]},{"start_lb":27447,"min_duration":30,"resources":[{"resource":"r50"}],"successors":[53]},{"start_lb":27447,"min_duration":30,"resources":[{"resource":"r51"}],"successors":[53]},{"start_lb":27477,"min_duration":256,"resources":[{"resource":"r52"}],"successors":[54,55]},{"start_lb":27747,"min_duration":30,"resources":[{"resource":"r53"}],"successors":[56]},{"start_lb":27747,"min_duration":30,"resources":[{"resource":"r54"}],"successors":[56]},{"start_lb":27777,"min_duration":200,"resources":[{"resource":"r55"}],"successors":[57,58]},{"start_lb":27987,"min_duration":30,"resources":[{"resource":"r56"}],"successors":[59]},{"start_lb":27987,"min_duration":30,"resources":[{"resource":"r57"}],"successors":[59]},{"start_lb":28017,"min_duration":200,"resources":[{"resource":"r58"}],"successors":[60,61]},{"start_lb":28227,"min_duration":30,"resources":[{"resource":"r59"}],"successors":[62]},{"start_lb":28227,"min_duration":30,"resources":[{"resource":"r60"}],"successors":[62]},{"start_lb":28257,"min_duration":142,"resources":[{"resource":"r61"}],"successors":[63]},{"start_lb":28407,"min_duration":30,"resources":[{"resource":"r62"}],"successors":[64]},{"start_lb":28437,"min_duration":86,"resources":[{"resource":"r63"}],"successors":[65]},{"start_lb":28527,"min_duration":0,"resources":[{"resource":"r64"}],"successors":[66]},{"start_lb":28527,"min_duration":171,"resources":[{"resource":"r65"}],"successors":[67,68]},{"start_lb":28707,"min_duration":30,"resources":[{"resource":"r66"}],"successors":[69]},{"start_lb":28707,"min_duration":30,"resources":[{"resource":"r67"}],"successors":[69]},{"start_lb":28737,"min_duration":146,"resources":[{"resource":"r68"}],"successors":[70]},{"start_lb":28891,"min_duration":0,"resources":[{"resource":"r69"}],"successors":[71]},{"start_lb":28891,"min_duration":196,"resources":[{"resource":"r70"}],"successors":[72,73,74,75]},{"start_lb":29097,"min_duration":120,"resources":[{"resource":"r71"}],"successors":[76]},{"start_lb":29097,"min_duration":120,"resources":[{"resource":"r72"}],"successors":[76]},{"start_lb":29097,"min_duration":120,"resources":[{"resource":"r73"}],"successors":[76]},{"start_lb":29097,"min_duration":120,"resources":[{"resource":"r74"}],"successors":[76]},{"start_lb":29217,"min_duration":0,"successors":[]}],[{"start_ub":0,"min_duration":0,"successors":[1,2,3,4]},{"start_lb":26877,"min_duration":0,"resources":[{"resource":"r24"}],"successors":[5]},{"start_lb":26877,"min_duration":0,"resources":[{"resource":"r25"}],"successors":[5]},{"start_lb":26877,"min_duration":0,"resources":[{"resource":"r26"}],"successors":[5]},{"start_lb":26877,"min_duration":0,"resources":[{"resource":"r27"}],"successors":[5]},{"start_lb":26877,"min_duration":57,"resources":[{"resource":"r88"}],"successors":[6,7]},{"start_lb":26937,"min_duration":60,"resources":[{"resource":"r21"}],"successors":[8]},{"start_lb":26937,"min_duration":60,"resources":[{"resource":"r22"}],"successors":[8]},{"start_lb":26997,"min_duration":256,"resources":[{"resource":"r89"}],"successors":[9,10]},{"start_lb":27267,"min_duration":30,"resources":[{"resource":"r18"}],"successors":[11]},{"start_lb":27267,"min_duration":30,"resources":[{"resource":"r19"}],"successors":[11]},{"start_lb":27297,"min_duration":142,"resources":[{"resource":"r90"}],"successors":[12,13]},{"start_lb":27447,"min_duration":30,"resources":[{"resource":"r15"}],"successors":[14]},{"start_lb":27447,"min_duration":30,"resources":[{"resource":"r16"}],"successors":[14]},{"start_lb":27477,"min_duration":48,"resources":[{"resource":"r91"}],"successors":[15,16]},{"start_lb":27527,"min_duration":0,"resources":[{"resource":"r12"}],"successors":[17]},{"start_lb":27527,"min_duration":0,"resources":[{"resource":"r13"}],"successors":[17]},{"start_lb":27527,"min_duration":95,"resources":[{"resource":"r92"}],"successors":[18,19]},{"start_lb":27627,"min_duration":30,"resources":[{"resource":"r9"}],"successors":[20]},{"start_lb":27627,"min_duration":30,"resources":[{"resource":"r10"}],"successors":[20]},{"start_lb":27657,"min_duration":142,"resources":[{"resource":"r93"}],"successors":[21,22]},{"start_lb":27807,"min_duration":30,"resources":[{"resource":"r6"}],"successors":[23]},{"start_lb":27807,"min_duration":30,"resources":[{"resource":"r7"}],"successors":[23]},{"start_lb":27837,"min_duration":114,"resources":[{"resource":"r94"}],"successors":[24,25,26,27,28]},{"start_lb":27957,"min_duration":120,"resources":[{"resource":"r0"}],"successors":[29]},{"start_lb":27957,"min_duration":120,"resources":[{"resource":"r1"}],"successors":[29]},{"start_lb":27957,"min_duration":120,"resources":[{"resource":"r2"}],"successors":[29]},{"start_lb":27957,"min_duration":120,"resources":[{"resource":"r3"}],"successors":[29]},{"start_lb":27957,"min_duration":120,"resources":[{"resource":"r4"}],"successors":[29]},{"start_lb":28077,"min_duration":0,"successors":[]}],[{"start_ub":0,"min_duration":0,"successors":[1,2,3]},{"start_lb":26337,"min_duration":0,"resources":[{"resource":"r45"}],"successors":[4]},{"start_lb":26337,"min_duration":0,"resources":[{"resource":"r46"}],"successors":[4]},{"start_lb":26337,"min_duration":0,"resources":[{"resource":"r47"}],"successors":[4]},{"start_lb":26337,"min_duration":142,"resources":[{"resource":"r44"}],"successors":[5]},{"start_lb":26487,"min_duration":0,"resources":[{"resource":"r43"}],"successors":[6]},{"start_lb":26487,"min_duration":142,"resources":[{"resource":"r42"}],"successors":[7,8]},{"start_lb":26637,"min_duration":180,"resources":[{"resource":"r40"}],"successors":[9]},{"start_lb":26637,"min_duration":180,"resources":[{"resource":"r41"}],"successors":[9]},{"start_lb":26817,"min_duration":200,"resources":[{"resource":"r39"}],"successors":[10,11,12]},{"start_lb":27027,"min_duration":30,"resources":[{"resource":"r36"}],"successors":[13]},{"start_lb":27027,"min_duration":30,"resources":[{"resource":"r37"}],"successors":[13]},{"start_lb":27027,"min_duration":30,"resources":[{"resource":"r38"}],"successors":[13]},{"start_lb":27057,"min_duration":142,"resources":[{"resource":"r35"}],"successors":[14]},{"start_lb":27207,"min_duration":30,"resources":[{"resource":"r34"}],"successors":[15]},{"start_lb":27237,"min_duration":96,"resources":[{"resource":"r33"}],"successors":[16]},{"start_lb":27338,"min_duration":0,"resources":[{"resource":"r32"}],"successors":[17]},{"start_lb":27338,"min_duration":161,"resources":[{"resource":"r31"}],"successors":[18,19]},{"start_lb":27507,"min_duration":90,"resources":[{"resource":"r29"}],"successors":[20]},{"start_lb":27507,"min_duration":90,"resources":[{"resource":"r30"}],"successors":[20]},{"start_lb":27597,"min_duration":142,"resources":[{"resource":"r28"}],"successors":[21,22,23,24]},{"start_lb":27747,"min_duration":30,"resources":[{"resource":"r24"}],"successors":[25]},{"start_lb":27747,"min_duration":30,"resources":[{"resource":"r25"}],"successors":[25]},{"start_lb":27747,"min_duration":30,"resources":[{"resource":"r26"}],"successors":[25]},{"start_lb":27747,"min_duration":30,"resources":[{"resource":"r27"}],"successors":[25]},{"start_lb":27777,"min_duration":57,"resources":[{"resource":"r88"}],"successors":[26,27]},{"start_lb":27837,"min_duration":60,"resources":[{"resource":"r21"}],"successors":[28]},{"start_lb":27837,"min_duration":60,"resources":[{"resource":"r22"}],"successors":[28]},{"start_lb":27897,"min_duration":256,"resources":[{"resource":"r89"}],"successors":[29,30]},{"start_lb":28167,"min_duration":30,"resources":[{"resource":"r18"}],"successors":[31]},{"start_lb":28167,"min_duration":30,"resources":[{"resource":"r19"}],"successors":[31]},{"start_lb":28197,"min_duration":142,"resources":[{"resource":"r90"}],"successors":[32,33]},{"start_lb":28347,"min_duration":30,"resources":[{"resource":"r15"}],"successors":[34]},{"start_lb":28347,"min_duration":30,"resources":[{"resource":"r16"}],"successors":[34]},{"start_lb":28377,"min_duration":48,"resources":[{"resource":"r91"}],"successors":[35,36]},{"start_lb":28427,"min_duration":0,"resources":[{"resource":"r12"}],"successors":[37]},{"start_lb":28427,"min_duration":0,"resources":[{"resource":"r13"}],"successors":[37]},{"start_lb":28427,"min_duration":95,"resources":[{"resource":"r92"}],"successors":[38,39]},{"start_lb":28527,"min_duration":30,"resources":[{"resource":"r9"}],"successors":[40]},{"start_lb":28527,"min_duration":30,"resources":[{"resource":"r10"}],"successors":[40]},{"start_lb":28557,"min_duration":142,"resources":[{"resource":"r93"}],"successors":[41,42]},{"start_lb":28707,"min_duration":30,"resources":[{"resource":"r6"}],"successors":[43]},{"start_lb":28707,"min_duration":30,"resources":[{"resource":"r7"}],"successors":[43]},{"start_lb":28737,"min_duration":114,"resources":[{"resource":"r94"}],"successors":[44,45,46,47,48]},{"start_lb":28857,"min_duration":120,"resources":[{"resource":"r0"}],"successors":[49]},{"start_lb":28857,"min_duration":120,"resources":[{"resource":"r1"}],"successors":[49]},{"start_lb":28857,"min_duration":120,"resources":[{"resource":"r2"}],"successors":[49]},{"start_lb":28857,"min_duration":120,"resources":[{"resource":"r3"}],"successors":[49]},{"start_lb":28857,"min_duration":120,"resources":[{"resource":"r4"}],"successors":[49]},{"start_lb":28977,"min_duration":0,"successors":[]}],[{"start_ub":0,"min_duration":0,"successors":[1,2,3,4]},{"start_lb":26397,"min_duration":0,"resources":[{"resource":"r71"}],"successors":[5]},{"start_lb":26397,"min_duration":0,"resources":[{"resource":"r72"}],"successors":[5]},{"start_lb":26397,"min_duration":0,"resources":[{"resource":"r73"}],"successors":[5]},{"start_lb":26397,"min_duration":0,"resources":[{"resource":"r74"}],"successors":[5]},{"start_lb":26397,"min_duration":180,"resources":[{"resource":"r70"}],"successors":[6]},{"start_lb":26586,"min_duration":0,"resources":[{"resource":"r69"}],"successors":[7]},{"start_lb":26586,"min_duration":134,"resources":[{"resource":"r68"}],"successors":[8,9]},{"start_lb":26727,"min_duration":30,"resources":[{"resource":"r66"}],"successors":[10]},{"start_lb":26727,"min_duration":30,"resources":[{"resource":"r67"}],"successors":[10]},{"start_lb":26757,"min_duration":171,"resources":[{"resource":"r65"}],"successors":[11]},{"start_lb":26937,"min_duration":0,"resources":[{"resource":"r64"}],"successors":[12]},{"start_lb":26937,"min_duration":86,"resources":[{"resource":"r63"}],"successors":[13]},{"start_lb":27027,"min_duration":30,"resources":[{"resource":"r62"}],"successors":[14]},{"start_lb":27057,"min_duration":142,"resources":[{"resource":"r61"}],"successors":[15,16]},{"start_lb":27207,"min_duration":30,"resources":[{"resource":"r59"}],"successors":[17]},{"start_lb":27207,"min_duration":30,"resources":[{"resource":"r60"}],"successors":[17]},{"start_lb":27237,"min_duration":142,"resources":[{"resource":"r58"}],"successors":[18,19]},{"start_lb":27387,"min_duration":30,"resources":[{"resource":"r56"}],"successors":[20]},{"start_lb":27387,"min_duration":30,"resources":[{"resource":"r57"}],"successors":[20]},{"start_lb":27417,"min_duration":228,"resources":[{"resource":"r55"}],"successors":[21,22]},{"start_lb":27657,"min_duration":120,"resources":[{"resource":"r53"}],"successors":[23]},{"start_lb":27657,"min_duration":120,"resources":[{"resource":"r54"}],"successors":[23]},{"start_lb":27777,"min_duration":200,"resources":[{"resource":"r52"}],"successors":[24,25,26]},{"start_lb":27987,"min_duration":30,"resources":[{"resource":"r49"}],"successors":[27]},{"start_lb":27987,"min_duration":30,"resources":[{"resource":"r50"}],"successors":[27]},{"start_lb":27987,"min_duration":30,"resources":[{"resource":"r51"}],"successors":[27]},{"start_lb":28017,"min_duration":228,"resources":[{"resource":"r48"}],"successors":[28,29,30]},{"start_lb":28257,"min_duration":120,"resources":[{"resource":"r45"}],"successors":[31]},{"start_lb":28257,"min_duration":120,"resources":[{"resource":"r46"}],"successors":[31]},{"start_lb":28257,"min_duration":120,"resources":[{"resource":"r47"}],"successors":[31]},{"start_lb":28377,"min_duration":157,"resources":[{"resource":"r44"}],"successors":[32]},{"start_lb":28542,"min_duration":0,"resources":[{"resource":"r43"}],"successors":[33]},{"start_lb":28542,"min_duration":157,"resources":[{"resource":"r42"}],"successors":[34,35]},{"start_lb":28707,"min_duration":30,"resources":[{"resource":"r40"}],"successors":[36]},{"start_lb":28707,"min_duration":30,"resources":[{"resource":"r41"}],"successors":[36]},{"start_lb":28737,"min_duration":200,"resources":[{"resource":"r39"}],"successors":[37,38,39]},{"start_lb":28947,"min_duration":30,"resources":[{"resource":"r36"}],"successors":[40]},{"start_lb":28947,"min_duration":30,"resources":[{"resource":"r37"}],"successors":[40]},{"start_lb":28947,"min_duration":30,"resources":[{"resource":"r38"}],"successors":[40]},{"start_lb":28977,"min_duration":142,"resources":[{"resource":"r35"}],"successors":[41]},{"start_lb":29127,"min_duration":30,"resources":[{"resource":"r34"}],"successors":[42]},{"start_lb":29157,"min_duration":74,"resources":[{"resource":"r33"}],"successors":[43]},{"start_lb":29235,"min_duration":0,"resources":[{"resource":"r32"}],"successors":[44]},{"start_lb":29235,"min_duration":125,"resources":[{"resource":"r31"}],"successors":[45,46]},{"start_lb":29367,"min_duration":30,"resources":[{"resource":"r29"}],"successors":[47]},{"start_lb":29367,"min_duration":30,"resources":[{"resource":"r30"}],"successors":[47]},{"start_lb":29397,"min_duration":142,"resources":[{"resource":"r28"}],"successors":[48,49,50,51]},{"start_lb":29547,"min_duration":30,"resources":[{"resource":"r24"}],"successors":[52]},{"start_lb":29547,"min_duration":30,"resources":[{"resource":"r25"}],"successors":[52]},{"start_lb":29547,"min_duration":30,"resources":[{"resource":"r26"}],"successors":[52]},{"start_lb":29547,"min_duration":30,"resources":[{"resource":"r27"}],"successors":[52]},{"start_lb":29577,"min_duration":57,"resources":[{"resource":"r88"}],"successors":[53,54]},{"start_lb":29637,"min_duration":60,"resources":[{"resource":"r21"}],"successors":[55]},{"start_lb":29637,"min_duration":60,"resources":[{"resource":"r22"}],"successors":[55]},{"start_lb":29697,"min_duration":256,"resources":[{"resource":"r89"}],"successors":[56,57]},{"start_lb":29967,"min_duration":30,"resources":[{"resource":"r18"}],"successors":[58]},{"start_lb":29967,"min_duration":30,"resources":[{"resource":"r19"}],"successors":[58]},{"start_lb":29997,"min_duration":142,"resources":[{"resource":"r90"}],"successors":[59,60]},{"start_lb":30147,"min_duration":30,"resources":[{"resource":"r15"}],"successors":[61]},{"start_lb":30147,"min_duration":30,"resources":[{"resource":"r16"}],"successors":[61]},{"start_lb":30177,"min_duration":48,"resources":[{"resource":"r91"}],"successors":[62,63]},{"start_lb":30227,"min_duration":0,"resources":[{"resource":"r12"}],"successors":[64]},{"start_lb":30227,"min_duration":0,"resources":[{"resource":"r13"}],"successors":[64]},{"start_lb":30227,"min_duration":95,"resources":[{"resource":"r92"}],"successors":[65,66]},{"start_lb":30327,"min_duration":30,"resources":[{"resource":"r9"}],"successors":[67]},{"start_lb":30327,"min_duration":30,"resources":[{"resource":"r10"}],"successors":[67]},{"start_lb":30357,"min_duration":142,"resources":[{"resource":"r93"}],"successors":[68,69]},{"start_lb":30507,"min_duration":30,"resources":[{"resource":"r6"}],"successors":[70]},{"start_lb":30507,"min_duration":30,"resources":[{"resource":"r7"}],"successors":[70]},{"start_lb":30537,"min_duration":114,"resources":[{"resource":"r94"}],"successors":[71,72,73,74,75]},{"start_lb":30657,"min_duration":120,"resources":[{"resource":"r0"}],"successors":[76]},{"start_lb":30657,"min_duration":120,"resources":[{"resource":"r1"}],"successors":[76]},{"start_lb":30657,"min_duration":120,"resources":[{"resource":"r2"}],"successors":[76]},{"start_lb":30657,"min_duration":120,"resources":[{"resource":"r3"}],"successors":[76]},{"start_lb":30657,"min_duration":120,"resources":[{"resource":"r4"}],"successors":[76]},{"start_lb":30777,"min_duration":0,"successors":[]}],[{"start_ub":0,"min_duration":0,"successors":[1]},{"start_lb":23877,"min_duration":0,"resources":[{"resource":"r32"}],"successors":[2]},{"start_lb":23877,"min_duration":165,"resources":[{"resource":"r33"}],"successors":[3]},{"start_lb":24051,"min_duration":0,"resources":[{"resource":"r34"}],"successors":[4]},{"start_lb":24051,"min_duration":89,"resources":[{"resource":"r35"}],"successors":[5,6,7]},{"start_lb":24145,"min_duration":0,"resources":[{"resource":"r36"}],"successors":[8]},{"start_lb":24145,"min_duration":0,"resources":[{"resource":"r37"}],"successors":[8]},{"start_lb":24145,"min_duration":0,"resources":[{"resource":"r38"}],"successors":[8]},{"start_lb":24145,"min_duration":221,"resources":[{"resource":"r39"}],"successors":[9,10]},{"start_lb":24378,"min_duration":0,"resources":[{"resource":"r40"}],"successors":[11]},{"start_lb":24378,"min_duration":0,"resources":[{"resource":"r41"}],"successors":[11]},{"start_lb":24378,"min_duration":180,"resources":[{"resource":"r42"}],"successors":[12]},{"start_lb":24568,"min_duration":0,"resources":[{"resource":"r43"}],"successors":[13]},{"start_lb":24568,"min_duration":180,"resources":[{"resource":"r44"}],"successors":[14,15,16]},{"start_lb":24757,"min_duration":0,"resources":[{"resource":"r45"}],"successors":[17]},{"start_lb":24757,"min_duration":0,"resources":[{"resource":"r46"}],"successors":[17]},{"start_lb":24757,"min_duration":0,"resources":[{"resource":"r47"}],"successors":[17]},{"start_lb":24757,"min_duration":285,"resources":[{"resource":"r48"}],"successors":[18,19,20]},{"start_lb":25057,"min_duration":0,"resources":[{"resource":"r49"}],"successors":[21]},{"start_lb":25057,"min_duration":0,"resources":[{"resource":"r50"}],"successors":[21]},{"start_lb":25057,"min_duration":0,"resources":[{"resource":"r51"}],"successors":[21]},{"start_lb":25057,"min_duration":252,"resources":[{"resource":"r52"}],"successors":[22,23]},{"start_lb":25322,"min_duration":0,"resources":[{"resource":"r53"}],"successors":[24]},{"start_lb":25322,"min_duration":0,"resources":[{"resource":"r54"}],"successors":[24]},{"start_lb":25322,"min_duration":207,"resources":[{"resource":"r55"}],"successors":[25,26]},{"start_lb":25540,"min_duration":0,"resources":[{"resource":"r56"}],"successors":[27]},{"start_lb":25540,"min_duration":0,"resources":[{"resource":"r57"}],"successors":[27]},{"start_lb":25540,"min_duration":159,"resources":[{"resource":"r58"}],"successors":[28,29]},{"start_lb":25707,"min_duration":0,"resources":[{"resource":"r59"}],"successors":[30]},{"start_lb":25707,"min_duration":0,"resources":[{"resource":"r60"}],"successors":[30]},{"start_lb":25707,"min_duration":79,"resources":[{"resource":"r61"}],"successors":[31]},{"start_lb":25790,"min_duration":0,"resources":[{"resource":"r62"}],"successors":[32]},{"start_lb":25790,"min_duration":86,"resources":[{"resource":"r63"}],"successors":[33]},{"start_lb":25880,"min_duration":0,"resources":[{"resource":"r64"}],"successors":[34]},{"start_lb":25880,"min_duration":172,"resources":[{"resource":"r65"}],"successors":[35,36]},{"start_lb":26061,"min_duration":0,"resources":[{"resource":"r66"}],"successors":[37]},{"start_lb":26061,"min_duration":0,"resources":[{"resource":"r67"}],"successors":[37]},{"start_lb":26061,"min_duration":124,"resources":[{"resource":"r68"}],"successors":[38]},{"start_lb":26192,"min_duration":0,"resources":[{"resource":"r69"}],"successors":[39]},{"start_lb":26192,"min_duration":165,"resources":[{"resource":"r70"}],"successors":[40,41,42,43]},{"start_lb":26366,"min_duration":0,"resources":[{"resource":"r71"}],"successors":[44]},{"start_lb":26366,"min_duration":0,"resources":[{"resource":"r72"}],"successors":[44]},{"start_lb":26366,"min_duration":0,"resources":[{"resource":"r73"}],"successors":[44]},{"start_lb":26366,"min_duration":0,"resources":[{"resource":"r74"}],"successors":[44]},{"start_lb":26366,"min_duration":627,"resources":[{"resource":"r75"}],"successors":[45,46]},{"start_lb":27026,"min_duration":0,"resources":[{"resource":"r76"}],"successors":[47]},{"start_lb":27026,"min_duration":0,"resources":[{"resource":"r77"}],"successors":[47]},{"start_lb":27026,"min_duration":642,"resources":[{"resource":"r78"}],"successors":[48,49]},{"start_lb":27702,"min_duration":375,"resources":[{"resource":"r79"}],"successors":[50]},{"start_lb":27702,"min_duration":375,"resources":[{"resource":"r80"}],"successors":[50]},{"start_lb":28077,"min_duration":352,"resources":[{"resource":"r81"}],"successors":[51,52]},{"start_lb":28447,"min_duration":0,"resources":[{"resource":"r82"}],"successors":[53]},{"start_lb":28447,"min_duration":0,"resources":[{"resource":"r83"}],"successors":[53]},{"start_lb":28447,"min_duration":902,"resources":[{"resource":"r84"}],"successors":[54,55,56]},{"start_lb":29397,"min_duration":0,"resources":[{"resource":"r85"}],"successors":[57]},{"start_lb":29397,"min_duration":0,"resources":[{"resource":"r86"}],"successors":[57]},{"start_lb":29397,"min_duration":0,"resources":[{"resource":"r87"}],"successors":[57]},{"start_lb":29397,"min_duration":0,"successors":[]}]],"objective":[{"type":"op_delay","train":0,"operation":9,"threshold":23397,"coeff":1},{"type":"op_delay","train":1,"operation":13,"threshold":23577,"coeff":1},{"type":"op_delay","train":2,"operation":29,"threshold":26277,"coeff":1},{"type":"op_delay","train":3,"operation":46,"threshold":25377,"coeff":1},{"type":"op_delay","train":4,"operation":49,"threshold":25677,"coeff":1},{"type":"op_delay","train":5,"operation":37,"threshold":25677,"coeff":1},{"type":"op_delay","train":6,"operation":67,"threshold":27177,"coeff":1},{"type":"op_delay","train":7,"operation":76,"threshold":29217,"coeff":1},{"type":"op_delay","train":8,"operation":29,"threshold":28077,"coeff":1},{"type":"op_delay","train":9,"operation":49,"threshold":28977,"coeff":1},{"type":"op_delay","train":10,"operation":76,"threshold":30777,"coeff":1},{"type":"op_delay","train":11,"operation":57,"threshold":29397,"coeff":1}]}