{"trains":[[{"start_ub":0,"min_duration":0,"successors":[1]},{"start_lb":26937,"min_duration":114,"resources":[{"resource":"r94"}],"successors":[2,3,4,5,6]},{"start_lb":27057,"min_duration":760,"resources":[{"resource":"r0"}],"successors":[7]},{"start_lb":27057,"min_duration":760,"resources":[{"resource":"r1"}],"successors":[7]},{"start_lb":27057,"min_duration":760,"resources":[{"resource":"r2"}],"successors":[7]},{"start_lb":27057,"min_duration":760,"resources":[{"resource":"r3"}],"successors":[7]},{"start_lb":27057,"min_duration":760,"resources":[{"resource":"r4"}],"successors":[7]},{"start_lb":27177,"min_duration":0,"successors":[]}],[{"start_ub":0,"min_duration":0,"successors":[1]},{"start_lb":26997,"min_duration":95,"resources":[{"resource":"r11"}],"successors":[2,3]},{"start_lb":27097,"min_duration":0,"resources":[{"resource":"r12"}],"successors":[4]},{"start_lb":27097,"min_duration":0,"resources":[{"resource":"r13"}],"successors":[4]},{"start_lb":27097,"min_duration":48,"resources":[{"resource":"r14"}],"successors":[5,6]},{"start_lb":27147,"min_duration":30,"resources":[{"resource":"r15"}],"successors":[7]},{"start_lb":27147,"min_duration":30,"resources":[{"resource":"r16"}],"successors":[7]},{"start_lb":27177,"min_duration":142,"resources":[{"resource":"r17"}],"successors":[8,9]},{"start_lb":27327,"min_duration":30,"resources":[{"resource":"r18"}],"successors":[10]},{"start_lb":27327,"min_duration":30,"resources":[{"resource":"r19"}],"successors":[10]},{"start_lb":27357,"min_duration":228,"resources":[{"resource":"r20"}],"successors":[11,12]},{"start_lb":27597,"min_duration":60,"resources":[{"resource":"r21"}],"successors":[13]},{"start_lb":27597,"min_duration":60,"resources":[{"resource":"r22"}],"successors":[13]},{"start_lb":27657,"min_duration":86,"resources":[{"resource":"r23"}],"successors":[14,15,16,17]},{"start_lb":27747,"min_duration":30,"resources":[{"resource":"r24"}],"successors":[18]},{"start_lb":27747,"min_duration":30,"resources":[{"resource":"r25"}],"successors":[18]},{"start_lb":27747,"min_duration":30,"resources":[{"resource":"r26"}],"successors":[18]},{"start_lb":27747,"min_duration":30,"resources":[{"resource":"r27"}],"successors":[18]},{"start_lb":27777,"min_duration":142,"resources":[{"resource":"r28"}],"successors":[19,20]},{"start_lb":27927,"min_duration":30,"resources":[{"resource":"r29"}],"successors":[21]},{"start_lb":27927,"min_duration":30,"resources":[{"resource":"r30"}],"successors":[21]},{"start_lb":27957,"min_duration":135,"resources":[{"resource":"r31"}],"successors":[22]},{"start_lb":28099,"min_duration":0,"resources":[{"resource":"r32"}],"successors":[23]},{"start_lb":28099,"min_duration":65,"resources":[{"resource":"r33"}],"successors":[24]},{"start_lb":28167,"min_duration":30,"resources":[{"resource":"r34"}],"successors":[25]},{"start_lb":28197,"min_duration":142,"resources":[{"resource":"r35"}],"successors":[26,27,28]},{"start_lb":28347,"min_duration":30,"resources":[{"resource":"r36"}],"successors":[29]},{"start_lb":28347,"min_duration":30,"resources":[{"resource":"r37"}],"successors":[29]},{"start_lb":28347,"min_duration":30,"resources":[{"resource":"r38"}],"successors":[29]},{"start_lb":28377,"min_duration":200,"resources":[{"resource":"r39"}],"successors":[30,31]},{"start_lb":28587,"min_duration":150,"resources":[{"resource":"r40"}],"successors":[32]},{"start_lb":28587,"min_duration":150,"resources":[{"resource":"r41"}],"successors":[32]},{"start_lb":28737,"min_duration":200,"resources":[{"resource":"r42"}],"successors":[33]},{"start_lb":28947,"min_duration":0,"resources":[{"resource":"r43"}],"successors":[34]},{"start_lb":28947,"min_duration":200,"resources":[{"resource":"r44"}],"successors":[35,36,37]},{"start_lb":29157,"min_duration":120,"resources":[{"resource":"r45"}],"successors":[38]},{"start_lb":29157,"min_duration":120,"resources":[{"resource":"r46"}],"successors":[38]},{"start_lb":29157,"min_duration":120,"resources":[{"resource":"r47"}],"successors":[38]},{"start_lb":29277,"min_duration":0,"successors":[]}],[{"start_ub":0,"min_duration":0,"successors":[1]},{"start_lb":26877,"min_duration":157,"resources":[{"resource":"r42"}],"successors":[2]},{"start_lb":27042,"min_duration":873,"resources":[{"resource":"r43"}],"successors":[3]},{"start_lb":27042,"min_duration":157,"resources":[{"resource":"r44"}],"successors":[4,5,6]},{"start_lb":27207,"min_duration":30,"resources":[{"resource":"r45"}],"successors":[7]},{"start_lb":27207,"min_duration":30,"resources":[{"resource":"r46"}],"successors":[7]},{"start_lb":27207,"min_duration":30,"resources":[{"resource":"r47"}],"successors":[7]},{"start_lb":27237,"min_duration":200,"resources":[{"resource":"r48"}],"successors":[8,9,10]},{"start_lb":27447,"min_duration":30,"resources":[{"resource":"r49"}],"successors":[11]},{"start_lb":27447,"min_duration":30,"resources":[{"resource":"r50"}],"successors":[11]},{"start_lb":27447,"min_duration":30,"resources":[{"resource":"r51"}],"successors":[11]},{"start_lb":27477,"min_duration":256,"resources":[{"resource":"r52"}],"successors":[12,13]},{"start_lb":27747,"min_duration":30,"resources":[{"resource":"r53"}],"successors":[14]},{"start_lb":27747,"min_duration":30,"resources":[{"resource":"r54"}],"successors":[14]},{"start_lb":27777,"min_duration":200,"resources":[{"resource":"r55"}],"successors":[15,16]},{"start_lb":27987,"min_duration":30,"resources":[{"resource":"r56"}],"successors":[17]},{"start_lb":27987,"min_duration":30,"resources":[{"resource":"r57"}],"successors":[17]},{"start_lb":28017,"min_duration":200,"resources":[{"resource":"r58"}],"successors":[18,19]},{"start_lb":28227,"min_duration":30,"resources":[{"resource":"r59"}],"successors":[20]},{"start_lb":28227,"min_duration":30,"resources":[{"resource":"r60"}],"successors":[20]},{"start_lb":28257,"min_duration":142,"resources":[{"resource":"r61"}],"successors":[21]},{"start_lb":28407,"min_duration":30,"resources":[{"resource":"r62"}],"successors":[22]},{"start_lb":28437,"min_duration":86,"resources":[{"resource":"r63"}],"successors":[23]},{"start_lb":28527,"min_duration":0,"resources":[{"resource":"r64"}],"successors":[24]},{"start_lb":28527,"min_duration":171,"resources":[{"resource":"r65"}],"successors":[25,26]},{"start_lb":28707,"min_duration":30,"resources":[{"resource":"r66"}],"successors":[27]},{"start_lb":28707,"min_duration":30,"resources":[{"resource":"r67"}],"successors":[27]},{"start_lb":28737,"min_duration":146,"resources":[{"resource":"r68"}],"successors":[28]},{"start_lb":28891,"min_duration":0,"resources":[{"resource":"r69"}],"successors":[29]},{"start_lb":28891,"min_duration":196,"resources":[{"resource":"r70"}],"successors":[30,31,32,33]},{"start_lb":29097,"min_duration":120,"resources":[{"resource":"r71"}],"successors":[34]},{"start_lb":29097,"min_duration":120,"resources":[{"resource":"r72"}],"successors":[34]},{"start_lb":29097,"min_duration":120,"resources":[{"resource":"r73"}],"successors":[34]},{"start_lb":29097,"min_duration":120,"resources":[{"resource":"r74"}],"successors":[34]},{"start_lb":29217,"min_duration":0,"successors":[]}],[{"start_ub":0,"min_duration":0,"successors":[1]},{"start_lb":27117,"min_duration":73,"resources":[{"resource":"r23"}],"successors":[2,3,4,5]},{"start_lb":27194,"min_duration":0,"resources":[{"resource":"r24"}],"successors":[6]},{"start_lb":27194,"min_duration":0,"resources":[{"resource":"r25"}],"successors":[6]},{"start_lb":27194,"min_duration":0,"resources":[{"resource":"r26"}],"successors":[6]},{"start_lb":27194,"min_duration":0,"resources":[{"resource":"r27"}],"successors":[6]},{"start_lb":27194,"min_duration":166,"resources":[{"resource":"r28"}],"successors":[7,8]},{"start_lb":27369,"min_duration":168,"resources":[{"resource":"r29"}],"successors":[9]},{"start_lb":27369,"min_duration":168,"resources":[{"resource":"r30"}],"successors":[9]},{"start_lb":27537,"min_duration":146,"resources":[{"resource":"r31"}],"successors":[10]},{"start_lb":27691,"min_duration":0,"resources":[{"resource":"r32"}],"successors":[11]},{"start_lb":27691,"min_duration":35,"resources":[{"resource":"r33"}],"successors":[12]},{"start_lb":27728,"min_duration":0,"resources":[{"resource":"r34"}],"successors":[13]},{"start_lb":27728,"min_duration":79,"resources":[{"resource":"r35"}],"successors":[14,15,16]},{"start_lb":27811,"min_duration":0,"resources":[{"resource":"r36"}],"successors":[17]},{"start_lb":27811,"min_duration":0,"resources":[{"resource":"r37"}],"successors":[17]},{"start_lb":27811,"min_duration":0,"resources":[{"resource":"r38"}],"successors":[17]},{"start_lb":27811,"min_duration":196,"resources":[{"resource":"r39"}],"successors":[18,19]},{"start_lb":28017,"min_duration":60,"resources":[{"resource":"r40"}],"successors":[20]},{"start_lb":28017,"min_duration":60,"resources":[{"resource":"r41"}],"successors":[20]},{"start_lb":28077,"min_duration":136,"resources":[{"resource":"r42"}],"successors":[21]},{"start_lb":28220,"min_duration":0,"resources":[{"resource":"r43"}],"successors":[22]},{"start_lb":28220,"min_duration":135,"resources":[{"resource":"r44"}],"successors":[23,24,25]},{"start_lb":28362,"min_duration":0,"resources":[{"resource":"r45"}],"successors":[26]},{"start_lb":28362,"min_duration":0,"resources":[{"resource":"r46"}],"successors":[26]},{"start_lb":28362,"min_duration":0,"resources":[{"resource":"r47"}],"successors":[26]},{"start_lb":28362,"min_duration":157,"resources":[{"resource":"r48"}],"successors":[27,28,29]},{"start_lb":28527,"min_duration":0,"resources":[{"resource":"r49"}],"successors":[30]},{"start_lb":28527,"min_duration":0,"resources":[{"resource":"r50"}],"successors":[30]},{"start_lb":28527,"min_duration":0,"resources":[{"resource":"r51"}],"successors":[30]},{"start_lb":28527,"min_duration":171,"resources":[{"resource":"r52"}],"successors":[31,32]},{"start_lb":28707,"min_duration":0,"resources":[{"resource":"r53"}],"successors":[33]},{"start_lb":28707,"min_duration":0,"resources":[{"resource":"r54"}],"successors":[33]},{"start_lb":28707,"min_duration":147,"resources":[{"resource":"r55"}],"successors":[34,35]},{"start_lb":28862,"min_duration":0,"resources":[{"resource":"r56"}],"successors":[36]},{"start_lb":28862,"min_duration":0,"resources":[{"resource":"r57"}],"successors":[36]},{"start_lb":28862,"min_duration":119,"resources":[{"resource":"r58"}],"successors":[37,38]},{"start_lb":28987,"min_duration":0,"resources":[{"resource":"r59"}],"successors":[39]},{"start_lb":28987,"min_duration":0,"resources":[{"resource":"r60"}],"successors":[39]},{"start_lb":28987,"min_duration":76,"resources":[{"resource":"r61"}],"successors":[40]},{"start_lb":29067,"min_duration":0,"resources":[{"resource":"r62"}],"successors":[41]},{"start_lb":29067,"min_duration":86,"resources":[{"resource":"r63"}],"successors":[42]},{"start_lb":29157,"min_duration":0,"resources":[{"resource":"r64"}],"successors":[43]},{"start_lb":29157,"min_duration":171,"resources":[{"resource":"r65"}],"successors":[44,45]},{"start_lb":29337,"min_duration":209,"resources":[{"resource":"r66"}],"successors":[46]},{"start_lb":29337,"min_duration":209,"resources":[{"resource":"r67"}],"successors":[46]},{"start_lb":29546,"min_duration":135,"resources":[{"resource":"r68"}],"successors":[47]},{"start_lb":29688,"min_duration":0,"resources":[{"resource":"r69"}],"successors":[48]},{"start_lb":29688,"min_duration":180,"resources":[{"resource":"r70"}],"successors":[49,50,51,52]},{"start_lb":29877,"min_duration":60,"resources":[{"resource":"r71"}],"successors":[53]},{"start_lb":29877,"min_duration":60,"resources":[{"resource":"r72"}],"successors":[53]},{"start_lb":29877,"min_duration":60,"resources":[{"resource":"r73"}],"successors":[53]},{"start_lb":29877,"min_duration":60,"resources":[{"resource":"r74"}],"successors":[53]},{"start_lb":29937,"min_duration":599,"resources":[{"resource":"r75"}],"successors":[54,55]},{"start_lb":30568,"min_duration":0,"resources":[{"resource":"r76"}],"successors":[56]},{"start_lb":30568,"min_duration":0,"resources":[{"resource":"r77"}],"successors":[56]},{"start_lb":30568,"min_duration":524,"resources":[{"resource":"r78"}],"successors":[57,58]},{"start_lb":31120,"min_duration":0,"resources":[{"resource":"r79"}],"successors":[59]},{"start_lb":31120,"min_duration":0,"resources":[{"resource":"r80"}],"successors":[59]},{"start_lb":31120,"min_duration":273,"resources":[{"resource":"r81"}],"successors":[60,61]},{"start_lb":31407,"min_duration":0,"resources":[{"resource":"r82"}],"successors":[62]},{"start_lb":31407,"min_duration":0,"resources":[{"resource":"r83"}],"successors":[62]},{"start_lb":31407,"min_duration":827,"resources":[{"resource":"r84"}],"successors":[63,64,65]},{"start_lb":32278,"min_duration":59,"resources":[{"resource":"r85"}],"successors":[66]},{"start_lb":32278,"min_duration":59,"resources":[{"resource":"r86"}],"successors":[66]},{"start_lb":32278,"min_duration":59,"resources":[{"resource":"r87"}],"successors":[66]},{"start_lb":32337,"min_duration":0,"successors":[]}],[{"start_ub":0,"min_duration":0,"successors":[1]},{"start_lb":26817,"min_duration":200,"resources":[{"resource":"r39"}],"successors":[2,3,4]},{"start_lb":27027,"min_duration":715,"resources":[{"resource":"r36"}],"successors":[5]},{"start_lb":27027,"min_duration":715,"resources":[{"resource":"r37"}],"successors":[5]},{"start_lb":27027,"min_duration":715,"resources":[{"resource":"r38"}],"successors":[5]},{"start_lb":27057,"min_duration":142,"resources":[{"resource":"r35"}],"successors":[6]},{"start_lb":27207,"min_duration":30,"resources":[{"resource":"r34"}],"successors":[7]},{"start_lb":27237,"min_duration":96,"resources":[{"resource":"r33"}],"successors":[8]},{"start_lb":27338,"min_duration":0,"resources":[{"resource":"r32"}],"successors":[9]},{"start_lb":27338,"min_duration":161,"resources":[{"resource":"r31"}],"successors":[10,11]},{"start_lb":27507,"min_duration":90,"resources":[{"resource":"r29"}],"successors":[12]},{"start_lb":27507,"min_duration":90,"resources":[{"resource":"r30"}],"successors":[12]},{"start_lb":27597,"min_duration":142,"resources":[{"resource":"r28"}],"successors":[13,14,15,16]},{"start_lb":27747,"min_duration":30,"resources":[{"resource":"r24"}],"successors":[17]},{"start_lb":27747,"min_duration":30,"resources":[{"resource":"r25"}],"successors":[17]},{"start_lb":27747,"min_duration":30,"resources":[{"resource":"r26"}],"successors":[17]},{"start_lb":27747,"min_duration":30,"resources":[{"resource":"r27"}],"successors":[17]},{"start_lb":27777,"min_duration":57,"resources":[{"resource":"r88"}],"successors":[18,19]},{"start_lb":27837,"min_duration":60,"resources":[{"resource":"r21"}],"successors":[20]},{"start_lb":27837,"min_duration":60,"resources":[{"resource":"r22"}],"successors":[20]},{"start_lb":27897,"min_duration":256,"resources":[{"resource":"r89"}],"successors":[21,22]},{"start_lb":28167,"min_duration":30,"resources":[{"resource":"r18"}],"successors":[23]},{"start_lb":28167,"min_duration":30,"resources":[{"resource":"r19"}],"successors":[23]},{"start_lb":28197,"min_duration":142,"resources":[{"resource":"r90"}],"successors":[24,25]},{"start_lb":28347,"min_duration":30,"resources":[{"resource":"r15"}],"successors":[26]},{"start_lb":28347,"min_duration":30,"resources":[{"resource":"r16"}],"successors":[26]},{"start_lb":28377,"min_duration":48,"resources":[{"resource":"r91"}],"successors":[27,28]},{"start_lb":28427,"min_duration":0,"resources":[{"resource":"r12"}],"successors":[29]},{"start_lb":28427,"min_duration":0,"resources":[{"resource":"r13"}],"successors":[29]},{"start_lb":28427,"min_duration":95,"resources":[{"resource":"r92"}],"successors":[30,31]},{"start_lb":28527,"min_duration":30,"resources":[{"resource":"r9"}],"successors":[32]},{"start_lb":28527,"min_duration":30,"resources":[{"resource":"r10"}],"successors":[32]},{"start_lb":28557,"min_duration":142,"resources":[{"resource":"r93"}],"successors":[33,34]},{"start_lb":28707,"min_duration":30,"resources":[{"resource":"r6"}],"successors":[35]},{"start_lb":28707,"min_duration":30,"resources":[{"resource":"r7"}],"successors":[35]},{"start_lb":28737,"min_duration":114,"resources":[{"resource":"r94"}],"successors":[36,37,38,39,40]},{"start_lb":28857,"min_duration":120,"resources":[{"resource":"r0"}],"successors":[41]},{"start_lb":28857,"min_duration":120,"resources":[{"resource":"r1"}],"successors":[41]},{"start_lb":28857,"min_duration":120,"resources":[{"resource":"r2"}],"successors":[41]},{"start_lb":28857,"min_duration":120,"resources":[{"resource":"r3"}],"successors":[41]},{"start_lb":28857,"min_duration":120,"resources":[{"resource":"r4"}],"successors":[41]},{"start_lb":28977,"min_duration":0,"successors":[]}],[{"start_ub":0,"min_duration":0,"successors":[1,2,3,4]},{"start_lb":28677,"min_duration":0,"resources":[{"resource":"r24"}],"successors":[5]},{"start_lb":28677,"min_duration":0,"resources":[{"resource":"r25"}],"successors":[5]},{"start_lb":28677,"min_duration":0,"resources":[{"resource":"r26"}],"successors":[5]},{"start_lb":28677,"min_duration":0,"resources":[{"resource":"r27"}],"successors":[5]},{"start_lb":28677,"min_duration":57,"resources":[{"resource":"r88"}],"successors":[6,7]},{"start_lb":28737,"min_duration":60,"resources":[{"resource":"r21"}],"successors":[8]},{"start_lb":28737,"min_duration":60,"resources":[{"resource":"r22"}],"successors":[8]},{"start_lb":28797,"min_duration":256,"resources":[{"resource":"r89"}],"successors":[9,10]},{"start_lb":29067,"min_duration":30,"resources":[{"resource":"r18"}],"successors":[11]},{"start_lb":29067,"min_duration":30,"resources":[{"resource":"r19"}],"successors":[11]},{"start_lb":29097,"min_duration":142,"resources":[{"resource":"r90"}],"successors":[12,13]},{"start_lb":29247,"min_duration":30,"resources":[{"resource":"r15"}],"successors":[14]},{"start_lb":29247,"min_duration":30,"resources":[{"resource":"r16"}],"successors":[14]},{"start_lb":29277,"min_duration":48,"resources":[{"resource":"r91"}],"successors":[15,16]},{"start_lb":29327,"min_duration":0,"resources":[{"resource":"r12"}],"successors":[17]},{"start_lb":29327,"min_duration":0,"resources":[{"resource":"r13"}],"successors":[17]},{"start_lb":29327,"min_duration":95,"resources":[{"resource":"r92"}],"successors":[18,19]},{"start_lb":29427,"min_duration":30,"resources":[{"resource":"r9"}],"successors":[20]},{"start_lb":29427,"min_duration":30,"resources":[{"resource":"r10"}],"successors":[20]},{"start_lb":29457,"min_duration":142,"resources":[{"resource":"r93"}],"successors":[21,22]},{"start_lb":29607,"min_duration":30,"resources":[{"resource":"r6"}],"successors":[23]},{"start_lb":29607,"min_duration":30,"resources":[{"resource":"r7"}],"successors":[23]},{"start_lb":29637,"min_duration":114,"resources":[{"resource":"r94"}],"successors":[24,25,26,27,28]},{"start_lb":29757,"min_duration":120,"resources":[{"resource":"r0"}],"successors":[29]},{"start_lb":29757,"min_duration":120,"resources":[{"resource":"r1"}],"successors":[29]},{"start_lb":29757,"min_duration":120,"resources":[{"resource":"r2"}],"successors":[29]},{"start_lb":29757,"min_duration":120,"resources":[{"resource":"r3"}],"successors":[29]},{"start_lb":29757,"min_duration":120,"resources":[{"resource":"r4"}],"successors":[29]},{"start_lb":29877,"min_duration":0,"successors":[]}],[{"start_ub":0,"min_duration":0,"successors":[1]},{"start_lb":26937,"min_duration":86,"resources":[{"resource":"r63"}],"successors":[2]},{"start_lb":27027,"min_duration":733,"resources":[{"resource":"r62"}],"successors":[3]},{"start_lb":27057,"min_duration":142,"resources":[{"resource":"r61"}],"successors":[4,5]},{"start_lb":27207,"min_duration":30,"resources":[{"resource":"r59"}],"successors":[6]},{"start_lb":27207,"min_duration":30,"resources":[{"resource":"r60"}],"successors":[6]},{"start_lb":27237,"min_duration":142,"resources":[{"resource":"r58"}],"successors":[7,8]},{"start_lb":27387,"min_duration":30,"resources":[{"resource":"r56"}],"successors":[9]},{"start_lb":27387,"min_duration":30,"resources":[{"resource":"r57"}],"successors":[9]},{"start_lb":27417,"min_duration":228,"resources":[{"resource":"r55"}],"successors":[10,11]},{"start_lb":27657,"min_duration":120,"resources":[{"resource":"r53"}],"successors":[12]},{"start_lb":27657,"min_duration":120,"resources":[{"resource":"r54"}],"successors":[12]},{"start_lb":27777,"min_duration":200,"resources":[{"resource":"r52"}],"successors":[13,14,15]},{"start_lb":27987,"min_duration":30,"resources":[{"resource":"r49"}],"successors":[16]},{"start_lb":27987,"min_duration":30,"resources":[{"resource":"r50"}],"successors":[16]},{"start_lb":27987,"min_duration":30,"resources":[{"resource":"r51"}],"successors":[16]},{"start_lb":28017,"min_duration":228,"resources":[{"resource":"r48"}],"successors":[17,18,19]},{"start_lb":28257,"min_duration":120,"resources":[{"resource":"r45"}],"successors":[20]},{"start_lb":28257,"min_duration":120,"resources":[{"resource":"r46"}],"successors":[20]},{"start_lb":28257,"min_duration":120,"resources":[{"resource":"r47"}],"successors":[20]},{"start_lb":28377,"min_duration":157,"resources":[{"resource":"r44"}],"successors":[21]},{"start_lb":28542,"min_duration":0,"resources":[{"resource":"r43"}],"successors":[22]},{"start_lb":28542,"min_duration":157,"resources":[{"resource":"r42"}],"successors":[23,24]},{"start_lb":28707,"min_duration":30,"resources":[{"resource":"r40"}],"successors":[25]},{"start_lb":28707,"min_duration":30,"resources":[{"resource":"r41"}],"successors":[25]},{"start_lb":28737,"min_duration":200,"resources":[{"resource":"r39"}],"successors":[26,27,28]},{"start_lb":28947,"min_duration":30,"resources":[{"resource":"r36"}],"successors":[29]},{"start_lb":28947,"min_duration":30,"resources":[{"resource":"r37"}],"successors":[29]},{"start_lb":28947,"min_duration":30,"resources":[{"resource":"r38"}],"successors":[29]},{"start_lb":28977,"min_duration":142,"resources":[{"resource":"r35"}],"successors":[30]},{"start_lb":29127,"min_duration":30,"resources":[{"resource":"r34"}],"successors":[31]},{"start_lb":29157,"min_duration":74,"resources":[{"resource":"r33"}],"successors":[32]},{"start_lb":29235,"min_duration":0,"resources":[{"resource":"r32"}],"successors":[33]},{"start_lb":29235,"min_duration":125,"resources":[{"resource":"r31"}],"successors":[34,35]},{"start_lb":29367,"min_duration":30,"resources":[{"resource":"r29"}],"successors":[36]},{"start_lb":29367,"min_duration":30,"resources":[{"resource":"r30"}],"successors":[36]},{"start_lb":29397,"min_duration":142,"resources":[{"resource":"r28"}],"successors":[37,38,39,40]},{"start_lb":29547,"min_duration":30,"resources":[{"resource":"r24"}],"successors":[41]},{"start_lb":29547,"min_duration":30,"resources":[{"resource":"r25"}],"successors":[41]},{"start_lb":29547,"min_duration":30,"resources":[{"resource":"r26"}],"successors":[41]},{"start_lb":29547,"min_duration":30,"resources":[{"resource":"r27"}],"successors":[41]},{"start_lb":29577,"min_duration":57,"resources":[{"resource":"r88"}],"successors":[42,43]},{"start_lb":29637,"min_duration":60,"resources":[{"resource":"r21"}],"successors":[44]},{"start_lb":29637,"min_duration":60,"resources":[{"resource":"r22"}],"successors":[44]},{"start_lb":29697,"min_duration":256,"resources":[{"resource":"r89"}],"successors":[45,46]},{"start_lb":29967,"min_duration":30,"resources":[{"resource":"r18"}],"successors":[47]},{"start_lb":29967,"min_duration":30,"resources":[{"resource":"r19"}],"successors":[47]},{"start_lb":29997,"min_duration":142,"resources":[{"resource":"r90"}],"successors":[48,49]},{"start_lb":30147,"min_duration":30,"resources":[{"resource":"r15"}],"successors":[50]},{"start_lb":30147,"min_duration":30,"resources":[{"resource":"r16"}],"successors":[50]},{"start_lb":30177,"min_duration":48,"resources":[{"resource":"r91"}],"successors":[51,52]},{"start_lb":30227,"min_duration":0,"resources":[{"resource":"r12"}],"successors":[53]},{"start_lb":30227,"min_duration":0,"resources":[{"resource":"r13"}],"successors":[53]},{"start_lb":30227,"min_duration":95,"resources":[{"resource":"r92"}],"successors":[54,55]},{"start_lb":30327,"min_duration":30,"resources":[{"resource":"r9"}],"successors":[56]},{"start_lb":30327,"min_duration":30,"resources":[{"resource":"r10"}],"successors":[56]},{"start_lb":30357,"min_duration":142,"resources":[{"resource":"r93"}],"successors":[57,58]},{"start_lb":30507,"min_duration":30,"resources":[{"resource":"r6"}],"successors":[59]},{"start_lb":30507,"min_duration":30,"resources":[{"resource":"r7"}],"successors":[59]},{"start_lb":30537,"min_duration":114,"resources":[{"resource":"r94"}],"successors":[60,61,62,63,64]},{"start_lb":30657,"min_duration":120,"resources":[{"resource":"r0"}],"successors":[65]},{"start_lb":30657,"min_duration":120,"resources":[{"resource":"r1"}],"successors":[65]},{"start_lb":30657,"min_duration":120,"resources":[{"resource":"r2"}],"successors":[65]},{"start_lb":30657,"min_duration":120,"resources":[{"resource":"r3"}],"successors":[65]},{"start_lb":30657,"min_duration":120,"resources":[{"resource":"r4"}],"successors":[65]},{"start_lb":30777,"min_duration":0,"successors":[]}],[{"start_ub":0,"min_duration":0,"successors":[1,2,3,4]},{"start_lb":30477,"min_duration":0,"resources":[{"resource":"r24"}],"successors":[5]},{"start_lb":30477,"min_duration":0,"resources":[{"resource":"r25"}],"successors":[5]},{"start_lb":30477,"min_duration":0,"resources":[{"resource":"r26"}],"successors":[5]},{"start_lb":30477,"min_duration":0,"resources":[{"resource":"r27"}],"successors":[5]},{"start_lb":30477,"min_duration":57,"resources":[{"resource":"r88"}],"successors":[6,7]},{"start_lb":30537,"min_duration":60,"resources":[{"resource":"r21"}],"successors":[8]},{"start_lb":30537,"min_duration":60,"resources":[{"resource":"r22"}],"successors":[8]},{"start_lb":30597,"min_duration":256,"resources":[{"resource":"r89"}],"successors":[9,10]},{"start_lb":30867,"min_duration":30,"resources":[{"resource":"r18"}],"successors":[11]},{"start_lb":30867,"min_duration":30,"resources":[{"resource":"r19"}],"successors":[11]},{"start_lb":30897,"min_duration":142,"resources":[{"resource":"r90"}],"successors":[12,13]},{"start_lb":31047,"min_duration":30,"resources":[{"resource":"r15"}],"successors":[14]},{"start_lb":31047,"min_duration":30,"resources":[{"resource":"r16"}],"successors":[14]},{"start_lb":31077,"min_duration":48,"resources":[{"resource":"r91"}],"successors":[15,16]},{"start_lb":31127,"min_duration":0,"resources":[{"resource":"r12"}],"successors":[17]},{"start_lb":31127,"min_duration":0,"resources":[{"resource":"r13"}],"successors":[17]},{"start_lb":31127,"min_duration":95,"resources":[{"resource":"r92"}],"successors":[18,19]},{"start_lb":31227,"min_duration":30,"resources":[{"resource":"r9"}],"successors":[20]},{"start_lb":31227,"min_duration":30,"resources":[{"resource":"r10"}],"successors":[20]},{"start_lb":31257,"min_duration":142,"resources":[{"resource":"r93"}],"successors":[21,22]},{"start_lb":31407,"min_duration":30,"resources":[{"resource":"r6"}],"successors":[23]},{"start_lb":31407,"min_duration":30,"resources":[{"resource":"r7"}],"successors":[23]},{"start_lb":31437,"min_duration":114,"resources":[{"resource":"r94"}],"successors":[24,25,26,27,28]},{"start_lb":31557,"min_duration":120,"resources":[{"resource":"r0"}],"successors":[29]},{"start_lb":31557,"min_duration":120,"resources":[{"resource":"r1"}],"successors":[29]},{"start_lb":31557,"min_duration":120,"resources":[{"resource":"r2"}],"successors":[29]},{"start_lb":31557,"min_duration":120,"resources":[{"resource":"r3"}],"successors":[29]},{"start_lb":31557,"min_duration":120,"resources":[{"resource":"r4"}],"successors":[29]},{"start_lb":31677,"min_duration":0,"successors":[]}],[{"start_ub":0,"min_duration":0,"successors":[1,2,3,4,5]},{"start_lb":28497,"min_duration":0,"resources":[{"resource":"r0"}],"successors":[6]},{"start_lb":28497,"min_duration":0,"resources":[{"resource":"r1"}],"successors":[6]},{"start_lb":28497,"min_duration":0,"resources":[{"resource":"r2"}],"successors":[6]},{"start_lb":28497,"min_duration":0,"resources":[{"resource":"r3"}],"successors":[6]},{"start_lb":28497,"min_duration":0,"resources":[{"resource":"r4"}],"successors":[6]},{"start_lb":28497,"min_duration":86,"resources":[{"resource":"r5"}],"successors":[7,8]},{"start_lb":28587,"min_duration":30,"resources":[{"resource":"r6"}],"successors":[9]},{"start_lb":28587,"min_duration":30,"resources":[{"resource":"r7"}],"successors":[9]},{"start_lb":28617,"min_duration":142,"resources":[{"resource":"r8"}],"successors":[10,11]},{"start_lb":28767,"min_duration":30,"resources":[{"resource":"r9"}],"successors":[12]},{"start_lb":28767,"min_duration":30,"resources":[{"resource":"r10"}],"successors":[12]},{"start_lb":28797,"min_duration":95,"resources":[{"resource":"r11"}],"successors":[13,14]},{"start_lb":28897,"min_duration":0,"resources":[{"resource":"r12"}],"successors":[15]},{"start_lb":28897,"min_duration":0,"resources":[{"resource":"r13"}],"successors":[15]},{"start_lb":28897,"min_duration":48,"resources":[{"resource":"r14"}],"successors":[16,17]},{"start_lb":28947,"min_duration":30,"resources":[{"resource":"r15"}],"successors":[18]},{"start_lb":28947,"min_duration":30,"resources":[{"resource":"r16"}],"successors":[18]},{"start_lb":28977,"min_duration":142,"resources":[{"resource":"r17"}],"successors":[19,20]},{"start_lb":29127,"min_duration":30,"resources":[{"resource":"r18"}],"successors":[21]},{"start_lb":29127,"min_duration":30,"resources":[{"resource":"r19"}],"successors":[21]},{"start_lb":29157,"min_duration":228,"resources":[{"resource":"r20"}],"successors":[22,23]},{"start_lb":29397,"min_duration":60,"resources":[{"resource":"r21"}],"successors":[24]},{"start_lb":29397,"min_duration":60,"resources":[{"resource":"r22"}],"successors":[24]},{"start_lb":29457,"min_duration":86,"resources":[{"resource":"r23"}],"successors":[25,26,27,28]},{"start_lb":29547,"min_duration":30,"resources":[{"resource":"r24"}],"successors":[29]},{"start_lb":29547,"min_duration":30,"resources":[{"resource":"r25"}],"successors":[29]},{"start_lb":29547,"min_duration":30,"resources":[{"resource":"r26"}],"successors":[29]},{"start_lb":29547,"min_duration":30,"resources":[{"resource":"r27"}],"successors":[29]},{"start_lb":29577,"min_duration":142,"resources":[{"resource":"r28"}],"successors":[30,31]},{"start_lb":29727,"min_duration":30,"resources":[{"resource":"r29"}],"successors":[32]},{"start_lb":29727,"min_duration":30,"resources":[{"resource":"r30"}],"successors":[32]},{"start_lb":29757,"min_duration":144,"resources":[{"resource":"r31"}],"successors":[33]},{"start_lb":29909,"min_duration":0,"resources":[{"resource":"r32"}],"successors":[34]},{"start_lb":29909,"min_duration":55,"resources":[{"resource":"r33"}],"successors":[35]},{"start_lb":29967,"min_duration":30,"resources":[{"resource":"r34"}],"successors":[36]},{"start_lb":29997,"min_duration":142,"resources":[{"resource":"r35"}],"successors":[37,38,39]},{"start_lb":30147,"min_duration":30,"resources":[{"resource":"r36"}],"successors":[40]},{"start_lb":30147,"min_duration":30,"resources":[{"resource":"r37"}],"successors":[40]},{"start_lb":30147,"min_duration":30,"resources":[{"resource":"r38"}],"successors":[40]},{"start_lb":30177,"min_duration":200,"resources":[{"resource":"r39"}],"successors":[41,42]},{"start_lb":30387,"min_duration":150,"resources":[{"resource":"r40"}],"successors":[43]},{"start_lb":30387,"min_duration":150,"resources":[{"resource":"r41"}],"successors":[43]},{"start_lb":30537,"min_duration":138,"resources":[{"resource":"r42"}],"successors":[44]},{"start_lb":30682,"min_duration":0,"resources":[{"resource":"r43"}],"successors":[45]},{"start_lb":30682,"min_duration":138,"resources":[{"resource":"r44"}],"successors":[46,47,48]},{"start_lb":30827,"min_duration":70,"resources":[{"resource":"r45"}],"successors":[49]},{"start_lb":30827,"min_duration":70,"resources":[{"resource":"r46"}],"successors":[49]},{"start_lb":30827,"min_duration":70,"resources":[{"resource":"r47"}],"successors":[49]},{"start_lb":30897,"min_duration":200,"resources":[{"resource":"r48"}],"successors":[50,51,52]},{"start_lb":31107,"min_duration":30,"resources":[{"resource":"r49"}],"successors":[53]},{"start_lb":31107,"min_duration":30,"resources":[{"resource":"r50"}],"successors":[53]},{"start_lb":31107,"min_duration":30,"resources":[{"resource":"r51"}],"successors":[53]},{"start_lb":31137,"min_duration":229,"resources":[{"resource":"r52"}],"successors":[54,55]},{"start_lb":31378,"min_duration":119,"resources":[{"resource":"r53"}],"successors":[56]},{"start_lb":31378,"min_duration":119,"resources":[{"resource":"r54"}],"successors":[56]},{"start_lb":31497,"min_duration":200,"resources":[{"resource":"r55"}],"successors":[57,58]},{"start_lb":31707,"min_duration":30,"resources":[{"resource":"r56"}],"successors":[59]},{"start_lb":31707,"min_duration":30,"resources":[{"resource":"r57"}],"successors":[59]},{"start_lb":31737,"min_duration":200,"resources":[{"resource":"r58"}],"successors":[60,61]},{"start_lb":31947,"min_duration":30,"resources":[{"resource":"r59"}],"successors":[62]},{"start_lb":31947,"min_duration":30,"resources":[{"resource":"r60"}],"successors":[62]},{"start_lb":31977,"min_duration":142,"resources":[{"resource":"r61"}],"successors":[63]},{"start_lb":32127,"min_duration":30,"resources":[{"resource":"r62"}],"successors":[64]},{"start_lb":32157,"min_duration":86,"resources":[{"resource":"r63"}],"successors":[65]},{"start_lb":32247,"min_duration":0,"resources":[{"resource":"r64"}],"successors":[66]},{"start_lb":32247,"min_duration":171,"resources":[{"resource":"r65"}],"successors":[67,68]},{"start_lb":32427,"min_duration":30,"resources":[{"resource":"r66"}],"successors":[69]},{"start_lb":32427,"min_duration":30,"resources":[{"resource":"r67"}],"successors":[69]},{"start_lb":32457,"min_duration":146,"resources":[{"resource":"r68"}],"successors":[70]},{"start_lb":32611,"min_duration":0,"resources":[{"resource":"r69"}],"successors":[71]},{"start_lb":32611,"min_duration":196,"resources":[{"resource":"r70"}],"successors":[72,73,74,75]},{"start_lb":32817,"min_duration":120,"resources":[{"resource":"r71"}],"successors":[76]},{"start_lb":32817,"min_duration":120,"resources":[{"resource":"r72"}],"successors":[76]},{"start_lb":32817,"min_duration":120,"resources":[{"resource":"r73"}],"successors":[76]},{"start_lb":32817,"min_duration":120,"resources":[{"resource":"r74"}],"successors":[76]},{"start_lb":32937,"min_duration":0,"successors":[]}],[{"start_ub":0,"min_duration":0,"successors":[1,2,3,4]},{"start_lb":29937,"min_duration":0,"resources":[{"resource":"r71"}],"successors":[5]},{"start_lb":29937,"min_duration":0,"resources":[{"resource":"r72"}],"successors":[5]},{"start_lb":29937,"min_duration":0,"resources":[{"resource":"r73"}],"successors":[5]},{"start_lb":29937,"min_duration":0,"resources":[{"resource":"r74"}],"successors":[5]},{"start_lb":29937,"min_duration":180,"resources":[{"resource":"r70"}],"successors":[6]},{"start_lb":30126,"min_duration":0,"resources":[{"resource":"r69"}],"successors":[7]},{"start_lb":30126,"min_duration":134,"resources":[{"resource":"r68"}],"successors":[8,9]},{"start_lb":30267,"min_duration":150,"resources":[{"resource":"r66"}],"successors":[10]},{"start_lb":30267,"min_duration":150,"resources":[{"resource":"r67"}],"successors":[10]},{"start_lb":30417,"min_duration":171,"resources":[{"resource":"r65"}],"successors":[11]},{"start_lb":30597,"min_duration":0,"resources":[{"resource":"r64"}],"successors":[12]},{"start_lb":30597,"min_duration":86,"resources":[{"resource":"r63"}],"successors":[13]},{"start_lb":30687,"min_duration":30,"resources":[{"resource":"r62"}],"successors":[14]},{"start_lb":30717,"min_duration":132,"resources":[{"resource":"r61"}],"successors":[15,16]},{"start_lb":30856,"min_duration":180,"resources":[{"resource":"r59"}],"successors":[17]},{"start_lb":30856,"min_duration":180,"resources":[{"resource":"r60"}],"successors":[17]},{"start_lb":31036,"min_duration":181,"resources":[{"resource":"r58"}],"successors":[18,19]},{"start_lb":31227,"min_duration":30,"resources":[{"resource":"r56"}],"successors":[20]},{"start_lb":31227,"min_duration":30,"resources":[{"resource":"r57"}],"successors":[20]},{"start_lb":31257,"min_duration":200,"resources":[{"resource":"r55"}],"successors":[21,22]},{"start_lb":31467,"min_duration":30,"resources":[{"resource":"r53"}],"successors":[23]},{"start_lb":31467,"min_duration":30,"resources":[{"resource":"r54"}],"successors":[23]},{"start_lb":31497,"min_duration":200,"resources":[{"resource":"r52"}],"successors":[24,25,26]},{"start_lb":31707,"min_duration":30,"resources":[{"resource":"r49"}],"successors":[27]},{"start_lb":31707,"min_duration":30,"resources":[{"resource":"r50"}],"successors":[27]},{"start_lb":31707,"min_duration":30,"resources":[{"resource":"r51"}],"successors":[27]},{"start_lb":31737,"min_duration":200,"resources":[{"resource":"r48"}],"successors":[28,29,30]},{"start_lb":31947,"min_duration":30,"resources":[{"resource":"r45"}],"successors":[31]},{"start_lb":31947,"min_duration":30,"resources":[{"resource":"r46"}],"successors":[31]},{"start_lb":31947,"min_duration":30,"resources":[{"resource":"r47"}],"successors":[31]},{"start_lb":31977,"min_duration":142,"resources":[{"resource":"r44"}],"successors":[32]},{"start_lb":32127,"min_duration":0,"resources":[{"resource":"r43"}],"successors":[33]},{"start_lb":32127,"min_duration":142,"resources":[{"resource":"r42"}],"successors":[34,35]},{"start_lb":32277,"min_duration":60,"resources":[{"resource":"r40"}],"successors":[36]},{"start_lb":32277,"min_duration":60,"resources":[{"resource":"r41"}],"successors":[36]},{"start_lb":32337,"min_duration":200,"resources":[{"resource":"r39"}],"successors":[37,38,39]},{"start_lb":32547,"min_duration":30,"resources":[{"resource":"r36"}],"successors":[40]},{"start_lb":32547,"min_duration":30,"resources":[{"resource":"r37"}],"successors":[40]},{"start_lb":32547,"min_duration":30,"resources":[{"resource":"r38"}],"successors":[40]},{"start_lb":32577,"min_duration":142,"resources":[{"resource":"r35"}],"successors":[41]},{"start_lb":32727,"min_duration":30,"resources":[{"resource":"r34"}],"successors":[42]},{"start_lb":32757,"min_duration":51,"resources":[{"resource":"r33"}],"successors":[43]},{"start_lb":32811,"min_duration":0,"resources":[{"resource":"r32"}],"successors":[44]},{"start_lb":32811,"min_duration":148,"resources":[{"resource":"r31"}],"successors":[45,46]},{"start_lb":32967,"min_duration":30,"resources":[{"resource":"r29"}],"successors":[47]},{"start_lb":32967,"min_duration":30,"resources":[{"resource":"r30"}],"successors":[47]},{"start_lb":32997,"min_duration":142,"resources":[{"resource":"r28"}],"successors":[48,49,50,51]},{"start_lb":33147,"min_duration":30,"resources":[{"resource":"r24"}],"successors":[52]},{"start_lb":33147,"min_duration":30,"resources":[{"resource":"r25"}],"successors":[52]},{"start_lb":33147,"min_duration":30,"resources":[{"resource":"r26"}],"successors":[52]},{"start_lb":33147,"min_duration":30,"resources":[{"resource":"r27"}],"successors":[52]},{"start_lb":33177,"min_duration":57,"resources":[{"resource":"r88"}],"successors":[53,54]},{"start_lb":33237,"min_duration":60,"resources":[{"resource":"r21"}],"successors":[55]},{"start_lb":33237,"min_duration":60,"resources":[{"resource":"r22"}],"successors":[55]},{"start_lb":33297,"min_duration":256,"resources":[{"resource":"r89"}],"successors":[56,57]},{"start_lb":33567,"min_duration":30,"resources":[{"resource":"r18"}],"successors":[58]},{"start_lb":33567,"min_duration":30,"resources":[{"resource":"r19"}],"successors":[58]},{"start_lb":33597,"min_duration":142,"resources":[{"resource":"r90"}],"successors":[59,60]},{"start_lb":33747,"min_duration":30,"resources":[{"resource":"r15"}],"successors":[61]},{"start_lb":33747,"min_duration":30,"resources":[{"resource":"r16"}],"successors":[61]},{"start_lb":33777,"min_duration":48,"resources":[{"resource":"r91"}],"successors":[62,63]},{"start_lb":33827,"min_duration":0,"resources":[{"resource":"r12"}],"successors":[64]},{"start_lb":33827,"min_duration":0,"resources":[{"resource":"r13"}],"successors":[64]},{"start_lb":33827,"min_duration":95,"resources":[{"resource":"r92"}],"successors":[65,66]},{"start_lb":33927,"min_duration":30,"resources":[{"resource":"r9"}],"successors":[67]},{"start_lb":33927,"min_duration":30,"resources":[{"resource":"r10"}],"successors":[67]},{"start_lb":33957,"min_duration":142,"resources":[{"resource":"r93"}],"successors":[68,69]},{"start_lb":34107,"min_duration":30,"resources":[{"resource":"r6"}],"successors":[70]},{"start_lb":34107,"min_duration":30,"resources":[{"resource":"r7"}],"successors":[70]},{"start_lb":34137,"min_duration":114,"resources":[{"resource":"r94"}],"successors":[71,72,73,74,75]},{"start_lb":34257,"min_duration":120,"resources":[{"resource":"r0"}],"successors":[76]},{"start_lb":34257,"min_duration":120,"resources":[{"resource":"r1"}],"successors":[76]},{"start_lb":34257,"min_duration":120,"resources":[{"resource":"r2"}],"successors":[76]},{"start_lb":34257,"min_duration":120,"resources":[{"resource":"r3"}],"successors":[76]},{"start_lb":34257,"min_duration":120,"resources":[{"resource":"r4"}],"successors":[76]},{"start_lb":34377,"min_duration":0,"successors":[]}]],"objective":[{"type":"op_delay","train":0,"operation":7,"threshold":27177,"coeff":1},{"type":"op_delay","train":1,"operation":38,"threshold":29277,"coeff":1},{"type":"op_delay","train":2,"operation":34,"threshold":29217,"coeff":1},{"type":"op_delay","train":3,"operation":66,"threshold":32337,"coeff":1},{"type":"op_delay","train":4,"operation":41,"threshold":28977,"coeff":1},{"type":"op_delay","train":5,"operation":29,"threshold":29877,"coeff":1},{"type":"op_delay","train":6,"operation":65,"threshold":30777,"coeff":1},{"type":"op_delay","train":7,"operation":29,"threshold":31677,"coeff":1},{"type":"op_delay","train":8,"operation":76,"threshold":32937,"coeff":1},{"type":"op_delay","train":9,"operation":76,"threshold":34377,"coeff":1}]}