{
    "objective_value": 3927,
    "events": [
        {
            "time": 0,
            "train": 0,
            "operation": 0
        },
        {
            "time": 0,
            "train": 1,
            "operation": 0
        },
        {
            "time": 0,
            "train": 2,
            "operation": 0
        },
        {
            "time": 0,
            "train": 3,
            "operation": 0
        },
        {
            "time": 0,
            "train": 4,
            "operation": 0
        },
        {
            "time": 0,
            "train": 5,
            "operation": 0
        },
        {
            "time": 0,
            "train": 6,
            "operation": 0
        },
        {
            "time": 0,
            "train": 7,
            "operation": 0
        },
        {
            "time": 0,
            "train": 8,
            "operation": 0
        },
        {
            "time": 0,
            "train": 9,
            "operation": 0
        },
        {
            "time": 26817,
            "train": 4,
            "operation": 1
        },
        {
            "time": 26877,
            "train": 2,
            "operation": 1
        },
        {
            "time": 26937,
            "train": 0,
            "operation": 1
        },
        {
            "time": 26937,
            "train": 6,
            "operation": 1
        },
        {
            "time": 26997,
            "train": 1,
            "operation": 1
        },
        {
            "time": 27027,
            "train": 6,
            "operation": 2
        },
        {
            "time": 27027,
            "train": 4,
            "operation": 2
        },
        {
            "time": 27042,
            "train": 2,
            "operation": 2
        },
        {
            "time": 27057,
            "train": 0,
            "operation": 2
        },
        {
            "time": 27097,
            "train": 1,
            "operation": 2
        },
        {
            "time": 27097,
            "train": 1,
            "operation": 4
        },
        {
            "time": 27117,
            "train": 3,
            "operation": 1
        },
        {
            "time": 27147,
            "train": 1,
            "operation": 5
        },
        {
            "time": 27177,
            "train": 1,
            "operation": 7
        },
        {
            "time": 27194,
            "train": 3,
            "operation": 2
        },
        {
            "time": 27194,
            "train": 3,
            "operation": 6
        },
        {
            "time": 27327,
            "train": 1,
            "operation": 8
        },
        {
            "time": 27357,
            "train": 1,
            "operation": 10
        },
        {
            "time": 27369,
            "train": 3,
            "operation": 7
        },
        {
            "time": 27537,
            "train": 3,
            "operation": 9
        },
        {
            "time": 27597,
            "train": 1,
            "operation": 11
        },
        {
            "time": 27657,
            "train": 1,
            "operation": 13
        },
        {
            "time": 27691,
            "train": 3,
            "operation": 10
        },
        {
            "time": 27691,
            "train": 3,
            "operation": 11
        },
        {
            "time": 27728,
            "train": 3,
            "operation": 12
        },
        {
            "time": 27728,
            "train": 3,
            "operation": 13
        },
        {
            "time": 27747,
            "train": 1,
            "operation": 14
        },
        {
            "time": 27760,
            "train": 6,
            "operation": 3
        },
        {
            "time": 27777,
            "train": 1,
            "operation": 18
        },
        {
            "time": 27811,
            "train": 3,
            "operation": 15
        },
        {
            "time": 27811,
            "train": 3,
            "operation": 17
        },
        {
            "time": 27812,
            "train": 4,
            "operation": 5
        },
        {
            "time": 27817,
            "train": 0,
            "operation": 7
        },
        {
            "time": 27902,
            "train": 6,
            "operation": 4
        },
        {
            "time": 27915,
            "train": 2,
            "operation": 3
        },
        {
            "time": 27927,
            "train": 1,
            "operation": 19
        },
        {
            "time": 27932,
            "train": 6,
            "operation": 6
        },
        {
            "time": 27954,
            "train": 4,
            "operation": 6
        },
        {
            "time": 27984,
            "train": 4,
            "operation": 7
        },
        {
            "time": 28017,
            "train": 3,
            "operation": 18
        },
        {
            "time": 28072,
            "train": 2,
            "operation": 4
        },
        {
            "time": 28074,
            "train": 6,
            "operation": 7
        },
        {
            "time": 28077,
            "train": 3,
            "operation": 20
        },
        {
            "time": 28080,
            "train": 4,
            "operation": 8
        },
        {
            "time": 28080,
            "train": 4,
            "operation": 9
        },
        {
            "time": 28102,
            "train": 2,
            "operation": 7
        },
        {
            "time": 28104,
            "train": 6,
            "operation": 9
        },
        {
            "time": 28220,
            "train": 3,
            "operation": 21
        },
        {
            "time": 28220,
            "train": 3,
            "operation": 22
        },
        {
            "time": 28241,
            "train": 4,
            "operation": 11
        },
        {
            "time": 28242,
            "train": 1,
            "operation": 21
        },
        {
            "time": 28302,
            "train": 2,
            "operation": 8
        },
        {
            "time": 28331,
            "train": 4,
            "operation": 12
        },
        {
            "time": 28332,
            "train": 2,
            "operation": 11
        },
        {
            "time": 28332,
            "train": 6,
            "operation": 10
        },
        {
            "time": 28362,
            "train": 3,
            "operation": 23
        },
        {
            "time": 28362,
            "train": 3,
            "operation": 26
        },
        {
            "time": 28377,
            "train": 1,
            "operation": 22
        },
        {
            "time": 28377,
            "train": 1,
            "operation": 23
        },
        {
            "time": 28442,
            "train": 1,
            "operation": 24
        },
        {
            "time": 28472,
            "train": 1,
            "operation": 25
        },
        {
            "time": 28473,
            "train": 4,
            "operation": 13
        },
        {
            "time": 28497,
            "train": 8,
            "operation": 1
        },
        {
            "time": 28497,
            "train": 8,
            "operation": 6
        },
        {
            "time": 28503,
            "train": 4,
            "operation": 17
        },
        {
            "time": 28527,
            "train": 3,
            "operation": 27
        },
        {
            "time": 28560,
            "train": 4,
            "operation": 18
        },
        {
            "time": 28587,
            "train": 8,
            "operation": 7
        },
        {
            "time": 28588,
            "train": 2,
            "operation": 13
        },
        {
            "time": 28589,
            "train": 6,
            "operation": 12
        },
        {
            "time": 28614,
            "train": 1,
            "operation": 26
        },
        {
            "time": 28617,
            "train": 8,
            "operation": 9
        },
        {
            "time": 28618,
            "train": 2,
            "operation": 14
        },
        {
            "time": 28620,
            "train": 4,
            "operation": 20
        },
        {
            "time": 28644,
            "train": 1,
            "operation": 29
        },
        {
            "time": 28677,
            "train": 5,
            "operation": 1
        },
        {
            "time": 28677,
            "train": 5,
            "operation": 5
        },
        {
            "time": 28737,
            "train": 5,
            "operation": 6
        },
        {
            "time": 28767,
            "train": 8,
            "operation": 10
        },
        {
            "time": 28789,
            "train": 6,
            "operation": 14
        },
        {
            "time": 28790,
            "train": 3,
            "operation": 30
        },
        {
            "time": 28797,
            "train": 8,
            "operation": 12
        },
        {
            "time": 28818,
            "train": 2,
            "operation": 15
        },
        {
            "time": 28819,
            "train": 6,
            "operation": 16
        },
        {
            "time": 28844,
            "train": 1,
            "operation": 30
        },
        {
            "time": 28848,
            "train": 2,
            "operation": 17
        },
        {
            "time": 28876,
            "train": 4,
            "operation": 21
        },
        {
            "time": 28877,
            "train": 5,
            "operation": 8
        },
        {
            "time": 28897,
            "train": 8,
            "operation": 13
        },
        {
            "time": 28897,
            "train": 8,
            "operation": 15
        },
        {
            "time": 28906,
            "train": 4,
            "operation": 23
        },
        {
            "time": 28947,
            "train": 8,
            "operation": 16
        },
        {
            "time": 28961,
            "train": 3,
            "operation": 31
        },
        {
            "time": 28961,
            "train": 3,
            "operation": 33
        },
        {
            "time": 28977,
            "train": 8,
            "operation": 18
        },
        {
            "time": 28994,
            "train": 1,
            "operation": 32
        },
        {
            "time": 29047,
            "train": 6,
            "operation": 17
        },
        {
            "time": 29048,
            "train": 4,
            "operation": 24
        },
        {
            "time": 29048,
            "train": 2,
            "operation": 18
        },
        {
            "time": 29078,
            "train": 2,
            "operation": 20
        },
        {
            "time": 29078,
            "train": 4,
            "operation": 26
        },
        {
            "time": 29108,
            "train": 3,
            "operation": 34
        },
        {
            "time": 29108,
            "train": 3,
            "operation": 36
        },
        {
            "time": 29126,
            "train": 4,
            "operation": 27
        },
        {
            "time": 29126,
            "train": 4,
            "operation": 29
        },
        {
            "time": 29127,
            "train": 8,
            "operation": 19
        },
        {
            "time": 29133,
            "train": 5,
            "operation": 10
        },
        {
            "time": 29157,
            "train": 8,
            "operation": 21
        },
        {
            "time": 29163,
            "train": 5,
            "operation": 11
        },
        {
            "time": 29194,
            "train": 1,
            "operation": 33
        },
        {
            "time": 29194,
            "train": 1,
            "operation": 34
        },
        {
            "time": 29220,
            "train": 2,
            "operation": 21
        },
        {
            "time": 29221,
            "train": 4,
            "operation": 30
        },
        {
            "time": 29227,
            "train": 3,
            "operation": 37
        },
        {
            "time": 29227,
            "train": 3,
            "operation": 39
        },
        {
            "time": 29250,
            "train": 2,
            "operation": 22
        },
        {
            "time": 29251,
            "train": 4,
            "operation": 32
        },
        {
            "time": 29303,
            "train": 3,
            "operation": 40
        },
        {
            "time": 29305,
            "train": 5,
            "operation": 12
        },
        {
            "time": 29335,
            "train": 5,
            "operation": 14
        },
        {
            "time": 29336,
            "train": 2,
            "operation": 23
        },
        {
            "time": 29336,
            "train": 2,
            "operation": 24
        },
        {
            "time": 29337,
            "train": 3,
            "operation": 41
        },
        {
            "time": 29383,
            "train": 5,
            "operation": 15
        },
        {
            "time": 29383,
            "train": 5,
            "operation": 17
        },
        {
            "time": 29393,
            "train": 4,
            "operation": 33
        },
        {
            "time": 29394,
            "train": 1,
            "operation": 36
        },
        {
            "time": 29395,
            "train": 6,
            "operation": 20
        },
        {
            "time": 29397,
            "train": 8,
            "operation": 22
        },
        {
            "time": 29423,
            "train": 4,
            "operation": 35
        },
        {
            "time": 29423,
            "train": 3,
            "operation": 42
        },
        {
            "time": 29457,
            "train": 8,
            "operation": 24
        },
        {
            "time": 29478,
            "train": 5,
            "operation": 18
        },
        {
            "time": 29507,
            "train": 2,
            "operation": 25
        },
        {
            "time": 29508,
            "train": 3,
            "operation": 43
        },
        {
            "time": 29508,
            "train": 5,
            "operation": 20
        },
        {
            "time": 29514,
            "train": 1,
            "operation": 38
        },
        {
            "time": 29537,
            "train": 2,
            "operation": 27
        },
        {
            "time": 29537,
            "train": 4,
            "operation": 36
        },
        {
            "time": 29547,
            "train": 8,
            "operation": 25
        },
        {
            "time": 29552,
            "train": 6,
            "operation": 21
        },
        {
            "time": 29552,
            "train": 6,
            "operation": 22
        },
        {
            "time": 29577,
            "train": 8,
            "operation": 29
        },
        {
            "time": 29650,
            "train": 5,
            "operation": 21
        },
        {
            "time": 29657,
            "train": 4,
            "operation": 41
        },
        {
            "time": 29679,
            "train": 3,
            "operation": 44
        },
        {
            "time": 29680,
            "train": 5,
            "operation": 23
        },
        {
            "time": 29683,
            "train": 2,
            "operation": 28
        },
        {
            "time": 29683,
            "train": 2,
            "operation": 29
        },
        {
            "time": 29709,
            "train": 6,
            "operation": 23
        },
        {
            "time": 29727,
            "train": 8,
            "operation": 30
        },
        {
            "time": 29739,
            "train": 6,
            "operation": 25
        },
        {
            "time": 29757,
            "train": 8,
            "operation": 32
        },
        {
            "time": 29794,
            "train": 5,
            "operation": 24
        },
        {
            "time": 29879,
            "train": 2,
            "operation": 30
        },
        {
            "time": 29888,
            "train": 3,
            "operation": 46
        },
        {
            "time": 29909,
            "train": 8,
            "operation": 33
        },
        {
            "time": 29909,
            "train": 8,
            "operation": 34
        },
        {
            "time": 29914,
            "train": 5,
            "operation": 29
        },
        {
            "time": 29939,
            "train": 6,
            "operation": 26
        },
        {
            "time": 29967,
            "train": 8,
            "operation": 35
        },
        {
            "time": 29997,
            "train": 8,
            "operation": 36
        },
        {
            "time": 29999,
            "train": 2,
            "operation": 34
        },
        {
            "time": 30000,
            "train": 9,
            "operation": 1
        },
        {
            "time": 30023,
            "train": 3,
            "operation": 47
        },
        {
            "time": 30023,
            "train": 3,
            "operation": 48
        },
        {
            "time": 30147,
            "train": 8,
            "operation": 38
        },
        {
            "time": 30148,
            "train": 6,
            "operation": 29
        },
        {
            "time": 30177,
            "train": 8,
            "operation": 40
        },
        {
            "time": 30203,
            "train": 3,
            "operation": 50
        },
        {
            "time": 30204,
            "train": 9,
            "operation": 5
        },
        {
            "time": 30263,
            "train": 3,
            "operation": 53
        },
        {
            "time": 30290,
            "train": 6,
            "operation": 30
        },
        {
            "time": 30320,
            "train": 6,
            "operation": 31
        },
        {
            "time": 30384,
            "train": 9,
            "operation": 6
        },
        {
            "time": 30384,
            "train": 9,
            "operation": 7
        },
        {
            "time": 30387,
            "train": 8,
            "operation": 41
        },
        {
            "time": 30394,
            "train": 6,
            "operation": 32
        },
        {
            "time": 30394,
            "train": 6,
            "operation": 33
        },
        {
            "time": 30477,
            "train": 7,
            "operation": 1
        },
        {
            "time": 30477,
            "train": 7,
            "operation": 5
        },
        {
            "time": 30518,
            "train": 9,
            "operation": 8
        },
        {
            "time": 30519,
            "train": 6,
            "operation": 34
        },
        {
            "time": 30537,
            "train": 7,
            "operation": 6
        },
        {
            "time": 30537,
            "train": 8,
            "operation": 43
        },
        {
            "time": 30549,
            "train": 6,
            "operation": 36
        },
        {
            "time": 30597,
            "train": 7,
            "operation": 8
        },
        {
            "time": 30668,
            "train": 9,
            "operation": 10
        },
        {
            "time": 30682,
            "train": 8,
            "operation": 44
        },
        {
            "time": 30682,
            "train": 8,
            "operation": 45
        },
        {
            "time": 30691,
            "train": 6,
            "operation": 37
        },
        {
            "time": 30721,
            "train": 6,
            "operation": 41
        },
        {
            "time": 30778,
            "train": 6,
            "operation": 42
        },
        {
            "time": 30827,
            "train": 8,
            "operation": 46
        },
        {
            "time": 30839,
            "train": 9,
            "operation": 11
        },
        {
            "time": 30839,
            "train": 9,
            "operation": 12
        },
        {
            "time": 30862,
            "train": 3,
            "operation": 54
        },
        {
            "time": 30862,
            "train": 3,
            "operation": 56
        },
        {
            "time": 30867,
            "train": 7,
            "operation": 9
        },
        {
            "time": 30868,
            "train": 6,
            "operation": 44
        },
        {
            "time": 30897,
            "train": 7,
            "operation": 11
        },
        {
            "time": 30897,
            "train": 8,
            "operation": 49
        },
        {
            "time": 30925,
            "train": 9,
            "operation": 13
        },
        {
            "time": 30955,
            "train": 9,
            "operation": 14
        },
        {
            "time": 31047,
            "train": 7,
            "operation": 12
        },
        {
            "time": 31077,
            "train": 7,
            "operation": 14
        },
        {
            "time": 31087,
            "train": 9,
            "operation": 15
        },
        {
            "time": 31107,
            "train": 8,
            "operation": 50
        },
        {
            "time": 31124,
            "train": 6,
            "operation": 45
        },
        {
            "time": 31127,
            "train": 7,
            "operation": 15
        },
        {
            "time": 31127,
            "train": 7,
            "operation": 17
        },
        {
            "time": 31137,
            "train": 8,
            "operation": 53
        },
        {
            "time": 31154,
            "train": 6,
            "operation": 47
        },
        {
            "time": 31227,
            "train": 7,
            "operation": 18
        },
        {
            "time": 31257,
            "train": 7,
            "operation": 20
        },
        {
            "time": 31267,
            "train": 9,
            "operation": 17
        },
        {
            "time": 31296,
            "train": 6,
            "operation": 48
        },
        {
            "time": 31326,
            "train": 6,
            "operation": 50
        },
        {
            "time": 31374,
            "train": 6,
            "operation": 51
        },
        {
            "time": 31374,
            "train": 6,
            "operation": 53
        },
        {
            "time": 31378,
            "train": 8,
            "operation": 54
        },
        {
            "time": 31386,
            "train": 3,
            "operation": 57
        },
        {
            "time": 31386,
            "train": 3,
            "operation": 59
        },
        {
            "time": 31407,
            "train": 7,
            "operation": 21
        },
        {
            "time": 31437,
            "train": 7,
            "operation": 23
        },
        {
            "time": 31448,
            "train": 9,
            "operation": 18
        },
        {
            "time": 31469,
            "train": 6,
            "operation": 54
        },
        {
            "time": 31478,
            "train": 9,
            "operation": 20
        },
        {
            "time": 31499,
            "train": 6,
            "operation": 56
        },
        {
            "time": 31557,
            "train": 7,
            "operation": 24
        },
        {
            "time": 31641,
            "train": 6,
            "operation": 57
        },
        {
            "time": 31659,
            "train": 3,
            "operation": 60
        },
        {
            "time": 31659,
            "train": 3,
            "operation": 62
        },
        {
            "time": 31671,
            "train": 6,
            "operation": 59
        },
        {
            "time": 31677,
            "train": 7,
            "operation": 29
        },
        {
            "time": 31678,
            "train": 9,
            "operation": 22
        },
        {
            "time": 31679,
            "train": 8,
            "operation": 56
        },
        {
            "time": 31708,
            "train": 9,
            "operation": 23
        },
        {
            "time": 31785,
            "train": 6,
            "operation": 60
        },
        {
            "time": 31879,
            "train": 8,
            "operation": 57
        },
        {
            "time": 31905,
            "train": 6,
            "operation": 65
        },
        {
            "time": 31908,
            "train": 9,
            "operation": 24
        },
        {
            "time": 31909,
            "train": 8,
            "operation": 59
        },
        {
            "time": 31938,
            "train": 9,
            "operation": 27
        },
        {
            "time": 32109,
            "train": 8,
            "operation": 60
        },
        {
            "time": 32138,
            "train": 9,
            "operation": 28
        },
        {
            "time": 32139,
            "train": 8,
            "operation": 62
        },
        {
            "time": 32168,
            "train": 9,
            "operation": 31
        },
        {
            "time": 32281,
            "train": 8,
            "operation": 63
        },
        {
            "time": 32310,
            "train": 9,
            "operation": 32
        },
        {
            "time": 32310,
            "train": 9,
            "operation": 33
        },
        {
            "time": 32311,
            "train": 8,
            "operation": 64
        },
        {
            "time": 32397,
            "train": 8,
            "operation": 65
        },
        {
            "time": 32397,
            "train": 8,
            "operation": 66
        },
        {
            "time": 32452,
            "train": 9,
            "operation": 34
        },
        {
            "time": 32486,
            "train": 3,
            "operation": 63
        },
        {
            "time": 32512,
            "train": 9,
            "operation": 36
        },
        {
            "time": 32545,
            "train": 3,
            "operation": 66
        },
        {
            "time": 32568,
            "train": 8,
            "operation": 67
        },
        {
            "time": 32598,
            "train": 8,
            "operation": 69
        },
        {
            "time": 32712,
            "train": 9,
            "operation": 37
        },
        {
            "time": 32742,
            "train": 9,
            "operation": 40
        },
        {
            "time": 32744,
            "train": 8,
            "operation": 70
        },
        {
            "time": 32744,
            "train": 8,
            "operation": 71
        },
        {
            "time": 32884,
            "train": 9,
            "operation": 41
        },
        {
            "time": 32914,
            "train": 9,
            "operation": 42
        },
        {
            "time": 32940,
            "train": 8,
            "operation": 72
        },
        {
            "time": 32965,
            "train": 9,
            "operation": 43
        },
        {
            "time": 32965,
            "train": 9,
            "operation": 44
        },
        {
            "time": 33060,
            "train": 8,
            "operation": 76
        },
        {
            "time": 33113,
            "train": 9,
            "operation": 45
        },
        {
            "time": 33143,
            "train": 9,
            "operation": 47
        },
        {
            "time": 33285,
            "train": 9,
            "operation": 48
        },
        {
            "time": 33315,
            "train": 9,
            "operation": 52
        },
        {
            "time": 33372,
            "train": 9,
            "operation": 53
        },
        {
            "time": 33432,
            "train": 9,
            "operation": 55
        },
        {
            "time": 33688,
            "train": 9,
            "operation": 56
        },
        {
            "time": 33718,
            "train": 9,
            "operation": 58
        },
        {
            "time": 33860,
            "train": 9,
            "operation": 59
        },
        {
            "time": 33890,
            "train": 9,
            "operation": 61
        },
        {
            "time": 33938,
            "train": 9,
            "operation": 62
        },
        {
            "time": 33938,
            "train": 9,
            "operation": 64
        },
        {
            "time": 34033,
            "train": 9,
            "operation": 65
        },
        {
            "time": 34063,
            "train": 9,
            "operation": 67
        },
        {
            "time": 34205,
            "train": 9,
            "operation": 68
        },
        {
            "time": 34235,
            "train": 9,
            "operation": 70
        },
        {
            "time": 34349,
            "train": 9,
            "operation": 71
        },
        {
            "time": 34469,
            "train": 9,
            "operation": 76
        }
    ]
}