{
    "objective_value": 4140,
    "events": [
        {
            "time": 0,
            "train": 0,
            "operation": 0
        },
        {
            "time": 0,
            "train": 1,
            "operation": 0
        },
        {
            "time": 0,
            "train": 2,
            "operation": 0
        },
        {
            "time": 0,
            "train": 3,
            "operation": 0
        },
        {
            "time": 0,
            "train": 4,
            "operation": 0
        },
        {
            "time": 0,
            "train": 5,
            "operation": 0
        },
        {
            "time": 0,
            "train": 6,
            "operation": 0
        },
        {
            "time": 0,
            "train": 7,
            "operation": 0
        },
        {
            "time": 0,
            "train": 8,
            "operation": 0
        },
        {
            "time": 0,
            "train": 9,
            "operation": 0
        },
        {
            "time": 0,
            "train": 10,
            "operation": 0
        },
        {
            "time": 0,
            "train": 11,
            "operation": 0
        },
        {
            "time": 8727,
            "train": 5,
            "operation": 1
        },
        {
            "time": 8757,
            "train": 1,
            "operation": 1
        },
        {
            "time": 8757,
            "train": 2,
            "operation": 1
        },
        {
            "time": 8766,
            "train": 0,
            "operation": 1
        },
        {
            "time": 8817,
            "train": 8,
            "operation": 1
        },
        {
            "time": 8877,
            "train": 1,
            "operation": 2
        },
        {
            "time": 8877,
            "train": 5,
            "operation": 2
        },
        {
            "time": 8907,
            "train": 0,
            "operation": 2
        },
        {
            "time": 8907,
            "train": 2,
            "operation": 2
        },
        {
            "time": 8937,
            "train": 6,
            "operation": 1
        },
        {
            "time": 8967,
            "train": 8,
            "operation": 2
        },
        {
            "time": 9102,
            "train": 6,
            "operation": 2
        },
        {
            "time": 9102,
            "train": 6,
            "operation": 3
        },
        {
            "time": 9267,
            "train": 6,
            "operation": 4
        },
        {
            "time": 9297,
            "train": 6,
            "operation": 7
        },
        {
            "time": 9487,
            "train": 6,
            "operation": 8
        },
        {
            "time": 9537,
            "train": 6,
            "operation": 11
        },
        {
            "time": 9557,
            "train": 2,
            "operation": 4
        },
        {
            "time": 9568,
            "train": 1,
            "operation": 6
        },
        {
            "time": 9597,
            "train": 3,
            "operation": 1
        },
        {
            "time": 9597,
            "train": 3,
            "operation": 6
        },
        {
            "time": 9671,
            "train": 2,
            "operation": 5
        },
        {
            "time": 9687,
            "train": 3,
            "operation": 7
        },
        {
            "time": 9717,
            "train": 3,
            "operation": 9
        },
        {
            "time": 9756,
            "train": 0,
            "operation": 4
        },
        {
            "time": 9777,
            "train": 6,
            "operation": 12
        },
        {
            "time": 9783,
            "train": 5,
            "operation": 4
        },
        {
            "time": 9791,
            "train": 2,
            "operation": 10
        },
        {
            "time": 9791,
            "train": 8,
            "operation": 4
        },
        {
            "time": 9867,
            "train": 3,
            "operation": 10
        },
        {
            "time": 9886,
            "train": 8,
            "operation": 5
        },
        {
            "time": 9886,
            "train": 8,
            "operation": 7
        },
        {
            "time": 9897,
            "train": 3,
            "operation": 12
        },
        {
            "time": 9897,
            "train": 6,
            "operation": 14
        },
        {
            "time": 9927,
            "train": 0,
            "operation": 5
        },
        {
            "time": 9927,
            "train": 0,
            "operation": 6
        },
        {
            "time": 9934,
            "train": 8,
            "operation": 8
        },
        {
            "time": 9964,
            "train": 8,
            "operation": 10
        },
        {
            "time": 9983,
            "train": 5,
            "operation": 5
        },
        {
            "time": 9997,
            "train": 3,
            "operation": 13
        },
        {
            "time": 9997,
            "train": 3,
            "operation": 15
        },
        {
            "time": 10013,
            "train": 5,
            "operation": 8
        },
        {
            "time": 10013,
            "train": 0,
            "operation": 7
        },
        {
            "time": 10043,
            "train": 0,
            "operation": 8
        },
        {
            "time": 10047,
            "train": 3,
            "operation": 16
        },
        {
            "time": 10106,
            "train": 8,
            "operation": 11
        },
        {
            "time": 10107,
            "train": 3,
            "operation": 18
        },
        {
            "time": 10107,
            "train": 6,
            "operation": 15
        },
        {
            "time": 10136,
            "train": 8,
            "operation": 13
        },
        {
            "time": 10137,
            "train": 6,
            "operation": 17
        },
        {
            "time": 10155,
            "train": 5,
            "operation": 9
        },
        {
            "time": 10185,
            "train": 5,
            "operation": 10
        },
        {
            "time": 10185,
            "train": 0,
            "operation": 9
        },
        {
            "time": 10236,
            "train": 5,
            "operation": 11
        },
        {
            "time": 10236,
            "train": 5,
            "operation": 12
        },
        {
            "time": 10249,
            "train": 3,
            "operation": 19
        },
        {
            "time": 10287,
            "train": 6,
            "operation": 19
        },
        {
            "time": 10288,
            "train": 0,
            "operation": 11
        },
        {
            "time": 10317,
            "train": 6,
            "operation": 20
        },
        {
            "time": 10317,
            "train": 10,
            "operation": 1
        },
        {
            "time": 10317,
            "train": 10,
            "operation": 5
        },
        {
            "time": 10364,
            "train": 8,
            "operation": 14
        },
        {
            "time": 10365,
            "train": 3,
            "operation": 21
        },
        {
            "time": 10384,
            "train": 5,
            "operation": 13
        },
        {
            "time": 10414,
            "train": 5,
            "operation": 15
        },
        {
            "time": 10424,
            "train": 8,
            "operation": 16
        },
        {
            "time": 10467,
            "train": 6,
            "operation": 21
        },
        {
            "time": 10488,
            "train": 0,
            "operation": 12
        },
        {
            "time": 10497,
            "train": 6,
            "operation": 22
        },
        {
            "time": 10497,
            "train": 4,
            "operation": 1
        },
        {
            "time": 10497,
            "train": 4,
            "operation": 6
        },
        {
            "time": 10510,
            "train": 8,
            "operation": 17
        },
        {
            "time": 10518,
            "train": 0,
            "operation": 14
        },
        {
            "time": 10523,
            "train": 10,
            "operation": 6
        },
        {
            "time": 10523,
            "train": 10,
            "operation": 7
        },
        {
            "time": 10556,
            "train": 5,
            "operation": 17
        },
        {
            "time": 10557,
            "train": 8,
            "operation": 21
        },
        {
            "time": 10586,
            "train": 5,
            "operation": 20
        },
        {
            "time": 10587,
            "train": 4,
            "operation": 7
        },
        {
            "time": 10587,
            "train": 6,
            "operation": 23
        },
        {
            "time": 10587,
            "train": 6,
            "operation": 24
        },
        {
            "time": 10593,
            "train": 3,
            "operation": 22
        },
        {
            "time": 10617,
            "train": 4,
            "operation": 9
        },
        {
            "time": 10643,
            "train": 5,
            "operation": 22
        },
        {
            "time": 10653,
            "train": 3,
            "operation": 24
        },
        {
            "time": 10677,
            "train": 10,
            "operation": 8
        },
        {
            "time": 10677,
            "train": 7,
            "operation": 1
        },
        {
            "time": 10677,
            "train": 7,
            "operation": 5
        },
        {
            "time": 10699,
            "train": 8,
            "operation": 22
        },
        {
            "time": 10703,
            "train": 5,
            "operation": 23
        },
        {
            "time": 10718,
            "train": 0,
            "operation": 15
        },
        {
            "time": 10729,
            "train": 8,
            "operation": 24
        },
        {
            "time": 10737,
            "train": 7,
            "operation": 6
        },
        {
            "time": 10748,
            "train": 0,
            "operation": 17
        },
        {
            "time": 10767,
            "train": 3,
            "operation": 25
        },
        {
            "time": 10767,
            "train": 4,
            "operation": 10
        },
        {
            "time": 10767,
            "train": 6,
            "operation": 26
        },
        {
            "time": 10797,
            "train": 6,
            "operation": 27
        },
        {
            "time": 10797,
            "train": 4,
            "operation": 12
        },
        {
            "time": 10797,
            "train": 10,
            "operation": 10
        },
        {
            "time": 10873,
            "train": 8,
            "operation": 25
        },
        {
            "time": 10873,
            "train": 8,
            "operation": 26
        },
        {
            "time": 10887,
            "train": 3,
            "operation": 29
        },
        {
            "time": 10897,
            "train": 4,
            "operation": 13
        },
        {
            "time": 10897,
            "train": 4,
            "operation": 15
        },
        {
            "time": 10928,
            "train": 8,
            "operation": 27
        },
        {
            "time": 10947,
            "train": 4,
            "operation": 16
        },
        {
            "time": 10948,
            "train": 0,
            "operation": 18
        },
        {
            "time": 10951,
            "train": 6,
            "operation": 28
        },
        {
            "time": 10951,
            "train": 6,
            "operation": 29
        },
        {
            "time": 10958,
            "train": 8,
            "operation": 28
        },
        {
            "time": 10959,
            "train": 5,
            "operation": 24
        },
        {
            "time": 10960,
            "train": 7,
            "operation": 8
        },
        {
            "time": 10977,
            "train": 4,
            "operation": 18
        },
        {
            "time": 10977,
            "train": 10,
            "operation": 11
        },
        {
            "time": 10977,
            "train": 10,
            "operation": 12
        },
        {
            "time": 10978,
            "train": 0,
            "operation": 21
        },
        {
            "time": 10989,
            "train": 5,
            "operation": 26
        },
        {
            "time": 11067,
            "train": 10,
            "operation": 13
        },
        {
            "time": 11097,
            "train": 10,
            "operation": 14
        },
        {
            "time": 11100,
            "train": 8,
            "operation": 29
        },
        {
            "time": 11127,
            "train": 4,
            "operation": 19
        },
        {
            "time": 11130,
            "train": 8,
            "operation": 32
        },
        {
            "time": 11131,
            "train": 5,
            "operation": 27
        },
        {
            "time": 11157,
            "train": 4,
            "operation": 21
        },
        {
            "time": 11157,
            "train": 6,
            "operation": 30
        },
        {
            "time": 11161,
            "train": 5,
            "operation": 29
        },
        {
            "time": 11178,
            "train": 0,
            "operation": 22
        },
        {
            "time": 11208,
            "train": 0,
            "operation": 25
        },
        {
            "time": 11209,
            "train": 5,
            "operation": 30
        },
        {
            "time": 11209,
            "train": 5,
            "operation": 32
        },
        {
            "time": 11216,
            "train": 7,
            "operation": 9
        },
        {
            "time": 11246,
            "train": 7,
            "operation": 11
        },
        {
            "time": 11247,
            "train": 10,
            "operation": 15
        },
        {
            "time": 11277,
            "train": 10,
            "operation": 17
        },
        {
            "time": 11277,
            "train": 6,
            "operation": 34
        },
        {
            "time": 11304,
            "train": 5,
            "operation": 33
        },
        {
            "time": 11330,
            "train": 8,
            "operation": 33
        },
        {
            "time": 11334,
            "train": 5,
            "operation": 35
        },
        {
            "time": 11365,
            "train": 0,
            "operation": 26
        },
        {
            "time": 11365,
            "train": 0,
            "operation": 27
        },
        {
            "time": 11388,
            "train": 7,
            "operation": 12
        },
        {
            "time": 11397,
            "train": 4,
            "operation": 22
        },
        {
            "time": 11418,
            "train": 7,
            "operation": 14
        },
        {
            "time": 11427,
            "train": 10,
            "operation": 18
        },
        {
            "time": 11457,
            "train": 10,
            "operation": 20
        },
        {
            "time": 11457,
            "train": 4,
            "operation": 24
        },
        {
            "time": 11466,
            "train": 7,
            "operation": 15
        },
        {
            "time": 11466,
            "train": 7,
            "operation": 17
        },
        {
            "time": 11476,
            "train": 5,
            "operation": 36
        },
        {
            "time": 11506,
            "train": 5,
            "operation": 38
        },
        {
            "time": 11522,
            "train": 0,
            "operation": 29
        },
        {
            "time": 11523,
            "train": 8,
            "operation": 35
        },
        {
            "time": 11547,
            "train": 4,
            "operation": 25
        },
        {
            "time": 11552,
            "train": 0,
            "operation": 30
        },
        {
            "time": 11561,
            "train": 7,
            "operation": 18
        },
        {
            "time": 11577,
            "train": 4,
            "operation": 29
        },
        {
            "time": 11591,
            "train": 7,
            "operation": 20
        },
        {
            "time": 11620,
            "train": 5,
            "operation": 39
        },
        {
            "time": 11667,
            "train": 10,
            "operation": 21
        },
        {
            "time": 11680,
            "train": 8,
            "operation": 36
        },
        {
            "time": 11680,
            "train": 8,
            "operation": 37
        },
        {
            "time": 11697,
            "train": 10,
            "operation": 23
        },
        {
            "time": 11727,
            "train": 4,
            "operation": 30
        },
        {
            "time": 11733,
            "train": 7,
            "operation": 21
        },
        {
            "time": 11740,
            "train": 5,
            "operation": 44
        },
        {
            "time": 11752,
            "train": 0,
            "operation": 31
        },
        {
            "time": 11757,
            "train": 4,
            "operation": 32
        },
        {
            "time": 11763,
            "train": 7,
            "operation": 23
        },
        {
            "time": 11837,
            "train": 8,
            "operation": 38
        },
        {
            "time": 11867,
            "train": 8,
            "operation": 41
        },
        {
            "time": 11877,
            "train": 7,
            "operation": 24
        },
        {
            "time": 11907,
            "train": 10,
            "operation": 24
        },
        {
            "time": 11909,
            "train": 4,
            "operation": 33
        },
        {
            "time": 11909,
            "train": 4,
            "operation": 34
        },
        {
            "time": 11967,
            "train": 4,
            "operation": 35
        },
        {
            "time": 11997,
            "train": 4,
            "operation": 36
        },
        {
            "time": 11997,
            "train": 7,
            "operation": 29
        },
        {
            "time": 12067,
            "train": 8,
            "operation": 43
        },
        {
            "time": 12068,
            "train": 10,
            "operation": 27
        },
        {
            "time": 12097,
            "train": 8,
            "operation": 45
        },
        {
            "time": 12117,
            "train": 11,
            "operation": 1
        },
        {
            "time": 12117,
            "train": 11,
            "operation": 5
        },
        {
            "time": 12147,
            "train": 4,
            "operation": 38
        },
        {
            "time": 12148,
            "train": 0,
            "operation": 34
        },
        {
            "time": 12177,
            "train": 4,
            "operation": 40
        },
        {
            "time": 12268,
            "train": 10,
            "operation": 28
        },
        {
            "time": 12290,
            "train": 0,
            "operation": 35
        },
        {
            "time": 12298,
            "train": 10,
            "operation": 31
        },
        {
            "time": 12320,
            "train": 0,
            "operation": 36
        },
        {
            "time": 12323,
            "train": 11,
            "operation": 6
        },
        {
            "time": 12323,
            "train": 11,
            "operation": 7
        },
        {
            "time": 12325,
            "train": 8,
            "operation": 46
        },
        {
            "time": 12378,
            "train": 0,
            "operation": 37
        },
        {
            "time": 12378,
            "train": 0,
            "operation": 38
        },
        {
            "time": 12387,
            "train": 4,
            "operation": 41
        },
        {
            "time": 12440,
            "train": 10,
            "operation": 32
        },
        {
            "time": 12440,
            "train": 10,
            "operation": 33
        },
        {
            "time": 12445,
            "train": 8,
            "operation": 48
        },
        {
            "time": 12477,
            "train": 11,
            "operation": 8
        },
        {
            "time": 12477,
            "train": 9,
            "operation": 1
        },
        {
            "time": 12477,
            "train": 9,
            "operation": 5
        },
        {
            "time": 12520,
            "train": 0,
            "operation": 39
        },
        {
            "time": 12537,
            "train": 9,
            "operation": 6
        },
        {
            "time": 12550,
            "train": 0,
            "operation": 41
        },
        {
            "time": 12582,
            "train": 10,
            "operation": 35
        },
        {
            "time": 12583,
            "train": 4,
            "operation": 43
        },
        {
            "time": 12597,
            "train": 9,
            "operation": 8
        },
        {
            "time": 12597,
            "train": 11,
            "operation": 10
        },
        {
            "time": 12642,
            "train": 10,
            "operation": 36
        },
        {
            "time": 12645,
            "train": 8,
            "operation": 49
        },
        {
            "time": 12675,
            "train": 8,
            "operation": 51
        },
        {
            "time": 12692,
            "train": 0,
            "operation": 42
        },
        {
            "time": 12711,
            "train": 4,
            "operation": 44
        },
        {
            "time": 12711,
            "train": 4,
            "operation": 45
        },
        {
            "time": 12722,
            "train": 0,
            "operation": 46
        },
        {
            "time": 12737,
            "train": 11,
            "operation": 11
        },
        {
            "time": 12737,
            "train": 11,
            "operation": 12
        },
        {
            "time": 12779,
            "train": 0,
            "operation": 47
        },
        {
            "time": 12807,
            "train": 11,
            "operation": 13
        },
        {
            "time": 12817,
            "train": 8,
            "operation": 52
        },
        {
            "time": 12837,
            "train": 11,
            "operation": 14
        },
        {
            "time": 12839,
            "train": 4,
            "operation": 46
        },
        {
            "time": 12842,
            "train": 10,
            "operation": 37
        },
        {
            "time": 12867,
            "train": 9,
            "operation": 9
        },
        {
            "time": 12868,
            "train": 0,
            "operation": 49
        },
        {
            "time": 12869,
            "train": 4,
            "operation": 49
        },
        {
            "time": 12872,
            "train": 10,
            "operation": 40
        },
        {
            "time": 12897,
            "train": 9,
            "operation": 11
        },
        {
            "time": 12987,
            "train": 11,
            "operation": 16
        },
        {
            "time": 12988,
            "train": 8,
            "operation": 54
        },
        {
            "time": 13014,
            "train": 10,
            "operation": 41
        },
        {
            "time": 13017,
            "train": 11,
            "operation": 17
        },
        {
            "time": 13044,
            "train": 10,
            "operation": 42
        },
        {
            "time": 13047,
            "train": 9,
            "operation": 12
        },
        {
            "time": 13069,
            "train": 4,
            "operation": 50
        },
        {
            "time": 13077,
            "train": 9,
            "operation": 14
        },
        {
            "time": 13095,
            "train": 10,
            "operation": 43
        },
        {
            "time": 13095,
            "train": 10,
            "operation": 44
        },
        {
            "time": 13099,
            "train": 4,
            "operation": 53
        },
        {
            "time": 13124,
            "train": 0,
            "operation": 50
        },
        {
            "time": 13127,
            "train": 9,
            "operation": 15
        },
        {
            "time": 13127,
            "train": 9,
            "operation": 17
        },
        {
            "time": 13130,
            "train": 8,
            "operation": 55
        },
        {
            "time": 13154,
            "train": 0,
            "operation": 52
        },
        {
            "time": 13160,
            "train": 8,
            "operation": 56
        },
        {
            "time": 13167,
            "train": 11,
            "operation": 18
        },
        {
            "time": 13197,
            "train": 11,
            "operation": 20
        },
        {
            "time": 13227,
            "train": 9,
            "operation": 18
        },
        {
            "time": 13243,
            "train": 10,
            "operation": 45
        },
        {
            "time": 13246,
            "train": 8,
            "operation": 57
        },
        {
            "time": 13246,
            "train": 8,
            "operation": 58
        },
        {
            "time": 13257,
            "train": 9,
            "operation": 20
        },
        {
            "time": 13273,
            "train": 10,
            "operation": 47
        },
        {
            "time": 13296,
            "train": 0,
            "operation": 53
        },
        {
            "time": 13326,
            "train": 0,
            "operation": 55
        },
        {
            "time": 13327,
            "train": 4,
            "operation": 54
        },
        {
            "time": 13374,
            "train": 0,
            "operation": 56
        },
        {
            "time": 13374,
            "train": 0,
            "operation": 58
        },
        {
            "time": 13407,
            "train": 9,
            "operation": 21
        },
        {
            "time": 13407,
            "train": 11,
            "operation": 22
        },
        {
            "time": 13415,
            "train": 10,
            "operation": 48
        },
        {
            "time": 13417,
            "train": 8,
            "operation": 59
        },
        {
            "time": 13437,
            "train": 11,
            "operation": 23
        },
        {
            "time": 13437,
            "train": 9,
            "operation": 23
        },
        {
            "time": 13445,
            "train": 10,
            "operation": 52
        },
        {
            "time": 13447,
            "train": 8,
            "operation": 61
        },
        {
            "time": 13447,
            "train": 4,
            "operation": 56
        },
        {
            "time": 13469,
            "train": 0,
            "operation": 59
        },
        {
            "time": 13499,
            "train": 0,
            "operation": 61
        },
        {
            "time": 13502,
            "train": 10,
            "operation": 53
        },
        {
            "time": 13557,
            "train": 9,
            "operation": 24
        },
        {
            "time": 13562,
            "train": 10,
            "operation": 55
        },
        {
            "time": 13593,
            "train": 8,
            "operation": 62
        },
        {
            "time": 13593,
            "train": 8,
            "operation": 63
        },
        {
            "time": 13641,
            "train": 0,
            "operation": 62
        },
        {
            "time": 13647,
            "train": 4,
            "operation": 57
        },
        {
            "time": 13671,
            "train": 0,
            "operation": 64
        },
        {
            "time": 13677,
            "train": 4,
            "operation": 59
        },
        {
            "time": 13677,
            "train": 9,
            "operation": 29
        },
        {
            "time": 13707,
            "train": 11,
            "operation": 24
        },
        {
            "time": 13737,
            "train": 11,
            "operation": 27
        },
        {
            "time": 13785,
            "train": 0,
            "operation": 65
        },
        {
            "time": 13789,
            "train": 8,
            "operation": 64
        },
        {
            "time": 13818,
            "train": 10,
            "operation": 56
        },
        {
            "time": 13827,
            "train": 4,
            "operation": 60
        },
        {
            "time": 13848,
            "train": 10,
            "operation": 58
        },
        {
            "time": 13857,
            "train": 4,
            "operation": 62
        },
        {
            "time": 13905,
            "train": 0,
            "operation": 70
        },
        {
            "time": 13909,
            "train": 8,
            "operation": 68
        },
        {
            "time": 13947,
            "train": 11,
            "operation": 28
        },
        {
            "time": 13977,
            "train": 11,
            "operation": 31
        },
        {
            "time": 13990,
            "train": 10,
            "operation": 59
        },
        {
            "time": 14007,
            "train": 4,
            "operation": 63
        },
        {
            "time": 14020,
            "train": 10,
            "operation": 61
        },
        {
            "time": 14037,
            "train": 4,
            "operation": 64
        },
        {
            "time": 14068,
            "train": 10,
            "operation": 62
        },
        {
            "time": 14068,
            "train": 10,
            "operation": 64
        },
        {
            "time": 14127,
            "train": 4,
            "operation": 65
        },
        {
            "time": 14127,
            "train": 4,
            "operation": 66
        },
        {
            "time": 14127,
            "train": 11,
            "operation": 32
        },
        {
            "time": 14127,
            "train": 11,
            "operation": 33
        },
        {
            "time": 14163,
            "train": 10,
            "operation": 65
        },
        {
            "time": 14193,
            "train": 10,
            "operation": 67
        },
        {
            "time": 14277,
            "train": 11,
            "operation": 34
        },
        {
            "time": 14307,
            "train": 4,
            "operation": 67
        },
        {
            "time": 14335,
            "train": 10,
            "operation": 68
        },
        {
            "time": 14337,
            "train": 4,
            "operation": 69
        },
        {
            "time": 14337,
            "train": 11,
            "operation": 36
        },
        {
            "time": 14365,
            "train": 10,
            "operation": 70
        },
        {
            "time": 14478,
            "train": 4,
            "operation": 70
        },
        {
            "time": 14478,
            "train": 4,
            "operation": 71
        },
        {
            "time": 14479,
            "train": 10,
            "operation": 71
        },
        {
            "time": 14547,
            "train": 11,
            "operation": 37
        },
        {
            "time": 14577,
            "train": 11,
            "operation": 40
        },
        {
            "time": 14599,
            "train": 10,
            "operation": 76
        },
        {
            "time": 14667,
            "train": 11,
            "operation": 41
        },
        {
            "time": 14667,
            "train": 4,
            "operation": 72
        },
        {
            "time": 14697,
            "train": 11,
            "operation": 42
        },
        {
            "time": 14758,
            "train": 11,
            "operation": 43
        },
        {
            "time": 14758,
            "train": 11,
            "operation": 44
        },
        {
            "time": 14787,
            "train": 4,
            "operation": 76
        },
        {
            "time": 14907,
            "train": 11,
            "operation": 45
        },
        {
            "time": 14966,
            "train": 11,
            "operation": 47
        },
        {
            "time": 15147,
            "train": 11,
            "operation": 48
        },
        {
            "time": 15177,
            "train": 11,
            "operation": 52
        },
        {
            "time": 15237,
            "train": 11,
            "operation": 53
        },
        {
            "time": 15297,
            "train": 11,
            "operation": 55
        },
        {
            "time": 15567,
            "train": 11,
            "operation": 56
        },
        {
            "time": 15597,
            "train": 11,
            "operation": 58
        },
        {
            "time": 15747,
            "train": 11,
            "operation": 59
        },
        {
            "time": 15777,
            "train": 11,
            "operation": 61
        },
        {
            "time": 15827,
            "train": 11,
            "operation": 62
        },
        {
            "time": 15827,
            "train": 11,
            "operation": 64
        },
        {
            "time": 15927,
            "train": 11,
            "operation": 65
        },
        {
            "time": 15957,
            "train": 11,
            "operation": 67
        },
        {
            "time": 16107,
            "train": 11,
            "operation": 68
        },
        {
            "time": 16137,
            "train": 11,
            "operation": 70
        },
        {
            "time": 16257,
            "train": 11,
            "operation": 71
        },
        {
            "time": 16377,
            "train": 11,
            "operation": 76
        }
    ]
}