{
    "objective_value": 2457,
    "events": [
        {
            "time": 0,
            "train": 0,
            "operation": 0
        },
        {
            "time": 0,
            "train": 1,
            "operation": 0
        },
        {
            "time": 0,
            "train": 2,
            "operation": 0
        },
        {
            "time": 0,
            "train": 3,
            "operation": 0
        },
        {
            "time": 0,
            "train": 4,
            "operation": 0
        },
        {
            "time": 0,
            "train": 5,
            "operation": 0
        },
        {
            "time": 0,
            "train": 6,
            "operation": 0
        },
        {
            "time": 0,
            "train": 7,
            "operation": 0
        },
        {
            "time": 10797,
            "train": 2,
            "operation": 1
        },
        {
            "time": 10902,
            "train": 3,
            "operation": 1
        },
        {
            "time": 10977,
            "train": 0,
            "operation": 1
        },
        {
            "time": 10977,
            "train": 1,
            "operation": 1
        },
        {
            "time": 10977,
            "train": 4,
            "operation": 1
        },
        {
            "time": 11067,
            "train": 4,
            "operation": 2
        },
        {
            "time": 11067,
            "train": 3,
            "operation": 2
        },
        {
            "time": 11067,
            "train": 2,
            "operation": 2
        },
        {
            "time": 11127,
            "train": 1,
            "operation": 3
        },
        {
            "time": 11127,
            "train": 0,
            "operation": 2
        },
        {
            "time": 11157,
            "train": 0,
            "operation": 3
        },
        {
            "time": 11157,
            "train": 1,
            "operation": 4
        },
        {
            "time": 11186,
            "train": 6,
            "operation": 1
        },
        {
            "time": 11218,
            "train": 0,
            "operation": 4
        },
        {
            "time": 11218,
            "train": 0,
            "operation": 5
        },
        {
            "time": 11359,
            "train": 6,
            "operation": 2
        },
        {
            "time": 11359,
            "train": 6,
            "operation": 3
        },
        {
            "time": 11367,
            "train": 0,
            "operation": 6
        },
        {
            "time": 11397,
            "train": 0,
            "operation": 8
        },
        {
            "time": 11397,
            "train": 1,
            "operation": 5
        },
        {
            "time": 11457,
            "train": 1,
            "operation": 7
        },
        {
            "time": 11488,
            "train": 6,
            "operation": 4
        },
        {
            "time": 11488,
            "train": 6,
            "operation": 6
        },
        {
            "time": 11547,
            "train": 1,
            "operation": 8
        },
        {
            "time": 11547,
            "train": 0,
            "operation": 10
        },
        {
            "time": 11577,
            "train": 0,
            "operation": 13
        },
        {
            "time": 11577,
            "train": 1,
            "operation": 12
        },
        {
            "time": 11637,
            "train": 0,
            "operation": 14
        },
        {
            "time": 11669,
            "train": 6,
            "operation": 7
        },
        {
            "time": 11669,
            "train": 6,
            "operation": 8
        },
        {
            "time": 11685,
            "train": 4,
            "operation": 3
        },
        {
            "time": 11697,
            "train": 0,
            "operation": 16
        },
        {
            "time": 11724,
            "train": 3,
            "operation": 5
        },
        {
            "time": 11727,
            "train": 1,
            "operation": 13
        },
        {
            "time": 11757,
            "train": 1,
            "operation": 15
        },
        {
            "time": 11760,
            "train": 6,
            "operation": 9
        },
        {
            "time": 11827,
            "train": 4,
            "operation": 4
        },
        {
            "time": 11828,
            "train": 6,
            "operation": 10
        },
        {
            "time": 11857,
            "train": 4,
            "operation": 6
        },
        {
            "time": 11909,
            "train": 1,
            "operation": 16
        },
        {
            "time": 11909,
            "train": 1,
            "operation": 17
        },
        {
            "time": 11924,
            "train": 3,
            "operation": 6
        },
        {
            "time": 11950,
            "train": 2,
            "operation": 4
        },
        {
            "time": 11954,
            "train": 3,
            "operation": 9
        },
        {
            "time": 11967,
            "train": 1,
            "operation": 18
        },
        {
            "time": 11967,
            "train": 0,
            "operation": 17
        },
        {
            "time": 11996,
            "train": 6,
            "operation": 11
        },
        {
            "time": 11997,
            "train": 1,
            "operation": 19
        },
        {
            "time": 11999,
            "train": 4,
            "operation": 7
        },
        {
            "time": 12029,
            "train": 4,
            "operation": 9
        },
        {
            "time": 12092,
            "train": 2,
            "operation": 5
        },
        {
            "time": 12093,
            "train": 0,
            "operation": 19
        },
        {
            "time": 12117,
            "train": 7,
            "operation": 1
        },
        {
            "time": 12117,
            "train": 7,
            "operation": 5
        },
        {
            "time": 12122,
            "train": 2,
            "operation": 7
        },
        {
            "time": 12147,
            "train": 1,
            "operation": 20
        },
        {
            "time": 12170,
            "train": 2,
            "operation": 8
        },
        {
            "time": 12170,
            "train": 2,
            "operation": 10
        },
        {
            "time": 12177,
            "train": 1,
            "operation": 23
        },
        {
            "time": 12182,
            "train": 3,
            "operation": 10
        },
        {
            "time": 12205,
            "train": 6,
            "operation": 13
        },
        {
            "time": 12229,
            "train": 4,
            "operation": 11
        },
        {
            "time": 12235,
            "train": 0,
            "operation": 20
        },
        {
            "time": 12259,
            "train": 4,
            "operation": 12
        },
        {
            "time": 12265,
            "train": 0,
            "operation": 22
        },
        {
            "time": 12265,
            "train": 2,
            "operation": 11
        },
        {
            "time": 12295,
            "train": 2,
            "operation": 13
        },
        {
            "time": 12297,
            "train": 5,
            "operation": 1
        },
        {
            "time": 12297,
            "train": 5,
            "operation": 6
        },
        {
            "time": 12302,
            "train": 3,
            "operation": 12
        },
        {
            "time": 12313,
            "train": 0,
            "operation": 23
        },
        {
            "time": 12313,
            "train": 0,
            "operation": 25
        },
        {
            "time": 12323,
            "train": 7,
            "operation": 6
        },
        {
            "time": 12323,
            "train": 7,
            "operation": 7
        },
        {
            "time": 12369,
            "train": 6,
            "operation": 14
        },
        {
            "time": 12387,
            "train": 5,
            "operation": 7
        },
        {
            "time": 12387,
            "train": 1,
            "operation": 24
        },
        {
            "time": 12408,
            "train": 0,
            "operation": 26
        },
        {
            "time": 12417,
            "train": 5,
            "operation": 9
        },
        {
            "time": 12437,
            "train": 2,
            "operation": 14
        },
        {
            "time": 12438,
            "train": 0,
            "operation": 28
        },
        {
            "time": 12459,
            "train": 4,
            "operation": 13
        },
        {
            "time": 12467,
            "train": 2,
            "operation": 16
        },
        {
            "time": 12477,
            "train": 7,
            "operation": 8
        },
        {
            "time": 12489,
            "train": 4,
            "operation": 16
        },
        {
            "time": 12502,
            "train": 3,
            "operation": 14
        },
        {
            "time": 12503,
            "train": 6,
            "operation": 16
        },
        {
            "time": 12532,
            "train": 3,
            "operation": 15
        },
        {
            "time": 12537,
            "train": 1,
            "operation": 26
        },
        {
            "time": 12567,
            "train": 5,
            "operation": 10
        },
        {
            "time": 12580,
            "train": 0,
            "operation": 29
        },
        {
            "time": 12581,
            "train": 2,
            "operation": 17
        },
        {
            "time": 12597,
            "train": 5,
            "operation": 12
        },
        {
            "time": 12597,
            "train": 7,
            "operation": 10
        },
        {
            "time": 12610,
            "train": 0,
            "operation": 31
        },
        {
            "time": 12672,
            "train": 1,
            "operation": 27
        },
        {
            "time": 12672,
            "train": 1,
            "operation": 28
        },
        {
            "time": 12674,
            "train": 3,
            "operation": 16
        },
        {
            "time": 12689,
            "train": 4,
            "operation": 17
        },
        {
            "time": 12697,
            "train": 5,
            "operation": 13
        },
        {
            "time": 12697,
            "train": 5,
            "operation": 15
        },
        {
            "time": 12701,
            "train": 2,
            "operation": 22
        },
        {
            "time": 12712,
            "train": 6,
            "operation": 17
        },
        {
            "time": 12712,
            "train": 6,
            "operation": 19
        },
        {
            "time": 12724,
            "train": 0,
            "operation": 32
        },
        {
            "time": 12737,
            "train": 7,
            "operation": 11
        },
        {
            "time": 12737,
            "train": 7,
            "operation": 12
        },
        {
            "time": 12747,
            "train": 5,
            "operation": 16
        },
        {
            "time": 12777,
            "train": 5,
            "operation": 18
        },
        {
            "time": 12807,
            "train": 7,
            "operation": 13
        },
        {
            "time": 12807,
            "train": 1,
            "operation": 30
        },
        {
            "time": 12808,
            "train": 4,
            "operation": 20
        },
        {
            "time": 12837,
            "train": 1,
            "operation": 32
        },
        {
            "time": 12837,
            "train": 7,
            "operation": 14
        },
        {
            "time": 12844,
            "train": 0,
            "operation": 37
        },
        {
            "time": 12927,
            "train": 5,
            "operation": 19
        },
        {
            "time": 12950,
            "train": 4,
            "operation": 21
        },
        {
            "time": 12950,
            "train": 4,
            "operation": 22
        },
        {
            "time": 12957,
            "train": 5,
            "operation": 21
        },
        {
            "time": 12987,
            "train": 7,
            "operation": 16
        },
        {
            "time": 12988,
            "train": 3,
            "operation": 18
        },
        {
            "time": 12995,
            "train": 6,
            "operation": 20
        },
        {
            "time": 13017,
            "train": 7,
            "operation": 17
        },
        {
            "time": 13047,
            "train": 1,
            "operation": 34
        },
        {
            "time": 13077,
            "train": 1,
            "operation": 36
        },
        {
            "time": 13092,
            "train": 4,
            "operation": 23
        },
        {
            "time": 13130,
            "train": 3,
            "operation": 19
        },
        {
            "time": 13152,
            "train": 4,
            "operation": 25
        },
        {
            "time": 13160,
            "train": 3,
            "operation": 20
        },
        {
            "time": 13167,
            "train": 7,
            "operation": 18
        },
        {
            "time": 13197,
            "train": 7,
            "operation": 20
        },
        {
            "time": 13197,
            "train": 5,
            "operation": 22
        },
        {
            "time": 13235,
            "train": 6,
            "operation": 23
        },
        {
            "time": 13246,
            "train": 3,
            "operation": 21
        },
        {
            "time": 13246,
            "train": 3,
            "operation": 22
        },
        {
            "time": 13257,
            "train": 5,
            "operation": 24
        },
        {
            "time": 13317,
            "train": 1,
            "operation": 37
        },
        {
            "time": 13347,
            "train": 5,
            "operation": 25
        },
        {
            "time": 13352,
            "train": 4,
            "operation": 26
        },
        {
            "time": 13377,
            "train": 5,
            "operation": 29
        },
        {
            "time": 13382,
            "train": 4,
            "operation": 29
        },
        {
            "time": 13407,
            "train": 7,
            "operation": 22
        },
        {
            "time": 13417,
            "train": 3,
            "operation": 23
        },
        {
            "time": 13428,
            "train": 6,
            "operation": 24
        },
        {
            "time": 13428,
            "train": 6,
            "operation": 27
        },
        {
            "time": 13437,
            "train": 7,
            "operation": 23
        },
        {
            "time": 13437,
            "train": 1,
            "operation": 39
        },
        {
            "time": 13447,
            "train": 3,
            "operation": 25
        },
        {
            "time": 13524,
            "train": 4,
            "operation": 30
        },
        {
            "time": 13527,
            "train": 5,
            "operation": 30
        },
        {
            "time": 13554,
            "train": 4,
            "operation": 31
        },
        {
            "time": 13560,
            "train": 6,
            "operation": 28
        },
        {
            "time": 13560,
            "train": 6,
            "operation": 29
        },
        {
            "time": 13593,
            "train": 3,
            "operation": 26
        },
        {
            "time": 13593,
            "train": 3,
            "operation": 27
        },
        {
            "time": 13605,
            "train": 4,
            "operation": 32
        },
        {
            "time": 13605,
            "train": 4,
            "operation": 33
        },
        {
            "time": 13647,
            "train": 1,
            "operation": 40
        },
        {
            "time": 13677,
            "train": 1,
            "operation": 42
        },
        {
            "time": 13692,
            "train": 6,
            "operation": 30
        },
        {
            "time": 13707,
            "train": 7,
            "operation": 24
        },
        {
            "time": 13737,
            "train": 7,
            "operation": 27
        },
        {
            "time": 13751,
            "train": 6,
            "operation": 32
        },
        {
            "time": 13753,
            "train": 4,
            "operation": 35
        },
        {
            "time": 13754,
            "train": 5,
            "operation": 32
        },
        {
            "time": 13783,
            "train": 4,
            "operation": 36
        },
        {
            "time": 13789,
            "train": 3,
            "operation": 28
        },
        {
            "time": 13827,
            "train": 1,
            "operation": 43
        },
        {
            "time": 13857,
            "train": 1,
            "operation": 45
        },
        {
            "time": 13889,
            "train": 5,
            "operation": 33
        },
        {
            "time": 13889,
            "train": 5,
            "operation": 34
        },
        {
            "time": 13909,
            "train": 3,
            "operation": 32
        },
        {
            "time": 13925,
            "train": 4,
            "operation": 37
        },
        {
            "time": 13947,
            "train": 7,
            "operation": 28
        },
        {
            "time": 13954,
            "train": 5,
            "operation": 35
        },
        {
            "time": 13955,
            "train": 4,
            "operation": 41
        },
        {
            "time": 13960,
            "train": 6,
            "operation": 33
        },
        {
            "time": 13977,
            "train": 7,
            "operation": 31
        },
        {
            "time": 13984,
            "train": 5,
            "operation": 36
        },
        {
            "time": 14007,
            "train": 1,
            "operation": 46
        },
        {
            "time": 14012,
            "train": 4,
            "operation": 42
        },
        {
            "time": 14037,
            "train": 1,
            "operation": 47
        },
        {
            "time": 14072,
            "train": 4,
            "operation": 44
        },
        {
            "time": 14126,
            "train": 5,
            "operation": 38
        },
        {
            "time": 14127,
            "train": 1,
            "operation": 48
        },
        {
            "time": 14127,
            "train": 1,
            "operation": 49
        },
        {
            "time": 14127,
            "train": 7,
            "operation": 32
        },
        {
            "time": 14127,
            "train": 7,
            "operation": 33
        },
        {
            "time": 14156,
            "train": 5,
            "operation": 40
        },
        {
            "time": 14160,
            "train": 6,
            "operation": 36
        },
        {
            "time": 14258,
            "train": 6,
            "operation": 37
        },
        {
            "time": 14258,
            "train": 6,
            "operation": 38
        },
        {
            "time": 14277,
            "train": 7,
            "operation": 34
        },
        {
            "time": 14307,
            "train": 1,
            "operation": 50
        },
        {
            "time": 14328,
            "train": 6,
            "operation": 39
        },
        {
            "time": 14328,
            "train": 6,
            "operation": 40
        },
        {
            "time": 14328,
            "train": 4,
            "operation": 45
        },
        {
            "time": 14337,
            "train": 1,
            "operation": 52
        },
        {
            "time": 14356,
            "train": 5,
            "operation": 42
        },
        {
            "time": 14357,
            "train": 7,
            "operation": 36
        },
        {
            "time": 14358,
            "train": 4,
            "operation": 47
        },
        {
            "time": 14446,
            "train": 5,
            "operation": 43
        },
        {
            "time": 14452,
            "train": 6,
            "operation": 41
        },
        {
            "time": 14452,
            "train": 6,
            "operation": 43
        },
        {
            "time": 14478,
            "train": 1,
            "operation": 53
        },
        {
            "time": 14478,
            "train": 1,
            "operation": 54
        },
        {
            "time": 14500,
            "train": 4,
            "operation": 48
        },
        {
            "time": 14530,
            "train": 4,
            "operation": 50
        },
        {
            "time": 14557,
            "train": 7,
            "operation": 37
        },
        {
            "time": 14559,
            "train": 6,
            "operation": 44
        },
        {
            "time": 14559,
            "train": 6,
            "operation": 48
        },
        {
            "time": 14578,
            "train": 4,
            "operation": 51
        },
        {
            "time": 14578,
            "train": 4,
            "operation": 53
        },
        {
            "time": 14587,
            "train": 7,
            "operation": 40
        },
        {
            "time": 14617,
            "train": 5,
            "operation": 44
        },
        {
            "time": 14617,
            "train": 5,
            "operation": 45
        },
        {
            "time": 14667,
            "train": 1,
            "operation": 55
        },
        {
            "time": 14673,
            "train": 7,
            "operation": 41
        },
        {
            "time": 14673,
            "train": 4,
            "operation": 54
        },
        {
            "time": 14673,
            "train": 6,
            "operation": 49
        },
        {
            "time": 14703,
            "train": 4,
            "operation": 56
        },
        {
            "time": 14703,
            "train": 7,
            "operation": 42
        },
        {
            "time": 14761,
            "train": 7,
            "operation": 43
        },
        {
            "time": 14761,
            "train": 7,
            "operation": 44
        },
        {
            "time": 14787,
            "train": 1,
            "operation": 59
        },
        {
            "time": 14788,
            "train": 5,
            "operation": 46
        },
        {
            "time": 14793,
            "train": 6,
            "operation": 51
        },
        {
            "time": 14845,
            "train": 4,
            "operation": 57
        },
        {
            "time": 14875,
            "train": 4,
            "operation": 59
        },
        {
            "time": 14907,
            "train": 7,
            "operation": 45
        },
        {
            "time": 14908,
            "train": 5,
            "operation": 49
        },
        {
            "time": 14966,
            "train": 7,
            "operation": 47
        },
        {
            "time": 14989,
            "train": 4,
            "operation": 60
        },
        {
            "time": 15047,
            "train": 6,
            "operation": 52
        },
        {
            "time": 15047,
            "train": 6,
            "operation": 54
        },
        {
            "time": 15109,
            "train": 4,
            "operation": 65
        },
        {
            "time": 15136,
            "train": 6,
            "operation": 55
        },
        {
            "time": 15147,
            "train": 7,
            "operation": 48
        },
        {
            "time": 15177,
            "train": 7,
            "operation": 52
        },
        {
            "time": 15195,
            "train": 6,
            "operation": 57
        },
        {
            "time": 15237,
            "train": 7,
            "operation": 53
        },
        {
            "time": 15269,
            "train": 6,
            "operation": 58
        },
        {
            "time": 15269,
            "train": 6,
            "operation": 60
        },
        {
            "time": 15297,
            "train": 7,
            "operation": 55
        },
        {
            "time": 15416,
            "train": 6,
            "operation": 61
        },
        {
            "time": 15416,
            "train": 6,
            "operation": 63
        },
        {
            "time": 15547,
            "train": 6,
            "operation": 64
        },
        {
            "time": 15547,
            "train": 6,
            "operation": 66
        },
        {
            "time": 15567,
            "train": 7,
            "operation": 56
        },
        {
            "time": 15597,
            "train": 7,
            "operation": 58
        },
        {
            "time": 15708,
            "train": 6,
            "operation": 67
        },
        {
            "time": 15747,
            "train": 7,
            "operation": 59
        },
        {
            "time": 15777,
            "train": 7,
            "operation": 61
        },
        {
            "time": 15827,
            "train": 7,
            "operation": 62
        },
        {
            "time": 15827,
            "train": 7,
            "operation": 64
        },
        {
            "time": 15927,
            "train": 7,
            "operation": 65
        },
        {
            "time": 15957,
            "train": 7,
            "operation": 67
        },
        {
            "time": 16107,
            "train": 7,
            "operation": 68
        },
        {
            "time": 16137,
            "train": 7,
            "operation": 70
        },
        {
            "time": 16257,
            "train": 7,
            "operation": 72
        },
        {
            "time": 16377,
            "train": 7,
            "operation": 76
        },
        {
            "time": 16908,
            "train": 6,
            "operation": 72
        }
    ]
}