{
    "objective_value": 9042,
    "events": [
        {
            "time": 0,
            "train": 0,
            "operation": 0
        },
        {
            "time": 0,
            "train": 1,
            "operation": 0
        },
        {
            "time": 0,
            "train": 2,
            "operation": 0
        },
        {
            "time": 0,
            "train": 3,
            "operation": 0
        },
        {
            "time": 0,
            "train": 4,
            "operation": 0
        },
        {
            "time": 0,
            "train": 5,
            "operation": 0
        },
        {
            "time": 0,
            "train": 6,
            "operation": 0
        },
        {
            "time": 0,
            "train": 7,
            "operation": 0
        },
        {
            "time": 0,
            "train": 8,
            "operation": 0
        },
        {
            "time": 0,
            "train": 9,
            "operation": 0
        },
        {
            "time": 0,
            "train": 10,
            "operation": 0
        },
        {
            "time": 0,
            "train": 11,
            "operation": 0
        },
        {
            "time": 0,
            "train": 12,
            "operation": 0
        },
        {
            "time": 0,
            "train": 13,
            "operation": 0
        },
        {
            "time": 0,
            "train": 14,
            "operation": 0
        },
        {
            "time": 0,
            "train": 15,
            "operation": 0
        },
        {
            "time": 49977,
            "train": 9,
            "operation": 1
        },
        {
            "time": 50063,
            "train": 6,
            "operation": 1
        },
        {
            "time": 50097,
            "train": 12,
            "operation": 1
        },
        {
            "time": 50127,
            "train": 2,
            "operation": 1
        },
        {
            "time": 50137,
            "train": 0,
            "operation": 1
        },
        {
            "time": 50142,
            "train": 8,
            "operation": 1
        },
        {
            "time": 50157,
            "train": 3,
            "operation": 1
        },
        {
            "time": 50157,
            "train": 4,
            "operation": 1
        },
        {
            "time": 50157,
            "train": 10,
            "operation": 1
        },
        {
            "time": 50187,
            "train": 12,
            "operation": 2
        },
        {
            "time": 50187,
            "train": 9,
            "operation": 2
        },
        {
            "time": 50217,
            "train": 6,
            "operation": 2
        },
        {
            "time": 50249,
            "train": 10,
            "operation": 2
        },
        {
            "time": 50277,
            "train": 4,
            "operation": 2
        },
        {
            "time": 50307,
            "train": 3,
            "operation": 3
        },
        {
            "time": 50307,
            "train": 8,
            "operation": 3
        },
        {
            "time": 50307,
            "train": 2,
            "operation": 3
        },
        {
            "time": 50327,
            "train": 0,
            "operation": 2
        },
        {
            "time": 50707,
            "train": 1,
            "operation": 1
        },
        {
            "time": 50707,
            "train": 1,
            "operation": 4
        },
        {
            "time": 50814,
            "train": 0,
            "operation": 5
        },
        {
            "time": 50825,
            "train": 8,
            "operation": 4
        },
        {
            "time": 50866,
            "train": 10,
            "operation": 4
        },
        {
            "time": 50987,
            "train": 3,
            "operation": 4
        },
        {
            "time": 50997,
            "train": 7,
            "operation": 1
        },
        {
            "time": 50997,
            "train": 7,
            "operation": 6
        },
        {
            "time": 51020,
            "train": 0,
            "operation": 6
        },
        {
            "time": 51025,
            "train": 8,
            "operation": 5
        },
        {
            "time": 51039,
            "train": 9,
            "operation": 4
        },
        {
            "time": 51045,
            "train": 12,
            "operation": 4
        },
        {
            "time": 51055,
            "train": 8,
            "operation": 8
        },
        {
            "time": 51087,
            "train": 7,
            "operation": 7
        },
        {
            "time": 51100,
            "train": 2,
            "operation": 4
        },
        {
            "time": 51101,
            "train": 3,
            "operation": 5
        },
        {
            "time": 51113,
            "train": 6,
            "operation": 4
        },
        {
            "time": 51121,
            "train": 10,
            "operation": 5
        },
        {
            "time": 51141,
            "train": 8,
            "operation": 9
        },
        {
            "time": 51171,
            "train": 8,
            "operation": 10
        },
        {
            "time": 51181,
            "train": 10,
            "operation": 7
        },
        {
            "time": 51187,
            "train": 12,
            "operation": 5
        },
        {
            "time": 51188,
            "train": 7,
            "operation": 9
        },
        {
            "time": 51196,
            "train": 9,
            "operation": 5
        },
        {
            "time": 51196,
            "train": 9,
            "operation": 6
        },
        {
            "time": 51217,
            "train": 12,
            "operation": 7
        },
        {
            "time": 51221,
            "train": 3,
            "operation": 10
        },
        {
            "time": 51245,
            "train": 8,
            "operation": 11
        },
        {
            "time": 51245,
            "train": 8,
            "operation": 12
        },
        {
            "time": 51246,
            "train": 2,
            "operation": 5
        },
        {
            "time": 51246,
            "train": 2,
            "operation": 6
        },
        {
            "time": 51256,
            "train": 10,
            "operation": 9
        },
        {
            "time": 51256,
            "train": 10,
            "operation": 12
        },
        {
            "time": 51284,
            "train": 6,
            "operation": 5
        },
        {
            "time": 51284,
            "train": 6,
            "operation": 6
        },
        {
            "time": 51294,
            "train": 4,
            "operation": 6
        },
        {
            "time": 51295,
            "train": 5,
            "operation": 1
        },
        {
            "time": 51312,
            "train": 12,
            "operation": 8
        },
        {
            "time": 51312,
            "train": 12,
            "operation": 10
        },
        {
            "time": 51330,
            "train": 7,
            "operation": 10
        },
        {
            "time": 51353,
            "train": 9,
            "operation": 8
        },
        {
            "time": 51354,
            "train": 0,
            "operation": 9
        },
        {
            "time": 51360,
            "train": 7,
            "operation": 12
        },
        {
            "time": 51360,
            "train": 12,
            "operation": 11
        },
        {
            "time": 51370,
            "train": 6,
            "operation": 7
        },
        {
            "time": 51370,
            "train": 8,
            "operation": 13
        },
        {
            "time": 51383,
            "train": 9,
            "operation": 10
        },
        {
            "time": 51390,
            "train": 12,
            "operation": 13
        },
        {
            "time": 51400,
            "train": 6,
            "operation": 8
        },
        {
            "time": 51409,
            "train": 10,
            "operation": 14
        },
        {
            "time": 51410,
            "train": 8,
            "operation": 15
        },
        {
            "time": 51442,
            "train": 2,
            "operation": 7
        },
        {
            "time": 51452,
            "train": 1,
            "operation": 5
        },
        {
            "time": 51452,
            "train": 1,
            "operation": 7
        },
        {
            "time": 51455,
            "train": 7,
            "operation": 13
        },
        {
            "time": 51455,
            "train": 7,
            "operation": 15
        },
        {
            "time": 51503,
            "train": 7,
            "operation": 16
        },
        {
            "time": 51525,
            "train": 0,
            "operation": 10
        },
        {
            "time": 51525,
            "train": 0,
            "operation": 11
        },
        {
            "time": 51529,
            "train": 10,
            "operation": 15
        },
        {
            "time": 51532,
            "train": 12,
            "operation": 14
        },
        {
            "time": 51533,
            "train": 7,
            "operation": 18
        },
        {
            "time": 51542,
            "train": 6,
            "operation": 9
        },
        {
            "time": 51562,
            "train": 12,
            "operation": 16
        },
        {
            "time": 51562,
            "train": 2,
            "operation": 11
        },
        {
            "time": 51572,
            "train": 6,
            "operation": 11
        },
        {
            "time": 51583,
            "train": 9,
            "operation": 11
        },
        {
            "time": 51610,
            "train": 8,
            "operation": 17
        },
        {
            "time": 51613,
            "train": 9,
            "operation": 14
        },
        {
            "time": 51640,
            "train": 8,
            "operation": 20
        },
        {
            "time": 51659,
            "train": 10,
            "operation": 16
        },
        {
            "time": 51659,
            "train": 10,
            "operation": 17
        },
        {
            "time": 51675,
            "train": 7,
            "operation": 19
        },
        {
            "time": 51696,
            "train": 0,
            "operation": 12
        },
        {
            "time": 51697,
            "train": 10,
            "operation": 18
        },
        {
            "time": 51697,
            "train": 10,
            "operation": 19
        },
        {
            "time": 51697,
            "train": 8,
            "operation": 21
        },
        {
            "time": 51717,
            "train": 13,
            "operation": 1
        },
        {
            "time": 51717,
            "train": 13,
            "operation": 5
        },
        {
            "time": 51757,
            "train": 8,
            "operation": 23
        },
        {
            "time": 51757,
            "train": 10,
            "operation": 20
        },
        {
            "time": 51757,
            "train": 10,
            "operation": 23
        },
        {
            "time": 51767,
            "train": 1,
            "operation": 8
        },
        {
            "time": 51767,
            "train": 1,
            "operation": 10
        },
        {
            "time": 51772,
            "train": 6,
            "operation": 12
        },
        {
            "time": 51790,
            "train": 12,
            "operation": 17
        },
        {
            "time": 51791,
            "train": 7,
            "operation": 21
        },
        {
            "time": 51802,
            "train": 6,
            "operation": 14
        },
        {
            "time": 51841,
            "train": 9,
            "operation": 15
        },
        {
            "time": 51850,
            "train": 12,
            "operation": 19
        },
        {
            "time": 51897,
            "train": 11,
            "operation": 1
        },
        {
            "time": 51897,
            "train": 11,
            "operation": 6
        },
        {
            "time": 51923,
            "train": 13,
            "operation": 6
        },
        {
            "time": 51923,
            "train": 13,
            "operation": 7
        },
        {
            "time": 51928,
            "train": 10,
            "operation": 25
        },
        {
            "time": 51936,
            "train": 12,
            "operation": 21
        },
        {
            "time": 51966,
            "train": 12,
            "operation": 24
        },
        {
            "time": 51987,
            "train": 11,
            "operation": 7
        },
        {
            "time": 51988,
            "train": 10,
            "operation": 26
        },
        {
            "time": 51996,
            "train": 0,
            "operation": 14
        },
        {
            "time": 52002,
            "train": 6,
            "operation": 16
        },
        {
            "time": 52003,
            "train": 9,
            "operation": 17
        },
        {
            "time": 52013,
            "train": 8,
            "operation": 24
        },
        {
            "time": 52017,
            "train": 11,
            "operation": 9
        },
        {
            "time": 52019,
            "train": 7,
            "operation": 22
        },
        {
            "time": 52032,
            "train": 6,
            "operation": 17
        },
        {
            "time": 52043,
            "train": 8,
            "operation": 26
        },
        {
            "time": 52077,
            "train": 13,
            "operation": 8
        },
        {
            "time": 52079,
            "train": 7,
            "operation": 24
        },
        {
            "time": 52097,
            "train": 5,
            "operation": 5
        },
        {
            "time": 52108,
            "train": 12,
            "operation": 25
        },
        {
            "time": 52130,
            "train": 10,
            "operation": 27
        },
        {
            "time": 52130,
            "train": 10,
            "operation": 28
        },
        {
            "time": 52138,
            "train": 12,
            "operation": 27
        },
        {
            "time": 52154,
            "train": 5,
            "operation": 6
        },
        {
            "time": 52167,
            "train": 11,
            "operation": 10
        },
        {
            "time": 52185,
            "train": 8,
            "operation": 27
        },
        {
            "time": 52193,
            "train": 7,
            "operation": 25
        },
        {
            "time": 52195,
            "train": 0,
            "operation": 15
        },
        {
            "time": 52197,
            "train": 11,
            "operation": 12
        },
        {
            "time": 52197,
            "train": 13,
            "operation": 10
        },
        {
            "time": 52203,
            "train": 9,
            "operation": 18
        },
        {
            "time": 52214,
            "train": 5,
            "operation": 8
        },
        {
            "time": 52215,
            "train": 8,
            "operation": 29
        },
        {
            "time": 52233,
            "train": 9,
            "operation": 20
        },
        {
            "time": 52263,
            "train": 8,
            "operation": 30
        },
        {
            "time": 52263,
            "train": 8,
            "operation": 32
        },
        {
            "time": 52267,
            "train": 12,
            "operation": 28
        },
        {
            "time": 52267,
            "train": 12,
            "operation": 29
        },
        {
            "time": 52272,
            "train": 10,
            "operation": 29
        },
        {
            "time": 52288,
            "train": 6,
            "operation": 18
        },
        {
            "time": 52297,
            "train": 11,
            "operation": 13
        },
        {
            "time": 52297,
            "train": 11,
            "operation": 15
        },
        {
            "time": 52313,
            "train": 7,
            "operation": 29
        },
        {
            "time": 52318,
            "train": 6,
            "operation": 21
        },
        {
            "time": 52337,
            "train": 12,
            "operation": 30
        },
        {
            "time": 52347,
            "train": 11,
            "operation": 16
        },
        {
            "time": 52350,
            "train": 1,
            "operation": 11
        },
        {
            "time": 52350,
            "train": 1,
            "operation": 13
        },
        {
            "time": 52358,
            "train": 8,
            "operation": 33
        },
        {
            "time": 52367,
            "train": 12,
            "operation": 31
        },
        {
            "time": 52375,
            "train": 9,
            "operation": 21
        },
        {
            "time": 52377,
            "train": 11,
            "operation": 18
        },
        {
            "time": 52377,
            "train": 13,
            "operation": 11
        },
        {
            "time": 52377,
            "train": 13,
            "operation": 12
        },
        {
            "time": 52388,
            "train": 8,
            "operation": 35
        },
        {
            "time": 52467,
            "train": 13,
            "operation": 13
        },
        {
            "time": 52470,
            "train": 5,
            "operation": 9
        },
        {
            "time": 52497,
            "train": 13,
            "operation": 14
        },
        {
            "time": 52500,
            "train": 5,
            "operation": 11
        },
        {
            "time": 52509,
            "train": 12,
            "operation": 33
        },
        {
            "time": 52510,
            "train": 0,
            "operation": 18
        },
        {
            "time": 52518,
            "train": 6,
            "operation": 23
        },
        {
            "time": 52519,
            "train": 10,
            "operation": 32
        },
        {
            "time": 52527,
            "train": 11,
            "operation": 19
        },
        {
            "time": 52530,
            "train": 8,
            "operation": 36
        },
        {
            "time": 52539,
            "train": 12,
            "operation": 35
        },
        {
            "time": 52548,
            "train": 6,
            "operation": 25
        },
        {
            "time": 52557,
            "train": 11,
            "operation": 21
        },
        {
            "time": 52560,
            "train": 8,
            "operation": 38
        },
        {
            "time": 52604,
            "train": 0,
            "operation": 19
        },
        {
            "time": 52604,
            "train": 0,
            "operation": 20
        },
        {
            "time": 52642,
            "train": 5,
            "operation": 12
        },
        {
            "time": 52647,
            "train": 13,
            "operation": 16
        },
        {
            "time": 52648,
            "train": 9,
            "operation": 23
        },
        {
            "time": 52663,
            "train": 0,
            "operation": 21
        },
        {
            "time": 52663,
            "train": 0,
            "operation": 22
        },
        {
            "time": 52672,
            "train": 5,
            "operation": 14
        },
        {
            "time": 52674,
            "train": 8,
            "operation": 39
        },
        {
            "time": 52677,
            "train": 13,
            "operation": 17
        },
        {
            "time": 52690,
            "train": 6,
            "operation": 26
        },
        {
            "time": 52690,
            "train": 6,
            "operation": 27
        },
        {
            "time": 52701,
            "train": 10,
            "operation": 33
        },
        {
            "time": 52701,
            "train": 10,
            "operation": 36
        },
        {
            "time": 52720,
            "train": 5,
            "operation": 15
        },
        {
            "time": 52720,
            "train": 5,
            "operation": 17
        },
        {
            "time": 52738,
            "train": 15,
            "operation": 1
        },
        {
            "time": 52767,
            "train": 12,
            "operation": 36
        },
        {
            "time": 52790,
            "train": 9,
            "operation": 24
        },
        {
            "time": 52794,
            "train": 8,
            "operation": 44
        },
        {
            "time": 52795,
            "train": 0,
            "operation": 23
        },
        {
            "time": 52795,
            "train": 0,
            "operation": 25
        },
        {
            "time": 52797,
            "train": 15,
            "operation": 4
        },
        {
            "time": 52797,
            "train": 11,
            "operation": 22
        },
        {
            "time": 52815,
            "train": 5,
            "operation": 18
        },
        {
            "time": 52820,
            "train": 9,
            "operation": 25
        },
        {
            "time": 52827,
            "train": 13,
            "operation": 18
        },
        {
            "time": 52832,
            "train": 6,
            "operation": 29
        },
        {
            "time": 52845,
            "train": 5,
            "operation": 20
        },
        {
            "time": 52857,
            "train": 13,
            "operation": 20
        },
        {
            "time": 52857,
            "train": 11,
            "operation": 24
        },
        {
            "time": 52870,
            "train": 10,
            "operation": 37
        },
        {
            "time": 52887,
            "train": 12,
            "operation": 38
        },
        {
            "time": 52892,
            "train": 6,
            "operation": 30
        },
        {
            "time": 52906,
            "train": 9,
            "operation": 26
        },
        {
            "time": 52906,
            "train": 9,
            "operation": 27
        },
        {
            "time": 52909,
            "train": 0,
            "operation": 26
        },
        {
            "time": 52909,
            "train": 0,
            "operation": 30
        },
        {
            "time": 52947,
            "train": 11,
            "operation": 25
        },
        {
            "time": 52966,
            "train": 0,
            "operation": 31
        },
        {
            "time": 52977,
            "train": 11,
            "operation": 29
        },
        {
            "time": 52979,
            "train": 1,
            "operation": 14
        },
        {
            "time": 52979,
            "train": 1,
            "operation": 18
        },
        {
            "time": 52987,
            "train": 5,
            "operation": 21
        },
        {
            "time": 53017,
            "train": 5,
            "operation": 23
        },
        {
            "time": 53044,
            "train": 12,
            "operation": 39
        },
        {
            "time": 53044,
            "train": 12,
            "operation": 40
        },
        {
            "time": 53067,
            "train": 13,
            "operation": 22
        },
        {
            "time": 53068,
            "train": 10,
            "operation": 39
        },
        {
            "time": 53077,
            "train": 9,
            "operation": 28
        },
        {
            "time": 53092,
            "train": 6,
            "operation": 31
        },
        {
            "time": 53097,
            "train": 13,
            "operation": 23
        },
        {
            "time": 53122,
            "train": 6,
            "operation": 34
        },
        {
            "time": 53127,
            "train": 11,
            "operation": 30
        },
        {
            "time": 53131,
            "train": 5,
            "operation": 24
        },
        {
            "time": 53146,
            "train": 0,
            "operation": 33
        },
        {
            "time": 53152,
            "train": 1,
            "operation": 19
        },
        {
            "time": 53152,
            "train": 1,
            "operation": 20
        },
        {
            "time": 53201,
            "train": 12,
            "operation": 41
        },
        {
            "time": 53215,
            "train": 10,
            "operation": 40
        },
        {
            "time": 53215,
            "train": 10,
            "operation": 42
        },
        {
            "time": 53231,
            "train": 12,
            "operation": 44
        },
        {
            "time": 53251,
            "train": 5,
            "operation": 29
        },
        {
            "time": 53264,
            "train": 6,
            "operation": 35
        },
        {
            "time": 53281,
            "train": 1,
            "operation": 22
        },
        {
            "time": 53281,
            "train": 1,
            "operation": 23
        },
        {
            "time": 53282,
            "train": 9,
            "operation": 30
        },
        {
            "time": 53294,
            "train": 6,
            "operation": 36
        },
        {
            "time": 53343,
            "train": 6,
            "operation": 37
        },
        {
            "time": 53343,
            "train": 6,
            "operation": 38
        },
        {
            "time": 53367,
            "train": 13,
            "operation": 24
        },
        {
            "time": 53372,
            "train": 10,
            "operation": 43
        },
        {
            "time": 53428,
            "train": 9,
            "operation": 31
        },
        {
            "time": 53428,
            "train": 9,
            "operation": 32
        },
        {
            "time": 53431,
            "train": 12,
            "operation": 46
        },
        {
            "time": 53432,
            "train": 13,
            "operation": 27
        },
        {
            "time": 53436,
            "train": 6,
            "operation": 40
        },
        {
            "time": 53437,
            "train": 11,
            "operation": 32
        },
        {
            "time": 53444,
            "train": 0,
            "operation": 34
        },
        {
            "time": 53444,
            "train": 0,
            "operation": 36
        },
        {
            "time": 53456,
            "train": 1,
            "operation": 24
        },
        {
            "time": 53456,
            "train": 1,
            "operation": 25
        },
        {
            "time": 53461,
            "train": 12,
            "operation": 48
        },
        {
            "time": 53466,
            "train": 6,
            "operation": 41
        },
        {
            "time": 53502,
            "train": 15,
            "operation": 5
        },
        {
            "time": 53502,
            "train": 15,
            "operation": 7
        },
        {
            "time": 53544,
            "train": 1,
            "operation": 26
        },
        {
            "time": 53544,
            "train": 1,
            "operation": 27
        },
        {
            "time": 53546,
            "train": 0,
            "operation": 37
        },
        {
            "time": 53581,
            "train": 11,
            "operation": 33
        },
        {
            "time": 53581,
            "train": 11,
            "operation": 34
        },
        {
            "time": 53605,
            "train": 0,
            "operation": 39
        },
        {
            "time": 53608,
            "train": 6,
            "operation": 42
        },
        {
            "time": 53624,
            "train": 9,
            "operation": 33
        },
        {
            "time": 53632,
            "train": 13,
            "operation": 28
        },
        {
            "time": 53636,
            "train": 11,
            "operation": 35
        },
        {
            "time": 53638,
            "train": 6,
            "operation": 46
        },
        {
            "time": 53662,
            "train": 13,
            "operation": 31
        },
        {
            "time": 53666,
            "train": 11,
            "operation": 36
        },
        {
            "time": 53671,
            "train": 0,
            "operation": 40
        },
        {
            "time": 53671,
            "train": 0,
            "operation": 42
        },
        {
            "time": 53676,
            "train": 1,
            "operation": 29
        },
        {
            "time": 53676,
            "train": 1,
            "operation": 30
        },
        {
            "time": 53677,
            "train": 10,
            "operation": 45
        },
        {
            "time": 53689,
            "train": 12,
            "operation": 49
        },
        {
            "time": 53695,
            "train": 6,
            "operation": 47
        },
        {
            "time": 53744,
            "train": 9,
            "operation": 37
        },
        {
            "time": 53755,
            "train": 6,
            "operation": 49
        },
        {
            "time": 53772,
            "train": 10,
            "operation": 46
        },
        {
            "time": 53772,
            "train": 10,
            "operation": 47
        },
        {
            "time": 53778,
            "train": 15,
            "operation": 8
        },
        {
            "time": 53778,
            "train": 15,
            "operation": 10
        },
        {
            "time": 53804,
            "train": 0,
            "operation": 43
        },
        {
            "time": 53804,
            "train": 0,
            "operation": 45
        },
        {
            "time": 53804,
            "train": 13,
            "operation": 32
        },
        {
            "time": 53804,
            "train": 13,
            "operation": 33
        },
        {
            "time": 53808,
            "train": 11,
            "operation": 37
        },
        {
            "time": 53809,
            "train": 12,
            "operation": 51
        },
        {
            "time": 53838,
            "train": 11,
            "operation": 40
        },
        {
            "time": 53850,
            "train": 10,
            "operation": 48
        },
        {
            "time": 53850,
            "train": 10,
            "operation": 49
        },
        {
            "time": 53875,
            "train": 1,
            "operation": 31
        },
        {
            "time": 53917,
            "train": 0,
            "operation": 46
        },
        {
            "time": 53917,
            "train": 0,
            "operation": 48
        },
        {
            "time": 53946,
            "train": 13,
            "operation": 34
        },
        {
            "time": 54003,
            "train": 0,
            "operation": 49
        },
        {
            "time": 54005,
            "train": 10,
            "operation": 50
        },
        {
            "time": 54009,
            "train": 12,
            "operation": 53
        },
        {
            "time": 54010,
            "train": 1,
            "operation": 33
        },
        {
            "time": 54011,
            "train": 6,
            "operation": 50
        },
        {
            "time": 54039,
            "train": 12,
            "operation": 54
        },
        {
            "time": 54041,
            "train": 6,
            "operation": 52
        },
        {
            "time": 54066,
            "train": 11,
            "operation": 42
        },
        {
            "time": 54067,
            "train": 13,
            "operation": 36
        },
        {
            "time": 54183,
            "train": 6,
            "operation": 53
        },
        {
            "time": 54186,
            "train": 11,
            "operation": 43
        },
        {
            "time": 54210,
            "train": 12,
            "operation": 55
        },
        {
            "time": 54211,
            "train": 1,
            "operation": 34
        },
        {
            "time": 54211,
            "train": 1,
            "operation": 36
        },
        {
            "time": 54213,
            "train": 6,
            "operation": 55
        },
        {
            "time": 54250,
            "train": 10,
            "operation": 52
        },
        {
            "time": 54261,
            "train": 6,
            "operation": 56
        },
        {
            "time": 54261,
            "train": 6,
            "operation": 58
        },
        {
            "time": 54267,
            "train": 13,
            "operation": 37
        },
        {
            "time": 54297,
            "train": 13,
            "operation": 40
        },
        {
            "time": 54307,
            "train": 15,
            "operation": 11
        },
        {
            "time": 54307,
            "train": 15,
            "operation": 13
        },
        {
            "time": 54356,
            "train": 6,
            "operation": 59
        },
        {
            "time": 54364,
            "train": 10,
            "operation": 53
        },
        {
            "time": 54364,
            "train": 10,
            "operation": 54
        },
        {
            "time": 54383,
            "train": 13,
            "operation": 41
        },
        {
            "time": 54386,
            "train": 6,
            "operation": 61
        },
        {
            "time": 54386,
            "train": 11,
            "operation": 44
        },
        {
            "time": 54386,
            "train": 11,
            "operation": 45
        },
        {
            "time": 54390,
            "train": 12,
            "operation": 57
        },
        {
            "time": 54413,
            "train": 13,
            "operation": 42
        },
        {
            "time": 54471,
            "train": 1,
            "operation": 37
        },
        {
            "time": 54471,
            "train": 1,
            "operation": 40
        },
        {
            "time": 54487,
            "train": 13,
            "operation": 43
        },
        {
            "time": 54487,
            "train": 13,
            "operation": 44
        },
        {
            "time": 54516,
            "train": 10,
            "operation": 55
        },
        {
            "time": 54528,
            "train": 6,
            "operation": 62
        },
        {
            "time": 54532,
            "train": 12,
            "operation": 58
        },
        {
            "time": 54558,
            "train": 6,
            "operation": 64
        },
        {
            "time": 54562,
            "train": 12,
            "operation": 59
        },
        {
            "time": 54586,
            "train": 11,
            "operation": 46
        },
        {
            "time": 54612,
            "train": 13,
            "operation": 45
        },
        {
            "time": 54642,
            "train": 13,
            "operation": 47
        },
        {
            "time": 54648,
            "train": 12,
            "operation": 60
        },
        {
            "time": 54648,
            "train": 12,
            "operation": 61
        },
        {
            "time": 54672,
            "train": 6,
            "operation": 66
        },
        {
            "time": 54692,
            "train": 1,
            "operation": 42
        },
        {
            "time": 54692,
            "train": 1,
            "operation": 44
        },
        {
            "time": 54706,
            "train": 11,
            "operation": 49
        },
        {
            "time": 54784,
            "train": 13,
            "operation": 48
        },
        {
            "time": 54792,
            "train": 6,
            "operation": 70
        },
        {
            "time": 54814,
            "train": 13,
            "operation": 52
        },
        {
            "time": 54819,
            "train": 12,
            "operation": 62
        },
        {
            "time": 54849,
            "train": 12,
            "operation": 64
        },
        {
            "time": 54856,
            "train": 1,
            "operation": 45
        },
        {
            "time": 54856,
            "train": 1,
            "operation": 46
        },
        {
            "time": 54871,
            "train": 13,
            "operation": 53
        },
        {
            "time": 54906,
            "train": 15,
            "operation": 15
        },
        {
            "time": 54907,
            "train": 10,
            "operation": 59
        },
        {
            "time": 54931,
            "train": 13,
            "operation": 55
        },
        {
            "time": 54995,
            "train": 12,
            "operation": 65
        },
        {
            "time": 54995,
            "train": 12,
            "operation": 66
        },
        {
            "time": 55019,
            "train": 1,
            "operation": 47
        },
        {
            "time": 55019,
            "train": 1,
            "operation": 49
        },
        {
            "time": 55187,
            "train": 13,
            "operation": 56
        },
        {
            "time": 55191,
            "train": 12,
            "operation": 67
        },
        {
            "time": 55192,
            "train": 15,
            "operation": 18
        },
        {
            "time": 55217,
            "train": 13,
            "operation": 58
        },
        {
            "time": 55250,
            "train": 1,
            "operation": 50
        },
        {
            "time": 55311,
            "train": 12,
            "operation": 71
        },
        {
            "time": 55312,
            "train": 14,
            "operation": 1
        },
        {
            "time": 55342,
            "train": 15,
            "operation": 19
        },
        {
            "time": 55342,
            "train": 15,
            "operation": 20
        },
        {
            "time": 55343,
            "train": 14,
            "operation": 5
        },
        {
            "time": 55359,
            "train": 13,
            "operation": 59
        },
        {
            "time": 55389,
            "train": 13,
            "operation": 61
        },
        {
            "time": 55437,
            "train": 13,
            "operation": 62
        },
        {
            "time": 55437,
            "train": 13,
            "operation": 64
        },
        {
            "time": 55445,
            "train": 1,
            "operation": 53
        },
        {
            "time": 55448,
            "train": 10,
            "operation": 60
        },
        {
            "time": 55454,
            "train": 15,
            "operation": 21
        },
        {
            "time": 55454,
            "train": 15,
            "operation": 23
        },
        {
            "time": 55523,
            "train": 14,
            "operation": 6
        },
        {
            "time": 55523,
            "train": 14,
            "operation": 7
        },
        {
            "time": 55532,
            "train": 13,
            "operation": 65
        },
        {
            "time": 55562,
            "train": 13,
            "operation": 67
        },
        {
            "time": 55568,
            "train": 10,
            "operation": 62
        },
        {
            "time": 55577,
            "train": 1,
            "operation": 54
        },
        {
            "time": 55577,
            "train": 1,
            "operation": 55
        },
        {
            "time": 55594,
            "train": 15,
            "operation": 24
        },
        {
            "time": 55594,
            "train": 15,
            "operation": 25
        },
        {
            "time": 55623,
            "train": 0,
            "operation": 54
        },
        {
            "time": 55657,
            "train": 14,
            "operation": 8
        },
        {
            "time": 55663,
            "train": 15,
            "operation": 26
        },
        {
            "time": 55663,
            "train": 15,
            "operation": 27
        },
        {
            "time": 55687,
            "train": 14,
            "operation": 10
        },
        {
            "time": 55707,
            "train": 13,
            "operation": 68
        },
        {
            "time": 55737,
            "train": 13,
            "operation": 70
        },
        {
            "time": 55753,
            "train": 15,
            "operation": 28
        },
        {
            "time": 55753,
            "train": 15,
            "operation": 30
        },
        {
            "time": 55844,
            "train": 1,
            "operation": 56
        },
        {
            "time": 55857,
            "train": 13,
            "operation": 71
        },
        {
            "time": 55858,
            "train": 14,
            "operation": 11
        },
        {
            "time": 55858,
            "train": 14,
            "operation": 12
        },
        {
            "time": 55867,
            "train": 15,
            "operation": 31
        },
        {
            "time": 55867,
            "train": 15,
            "operation": 33
        },
        {
            "time": 55944,
            "train": 14,
            "operation": 13
        },
        {
            "time": 55964,
            "train": 1,
            "operation": 57
        },
        {
            "time": 55974,
            "train": 14,
            "operation": 14
        },
        {
            "time": 55977,
            "train": 13,
            "operation": 76
        },
        {
            "time": 56019,
            "train": 15,
            "operation": 34
        },
        {
            "time": 56019,
            "train": 15,
            "operation": 36
        },
        {
            "time": 56059,
            "train": 10,
            "operation": 63
        },
        {
            "time": 56059,
            "train": 10,
            "operation": 65
        },
        {
            "time": 56116,
            "train": 14,
            "operation": 15
        },
        {
            "time": 56146,
            "train": 14,
            "operation": 17
        },
        {
            "time": 56252,
            "train": 15,
            "operation": 37
        },
        {
            "time": 56288,
            "train": 14,
            "operation": 18
        },
        {
            "time": 56306,
            "train": 10,
            "operation": 66
        },
        {
            "time": 56306,
            "train": 10,
            "operation": 68
        },
        {
            "time": 56318,
            "train": 14,
            "operation": 20
        },
        {
            "time": 56432,
            "train": 15,
            "operation": 40
        },
        {
            "time": 56518,
            "train": 14,
            "operation": 21
        },
        {
            "time": 56621,
            "train": 15,
            "operation": 41
        },
        {
            "time": 56621,
            "train": 15,
            "operation": 44
        },
        {
            "time": 56668,
            "train": 14,
            "operation": 23
        },
        {
            "time": 56757,
            "train": 15,
            "operation": 45
        },
        {
            "time": 56757,
            "train": 15,
            "operation": 46
        },
        {
            "time": 56893,
            "train": 15,
            "operation": 47
        },
        {
            "time": 56924,
            "train": 14,
            "operation": 24
        },
        {
            "time": 56954,
            "train": 14,
            "operation": 27
        },
        {
            "time": 57043,
            "train": 15,
            "operation": 49
        },
        {
            "time": 57080,
            "train": 10,
            "operation": 69
        },
        {
            "time": 57139,
            "train": 10,
            "operation": 72
        },
        {
            "time": 57177,
            "train": 14,
            "operation": 28
        },
        {
            "time": 57252,
            "train": 15,
            "operation": 50
        },
        {
            "time": 57302,
            "train": 14,
            "operation": 31
        },
        {
            "time": 57432,
            "train": 15,
            "operation": 53
        },
        {
            "time": 57459,
            "train": 14,
            "operation": 32
        },
        {
            "time": 57459,
            "train": 14,
            "operation": 33
        },
        {
            "time": 57527,
            "train": 15,
            "operation": 54
        },
        {
            "time": 57527,
            "train": 15,
            "operation": 55
        },
        {
            "time": 57600,
            "train": 15,
            "operation": 56
        },
        {
            "time": 57600,
            "train": 15,
            "operation": 57
        },
        {
            "time": 57616,
            "train": 14,
            "operation": 34
        },
        {
            "time": 57646,
            "train": 14,
            "operation": 36
        },
        {
            "time": 57717,
            "train": 15,
            "operation": 58
        },
        {
            "time": 57717,
            "train": 15,
            "operation": 60
        },
        {
            "time": 57831,
            "train": 15,
            "operation": 61
        },
        {
            "time": 57831,
            "train": 15,
            "operation": 65
        },
        {
            "time": 57846,
            "train": 14,
            "operation": 37
        },
        {
            "time": 57876,
            "train": 14,
            "operation": 40
        },
        {
            "time": 57888,
            "train": 15,
            "operation": 66
        },
        {
            "time": 57962,
            "train": 14,
            "operation": 41
        },
        {
            "time": 57992,
            "train": 14,
            "operation": 42
        },
        {
            "time": 58008,
            "train": 15,
            "operation": 68
        },
        {
            "time": 58066,
            "train": 14,
            "operation": 43
        },
        {
            "time": 58066,
            "train": 14,
            "operation": 44
        },
        {
            "time": 58191,
            "train": 14,
            "operation": 45
        },
        {
            "time": 58221,
            "train": 14,
            "operation": 47
        },
        {
            "time": 58306,
            "train": 15,
            "operation": 69
        },
        {
            "time": 58306,
            "train": 15,
            "operation": 71
        },
        {
            "time": 58363,
            "train": 14,
            "operation": 48
        },
        {
            "time": 58393,
            "train": 14,
            "operation": 52
        },
        {
            "time": 58408,
            "train": 15,
            "operation": 72
        },
        {
            "time": 58450,
            "train": 14,
            "operation": 53
        },
        {
            "time": 58467,
            "train": 15,
            "operation": 74
        },
        {
            "time": 58510,
            "train": 14,
            "operation": 55
        },
        {
            "time": 58529,
            "train": 15,
            "operation": 75
        },
        {
            "time": 58529,
            "train": 15,
            "operation": 77
        },
        {
            "time": 58653,
            "train": 15,
            "operation": 78
        },
        {
            "time": 58653,
            "train": 15,
            "operation": 80
        },
        {
            "time": 58758,
            "train": 15,
            "operation": 81
        },
        {
            "time": 58758,
            "train": 15,
            "operation": 83
        },
        {
            "time": 58767,
            "train": 14,
            "operation": 56
        },
        {
            "time": 58797,
            "train": 14,
            "operation": 58
        },
        {
            "time": 58866,
            "train": 15,
            "operation": 84
        },
        {
            "time": 58947,
            "train": 14,
            "operation": 59
        },
        {
            "time": 58977,
            "train": 14,
            "operation": 61
        },
        {
            "time": 58986,
            "train": 15,
            "operation": 89
        },
        {
            "time": 59027,
            "train": 14,
            "operation": 62
        },
        {
            "time": 59027,
            "train": 14,
            "operation": 64
        },
        {
            "time": 59127,
            "train": 14,
            "operation": 65
        },
        {
            "time": 59157,
            "train": 14,
            "operation": 67
        },
        {
            "time": 59307,
            "train": 14,
            "operation": 68
        },
        {
            "time": 59337,
            "train": 14,
            "operation": 70
        },
        {
            "time": 59457,
            "train": 14,
            "operation": 71
        },
        {
            "time": 59577,
            "train": 14,
            "operation": 76
        }
    ]
}