{
    "objective_value": 4238,
    "events": [
        {
            "time": 0,
            "train": 0,
            "operation": 0
        },
        {
            "time": 0,
            "train": 1,
            "operation": 0
        },
        {
            "time": 0,
            "train": 2,
            "operation": 0
        },
        {
            "time": 0,
            "train": 3,
            "operation": 0
        },
        {
            "time": 0,
            "train": 4,
            "operation": 0
        },
        {
            "time": 0,
            "train": 5,
            "operation": 0
        },
        {
            "time": 0,
            "train": 5,
            "operation": 1
        },
        {
            "time": 0,
            "train": 6,
            "operation": 0
        },
        {
            "time": 0,
            "train": 6,
            "operation": 1
        },
        {
            "time": 0,
            "train": 7,
            "operation": 0
        },
        {
            "time": 0,
            "train": 8,
            "operation": 0
        },
        {
            "time": 11,
            "train": 2,
            "operation": 1
        },
        {
            "time": 19,
            "train": 2,
            "operation": 2
        },
        {
            "time": 23,
            "train": 6,
            "operation": 2
        },
        {
            "time": 320,
            "train": 3,
            "operation": 1
        },
        {
            "time": 322,
            "train": 0,
            "operation": 1
        },
        {
            "time": 335,
            "train": 3,
            "operation": 2
        },
        {
            "time": 337,
            "train": 0,
            "operation": 2
        },
        {
            "time": 405,
            "train": 7,
            "operation": 2
        },
        {
            "time": 408,
            "train": 2,
            "operation": 3
        },
        {
            "time": 408,
            "train": 2,
            "operation": 4
        },
        {
            "time": 440,
            "train": 5,
            "operation": 2
        },
        {
            "time": 451,
            "train": 6,
            "operation": 3
        },
        {
            "time": 480,
            "train": 8,
            "operation": 1
        },
        {
            "time": 494,
            "train": 8,
            "operation": 2
        },
        {
            "time": 496,
            "train": 6,
            "operation": 4
        },
        {
            "time": 499,
            "train": 3,
            "operation": 3
        },
        {
            "time": 503,
            "train": 3,
            "operation": 4
        },
        {
            "time": 509,
            "train": 4,
            "operation": 1
        },
        {
            "time": 550,
            "train": 7,
            "operation": 4
        },
        {
            "time": 584,
            "train": 3,
            "operation": 5
        },
        {
            "time": 589,
            "train": 3,
            "operation": 6
        },
        {
            "time": 696,
            "train": 6,
            "operation": 5
        },
        {
            "time": 713,
            "train": 6,
            "operation": 6
        },
        {
            "time": 726,
            "train": 1,
            "operation": 1
        },
        {
            "time": 736,
            "train": 1,
            "operation": 3
        },
        {
            "time": 747,
            "train": 6,
            "operation": 8
        },
        {
            "time": 749,
            "train": 4,
            "operation": 2
        },
        {
            "time": 780,
            "train": 6,
            "operation": 10
        },
        {
            "time": 880,
            "train": 1,
            "operation": 5
        },
        {
            "time": 886,
            "train": 3,
            "operation": 7
        },
        {
            "time": 888,
            "train": 1,
            "operation": 8
        },
        {
            "time": 902,
            "train": 3,
            "operation": 8
        },
        {
            "time": 923,
            "train": 8,
            "operation": 4
        },
        {
            "time": 934,
            "train": 8,
            "operation": 6
        },
        {
            "time": 998,
            "train": 8,
            "operation": 8
        },
        {
            "time": 1016,
            "train": 8,
            "operation": 11
        },
        {
            "time": 1042,
            "train": 1,
            "operation": 11
        },
        {
            "time": 1050,
            "train": 0,
            "operation": 3
        },
        {
            "time": 1058,
            "train": 1,
            "operation": 13
        },
        {
            "time": 1065,
            "train": 0,
            "operation": 4
        },
        {
            "time": 1074,
            "train": 5,
            "operation": 3
        },
        {
            "time": 1094,
            "train": 8,
            "operation": 15
        },
        {
            "time": 1099,
            "train": 5,
            "operation": 4
        },
        {
            "time": 1105,
            "train": 8,
            "operation": 20
        },
        {
            "time": 1184,
            "train": 7,
            "operation": 6
        },
        {
            "time": 1204,
            "train": 7,
            "operation": 8
        },
        {
            "time": 1212,
            "train": 6,
            "operation": 15
        },
        {
            "time": 1238,
            "train": 3,
            "operation": 9
        },
        {
            "time": 1239,
            "train": 6,
            "operation": 21
        },
        {
            "time": 1243,
            "train": 3,
            "operation": 10
        },
        {
            "time": 1303,
            "train": 8,
            "operation": 32
        },
        {
            "time": 1319,
            "train": 8,
            "operation": 36
        },
        {
            "time": 1355,
            "train": 6,
            "operation": 27
        },
        {
            "time": 1362,
            "train": 6,
            "operation": 33
        },
        {
            "time": 1368,
            "train": 3,
            "operation": 11
        },
        {
            "time": 1374,
            "train": 3,
            "operation": 12
        },
        {
            "time": 1414,
            "train": 1,
            "operation": 15
        },
        {
            "time": 1433,
            "train": 1,
            "operation": 19
        },
        {
            "time": 1610,
            "train": 0,
            "operation": 5
        },
        {
            "time": 1624,
            "train": 0,
            "operation": 6
        },
        {
            "time": 1628,
            "train": 3,
            "operation": 13
        },
        {
            "time": 1633,
            "train": 3,
            "operation": 15
        },
        {
            "time": 1655,
            "train": 1,
            "operation": 24
        },
        {
            "time": 1688,
            "train": 1,
            "operation": 28
        },
        {
            "time": 1785,
            "train": 8,
            "operation": 39
        },
        {
            "time": 1796,
            "train": 3,
            "operation": 17
        },
        {
            "time": 1800,
            "train": 3,
            "operation": 19
        },
        {
            "time": 1804,
            "train": 7,
            "operation": 10
        },
        {
            "time": 1807,
            "train": 8,
            "operation": 42
        },
        {
            "time": 1819,
            "train": 7,
            "operation": 12
        },
        {
            "time": 1895,
            "train": 6,
            "operation": 35
        },
        {
            "time": 1903,
            "train": 5,
            "operation": 5
        },
        {
            "time": 1909,
            "train": 7,
            "operation": 14
        },
        {
            "time": 1916,
            "train": 6,
            "operation": 37
        },
        {
            "time": 1923,
            "train": 5,
            "operation": 6
        },
        {
            "time": 1934,
            "train": 7,
            "operation": 17
        },
        {
            "time": 2043,
            "train": 7,
            "operation": 21
        },
        {
            "time": 2050,
            "train": 8,
            "operation": 49
        },
        {
            "time": 2054,
            "train": 8,
            "operation": 53
        },
        {
            "time": 2057,
            "train": 3,
            "operation": 21
        },
        {
            "time": 2059,
            "train": 7,
            "operation": 26
        },
        {
            "time": 2061,
            "train": 3,
            "operation": 23
        },
        {
            "time": 2133,
            "train": 1,
            "operation": 40
        },
        {
            "time": 2136,
            "train": 8,
            "operation": 55
        },
        {
            "time": 2141,
            "train": 8,
            "operation": 57
        },
        {
            "time": 2156,
            "train": 1,
            "operation": 46
        },
        {
            "time": 2237,
            "train": 8,
            "operation": 60
        },
        {
            "time": 2241,
            "train": 3,
            "operation": 25
        },
        {
            "time": 2245,
            "train": 3,
            "operation": 27
        },
        {
            "time": 2252,
            "train": 8,
            "operation": 62
        },
        {
            "time": 2252,
            "train": 1,
            "operation": 51
        },
        {
            "time": 2258,
            "train": 1,
            "operation": 57
        },
        {
            "time": 2270,
            "train": 0,
            "operation": 7
        },
        {
            "time": 2281,
            "train": 0,
            "operation": 8
        },
        {
            "time": 2337,
            "train": 7,
            "operation": 38
        },
        {
            "time": 2359,
            "train": 7,
            "operation": 42
        },
        {
            "time": 2440,
            "train": 5,
            "operation": 7
        },
        {
            "time": 2460,
            "train": 5,
            "operation": 8
        },
        {
            "time": 2501,
            "train": 8,
            "operation": 65
        },
        {
            "time": 2505,
            "train": 8,
            "operation": 68
        },
        {
            "time": 2547,
            "train": 4,
            "operation": 3
        },
        {
            "time": 2560,
            "train": 4,
            "operation": 5
        },
        {
            "time": 2582,
            "train": 6,
            "operation": 39
        },
        {
            "time": 2586,
            "train": 8,
            "operation": 69
        },
        {
            "time": 2591,
            "train": 8,
            "operation": 70
        },
        {
            "time": 2603,
            "train": 6,
            "operation": 42
        },
        {
            "time": 2638,
            "train": 3,
            "operation": 29
        },
        {
            "time": 2640,
            "train": 0,
            "operation": 10
        },
        {
            "time": 2641,
            "train": 3,
            "operation": 31
        },
        {
            "time": 2650,
            "train": 0,
            "operation": 12
        },
        {
            "time": 2679,
            "train": 1,
            "operation": 63
        },
        {
            "time": 2694,
            "train": 1,
            "operation": 65
        },
        {
            "time": 2729,
            "train": 3,
            "operation": 33
        },
        {
            "time": 2731,
            "train": 8,
            "operation": 72
        },
        {
            "time": 2733,
            "train": 3,
            "operation": 35
        },
        {
            "time": 2746,
            "train": 8,
            "operation": 74
        },
        {
            "time": 2761,
            "train": 4,
            "operation": 7
        },
        {
            "time": 2772,
            "train": 4,
            "operation": 10
        },
        {
            "time": 2971,
            "train": 3,
            "operation": 37
        },
        {
            "time": 2975,
            "train": 3,
            "operation": 39
        },
        {
            "time": 2988,
            "train": 4,
            "operation": 13
        },
        {
            "time": 3011,
            "train": 4,
            "operation": 15
        },
        {
            "time": 3012,
            "train": 7,
            "operation": 45
        },
        {
            "time": 3030,
            "train": 0,
            "operation": 16
        },
        {
            "time": 3040,
            "train": 0,
            "operation": 20
        },
        {
            "time": 3042,
            "train": 7,
            "operation": 48
        },
        {
            "time": 3139,
            "train": 3,
            "operation": 41
        },
        {
            "time": 3139,
            "train": 3,
            "operation": 43
        },
        {
            "time": 3170,
            "train": 1,
            "operation": 67
        },
        {
            "time": 3201,
            "train": 6,
            "operation": 52
        },
        {
            "time": 3231,
            "train": 6,
            "operation": 56
        },
        {
            "time": 3245,
            "train": 1,
            "operation": 70
        },
        {
            "time": 3248,
            "train": 8,
            "operation": 78
        },
        {
            "time": 3272,
            "train": 8,
            "operation": 82
        },
        {
            "time": 3274,
            "train": 5,
            "operation": 9
        },
        {
            "time": 3295,
            "train": 5,
            "operation": 10
        },
        {
            "time": 3337,
            "train": 6,
            "operation": 59
        },
        {
            "time": 3344,
            "train": 6,
            "operation": 62
        },
        {
            "time": 3381,
            "train": 7,
            "operation": 55
        },
        {
            "time": 3386,
            "train": 7,
            "operation": 59
        },
        {
            "time": 3439,
            "train": 4,
            "operation": 17
        },
        {
            "time": 3439,
            "train": 4,
            "operation": 19
        },
        {
            "time": 3501,
            "train": 7,
            "operation": 61
        },
        {
            "time": 3507,
            "train": 7,
            "operation": 63
        },
        {
            "time": 3524,
            "train": 5,
            "operation": 11
        },
        {
            "time": 3529,
            "train": 5,
            "operation": 12
        },
        {
            "time": 3641,
            "train": 7,
            "operation": 65
        },
        {
            "time": 3643,
            "train": 5,
            "operation": 13
        },
        {
            "time": 3650,
            "train": 5,
            "operation": 14
        },
        {
            "time": 3656,
            "train": 8,
            "operation": 92
        },
        {
            "time": 3662,
            "train": 7,
            "operation": 67
        },
        {
            "time": 3673,
            "train": 1,
            "operation": 79
        },
        {
            "time": 3689,
            "train": 8,
            "operation": 94
        },
        {
            "time": 3722,
            "train": 1,
            "operation": 83
        },
        {
            "time": 3723,
            "train": 8,
            "operation": 96
        },
        {
            "time": 3739,
            "train": 8,
            "operation": 98
        },
        {
            "time": 3779,
            "train": 0,
            "operation": 22
        },
        {
            "time": 3779,
            "train": 0,
            "operation": 24
        },
        {
            "time": 3885,
            "train": 6,
            "operation": 75
        },
        {
            "time": 3896,
            "train": 8,
            "operation": 100
        },
        {
            "time": 3907,
            "train": 6,
            "operation": 77
        },
        {
            "time": 3932,
            "train": 8,
            "operation": 102
        },
        {
            "time": 4065,
            "train": 5,
            "operation": 15
        },
        {
            "time": 4086,
            "train": 5,
            "operation": 16
        },
        {
            "time": 4185,
            "train": 6,
            "operation": 79
        },
        {
            "time": 4188,
            "train": 1,
            "operation": 98
        },
        {
            "time": 4200,
            "train": 6,
            "operation": 82
        },
        {
            "time": 4204,
            "train": 1,
            "operation": 101
        },
        {
            "time": 4309,
            "train": 6,
            "operation": 85
        },
        {
            "time": 4328,
            "train": 7,
            "operation": 69
        },
        {
            "time": 4349,
            "train": 7,
            "operation": 72
        },
        {
            "time": 4351,
            "train": 6,
            "operation": 88
        },
        {
            "time": 4368,
            "train": 8,
            "operation": 106
        },
        {
            "time": 4384,
            "train": 8,
            "operation": 110
        },
        {
            "time": 4400,
            "train": 6,
            "operation": 91
        },
        {
            "time": 4402,
            "train": 1,
            "operation": 108
        },
        {
            "time": 4413,
            "train": 1,
            "operation": 111
        },
        {
            "time": 4413,
            "train": 6,
            "operation": 94
        },
        {
            "time": 4471,
            "train": 5,
            "operation": 17
        },
        {
            "time": 4476,
            "train": 5,
            "operation": 18
        },
        {
            "time": 4491,
            "train": 1,
            "operation": 116
        },
        {
            "time": 4509,
            "train": 1,
            "operation": 122
        },
        {
            "time": 4534,
            "train": 6,
            "operation": 97
        },
        {
            "time": 4534,
            "train": 6,
            "operation": 98
        },
        {
            "time": 4573,
            "train": 1,
            "operation": 128
        },
        {
            "time": 4584,
            "train": 1,
            "operation": 134
        },
        {
            "time": 4601,
            "train": 5,
            "operation": 19
        },
        {
            "time": 4607,
            "train": 5,
            "operation": 20
        },
        {
            "time": 4689,
            "train": 8,
            "operation": 113
        },
        {
            "time": 4699,
            "train": 8,
            "operation": 116
        },
        {
            "time": 4861,
            "train": 5,
            "operation": 21
        },
        {
            "time": 4867,
            "train": 5,
            "operation": 23
        },
        {
            "time": 4882,
            "train": 7,
            "operation": 81
        },
        {
            "time": 4888,
            "train": 7,
            "operation": 85
        },
        {
            "time": 5004,
            "train": 7,
            "operation": 89
        },
        {
            "time": 5013,
            "train": 1,
            "operation": 144
        },
        {
            "time": 5027,
            "train": 1,
            "operation": 146
        },
        {
            "time": 5032,
            "train": 7,
            "operation": 93
        },
        {
            "time": 5079,
            "train": 5,
            "operation": 25
        },
        {
            "time": 5085,
            "train": 5,
            "operation": 27
        },
        {
            "time": 5322,
            "train": 0,
            "operation": 27
        },
        {
            "time": 5332,
            "train": 0,
            "operation": 31
        },
        {
            "time": 5419,
            "train": 5,
            "operation": 29
        },
        {
            "time": 5424,
            "train": 5,
            "operation": 31
        },
        {
            "time": 5442,
            "train": 7,
            "operation": 97
        },
        {
            "time": 5469,
            "train": 8,
            "operation": 122
        },
        {
            "time": 5469,
            "train": 8,
            "operation": 124
        },
        {
            "time": 5476,
            "train": 0,
            "operation": 33
        },
        {
            "time": 5480,
            "train": 1,
            "operation": 148
        },
        {
            "time": 5484,
            "train": 0,
            "operation": 36
        },
        {
            "time": 5486,
            "train": 7,
            "operation": 99
        },
        {
            "time": 5505,
            "train": 1,
            "operation": 150
        },
        {
            "time": 5520,
            "train": 7,
            "operation": 101
        },
        {
            "time": 5536,
            "train": 7,
            "operation": 103
        },
        {
            "time": 5632,
            "train": 6,
            "operation": 99
        },
        {
            "time": 5632,
            "train": 6,
            "operation": 100
        },
        {
            "time": 5632,
            "train": 6,
            "operation": 101
        },
        {
            "time": 5638,
            "train": 0,
            "operation": 39
        },
        {
            "time": 5654,
            "train": 0,
            "operation": 41
        },
        {
            "time": 5658,
            "train": 5,
            "operation": 33
        },
        {
            "time": 5664,
            "train": 5,
            "operation": 35
        },
        {
            "time": 5693,
            "train": 7,
            "operation": 106
        },
        {
            "time": 5729,
            "train": 7,
            "operation": 108
        },
        {
            "time": 6000,
            "train": 0,
            "operation": 43
        },
        {
            "time": 6039,
            "train": 0,
            "operation": 45
        },
        {
            "time": 6055,
            "train": 8,
            "operation": 127
        },
        {
            "time": 6067,
            "train": 8,
            "operation": 131
        },
        {
            "time": 6080,
            "train": 1,
            "operation": 151
        },
        {
            "time": 6094,
            "train": 1,
            "operation": 152
        },
        {
            "time": 6175,
            "train": 5,
            "operation": 37
        },
        {
            "time": 6179,
            "train": 5,
            "operation": 39
        },
        {
            "time": 6186,
            "train": 7,
            "operation": 111
        },
        {
            "time": 6209,
            "train": 7,
            "operation": 115
        },
        {
            "time": 6210,
            "train": 0,
            "operation": 47
        },
        {
            "time": 6227,
            "train": 0,
            "operation": 49
        },
        {
            "time": 6261,
            "train": 0,
            "operation": 51
        },
        {
            "time": 6294,
            "train": 0,
            "operation": 53
        },
        {
            "time": 6294,
            "train": 5,
            "operation": 41
        },
        {
            "time": 6300,
            "train": 5,
            "operation": 43
        },
        {
            "time": 6425,
            "train": 7,
            "operation": 117
        },
        {
            "time": 6436,
            "train": 7,
            "operation": 120
        },
        {
            "time": 6463,
            "train": 1,
            "operation": 153
        },
        {
            "time": 6477,
            "train": 1,
            "operation": 154
        },
        {
            "time": 6532,
            "train": 8,
            "operation": 133
        },
        {
            "time": 6544,
            "train": 8,
            "operation": 137
        },
        {
            "time": 6609,
            "train": 5,
            "operation": 45
        },
        {
            "time": 6614,
            "train": 5,
            "operation": 47
        },
        {
            "time": 6637,
            "train": 7,
            "operation": 123
        },
        {
            "time": 6650,
            "train": 7,
            "operation": 125
        },
        {
            "time": 6657,
            "train": 0,
            "operation": 57
        },
        {
            "time": 6678,
            "train": 0,
            "operation": 63
        },
        {
            "time": 6827,
            "train": 5,
            "operation": 49
        },
        {
            "time": 6827,
            "train": 5,
            "operation": 51
        },
        {
            "time": 6983,
            "train": 8,
            "operation": 141
        },
        {
            "time": 6995,
            "train": 8,
            "operation": 145
        },
        {
            "time": 7074,
            "train": 1,
            "operation": 155
        },
        {
            "time": 7089,
            "train": 1,
            "operation": 156
        },
        {
            "time": 7144,
            "train": 0,
            "operation": 69
        },
        {
            "time": 7159,
            "train": 0,
            "operation": 75
        },
        {
            "time": 7253,
            "train": 1,
            "operation": 157
        },
        {
            "time": 7257,
            "train": 1,
            "operation": 158
        },
        {
            "time": 7299,
            "train": 0,
            "operation": 84
        },
        {
            "time": 7304,
            "train": 0,
            "operation": 87
        },
        {
            "time": 7338,
            "train": 1,
            "operation": 159
        },
        {
            "time": 7343,
            "train": 1,
            "operation": 160
        },
        {
            "time": 7385,
            "train": 0,
            "operation": 88
        },
        {
            "time": 7390,
            "train": 0,
            "operation": 89
        },
        {
            "time": 7639,
            "train": 0,
            "operation": 91
        },
        {
            "time": 7640,
            "train": 1,
            "operation": 161
        },
        {
            "time": 7654,
            "train": 0,
            "operation": 93
        },
        {
            "time": 7656,
            "train": 1,
            "operation": 162
        },
        {
            "time": 7709,
            "train": 8,
            "operation": 149
        },
        {
            "time": 7723,
            "train": 8,
            "operation": 153
        },
        {
            "time": 7750,
            "train": 0,
            "operation": 96
        },
        {
            "time": 7754,
            "train": 0,
            "operation": 100
        },
        {
            "time": 7836,
            "train": 0,
            "operation": 103
        },
        {
            "time": 7840,
            "train": 0,
            "operation": 106
        },
        {
            "time": 7992,
            "train": 1,
            "operation": 163
        },
        {
            "time": 7997,
            "train": 1,
            "operation": 164
        },
        {
            "time": 8083,
            "train": 0,
            "operation": 108
        },
        {
            "time": 8105,
            "train": 0,
            "operation": 110
        },
        {
            "time": 8122,
            "train": 1,
            "operation": 165
        },
        {
            "time": 8128,
            "train": 1,
            "operation": 166
        },
        {
            "time": 8269,
            "train": 8,
            "operation": 157
        },
        {
            "time": 8270,
            "train": 7,
            "operation": 127
        },
        {
            "time": 8270,
            "train": 7,
            "operation": 129
        },
        {
            "time": 8282,
            "train": 8,
            "operation": 161
        },
        {
            "time": 8382,
            "train": 1,
            "operation": 167
        },
        {
            "time": 8387,
            "train": 1,
            "operation": 169
        },
        {
            "time": 8550,
            "train": 1,
            "operation": 171
        },
        {
            "time": 8554,
            "train": 1,
            "operation": 173
        },
        {
            "time": 8571,
            "train": 0,
            "operation": 113
        },
        {
            "time": 8587,
            "train": 0,
            "operation": 116
        },
        {
            "time": 8785,
            "train": 0,
            "operation": 123
        },
        {
            "time": 8796,
            "train": 0,
            "operation": 126
        },
        {
            "time": 8811,
            "train": 1,
            "operation": 175
        },
        {
            "time": 8815,
            "train": 1,
            "operation": 177
        },
        {
            "time": 8874,
            "train": 0,
            "operation": 131
        },
        {
            "time": 8892,
            "train": 0,
            "operation": 135
        },
        {
            "time": 8956,
            "train": 0,
            "operation": 139
        },
        {
            "time": 8967,
            "train": 0,
            "operation": 141
        },
        {
            "time": 8995,
            "train": 1,
            "operation": 179
        },
        {
            "time": 8999,
            "train": 1,
            "operation": 181
        },
        {
            "time": 9130,
            "train": 8,
            "operation": 165
        },
        {
            "time": 9146,
            "train": 8,
            "operation": 169
        },
        {
            "time": 9203,
            "train": 7,
            "operation": 132
        },
        {
            "time": 9215,
            "train": 7,
            "operation": 136
        },
        {
            "time": 9392,
            "train": 1,
            "operation": 183
        },
        {
            "time": 9395,
            "train": 1,
            "operation": 185
        },
        {
            "time": 9396,
            "train": 0,
            "operation": 145
        },
        {
            "time": 9410,
            "train": 0,
            "operation": 147
        },
        {
            "time": 9483,
            "train": 1,
            "operation": 187
        },
        {
            "time": 9487,
            "train": 1,
            "operation": 189
        },
        {
            "time": 9680,
            "train": 7,
            "operation": 142
        },
        {
            "time": 9692,
            "train": 7,
            "operation": 146
        },
        {
            "time": 9703,
            "train": 8,
            "operation": 173
        },
        {
            "time": 9718,
            "train": 8,
            "operation": 177
        },
        {
            "time": 9725,
            "train": 1,
            "operation": 191
        },
        {
            "time": 9729,
            "train": 1,
            "operation": 193
        },
        {
            "time": 9863,
            "train": 0,
            "operation": 149
        },
        {
            "time": 9888,
            "train": 0,
            "operation": 151
        },
        {
            "time": 9893,
            "train": 1,
            "operation": 195
        },
        {
            "time": 9893,
            "train": 1,
            "operation": 197
        },
        {
            "time": 10130,
            "train": 7,
            "operation": 150
        },
        {
            "time": 10143,
            "train": 7,
            "operation": 154
        },
        {
            "time": 10157,
            "train": 8,
            "operation": 181
        },
        {
            "time": 10172,
            "train": 8,
            "operation": 185
        },
        {
            "time": 10463,
            "train": 0,
            "operation": 152
        },
        {
            "time": 10477,
            "train": 0,
            "operation": 153
        },
        {
            "time": 10578,
            "train": 8,
            "operation": 189
        },
        {
            "time": 10595,
            "train": 8,
            "operation": 193
        },
        {
            "time": 10846,
            "train": 0,
            "operation": 154
        },
        {
            "time": 10857,
            "train": 7,
            "operation": 158
        },
        {
            "time": 10860,
            "train": 0,
            "operation": 155
        },
        {
            "time": 10871,
            "train": 7,
            "operation": 162
        },
        {
            "time": 11043,
            "train": 8,
            "operation": 198
        },
        {
            "time": 11058,
            "train": 8,
            "operation": 204
        },
        {
            "time": 11137,
            "train": 8,
            "operation": 209
        },
        {
            "time": 11147,
            "train": 8,
            "operation": 215
        },
        {
            "time": 11416,
            "train": 7,
            "operation": 166
        },
        {
            "time": 11431,
            "train": 7,
            "operation": 170
        },
        {
            "time": 11442,
            "train": 0,
            "operation": 156
        },
        {
            "time": 11457,
            "train": 0,
            "operation": 157
        },
        {
            "time": 11621,
            "train": 0,
            "operation": 158
        },
        {
            "time": 11625,
            "train": 0,
            "operation": 159
        },
        {
            "time": 11696,
            "train": 8,
            "operation": 221
        },
        {
            "time": 11706,
            "train": 0,
            "operation": 160
        },
        {
            "time": 11711,
            "train": 0,
            "operation": 161
        },
        {
            "time": 11711,
            "train": 8,
            "operation": 223
        },
        {
            "time": 12008,
            "train": 0,
            "operation": 162
        },
        {
            "time": 12023,
            "train": 0,
            "operation": 163
        },
        {
            "time": 12284,
            "train": 7,
            "operation": 174
        },
        {
            "time": 12305,
            "train": 7,
            "operation": 178
        },
        {
            "time": 12330,
            "train": 0,
            "operation": 164
        },
        {
            "time": 12335,
            "train": 0,
            "operation": 165
        },
        {
            "time": 12415,
            "train": 8,
            "operation": 226
        },
        {
            "time": 12432,
            "train": 8,
            "operation": 230
        },
        {
            "time": 12448,
            "train": 0,
            "operation": 166
        },
        {
            "time": 12453,
            "train": 0,
            "operation": 167
        },
        {
            "time": 12664,
            "train": 0,
            "operation": 168
        },
        {
            "time": 12669,
            "train": 0,
            "operation": 170
        },
        {
            "time": 12811,
            "train": 8,
            "operation": 236
        },
        {
            "time": 12820,
            "train": 0,
            "operation": 172
        },
        {
            "time": 12824,
            "train": 0,
            "operation": 174
        },
        {
            "time": 12825,
            "train": 8,
            "operation": 240
        },
        {
            "time": 13063,
            "train": 0,
            "operation": 176
        },
        {
            "time": 13067,
            "train": 0,
            "operation": 178
        },
        {
            "time": 13084,
            "train": 7,
            "operation": 181
        },
        {
            "time": 13105,
            "train": 7,
            "operation": 185
        },
        {
            "time": 13130,
            "train": 8,
            "operation": 243
        },
        {
            "time": 13141,
            "train": 8,
            "operation": 247
        },
        {
            "time": 13234,
            "train": 0,
            "operation": 180
        },
        {
            "time": 13238,
            "train": 0,
            "operation": 182
        },
        {
            "time": 13604,
            "train": 0,
            "operation": 184
        },
        {
            "time": 13607,
            "train": 0,
            "operation": 186
        },
        {
            "time": 13669,
            "train": 8,
            "operation": 249
        },
        {
            "time": 13684,
            "train": 8,
            "operation": 253
        },
        {
            "time": 13689,
            "train": 0,
            "operation": 188
        },
        {
            "time": 13693,
            "train": 0,
            "operation": 190
        },
        {
            "time": 13718,
            "train": 7,
            "operation": 187
        },
        {
            "time": 13739,
            "train": 7,
            "operation": 191
        },
        {
            "time": 13768,
            "train": 8,
            "operation": 257
        },
        {
            "time": 13772,
            "train": 8,
            "operation": 261
        },
        {
            "time": 13854,
            "train": 8,
            "operation": 265
        },
        {
            "time": 13858,
            "train": 8,
            "operation": 268
        },
        {
            "time": 13914,
            "train": 0,
            "operation": 192
        },
        {
            "time": 13918,
            "train": 0,
            "operation": 194
        },
        {
            "time": 14058,
            "train": 8,
            "operation": 271
        },
        {
            "time": 14070,
            "train": 0,
            "operation": 196
        },
        {
            "time": 14070,
            "train": 0,
            "operation": 198
        },
        {
            "time": 14079,
            "train": 8,
            "operation": 273
        },
        {
            "time": 14131,
            "train": 8,
            "operation": 276
        },
        {
            "time": 14139,
            "train": 8,
            "operation": 280
        },
        {
            "time": 14237,
            "train": 7,
            "operation": 195
        },
        {
            "time": 14257,
            "train": 7,
            "operation": 199
        },
        {
            "time": 14388,
            "train": 8,
            "operation": 284
        },
        {
            "time": 14398,
            "train": 8,
            "operation": 287
        },
        {
            "time": 14826,
            "train": 7,
            "operation": 204
        },
        {
            "time": 14832,
            "train": 8,
            "operation": 289
        },
        {
            "time": 14846,
            "train": 7,
            "operation": 210
        },
        {
            "time": 14851,
            "train": 8,
            "operation": 291
        },
        {
            "time": 14957,
            "train": 7,
            "operation": 215
        },
        {
            "time": 14971,
            "train": 7,
            "operation": 221
        },
        {
            "time": 15603,
            "train": 8,
            "operation": 293
        },
        {
            "time": 15618,
            "train": 8,
            "operation": 296
        },
        {
            "time": 15739,
            "train": 7,
            "operation": 227
        },
        {
            "time": 15760,
            "train": 7,
            "operation": 229
        },
        {
            "time": 16142,
            "train": 8,
            "operation": 303
        },
        {
            "time": 16156,
            "train": 8,
            "operation": 306
        },
        {
            "time": 16626,
            "train": 8,
            "operation": 315
        },
        {
            "time": 16641,
            "train": 8,
            "operation": 319
        },
        {
            "time": 16666,
            "train": 7,
            "operation": 232
        },
        {
            "time": 16683,
            "train": 7,
            "operation": 236
        },
        {
            "time": 17064,
            "train": 7,
            "operation": 242
        },
        {
            "time": 17078,
            "train": 7,
            "operation": 246
        },
        {
            "time": 17124,
            "train": 8,
            "operation": 324
        },
        {
            "time": 17139,
            "train": 8,
            "operation": 327
        },
        {
            "time": 17383,
            "train": 7,
            "operation": 249
        },
        {
            "time": 17394,
            "train": 7,
            "operation": 253
        },
        {
            "time": 17526,
            "train": 8,
            "operation": 335
        },
        {
            "time": 17542,
            "train": 8,
            "operation": 339
        },
        {
            "time": 18041,
            "train": 7,
            "operation": 255
        },
        {
            "time": 18049,
            "train": 8,
            "operation": 341
        },
        {
            "time": 18062,
            "train": 7,
            "operation": 259
        },
        {
            "time": 18070,
            "train": 8,
            "operation": 343
        },
        {
            "time": 18180,
            "train": 7,
            "operation": 263
        },
        {
            "time": 18186,
            "train": 7,
            "operation": 266
        },
        {
            "time": 18300,
            "train": 7,
            "operation": 269
        },
        {
            "time": 18306,
            "train": 7,
            "operation": 272
        },
        {
            "time": 18585,
            "train": 7,
            "operation": 275
        },
        {
            "time": 18600,
            "train": 8,
            "operation": 346
        },
        {
            "time": 18614,
            "train": 8,
            "operation": 348
        },
        {
            "time": 18614,
            "train": 7,
            "operation": 277
        },
        {
            "time": 18686,
            "train": 7,
            "operation": 279
        },
        {
            "time": 18694,
            "train": 7,
            "operation": 283
        },
        {
            "time": 18942,
            "train": 7,
            "operation": 287
        },
        {
            "time": 18954,
            "train": 7,
            "operation": 290
        },
        {
            "time": 19093,
            "train": 8,
            "operation": 352
        },
        {
            "time": 19108,
            "train": 8,
            "operation": 356
        },
        {
            "time": 19562,
            "train": 7,
            "operation": 293
        },
        {
            "time": 19588,
            "train": 7,
            "operation": 295
        },
        {
            "time": 19636,
            "train": 8,
            "operation": 360
        },
        {
            "time": 19650,
            "train": 8,
            "operation": 364
        },
        {
            "time": 20164,
            "train": 8,
            "operation": 368
        },
        {
            "time": 20179,
            "train": 8,
            "operation": 372
        },
        {
            "time": 20492,
            "train": 7,
            "operation": 297
        },
        {
            "time": 20513,
            "train": 7,
            "operation": 300
        },
        {
            "time": 20672,
            "train": 8,
            "operation": 376
        },
        {
            "time": 20687,
            "train": 8,
            "operation": 380
        },
        {
            "time": 20845,
            "train": 8,
            "operation": 384
        },
        {
            "time": 20861,
            "train": 8,
            "operation": 388
        },
        {
            "time": 20959,
            "train": 8,
            "operation": 394
        },
        {
            "time": 20978,
            "train": 8,
            "operation": 417
        },
        {
            "time": 21001,
            "train": 8,
            "operation": 446
        },
        {
            "time": 21246,
            "train": 7,
            "operation": 307
        },
        {
            "time": 21252,
            "train": 8,
            "operation": 453
        },
        {
            "time": 21266,
            "train": 7,
            "operation": 310
        },
        {
            "time": 21289,
            "train": 8,
            "operation": 467
        },
        {
            "time": 21332,
            "train": 8,
            "operation": 499
        },
        {
            "time": 21485,
            "train": 8,
            "operation": 534
        },
        {
            "time": 21519,
            "train": 8,
            "operation": 544
        },
        {
            "time": 21924,
            "train": 7,
            "operation": 319
        },
        {
            "time": 21945,
            "train": 7,
            "operation": 323
        },
        {
            "time": 22056,
            "train": 8,
            "operation": 548
        },
        {
            "time": 22056,
            "train": 8,
            "operation": 549
        },
        {
            "time": 22620,
            "train": 7,
            "operation": 327
        },
        {
            "time": 22641,
            "train": 7,
            "operation": 330
        },
        {
            "time": 23182,
            "train": 7,
            "operation": 337
        },
        {
            "time": 23204,
            "train": 7,
            "operation": 341
        },
        {
            "time": 23913,
            "train": 7,
            "operation": 345
        },
        {
            "time": 23934,
            "train": 7,
            "operation": 347
        },
        {
            "time": 24675,
            "train": 7,
            "operation": 349
        },
        {
            "time": 24695,
            "train": 7,
            "operation": 351
        },
        {
            "time": 25365,
            "train": 7,
            "operation": 353
        },
        {
            "time": 25386,
            "train": 7,
            "operation": 357
        },
        {
            "time": 26125,
            "train": 7,
            "operation": 361
        },
        {
            "time": 26145,
            "train": 7,
            "operation": 365
        },
        {
            "time": 26865,
            "train": 7,
            "operation": 369
        },
        {
            "time": 26886,
            "train": 7,
            "operation": 373
        },
        {
            "time": 27576,
            "train": 7,
            "operation": 377
        },
        {
            "time": 27597,
            "train": 7,
            "operation": 381
        },
        {
            "time": 27818,
            "train": 7,
            "operation": 386
        },
        {
            "time": 27840,
            "train": 7,
            "operation": 390
        },
        {
            "time": 28068,
            "train": 7,
            "operation": 395
        },
        {
            "time": 28094,
            "train": 7,
            "operation": 410
        },
        {
            "time": 28127,
            "train": 7,
            "operation": 439
        },
        {
            "time": 28377,
            "train": 7,
            "operation": 469
        },
        {
            "time": 28431,
            "train": 7,
            "operation": 497
        },
        {
            "time": 28474,
            "train": 7,
            "operation": 529
        },
        {
            "time": 28627,
            "train": 7,
            "operation": 535
        },
        {
            "time": 28661,
            "train": 7,
            "operation": 540
        },
        {
            "time": 29198,
            "train": 7,
            "operation": 545
        },
        {
            "time": 29198,
            "train": 7,
            "operation": 547
        }
    ]
}