{
    "objective_value": 4514,
    "events": [
        {
            "time": 0,
            "train": 0,
            "operation": 0
        },
        {
            "time": 0,
            "train": 1,
            "operation": 0
        },
        {
            "time": 0,
            "train": 2,
            "operation": 0
        },
        {
            "time": 0,
            "train": 3,
            "operation": 0
        },
        {
            "time": 0,
            "train": 4,
            "operation": 0
        },
        {
            "time": 0,
            "train": 5,
            "operation": 0
        },
        {
            "time": 0,
            "train": 6,
            "operation": 0
        },
        {
            "time": 0,
            "train": 7,
            "operation": 0
        },
        {
            "time": 0,
            "train": 8,
            "operation": 0
        },
        {
            "time": 0,
            "train": 9,
            "operation": 0
        },
        {
            "time": 0,
            "train": 10,
            "operation": 0
        },
        {
            "time": 0,
            "train": 11,
            "operation": 0
        },
        {
            "time": 22857,
            "train": 0,
            "operation": 1
        },
        {
            "time": 22977,
            "train": 3,
            "operation": 1
        },
        {
            "time": 22977,
            "train": 5,
            "operation": 1
        },
        {
            "time": 22977,
            "train": 6,
            "operation": 1
        },
        {
            "time": 23027,
            "train": 1,
            "operation": 1
        },
        {
            "time": 23097,
            "train": 0,
            "operation": 2
        },
        {
            "time": 23097,
            "train": 4,
            "operation": 1
        },
        {
            "time": 23127,
            "train": 1,
            "operation": 2
        },
        {
            "time": 23142,
            "train": 3,
            "operation": 2
        },
        {
            "time": 23157,
            "train": 6,
            "operation": 2
        },
        {
            "time": 23187,
            "train": 5,
            "operation": 2
        },
        {
            "time": 23731,
            "train": 0,
            "operation": 4
        },
        {
            "time": 23793,
            "train": 6,
            "operation": 3
        },
        {
            "time": 23813,
            "train": 1,
            "operation": 4
        },
        {
            "time": 23814,
            "train": 4,
            "operation": 6
        },
        {
            "time": 23845,
            "train": 0,
            "operation": 5
        },
        {
            "time": 23877,
            "train": 11,
            "operation": 1
        },
        {
            "time": 23877,
            "train": 11,
            "operation": 2
        },
        {
            "time": 23879,
            "train": 6,
            "operation": 4
        },
        {
            "time": 23900,
            "train": 4,
            "operation": 7
        },
        {
            "time": 23909,
            "train": 6,
            "operation": 5
        },
        {
            "time": 23930,
            "train": 4,
            "operation": 9
        },
        {
            "time": 23948,
            "train": 3,
            "operation": 3
        },
        {
            "time": 23955,
            "train": 1,
            "operation": 5
        },
        {
            "time": 23965,
            "train": 0,
            "operation": 9
        },
        {
            "time": 23985,
            "train": 1,
            "operation": 7
        },
        {
            "time": 24023,
            "train": 6,
            "operation": 6
        },
        {
            "time": 24051,
            "train": 11,
            "operation": 3
        },
        {
            "time": 24051,
            "train": 11,
            "operation": 4
        },
        {
            "time": 24072,
            "train": 4,
            "operation": 10
        },
        {
            "time": 24099,
            "train": 1,
            "operation": 8
        },
        {
            "time": 24102,
            "train": 4,
            "operation": 12
        },
        {
            "time": 24105,
            "train": 3,
            "operation": 5
        },
        {
            "time": 24106,
            "train": 5,
            "operation": 4
        },
        {
            "time": 24135,
            "train": 3,
            "operation": 6
        },
        {
            "time": 24145,
            "train": 11,
            "operation": 5
        },
        {
            "time": 24197,
            "train": 4,
            "operation": 13
        },
        {
            "time": 24197,
            "train": 4,
            "operation": 15
        },
        {
            "time": 24203,
            "train": 6,
            "operation": 8
        },
        {
            "time": 24219,
            "train": 1,
            "operation": 13
        },
        {
            "time": 24245,
            "train": 4,
            "operation": 16
        },
        {
            "time": 24263,
            "train": 5,
            "operation": 5
        },
        {
            "time": 24263,
            "train": 5,
            "operation": 6
        },
        {
            "time": 24275,
            "train": 4,
            "operation": 18
        },
        {
            "time": 24335,
            "train": 3,
            "operation": 8
        },
        {
            "time": 24336,
            "train": 11,
            "operation": 8
        },
        {
            "time": 24365,
            "train": 3,
            "operation": 10
        },
        {
            "time": 24403,
            "train": 6,
            "operation": 9
        },
        {
            "time": 24417,
            "train": 4,
            "operation": 19
        },
        {
            "time": 24420,
            "train": 5,
            "operation": 7
        },
        {
            "time": 24433,
            "train": 6,
            "operation": 11
        },
        {
            "time": 24447,
            "train": 4,
            "operation": 21
        },
        {
            "time": 24450,
            "train": 5,
            "operation": 10
        },
        {
            "time": 24507,
            "train": 3,
            "operation": 11
        },
        {
            "time": 24537,
            "train": 3,
            "operation": 12
        },
        {
            "time": 24557,
            "train": 11,
            "operation": 9
        },
        {
            "time": 24557,
            "train": 11,
            "operation": 11
        },
        {
            "time": 24588,
            "train": 3,
            "operation": 13
        },
        {
            "time": 24588,
            "train": 3,
            "operation": 14
        },
        {
            "time": 24633,
            "train": 6,
            "operation": 12
        },
        {
            "time": 24650,
            "train": 5,
            "operation": 11
        },
        {
            "time": 24675,
            "train": 4,
            "operation": 22
        },
        {
            "time": 24680,
            "train": 5,
            "operation": 14
        },
        {
            "time": 24735,
            "train": 4,
            "operation": 24
        },
        {
            "time": 24736,
            "train": 3,
            "operation": 15
        },
        {
            "time": 24737,
            "train": 11,
            "operation": 12
        },
        {
            "time": 24737,
            "train": 11,
            "operation": 13
        },
        {
            "time": 24766,
            "train": 3,
            "operation": 17
        },
        {
            "time": 24821,
            "train": 4,
            "operation": 25
        },
        {
            "time": 24897,
            "train": 7,
            "operation": 1
        },
        {
            "time": 24897,
            "train": 7,
            "operation": 6
        },
        {
            "time": 24898,
            "train": 5,
            "operation": 16
        },
        {
            "time": 24899,
            "train": 6,
            "operation": 14
        },
        {
            "time": 24908,
            "train": 3,
            "operation": 19
        },
        {
            "time": 24909,
            "train": 4,
            "operation": 29
        },
        {
            "time": 24917,
            "train": 11,
            "operation": 14
        },
        {
            "time": 24917,
            "train": 11,
            "operation": 17
        },
        {
            "time": 24938,
            "train": 3,
            "operation": 22
        },
        {
            "time": 24968,
            "train": 5,
            "operation": 17
        },
        {
            "time": 24987,
            "train": 7,
            "operation": 7
        },
        {
            "time": 24995,
            "train": 3,
            "operation": 23
        },
        {
            "time": 25017,
            "train": 7,
            "operation": 9
        },
        {
            "time": 25051,
            "train": 4,
            "operation": 30
        },
        {
            "time": 25055,
            "train": 3,
            "operation": 25
        },
        {
            "time": 25077,
            "train": 2,
            "operation": 1
        },
        {
            "time": 25077,
            "train": 2,
            "operation": 5
        },
        {
            "time": 25081,
            "train": 4,
            "operation": 32
        },
        {
            "time": 25099,
            "train": 6,
            "operation": 15
        },
        {
            "time": 25137,
            "train": 2,
            "operation": 6
        },
        {
            "time": 25167,
            "train": 7,
            "operation": 10
        },
        {
            "time": 25168,
            "train": 5,
            "operation": 18
        },
        {
            "time": 25197,
            "train": 7,
            "operation": 12
        },
        {
            "time": 25198,
            "train": 5,
            "operation": 20
        },
        {
            "time": 25202,
            "train": 11,
            "operation": 19
        },
        {
            "time": 25202,
            "train": 11,
            "operation": 21
        },
        {
            "time": 25203,
            "train": 6,
            "operation": 18
        },
        {
            "time": 25225,
            "train": 4,
            "operation": 33
        },
        {
            "time": 25225,
            "train": 4,
            "operation": 34
        },
        {
            "time": 25280,
            "train": 4,
            "operation": 35
        },
        {
            "time": 25297,
            "train": 7,
            "operation": 13
        },
        {
            "time": 25297,
            "train": 7,
            "operation": 15
        },
        {
            "time": 25310,
            "train": 4,
            "operation": 36
        },
        {
            "time": 25311,
            "train": 3,
            "operation": 26
        },
        {
            "time": 25312,
            "train": 2,
            "operation": 8
        },
        {
            "time": 25341,
            "train": 3,
            "operation": 28
        },
        {
            "time": 25347,
            "train": 7,
            "operation": 16
        },
        {
            "time": 25377,
            "train": 7,
            "operation": 18
        },
        {
            "time": 25398,
            "train": 5,
            "operation": 21
        },
        {
            "time": 25428,
            "train": 5,
            "operation": 23
        },
        {
            "time": 25431,
            "train": 6,
            "operation": 19
        },
        {
            "time": 25452,
            "train": 4,
            "operation": 37
        },
        {
            "time": 25454,
            "train": 11,
            "operation": 22
        },
        {
            "time": 25454,
            "train": 11,
            "operation": 24
        },
        {
            "time": 25482,
            "train": 4,
            "operation": 40
        },
        {
            "time": 25483,
            "train": 3,
            "operation": 29
        },
        {
            "time": 25513,
            "train": 3,
            "operation": 31
        },
        {
            "time": 25527,
            "train": 7,
            "operation": 19
        },
        {
            "time": 25551,
            "train": 6,
            "operation": 22
        },
        {
            "time": 25557,
            "train": 7,
            "operation": 21
        },
        {
            "time": 25561,
            "train": 3,
            "operation": 32
        },
        {
            "time": 25561,
            "train": 3,
            "operation": 34
        },
        {
            "time": 25568,
            "train": 2,
            "operation": 9
        },
        {
            "time": 25570,
            "train": 5,
            "operation": 24
        },
        {
            "time": 25598,
            "train": 2,
            "operation": 11
        },
        {
            "time": 25600,
            "train": 5,
            "operation": 25
        },
        {
            "time": 25656,
            "train": 3,
            "operation": 35
        },
        {
            "time": 25661,
            "train": 11,
            "operation": 25
        },
        {
            "time": 25661,
            "train": 11,
            "operation": 27
        },
        {
            "time": 25682,
            "train": 4,
            "operation": 41
        },
        {
            "time": 25686,
            "train": 3,
            "operation": 37
        },
        {
            "time": 25686,
            "train": 5,
            "operation": 26
        },
        {
            "time": 25686,
            "train": 5,
            "operation": 27
        },
        {
            "time": 25704,
            "train": 6,
            "operation": 23
        },
        {
            "time": 25704,
            "train": 6,
            "operation": 24
        },
        {
            "time": 25740,
            "train": 2,
            "operation": 12
        },
        {
            "time": 25770,
            "train": 2,
            "operation": 14
        },
        {
            "time": 25797,
            "train": 7,
            "operation": 22
        },
        {
            "time": 25818,
            "train": 2,
            "operation": 15
        },
        {
            "time": 25818,
            "train": 2,
            "operation": 17
        },
        {
            "time": 25820,
            "train": 11,
            "operation": 28
        },
        {
            "time": 25820,
            "train": 11,
            "operation": 30
        },
        {
            "time": 25828,
            "train": 3,
            "operation": 38
        },
        {
            "time": 25856,
            "train": 6,
            "operation": 26
        },
        {
            "time": 25857,
            "train": 4,
            "operation": 43
        },
        {
            "time": 25857,
            "train": 7,
            "operation": 24
        },
        {
            "time": 25857,
            "train": 5,
            "operation": 28
        },
        {
            "time": 25858,
            "train": 3,
            "operation": 40
        },
        {
            "time": 25887,
            "train": 5,
            "operation": 30
        },
        {
            "time": 25895,
            "train": 6,
            "operation": 27
        },
        {
            "time": 25899,
            "train": 11,
            "operation": 31
        },
        {
            "time": 25899,
            "train": 11,
            "operation": 32
        },
        {
            "time": 25913,
            "train": 2,
            "operation": 18
        },
        {
            "time": 25943,
            "train": 2,
            "operation": 20
        },
        {
            "time": 25947,
            "train": 7,
            "operation": 25
        },
        {
            "time": 25972,
            "train": 3,
            "operation": 41
        },
        {
            "time": 25977,
            "train": 7,
            "operation": 29
        },
        {
            "time": 25985,
            "train": 11,
            "operation": 33
        },
        {
            "time": 25985,
            "train": 11,
            "operation": 34
        },
        {
            "time": 26033,
            "train": 5,
            "operation": 31
        },
        {
            "time": 26033,
            "train": 5,
            "operation": 32
        },
        {
            "time": 26057,
            "train": 4,
            "operation": 44
        },
        {
            "time": 26057,
            "train": 4,
            "operation": 45
        },
        {
            "time": 26085,
            "train": 2,
            "operation": 21
        },
        {
            "time": 26092,
            "train": 3,
            "operation": 46
        },
        {
            "time": 26095,
            "train": 6,
            "operation": 28
        },
        {
            "time": 26115,
            "train": 2,
            "operation": 23
        },
        {
            "time": 26125,
            "train": 6,
            "operation": 31
        },
        {
            "time": 26127,
            "train": 7,
            "operation": 30
        },
        {
            "time": 26157,
            "train": 11,
            "operation": 35
        },
        {
            "time": 26157,
            "train": 11,
            "operation": 37
        },
        {
            "time": 26229,
            "train": 2,
            "operation": 24
        },
        {
            "time": 26229,
            "train": 5,
            "operation": 33
        },
        {
            "time": 26257,
            "train": 4,
            "operation": 46
        },
        {
            "time": 26267,
            "train": 6,
            "operation": 32
        },
        {
            "time": 26281,
            "train": 11,
            "operation": 38
        },
        {
            "time": 26281,
            "train": 11,
            "operation": 39
        },
        {
            "time": 26297,
            "train": 6,
            "operation": 33
        },
        {
            "time": 26349,
            "train": 5,
            "operation": 37
        },
        {
            "time": 26349,
            "train": 2,
            "operation": 29
        },
        {
            "time": 26371,
            "train": 6,
            "operation": 34
        },
        {
            "time": 26371,
            "train": 6,
            "operation": 35
        },
        {
            "time": 26377,
            "train": 4,
            "operation": 49
        },
        {
            "time": 26378,
            "train": 9,
            "operation": 1
        },
        {
            "time": 26378,
            "train": 9,
            "operation": 4
        },
        {
            "time": 26397,
            "train": 10,
            "operation": 1
        },
        {
            "time": 26446,
            "train": 11,
            "operation": 41
        },
        {
            "time": 26446,
            "train": 11,
            "operation": 44
        },
        {
            "time": 26447,
            "train": 10,
            "operation": 5
        },
        {
            "time": 26496,
            "train": 6,
            "operation": 37
        },
        {
            "time": 26497,
            "train": 7,
            "operation": 32
        },
        {
            "time": 26520,
            "train": 9,
            "operation": 5
        },
        {
            "time": 26520,
            "train": 9,
            "operation": 6
        },
        {
            "time": 26526,
            "train": 6,
            "operation": 38
        },
        {
            "time": 26626,
            "train": 7,
            "operation": 33
        },
        {
            "time": 26626,
            "train": 7,
            "operation": 34
        },
        {
            "time": 26627,
            "train": 10,
            "operation": 6
        },
        {
            "time": 26627,
            "train": 10,
            "operation": 7
        },
        {
            "time": 26662,
            "train": 9,
            "operation": 7
        },
        {
            "time": 26668,
            "train": 6,
            "operation": 39
        },
        {
            "time": 26696,
            "train": 7,
            "operation": 35
        },
        {
            "time": 26698,
            "train": 6,
            "operation": 43
        },
        {
            "time": 26726,
            "train": 7,
            "operation": 36
        },
        {
            "time": 26755,
            "train": 6,
            "operation": 44
        },
        {
            "time": 26761,
            "train": 10,
            "operation": 8
        },
        {
            "time": 26791,
            "train": 10,
            "operation": 10
        },
        {
            "time": 26815,
            "train": 6,
            "operation": 46
        },
        {
            "time": 26842,
            "train": 9,
            "operation": 9
        },
        {
            "time": 26868,
            "train": 7,
            "operation": 37
        },
        {
            "time": 26877,
            "train": 8,
            "operation": 1
        },
        {
            "time": 26877,
            "train": 8,
            "operation": 5
        },
        {
            "time": 26937,
            "train": 8,
            "operation": 6
        },
        {
            "time": 26962,
            "train": 10,
            "operation": 11
        },
        {
            "time": 26962,
            "train": 10,
            "operation": 12
        },
        {
            "time": 27042,
            "train": 9,
            "operation": 11
        },
        {
            "time": 27043,
            "train": 7,
            "operation": 40
        },
        {
            "time": 27048,
            "train": 10,
            "operation": 13
        },
        {
            "time": 27071,
            "train": 6,
            "operation": 47
        },
        {
            "time": 27072,
            "train": 8,
            "operation": 8
        },
        {
            "time": 27072,
            "train": 9,
            "operation": 13
        },
        {
            "time": 27073,
            "train": 11,
            "operation": 45
        },
        {
            "time": 27073,
            "train": 11,
            "operation": 47
        },
        {
            "time": 27078,
            "train": 10,
            "operation": 14
        },
        {
            "time": 27101,
            "train": 6,
            "operation": 49
        },
        {
            "time": 27214,
            "train": 9,
            "operation": 14
        },
        {
            "time": 27220,
            "train": 10,
            "operation": 15
        },
        {
            "time": 27243,
            "train": 6,
            "operation": 50
        },
        {
            "time": 27244,
            "train": 9,
            "operation": 15
        },
        {
            "time": 27250,
            "train": 10,
            "operation": 17
        },
        {
            "time": 27252,
            "train": 7,
            "operation": 41
        },
        {
            "time": 27273,
            "train": 6,
            "operation": 52
        },
        {
            "time": 27321,
            "train": 6,
            "operation": 53
        },
        {
            "time": 27321,
            "train": 6,
            "operation": 55
        },
        {
            "time": 27328,
            "train": 8,
            "operation": 9
        },
        {
            "time": 27332,
            "train": 7,
            "operation": 43
        },
        {
            "time": 27340,
            "train": 9,
            "operation": 16
        },
        {
            "time": 27340,
            "train": 9,
            "operation": 17
        },
        {
            "time": 27358,
            "train": 8,
            "operation": 11
        },
        {
            "time": 27392,
            "train": 10,
            "operation": 18
        },
        {
            "time": 27416,
            "train": 6,
            "operation": 56
        },
        {
            "time": 27422,
            "train": 10,
            "operation": 20
        },
        {
            "time": 27446,
            "train": 6,
            "operation": 58
        },
        {
            "time": 27489,
            "train": 7,
            "operation": 44
        },
        {
            "time": 27489,
            "train": 7,
            "operation": 45
        },
        {
            "time": 27500,
            "train": 8,
            "operation": 12
        },
        {
            "time": 27507,
            "train": 9,
            "operation": 18
        },
        {
            "time": 27530,
            "train": 8,
            "operation": 14
        },
        {
            "time": 27578,
            "train": 8,
            "operation": 15
        },
        {
            "time": 27578,
            "train": 8,
            "operation": 17
        },
        {
            "time": 27588,
            "train": 6,
            "operation": 59
        },
        {
            "time": 27597,
            "train": 9,
            "operation": 20
        },
        {
            "time": 27618,
            "train": 6,
            "operation": 61
        },
        {
            "time": 27646,
            "train": 7,
            "operation": 46
        },
        {
            "time": 27657,
            "train": 10,
            "operation": 21
        },
        {
            "time": 27673,
            "train": 8,
            "operation": 18
        },
        {
            "time": 27676,
            "train": 7,
            "operation": 49
        },
        {
            "time": 27703,
            "train": 8,
            "operation": 20
        },
        {
            "time": 27715,
            "train": 11,
            "operation": 48
        },
        {
            "time": 27732,
            "train": 6,
            "operation": 62
        },
        {
            "time": 27747,
            "train": 9,
            "operation": 21
        },
        {
            "time": 27777,
            "train": 9,
            "operation": 25
        },
        {
            "time": 27777,
            "train": 10,
            "operation": 23
        },
        {
            "time": 27837,
            "train": 9,
            "operation": 26
        },
        {
            "time": 27845,
            "train": 8,
            "operation": 21
        },
        {
            "time": 27852,
            "train": 6,
            "operation": 67
        },
        {
            "time": 27875,
            "train": 8,
            "operation": 23
        },
        {
            "time": 27876,
            "train": 7,
            "operation": 50
        },
        {
            "time": 27897,
            "train": 9,
            "operation": 28
        },
        {
            "time": 27987,
            "train": 10,
            "operation": 25
        },
        {
            "time": 27988,
            "train": 7,
            "operation": 53
        },
        {
            "time": 27989,
            "train": 8,
            "operation": 24
        },
        {
            "time": 28017,
            "train": 10,
            "operation": 27
        },
        {
            "time": 28090,
            "train": 11,
            "operation": 50
        },
        {
            "time": 28109,
            "train": 8,
            "operation": 29
        },
        {
            "time": 28167,
            "train": 9,
            "operation": 29
        },
        {
            "time": 28197,
            "train": 9,
            "operation": 31
        },
        {
            "time": 28244,
            "train": 7,
            "operation": 54
        },
        {
            "time": 28257,
            "train": 10,
            "operation": 28
        },
        {
            "time": 28274,
            "train": 7,
            "operation": 56
        },
        {
            "time": 28347,
            "train": 9,
            "operation": 32
        },
        {
            "time": 28377,
            "train": 9,
            "operation": 34
        },
        {
            "time": 28377,
            "train": 10,
            "operation": 31
        },
        {
            "time": 28427,
            "train": 9,
            "operation": 35
        },
        {
            "time": 28427,
            "train": 9,
            "operation": 37
        },
        {
            "time": 28447,
            "train": 11,
            "operation": 51
        },
        {
            "time": 28447,
            "train": 11,
            "operation": 53
        },
        {
            "time": 28474,
            "train": 7,
            "operation": 57
        },
        {
            "time": 28504,
            "train": 7,
            "operation": 59
        },
        {
            "time": 28527,
            "train": 9,
            "operation": 38
        },
        {
            "time": 28542,
            "train": 10,
            "operation": 32
        },
        {
            "time": 28542,
            "train": 10,
            "operation": 33
        },
        {
            "time": 28557,
            "train": 9,
            "operation": 40
        },
        {
            "time": 28704,
            "train": 7,
            "operation": 60
        },
        {
            "time": 28707,
            "train": 9,
            "operation": 41
        },
        {
            "time": 28707,
            "train": 10,
            "operation": 34
        },
        {
            "time": 28734,
            "train": 7,
            "operation": 62
        },
        {
            "time": 28737,
            "train": 10,
            "operation": 36
        },
        {
            "time": 28737,
            "train": 9,
            "operation": 43
        },
        {
            "time": 28857,
            "train": 9,
            "operation": 44
        },
        {
            "time": 28876,
            "train": 7,
            "operation": 63
        },
        {
            "time": 28906,
            "train": 7,
            "operation": 64
        },
        {
            "time": 28947,
            "train": 10,
            "operation": 37
        },
        {
            "time": 28977,
            "train": 10,
            "operation": 40
        },
        {
            "time": 28977,
            "train": 9,
            "operation": 49
        },
        {
            "time": 28992,
            "train": 7,
            "operation": 65
        },
        {
            "time": 28992,
            "train": 7,
            "operation": 66
        },
        {
            "time": 29127,
            "train": 10,
            "operation": 41
        },
        {
            "time": 29157,
            "train": 10,
            "operation": 42
        },
        {
            "time": 29163,
            "train": 7,
            "operation": 67
        },
        {
            "time": 29193,
            "train": 7,
            "operation": 69
        },
        {
            "time": 29235,
            "train": 10,
            "operation": 43
        },
        {
            "time": 29235,
            "train": 10,
            "operation": 44
        },
        {
            "time": 29339,
            "train": 7,
            "operation": 70
        },
        {
            "time": 29339,
            "train": 7,
            "operation": 71
        },
        {
            "time": 29367,
            "train": 10,
            "operation": 45
        },
        {
            "time": 29397,
            "train": 10,
            "operation": 47
        },
        {
            "time": 29397,
            "train": 11,
            "operation": 54
        },
        {
            "time": 29397,
            "train": 11,
            "operation": 57
        },
        {
            "time": 29535,
            "train": 7,
            "operation": 72
        },
        {
            "time": 29547,
            "train": 10,
            "operation": 48
        },
        {
            "time": 29577,
            "train": 10,
            "operation": 52
        },
        {
            "time": 29637,
            "train": 10,
            "operation": 53
        },
        {
            "time": 29655,
            "train": 7,
            "operation": 76
        },
        {
            "time": 29697,
            "train": 10,
            "operation": 55
        },
        {
            "time": 29967,
            "train": 10,
            "operation": 56
        },
        {
            "time": 29997,
            "train": 10,
            "operation": 58
        },
        {
            "time": 30147,
            "train": 10,
            "operation": 59
        },
        {
            "time": 30177,
            "train": 10,
            "operation": 61
        },
        {
            "time": 30227,
            "train": 10,
            "operation": 62
        },
        {
            "time": 30227,
            "train": 10,
            "operation": 64
        },
        {
            "time": 30327,
            "train": 10,
            "operation": 65
        },
        {
            "time": 30357,
            "train": 10,
            "operation": 67
        },
        {
            "time": 30507,
            "train": 10,
            "operation": 68
        },
        {
            "time": 30537,
            "train": 10,
            "operation": 70
        },
        {
            "time": 30657,
            "train": 10,
            "operation": 71
        },
        {
            "time": 30777,
            "train": 10,
            "operation": 76
        }
    ]
}