{
    "objective_value": 5384,
    "events": [
        {
            "time": 0,
            "train": 0,
            "operation": 0
        },
        {
            "time": 0,
            "train": 0,
            "operation": 1
        },
        {
            "time": 0,
            "train": 1,
            "operation": 0
        },
        {
            "time": 0,
            "train": 1,
            "operation": 1
        },
        {
            "time": 0,
            "train": 2,
            "operation": 0
        },
        {
            "time": 0,
            "train": 2,
            "operation": 1
        },
        {
            "time": 0,
            "train": 3,
            "operation": 0
        },
        {
            "time": 0,
            "train": 3,
            "operation": 1
        },
        {
            "time": 0,
            "train": 4,
            "operation": 0
        },
        {
            "time": 0,
            "train": 5,
            "operation": 0
        },
        {
            "time": 0,
            "train": 6,
            "operation": 0
        },
        {
            "time": 0,
            "train": 6,
            "operation": 1
        },
        {
            "time": 0,
            "train": 7,
            "operation": 0
        },
        {
            "time": 0,
            "train": 7,
            "operation": 1
        },
        {
            "time": 0,
            "train": 8,
            "operation": 0
        },
        {
            "time": 0,
            "train": 8,
            "operation": 1
        },
        {
            "time": 7,
            "train": 6,
            "operation": 2
        },
        {
            "time": 8,
            "train": 8,
            "operation": 2
        },
        {
            "time": 26,
            "train": 2,
            "operation": 2
        },
        {
            "time": 40,
            "train": 7,
            "operation": 2
        },
        {
            "time": 83,
            "train": 3,
            "operation": 2
        },
        {
            "time": 94,
            "train": 6,
            "operation": 3
        },
        {
            "time": 99,
            "train": 6,
            "operation": 4
        },
        {
            "time": 177,
            "train": 3,
            "operation": 3
        },
        {
            "time": 193,
            "train": 2,
            "operation": 3
        },
        {
            "time": 201,
            "train": 2,
            "operation": 4
        },
        {
            "time": 201,
            "train": 7,
            "operation": 3
        },
        {
            "time": 235,
            "train": 7,
            "operation": 4
        },
        {
            "time": 243,
            "train": 7,
            "operation": 5
        },
        {
            "time": 299,
            "train": 7,
            "operation": 6
        },
        {
            "time": 356,
            "train": 6,
            "operation": 5
        },
        {
            "time": 365,
            "train": 6,
            "operation": 6
        },
        {
            "time": 448,
            "train": 3,
            "operation": 4
        },
        {
            "time": 461,
            "train": 4,
            "operation": 1
        },
        {
            "time": 484,
            "train": 4,
            "operation": 2
        },
        {
            "time": 489,
            "train": 3,
            "operation": 5
        },
        {
            "time": 489,
            "train": 3,
            "operation": 6
        },
        {
            "time": 489,
            "train": 3,
            "operation": 7
        },
        {
            "time": 605,
            "train": 5,
            "operation": 1
        },
        {
            "time": 608,
            "train": 0,
            "operation": 2
        },
        {
            "time": 611,
            "train": 5,
            "operation": 2
        },
        {
            "time": 656,
            "train": 2,
            "operation": 6
        },
        {
            "time": 670,
            "train": 1,
            "operation": 2
        },
        {
            "time": 673,
            "train": 7,
            "operation": 7
        },
        {
            "time": 676,
            "train": 2,
            "operation": 8
        },
        {
            "time": 686,
            "train": 7,
            "operation": 8
        },
        {
            "time": 761,
            "train": 6,
            "operation": 8
        },
        {
            "time": 784,
            "train": 5,
            "operation": 3
        },
        {
            "time": 795,
            "train": 5,
            "operation": 4
        },
        {
            "time": 803,
            "train": 6,
            "operation": 10
        },
        {
            "time": 811,
            "train": 6,
            "operation": 14
        },
        {
            "time": 922,
            "train": 2,
            "operation": 11
        },
        {
            "time": 932,
            "train": 2,
            "operation": 14
        },
        {
            "time": 936,
            "train": 6,
            "operation": 20
        },
        {
            "time": 962,
            "train": 8,
            "operation": 3
        },
        {
            "time": 970,
            "train": 8,
            "operation": 5
        },
        {
            "time": 1074,
            "train": 8,
            "operation": 7
        },
        {
            "time": 1080,
            "train": 8,
            "operation": 9
        },
        {
            "time": 1099,
            "train": 7,
            "operation": 10
        },
        {
            "time": 1115,
            "train": 7,
            "operation": 12
        },
        {
            "time": 1131,
            "train": 2,
            "operation": 17
        },
        {
            "time": 1142,
            "train": 2,
            "operation": 20
        },
        {
            "time": 1159,
            "train": 4,
            "operation": 3
        },
        {
            "time": 1175,
            "train": 4,
            "operation": 4
        },
        {
            "time": 1180,
            "train": 5,
            "operation": 5
        },
        {
            "time": 1186,
            "train": 6,
            "operation": 23
        },
        {
            "time": 1187,
            "train": 5,
            "operation": 6
        },
        {
            "time": 1202,
            "train": 6,
            "operation": 25
        },
        {
            "time": 1205,
            "train": 2,
            "operation": 23
        },
        {
            "time": 1225,
            "train": 2,
            "operation": 26
        },
        {
            "time": 1256,
            "train": 6,
            "operation": 27
        },
        {
            "time": 1256,
            "train": 6,
            "operation": 29
        },
        {
            "time": 1258,
            "train": 2,
            "operation": 28
        },
        {
            "time": 1314,
            "train": 5,
            "operation": 7
        },
        {
            "time": 1321,
            "train": 5,
            "operation": 8
        },
        {
            "time": 1348,
            "train": 2,
            "operation": 38
        },
        {
            "time": 1348,
            "train": 8,
            "operation": 11
        },
        {
            "time": 1357,
            "train": 8,
            "operation": 12
        },
        {
            "time": 1475,
            "train": 2,
            "operation": 40
        },
        {
            "time": 1492,
            "train": 1,
            "operation": 4
        },
        {
            "time": 1511,
            "train": 2,
            "operation": 42
        },
        {
            "time": 1513,
            "train": 1,
            "operation": 6
        },
        {
            "time": 1587,
            "train": 4,
            "operation": 5
        },
        {
            "time": 1601,
            "train": 4,
            "operation": 6
        },
        {
            "time": 1614,
            "train": 7,
            "operation": 16
        },
        {
            "time": 1628,
            "train": 7,
            "operation": 20
        },
        {
            "time": 1646,
            "train": 2,
            "operation": 44
        },
        {
            "time": 1654,
            "train": 2,
            "operation": 45
        },
        {
            "time": 1703,
            "train": 1,
            "operation": 9
        },
        {
            "time": 1714,
            "train": 1,
            "operation": 12
        },
        {
            "time": 1728,
            "train": 2,
            "operation": 46
        },
        {
            "time": 1741,
            "train": 2,
            "operation": 47
        },
        {
            "time": 1751,
            "train": 0,
            "operation": 3
        },
        {
            "time": 1767,
            "train": 7,
            "operation": 23
        },
        {
            "time": 1773,
            "train": 7,
            "operation": 26
        },
        {
            "time": 1792,
            "train": 8,
            "operation": 13
        },
        {
            "time": 1794,
            "train": 0,
            "operation": 4
        },
        {
            "time": 1829,
            "train": 2,
            "operation": 48
        },
        {
            "time": 1831,
            "train": 1,
            "operation": 15
        },
        {
            "time": 1836,
            "train": 8,
            "operation": 15
        },
        {
            "time": 1842,
            "train": 8,
            "operation": 20
        },
        {
            "time": 1842,
            "train": 2,
            "operation": 51
        },
        {
            "time": 1843,
            "train": 1,
            "operation": 18
        },
        {
            "time": 1967,
            "train": 8,
            "operation": 29
        },
        {
            "time": 1975,
            "train": 4,
            "operation": 7
        },
        {
            "time": 1996,
            "train": 4,
            "operation": 9
        },
        {
            "time": 2004,
            "train": 4,
            "operation": 11
        },
        {
            "time": 2025,
            "train": 1,
            "operation": 21
        },
        {
            "time": 2040,
            "train": 4,
            "operation": 14
        },
        {
            "time": 2067,
            "train": 1,
            "operation": 24
        },
        {
            "time": 2089,
            "train": 2,
            "operation": 54
        },
        {
            "time": 2089,
            "train": 2,
            "operation": 57
        },
        {
            "time": 2121,
            "train": 1,
            "operation": 26
        },
        {
            "time": 2131,
            "train": 1,
            "operation": 29
        },
        {
            "time": 2170,
            "train": 4,
            "operation": 17
        },
        {
            "time": 2208,
            "train": 7,
            "operation": 28
        },
        {
            "time": 2210,
            "train": 4,
            "operation": 22
        },
        {
            "time": 2228,
            "train": 7,
            "operation": 30
        },
        {
            "time": 2292,
            "train": 4,
            "operation": 27
        },
        {
            "time": 2335,
            "train": 4,
            "operation": 34
        },
        {
            "time": 2343,
            "train": 5,
            "operation": 9
        },
        {
            "time": 2348,
            "train": 5,
            "operation": 11
        },
        {
            "time": 2370,
            "train": 4,
            "operation": 41
        },
        {
            "time": 2370,
            "train": 4,
            "operation": 48
        },
        {
            "time": 2380,
            "train": 8,
            "operation": 35
        },
        {
            "time": 2381,
            "train": 1,
            "operation": 33
        },
        {
            "time": 2387,
            "train": 8,
            "operation": 40
        },
        {
            "time": 2454,
            "train": 8,
            "operation": 45
        },
        {
            "time": 2461,
            "train": 8,
            "operation": 53
        },
        {
            "time": 2471,
            "train": 5,
            "operation": 13
        },
        {
            "time": 2474,
            "train": 7,
            "operation": 33
        },
        {
            "time": 2477,
            "train": 5,
            "operation": 15
        },
        {
            "time": 2482,
            "train": 1,
            "operation": 37
        },
        {
            "time": 2484,
            "train": 7,
            "operation": 36
        },
        {
            "time": 2491,
            "train": 1,
            "operation": 42
        },
        {
            "time": 2512,
            "train": 1,
            "operation": 46
        },
        {
            "time": 2569,
            "train": 0,
            "operation": 5
        },
        {
            "time": 2574,
            "train": 0,
            "operation": 7
        },
        {
            "time": 2627,
            "train": 8,
            "operation": 62
        },
        {
            "time": 2635,
            "train": 8,
            "operation": 65
        },
        {
            "time": 2642,
            "train": 1,
            "operation": 50
        },
        {
            "time": 2682,
            "train": 1,
            "operation": 56
        },
        {
            "time": 2683,
            "train": 7,
            "operation": 41
        },
        {
            "time": 2694,
            "train": 7,
            "operation": 46
        },
        {
            "time": 2718,
            "train": 0,
            "operation": 9
        },
        {
            "time": 2727,
            "train": 0,
            "operation": 11
        },
        {
            "time": 2757,
            "train": 7,
            "operation": 50
        },
        {
            "time": 2758,
            "train": 8,
            "operation": 68
        },
        {
            "time": 2764,
            "train": 1,
            "operation": 59
        },
        {
            "time": 2777,
            "train": 7,
            "operation": 54
        },
        {
            "time": 2801,
            "train": 8,
            "operation": 71
        },
        {
            "time": 2807,
            "train": 1,
            "operation": 63
        },
        {
            "time": 2810,
            "train": 7,
            "operation": 58
        },
        {
            "time": 2842,
            "train": 1,
            "operation": 67
        },
        {
            "time": 2842,
            "train": 1,
            "operation": 71
        },
        {
            "time": 2900,
            "train": 7,
            "operation": 64
        },
        {
            "time": 3028,
            "train": 7,
            "operation": 76
        },
        {
            "time": 3048,
            "train": 7,
            "operation": 82
        },
        {
            "time": 3087,
            "train": 0,
            "operation": 13
        },
        {
            "time": 3093,
            "train": 0,
            "operation": 15
        },
        {
            "time": 3198,
            "train": 7,
            "operation": 87
        },
        {
            "time": 3203,
            "train": 0,
            "operation": 17
        },
        {
            "time": 3206,
            "train": 7,
            "operation": 90
        },
        {
            "time": 3209,
            "train": 0,
            "operation": 19
        },
        {
            "time": 3261,
            "train": 7,
            "operation": 92
        },
        {
            "time": 3272,
            "train": 7,
            "operation": 94
        },
        {
            "time": 3310,
            "train": 7,
            "operation": 96
        },
        {
            "time": 3325,
            "train": 7,
            "operation": 100
        },
        {
            "time": 3361,
            "train": 5,
            "operation": 17
        },
        {
            "time": 3370,
            "train": 5,
            "operation": 19
        },
        {
            "time": 3511,
            "train": 7,
            "operation": 104
        },
        {
            "time": 3526,
            "train": 7,
            "operation": 107
        },
        {
            "time": 3603,
            "train": 5,
            "operation": 21
        },
        {
            "time": 3609,
            "train": 5,
            "operation": 23
        },
        {
            "time": 3648,
            "train": 8,
            "operation": 75
        },
        {
            "time": 3654,
            "train": 8,
            "operation": 77
        },
        {
            "time": 3827,
            "train": 8,
            "operation": 79
        },
        {
            "time": 3832,
            "train": 7,
            "operation": 110
        },
        {
            "time": 3838,
            "train": 8,
            "operation": 81
        },
        {
            "time": 3865,
            "train": 7,
            "operation": 115
        },
        {
            "time": 3910,
            "train": 7,
            "operation": 121
        },
        {
            "time": 3916,
            "train": 7,
            "operation": 124
        },
        {
            "time": 4000,
            "train": 7,
            "operation": 128
        },
        {
            "time": 4005,
            "train": 7,
            "operation": 132
        },
        {
            "time": 4053,
            "train": 7,
            "operation": 134
        },
        {
            "time": 4061,
            "train": 7,
            "operation": 136
        },
        {
            "time": 4116,
            "train": 7,
            "operation": 138
        },
        {
            "time": 4122,
            "train": 7,
            "operation": 139
        },
        {
            "time": 4160,
            "train": 0,
            "operation": 21
        },
        {
            "time": 4164,
            "train": 0,
            "operation": 23
        },
        {
            "time": 4165,
            "train": 5,
            "operation": 25
        },
        {
            "time": 4170,
            "train": 5,
            "operation": 27
        },
        {
            "time": 4225,
            "train": 8,
            "operation": 83
        },
        {
            "time": 4233,
            "train": 8,
            "operation": 85
        },
        {
            "time": 4267,
            "train": 0,
            "operation": 25
        },
        {
            "time": 4272,
            "train": 0,
            "operation": 27
        },
        {
            "time": 4296,
            "train": 5,
            "operation": 29
        },
        {
            "time": 4303,
            "train": 5,
            "operation": 31
        },
        {
            "time": 4367,
            "train": 8,
            "operation": 87
        },
        {
            "time": 4374,
            "train": 8,
            "operation": 89
        },
        {
            "time": 4389,
            "train": 7,
            "operation": 140
        },
        {
            "time": 4396,
            "train": 7,
            "operation": 142
        },
        {
            "time": 4480,
            "train": 7,
            "operation": 144
        },
        {
            "time": 4484,
            "train": 7,
            "operation": 146
        },
        {
            "time": 4873,
            "train": 5,
            "operation": 33
        },
        {
            "time": 4880,
            "train": 5,
            "operation": 35
        },
        {
            "time": 5038,
            "train": 5,
            "operation": 37
        },
        {
            "time": 5045,
            "train": 5,
            "operation": 39
        },
        {
            "time": 5056,
            "train": 0,
            "operation": 29
        },
        {
            "time": 5064,
            "train": 0,
            "operation": 31
        },
        {
            "time": 5232,
            "train": 7,
            "operation": 148
        },
        {
            "time": 5236,
            "train": 7,
            "operation": 150
        },
        {
            "time": 5289,
            "train": 0,
            "operation": 33
        },
        {
            "time": 5291,
            "train": 7,
            "operation": 152
        },
        {
            "time": 5294,
            "train": 0,
            "operation": 35
        },
        {
            "time": 5295,
            "train": 7,
            "operation": 154
        },
        {
            "time": 5339,
            "train": 7,
            "operation": 156
        },
        {
            "time": 5344,
            "train": 7,
            "operation": 157
        },
        {
            "time": 5441,
            "train": 8,
            "operation": 91
        },
        {
            "time": 5446,
            "train": 8,
            "operation": 93
        },
        {
            "time": 5521,
            "train": 5,
            "operation": 41
        },
        {
            "time": 5531,
            "train": 5,
            "operation": 43
        },
        {
            "time": 5546,
            "train": 7,
            "operation": 158
        },
        {
            "time": 5552,
            "train": 7,
            "operation": 159
        },
        {
            "time": 5569,
            "train": 8,
            "operation": 95
        },
        {
            "time": 5575,
            "train": 8,
            "operation": 97
        },
        {
            "time": 5617,
            "train": 7,
            "operation": 160
        },
        {
            "time": 5622,
            "train": 7,
            "operation": 161
        },
        {
            "time": 5724,
            "train": 5,
            "operation": 45
        },
        {
            "time": 5732,
            "train": 5,
            "operation": 47
        },
        {
            "time": 5772,
            "train": 7,
            "operation": 162
        },
        {
            "time": 5777,
            "train": 7,
            "operation": 163
        },
        {
            "time": 5814,
            "train": 0,
            "operation": 37
        },
        {
            "time": 5818,
            "train": 0,
            "operation": 39
        },
        {
            "time": 5860,
            "train": 7,
            "operation": 164
        },
        {
            "time": 5865,
            "train": 7,
            "operation": 166
        },
        {
            "time": 5923,
            "train": 0,
            "operation": 41
        },
        {
            "time": 5929,
            "train": 0,
            "operation": 43
        },
        {
            "time": 5935,
            "train": 7,
            "operation": 168
        },
        {
            "time": 5940,
            "train": 7,
            "operation": 170
        },
        {
            "time": 6196,
            "train": 5,
            "operation": 50
        },
        {
            "time": 6209,
            "train": 5,
            "operation": 52
        },
        {
            "time": 6297,
            "train": 7,
            "operation": 172
        },
        {
            "time": 6302,
            "train": 7,
            "operation": 174
        },
        {
            "time": 6423,
            "train": 0,
            "operation": 45
        },
        {
            "time": 6430,
            "train": 0,
            "operation": 47
        },
        {
            "time": 6454,
            "train": 7,
            "operation": 176
        },
        {
            "time": 6460,
            "train": 7,
            "operation": 178
        },
        {
            "time": 6467,
            "train": 8,
            "operation": 99
        },
        {
            "time": 6477,
            "train": 8,
            "operation": 101
        },
        {
            "time": 6588,
            "train": 0,
            "operation": 49
        },
        {
            "time": 6594,
            "train": 0,
            "operation": 51
        },
        {
            "time": 6637,
            "train": 5,
            "operation": 55
        },
        {
            "time": 6665,
            "train": 5,
            "operation": 59
        },
        {
            "time": 6744,
            "train": 8,
            "operation": 103
        },
        {
            "time": 6750,
            "train": 8,
            "operation": 105
        },
        {
            "time": 6887,
            "train": 7,
            "operation": 180
        },
        {
            "time": 6893,
            "train": 7,
            "operation": 182
        },
        {
            "time": 6945,
            "train": 5,
            "operation": 62
        },
        {
            "time": 6952,
            "train": 5,
            "operation": 65
        },
        {
            "time": 7008,
            "train": 0,
            "operation": 53
        },
        {
            "time": 7018,
            "train": 0,
            "operation": 55
        },
        {
            "time": 7054,
            "train": 7,
            "operation": 184
        },
        {
            "time": 7058,
            "train": 7,
            "operation": 186
        },
        {
            "time": 7205,
            "train": 0,
            "operation": 57
        },
        {
            "time": 7212,
            "train": 0,
            "operation": 59
        },
        {
            "time": 7300,
            "train": 7,
            "operation": 188
        },
        {
            "time": 7306,
            "train": 7,
            "operation": 190
        },
        {
            "time": 7333,
            "train": 5,
            "operation": 69
        },
        {
            "time": 7349,
            "train": 8,
            "operation": 107
        },
        {
            "time": 7354,
            "train": 8,
            "operation": 109
        },
        {
            "time": 7364,
            "train": 5,
            "operation": 70
        },
        {
            "time": 7409,
            "train": 7,
            "operation": 192
        },
        {
            "time": 7417,
            "train": 7,
            "operation": 194
        },
        {
            "time": 7480,
            "train": 8,
            "operation": 111
        },
        {
            "time": 7487,
            "train": 8,
            "operation": 113
        },
        {
            "time": 7663,
            "train": 0,
            "operation": 62
        },
        {
            "time": 7676,
            "train": 0,
            "operation": 64
        },
        {
            "time": 7776,
            "train": 7,
            "operation": 196
        },
        {
            "time": 7776,
            "train": 7,
            "operation": 197
        },
        {
            "time": 7779,
            "train": 5,
            "operation": 71
        },
        {
            "time": 7784,
            "train": 5,
            "operation": 73
        },
        {
            "time": 7916,
            "train": 5,
            "operation": 75
        },
        {
            "time": 7924,
            "train": 5,
            "operation": 77
        },
        {
            "time": 7984,
            "train": 7,
            "operation": 198
        },
        {
            "time": 7989,
            "train": 7,
            "operation": 200
        },
        {
            "time": 8065,
            "train": 8,
            "operation": 115
        },
        {
            "time": 8072,
            "train": 8,
            "operation": 117
        },
        {
            "time": 8104,
            "train": 0,
            "operation": 67
        },
        {
            "time": 8132,
            "train": 0,
            "operation": 71
        },
        {
            "time": 8136,
            "train": 7,
            "operation": 202
        },
        {
            "time": 8141,
            "train": 7,
            "operation": 204
        },
        {
            "time": 8176,
            "train": 7,
            "operation": 206
        },
        {
            "time": 8181,
            "train": 7,
            "operation": 208
        },
        {
            "time": 8197,
            "train": 7,
            "operation": 210
        },
        {
            "time": 8203,
            "train": 7,
            "operation": 212
        },
        {
            "time": 8230,
            "train": 8,
            "operation": 119
        },
        {
            "time": 8237,
            "train": 8,
            "operation": 121
        },
        {
            "time": 8287,
            "train": 5,
            "operation": 79
        },
        {
            "time": 8293,
            "train": 5,
            "operation": 81
        },
        {
            "time": 8418,
            "train": 0,
            "operation": 74
        },
        {
            "time": 8419,
            "train": 5,
            "operation": 83
        },
        {
            "time": 8425,
            "train": 0,
            "operation": 77
        },
        {
            "time": 8441,
            "train": 5,
            "operation": 85
        },
        {
            "time": 8713,
            "train": 8,
            "operation": 123
        },
        {
            "time": 8724,
            "train": 8,
            "operation": 125
        },
        {
            "time": 8810,
            "train": 0,
            "operation": 81
        },
        {
            "time": 8810,
            "train": 7,
            "operation": 214
        },
        {
            "time": 8820,
            "train": 7,
            "operation": 216
        },
        {
            "time": 8841,
            "train": 0,
            "operation": 82
        },
        {
            "time": 8940,
            "train": 8,
            "operation": 127
        },
        {
            "time": 8948,
            "train": 8,
            "operation": 129
        },
        {
            "time": 9030,
            "train": 7,
            "operation": 218
        },
        {
            "time": 9044,
            "train": 7,
            "operation": 220
        },
        {
            "time": 9124,
            "train": 5,
            "operation": 87
        },
        {
            "time": 9130,
            "train": 5,
            "operation": 89
        },
        {
            "time": 9219,
            "train": 0,
            "operation": 83
        },
        {
            "time": 9223,
            "train": 0,
            "operation": 85
        },
        {
            "time": 9246,
            "train": 5,
            "operation": 91
        },
        {
            "time": 9252,
            "train": 5,
            "operation": 93
        },
        {
            "time": 9333,
            "train": 0,
            "operation": 87
        },
        {
            "time": 9339,
            "train": 0,
            "operation": 89
        },
        {
            "time": 9420,
            "train": 8,
            "operation": 132
        },
        {
            "time": 9433,
            "train": 8,
            "operation": 134
        },
        {
            "time": 9477,
            "train": 7,
            "operation": 222
        },
        {
            "time": 9483,
            "train": 7,
            "operation": 224
        },
        {
            "time": 9641,
            "train": 0,
            "operation": 91
        },
        {
            "time": 9647,
            "train": 0,
            "operation": 93
        },
        {
            "time": 9669,
            "train": 7,
            "operation": 226
        },
        {
            "time": 9689,
            "train": 7,
            "operation": 228
        },
        {
            "time": 9769,
            "train": 0,
            "operation": 95
        },
        {
            "time": 9791,
            "train": 0,
            "operation": 97
        },
        {
            "time": 9861,
            "train": 8,
            "operation": 137
        },
        {
            "time": 9889,
            "train": 8,
            "operation": 141
        },
        {
            "time": 10085,
            "train": 7,
            "operation": 230
        },
        {
            "time": 10093,
            "train": 7,
            "operation": 232
        },
        {
            "time": 10183,
            "train": 8,
            "operation": 144
        },
        {
            "time": 10190,
            "train": 8,
            "operation": 147
        },
        {
            "time": 10211,
            "train": 7,
            "operation": 234
        },
        {
            "time": 10215,
            "train": 7,
            "operation": 236
        },
        {
            "time": 10216,
            "train": 5,
            "operation": 95
        },
        {
            "time": 10222,
            "train": 5,
            "operation": 97
        },
        {
            "time": 10356,
            "train": 5,
            "operation": 99
        },
        {
            "time": 10362,
            "train": 5,
            "operation": 101
        },
        {
            "time": 10401,
            "train": 0,
            "operation": 99
        },
        {
            "time": 10406,
            "train": 0,
            "operation": 101
        },
        {
            "time": 10464,
            "train": 7,
            "operation": 238
        },
        {
            "time": 10470,
            "train": 7,
            "operation": 239
        },
        {
            "time": 10503,
            "train": 0,
            "operation": 103
        },
        {
            "time": 10508,
            "train": 0,
            "operation": 105
        },
        {
            "time": 10537,
            "train": 7,
            "operation": 240
        },
        {
            "time": 10542,
            "train": 7,
            "operation": 241
        },
        {
            "time": 10581,
            "train": 8,
            "operation": 151
        },
        {
            "time": 10612,
            "train": 8,
            "operation": 152
        },
        {
            "time": 10644,
            "train": 7,
            "operation": 242
        },
        {
            "time": 10651,
            "train": 7,
            "operation": 244
        },
        {
            "time": 10882,
            "train": 7,
            "operation": 246
        },
        {
            "time": 10888,
            "train": 7,
            "operation": 248
        },
        {
            "time": 11027,
            "train": 8,
            "operation": 153
        },
        {
            "time": 11032,
            "train": 8,
            "operation": 155
        },
        {
            "time": 11118,
            "train": 5,
            "operation": 103
        },
        {
            "time": 11124,
            "train": 5,
            "operation": 105
        },
        {
            "time": 11142,
            "train": 7,
            "operation": 250
        },
        {
            "time": 11155,
            "train": 7,
            "operation": 251
        },
        {
            "time": 11164,
            "train": 8,
            "operation": 157
        },
        {
            "time": 11172,
            "train": 8,
            "operation": 159
        },
        {
            "time": 11182,
            "train": 7,
            "operation": 252
        },
        {
            "time": 11189,
            "train": 7,
            "operation": 254
        },
        {
            "time": 11198,
            "train": 7,
            "operation": 256
        },
        {
            "time": 11206,
            "train": 7,
            "operation": 259
        },
        {
            "time": 11247,
            "train": 5,
            "operation": 107
        },
        {
            "time": 11253,
            "train": 5,
            "operation": 109
        },
        {
            "time": 11301,
            "train": 7,
            "operation": 262
        },
        {
            "time": 11311,
            "train": 0,
            "operation": 107
        },
        {
            "time": 11316,
            "train": 0,
            "operation": 109
        },
        {
            "time": 11319,
            "train": 7,
            "operation": 268
        },
        {
            "time": 11428,
            "train": 0,
            "operation": 111
        },
        {
            "time": 11433,
            "train": 0,
            "operation": 113
        },
        {
            "time": 11535,
            "train": 8,
            "operation": 161
        },
        {
            "time": 11541,
            "train": 8,
            "operation": 163
        },
        {
            "time": 11667,
            "train": 8,
            "operation": 165
        },
        {
            "time": 11689,
            "train": 8,
            "operation": 167
        },
        {
            "time": 11711,
            "train": 7,
            "operation": 274
        },
        {
            "time": 11726,
            "train": 7,
            "operation": 276
        },
        {
            "time": 11798,
            "train": 5,
            "operation": 111
        },
        {
            "time": 11804,
            "train": 5,
            "operation": 113
        },
        {
            "time": 11924,
            "train": 5,
            "operation": 115
        },
        {
            "time": 11931,
            "train": 5,
            "operation": 117
        },
        {
            "time": 12063,
            "train": 0,
            "operation": 115
        },
        {
            "time": 12068,
            "train": 0,
            "operation": 117
        },
        {
            "time": 12152,
            "train": 7,
            "operation": 279
        },
        {
            "time": 12166,
            "train": 7,
            "operation": 281
        },
        {
            "time": 12170,
            "train": 0,
            "operation": 119
        },
        {
            "time": 12175,
            "train": 0,
            "operation": 121
        },
        {
            "time": 12273,
            "train": 7,
            "operation": 285
        },
        {
            "time": 12289,
            "train": 7,
            "operation": 289
        },
        {
            "time": 12382,
            "train": 8,
            "operation": 169
        },
        {
            "time": 12388,
            "train": 8,
            "operation": 171
        },
        {
            "time": 12504,
            "train": 8,
            "operation": 173
        },
        {
            "time": 12510,
            "train": 8,
            "operation": 175
        },
        {
            "time": 12629,
            "train": 0,
            "operation": 123
        },
        {
            "time": 12634,
            "train": 0,
            "operation": 125
        },
        {
            "time": 12639,
            "train": 7,
            "operation": 292
        },
        {
            "time": 12656,
            "train": 7,
            "operation": 296
        },
        {
            "time": 12694,
            "train": 5,
            "operation": 119
        },
        {
            "time": 12700,
            "train": 5,
            "operation": 121
        },
        {
            "time": 12734,
            "train": 0,
            "operation": 127
        },
        {
            "time": 12740,
            "train": 0,
            "operation": 129
        },
        {
            "time": 12822,
            "train": 5,
            "operation": 123
        },
        {
            "time": 12829,
            "train": 5,
            "operation": 125
        },
        {
            "time": 12844,
            "train": 7,
            "operation": 300
        },
        {
            "time": 12858,
            "train": 7,
            "operation": 303
        },
        {
            "time": 13300,
            "train": 5,
            "operation": 127
        },
        {
            "time": 13306,
            "train": 5,
            "operation": 129
        },
        {
            "time": 13366,
            "train": 7,
            "operation": 310
        },
        {
            "time": 13371,
            "train": 7,
            "operation": 312
        },
        {
            "time": 13396,
            "train": 0,
            "operation": 131
        },
        {
            "time": 13401,
            "train": 0,
            "operation": 133
        },
        {
            "time": 13423,
            "train": 5,
            "operation": 131
        },
        {
            "time": 13430,
            "train": 5,
            "operation": 133
        },
        {
            "time": 13462,
            "train": 7,
            "operation": 314
        },
        {
            "time": 13466,
            "train": 7,
            "operation": 316
        },
        {
            "time": 13474,
            "train": 8,
            "operation": 177
        },
        {
            "time": 13480,
            "train": 8,
            "operation": 179
        },
        {
            "time": 13503,
            "train": 0,
            "operation": 135
        },
        {
            "time": 13509,
            "train": 0,
            "operation": 137
        },
        {
            "time": 13614,
            "train": 8,
            "operation": 181
        },
        {
            "time": 13620,
            "train": 8,
            "operation": 183
        },
        {
            "time": 13901,
            "train": 0,
            "operation": 139
        },
        {
            "time": 13906,
            "train": 0,
            "operation": 141
        },
        {
            "time": 13908,
            "train": 5,
            "operation": 135
        },
        {
            "time": 13913,
            "train": 7,
            "operation": 319
        },
        {
            "time": 13917,
            "train": 5,
            "operation": 137
        },
        {
            "time": 13950,
            "train": 7,
            "operation": 321
        },
        {
            "time": 14004,
            "train": 0,
            "operation": 143
        },
        {
            "time": 14010,
            "train": 0,
            "operation": 145
        },
        {
            "time": 14115,
            "train": 5,
            "operation": 139
        },
        {
            "time": 14122,
            "train": 5,
            "operation": 141
        },
        {
            "time": 14182,
            "train": 7,
            "operation": 323
        },
        {
            "time": 14192,
            "train": 7,
            "operation": 325
        },
        {
            "time": 14376,
            "train": 8,
            "operation": 185
        },
        {
            "time": 14382,
            "train": 8,
            "operation": 187
        },
        {
            "time": 14408,
            "train": 0,
            "operation": 147
        },
        {
            "time": 14417,
            "train": 0,
            "operation": 149
        },
        {
            "time": 14490,
            "train": 7,
            "operation": 326
        },
        {
            "time": 14493,
            "train": 7,
            "operation": 328
        },
        {
            "time": 14505,
            "train": 8,
            "operation": 189
        },
        {
            "time": 14511,
            "train": 8,
            "operation": 191
        },
        {
            "time": 14569,
            "train": 7,
            "operation": 330
        },
        {
            "time": 14573,
            "train": 7,
            "operation": 332
        },
        {
            "time": 14615,
            "train": 0,
            "operation": 151
        },
        {
            "time": 14863,
            "train": 7,
            "operation": 334
        },
        {
            "time": 14870,
            "train": 7,
            "operation": 336
        },
        {
            "time": 14956,
            "train": 7,
            "operation": 338
        },
        {
            "time": 14962,
            "train": 7,
            "operation": 340
        },
        {
            "time": 15056,
            "train": 8,
            "operation": 193
        },
        {
            "time": 15062,
            "train": 8,
            "operation": 195
        },
        {
            "time": 15151,
            "train": 5,
            "operation": 143
        },
        {
            "time": 15157,
            "train": 5,
            "operation": 145
        },
        {
            "time": 15162,
            "train": 0,
            "operation": 153
        },
        {
            "time": 15182,
            "train": 8,
            "operation": 197
        },
        {
            "time": 15189,
            "train": 8,
            "operation": 199
        },
        {
            "time": 15291,
            "train": 5,
            "operation": 147
        },
        {
            "time": 15299,
            "train": 5,
            "operation": 149
        },
        {
            "time": 15343,
            "train": 7,
            "operation": 342
        },
        {
            "time": 15349,
            "train": 7,
            "operation": 344
        },
        {
            "time": 15445,
            "train": 7,
            "operation": 346
        },
        {
            "time": 15450,
            "train": 7,
            "operation": 348
        },
        {
            "time": 15937,
            "train": 7,
            "operation": 350
        },
        {
            "time": 15941,
            "train": 7,
            "operation": 352
        },
        {
            "time": 15961,
            "train": 8,
            "operation": 201
        },
        {
            "time": 15967,
            "train": 8,
            "operation": 203
        },
        {
            "time": 16018,
            "train": 7,
            "operation": 354
        },
        {
            "time": 16022,
            "train": 7,
            "operation": 356
        },
        {
            "time": 16034,
            "train": 0,
            "operation": 155
        },
        {
            "time": 16039,
            "train": 0,
            "operation": 157
        },
        {
            "time": 16089,
            "train": 8,
            "operation": 205
        },
        {
            "time": 16096,
            "train": 8,
            "operation": 207
        },
        {
            "time": 16151,
            "train": 0,
            "operation": 159
        },
        {
            "time": 16278,
            "train": 7,
            "operation": 358
        },
        {
            "time": 16282,
            "train": 7,
            "operation": 359
        },
        {
            "time": 16330,
            "train": 7,
            "operation": 360
        },
        {
            "time": 16334,
            "train": 7,
            "operation": 361
        },
        {
            "time": 16366,
            "train": 5,
            "operation": 151
        },
        {
            "time": 16373,
            "train": 5,
            "operation": 153
        },
        {
            "time": 16397,
            "train": 0,
            "operation": 161
        },
        {
            "time": 16518,
            "train": 5,
            "operation": 155
        },
        {
            "time": 16526,
            "train": 5,
            "operation": 157
        },
        {
            "time": 16567,
            "train": 8,
            "operation": 209
        },
        {
            "time": 16573,
            "train": 8,
            "operation": 211
        },
        {
            "time": 16659,
            "train": 7,
            "operation": 362
        },
        {
            "time": 16663,
            "train": 7,
            "operation": 364
        },
        {
            "time": 16690,
            "train": 8,
            "operation": 213
        },
        {
            "time": 16697,
            "train": 8,
            "operation": 215
        },
        {
            "time": 16756,
            "train": 7,
            "operation": 366
        },
        {
            "time": 16760,
            "train": 7,
            "operation": 368
        },
        {
            "time": 17131,
            "train": 7,
            "operation": 370
        },
        {
            "time": 17142,
            "train": 7,
            "operation": 372
        },
        {
            "time": 17175,
            "train": 8,
            "operation": 217
        },
        {
            "time": 17184,
            "train": 8,
            "operation": 219
        },
        {
            "time": 17286,
            "train": 0,
            "operation": 163
        },
        {
            "time": 17291,
            "train": 7,
            "operation": 374
        },
        {
            "time": 17292,
            "train": 0,
            "operation": 165
        },
        {
            "time": 17316,
            "train": 7,
            "operation": 377
        },
        {
            "time": 17382,
            "train": 8,
            "operation": 221
        },
        {
            "time": 17389,
            "train": 8,
            "operation": 223
        },
        {
            "time": 17413,
            "train": 0,
            "operation": 167
        },
        {
            "time": 17532,
            "train": 5,
            "operation": 159
        },
        {
            "time": 17539,
            "train": 5,
            "operation": 161
        },
        {
            "time": 17598,
            "train": 7,
            "operation": 380
        },
        {
            "time": 17599,
            "train": 0,
            "operation": 169
        },
        {
            "time": 17636,
            "train": 7,
            "operation": 383
        },
        {
            "time": 17651,
            "train": 5,
            "operation": 163
        },
        {
            "time": 17657,
            "train": 5,
            "operation": 165
        },
        {
            "time": 18318,
            "train": 7,
            "operation": 386
        },
        {
            "time": 18328,
            "train": 7,
            "operation": 387
        },
        {
            "time": 18418,
            "train": 8,
            "operation": 225
        },
        {
            "time": 18424,
            "train": 8,
            "operation": 227
        },
        {
            "time": 18446,
            "train": 7,
            "operation": 388
        },
        {
            "time": 18451,
            "train": 7,
            "operation": 390
        },
        {
            "time": 18457,
            "train": 0,
            "operation": 171
        },
        {
            "time": 18462,
            "train": 0,
            "operation": 173
        },
        {
            "time": 18469,
            "train": 5,
            "operation": 167
        },
        {
            "time": 18479,
            "train": 5,
            "operation": 168
        },
        {
            "time": 18535,
            "train": 7,
            "operation": 392
        },
        {
            "time": 18542,
            "train": 7,
            "operation": 394
        },
        {
            "time": 18556,
            "train": 0,
            "operation": 175
        },
        {
            "time": 18558,
            "train": 8,
            "operation": 229
        },
        {
            "time": 18561,
            "train": 0,
            "operation": 177
        },
        {
            "time": 18566,
            "train": 8,
            "operation": 231
        },
        {
            "time": 18757,
            "train": 5,
            "operation": 169
        },
        {
            "time": 18772,
            "train": 5,
            "operation": 171
        },
        {
            "time": 18787,
            "train": 5,
            "operation": 173
        },
        {
            "time": 18795,
            "train": 5,
            "operation": 175
        },
        {
            "time": 18853,
            "train": 7,
            "operation": 397
        },
        {
            "time": 18864,
            "train": 7,
            "operation": 399
        },
        {
            "time": 18900,
            "train": 7,
            "operation": 401
        },
        {
            "time": 18904,
            "train": 7,
            "operation": 403
        },
        {
            "time": 18954,
            "train": 7,
            "operation": 404
        },
        {
            "time": 18959,
            "train": 7,
            "operation": 405
        },
        {
            "time": 19063,
            "train": 5,
            "operation": 177
        },
        {
            "time": 19072,
            "train": 5,
            "operation": 178
        },
        {
            "time": 19169,
            "train": 5,
            "operation": 179
        },
        {
            "time": 19178,
            "train": 5,
            "operation": 181
        },
        {
            "time": 19231,
            "train": 7,
            "operation": 406
        },
        {
            "time": 19235,
            "train": 7,
            "operation": 408
        },
        {
            "time": 19254,
            "train": 0,
            "operation": 179
        },
        {
            "time": 19264,
            "train": 0,
            "operation": 180
        },
        {
            "time": 19294,
            "train": 7,
            "operation": 410
        },
        {
            "time": 19299,
            "train": 7,
            "operation": 412
        },
        {
            "time": 19484,
            "train": 7,
            "operation": 414
        },
        {
            "time": 19495,
            "train": 7,
            "operation": 415
        },
        {
            "time": 19539,
            "train": 0,
            "operation": 181
        },
        {
            "time": 19554,
            "train": 0,
            "operation": 183
        },
        {
            "time": 19569,
            "train": 0,
            "operation": 185
        },
        {
            "time": 19575,
            "train": 0,
            "operation": 187
        },
        {
            "time": 19621,
            "train": 7,
            "operation": 416
        },
        {
            "time": 19633,
            "train": 8,
            "operation": 233
        },
        {
            "time": 19639,
            "train": 7,
            "operation": 418
        },
        {
            "time": 19640,
            "train": 8,
            "operation": 235
        },
        {
            "time": 19722,
            "train": 5,
            "operation": 183
        },
        {
            "time": 19758,
            "train": 5,
            "operation": 185
        },
        {
            "time": 19759,
            "train": 7,
            "operation": 420
        },
        {
            "time": 19765,
            "train": 7,
            "operation": 422
        },
        {
            "time": 19785,
            "train": 8,
            "operation": 237
        },
        {
            "time": 19793,
            "train": 8,
            "operation": 239
        },
        {
            "time": 19798,
            "train": 0,
            "operation": 189
        },
        {
            "time": 19807,
            "train": 0,
            "operation": 190
        },
        {
            "time": 19888,
            "train": 0,
            "operation": 191
        },
        {
            "time": 19896,
            "train": 0,
            "operation": 193
        },
        {
            "time": 20061,
            "train": 7,
            "operation": 424
        },
        {
            "time": 20066,
            "train": 7,
            "operation": 426
        },
        {
            "time": 20127,
            "train": 7,
            "operation": 428
        },
        {
            "time": 20133,
            "train": 7,
            "operation": 430
        },
        {
            "time": 20350,
            "train": 0,
            "operation": 195
        },
        {
            "time": 20375,
            "train": 7,
            "operation": 432
        },
        {
            "time": 20379,
            "train": 7,
            "operation": 434
        },
        {
            "time": 20485,
            "train": 7,
            "operation": 436
        },
        {
            "time": 20493,
            "train": 7,
            "operation": 438
        },
        {
            "time": 20772,
            "train": 7,
            "operation": 440
        },
        {
            "time": 20777,
            "train": 7,
            "operation": 441
        },
        {
            "time": 20809,
            "train": 8,
            "operation": 241
        },
        {
            "time": 20816,
            "train": 8,
            "operation": 243
        },
        {
            "time": 20842,
            "train": 5,
            "operation": 198
        },
        {
            "time": 20849,
            "train": 5,
            "operation": 200
        },
        {
            "time": 20858,
            "train": 7,
            "operation": 442
        },
        {
            "time": 20863,
            "train": 7,
            "operation": 443
        },
        {
            "time": 20866,
            "train": 0,
            "operation": 197
        },
        {
            "time": 20928,
            "train": 8,
            "operation": 245
        },
        {
            "time": 20934,
            "train": 8,
            "operation": 247
        },
        {
            "time": 20993,
            "train": 5,
            "operation": 202
        },
        {
            "time": 20999,
            "train": 5,
            "operation": 204
        },
        {
            "time": 21261,
            "train": 7,
            "operation": 444
        },
        {
            "time": 21270,
            "train": 7,
            "operation": 445
        },
        {
            "time": 21404,
            "train": 7,
            "operation": 446
        },
        {
            "time": 21416,
            "train": 7,
            "operation": 448
        },
        {
            "time": 21590,
            "train": 5,
            "operation": 206
        },
        {
            "time": 21596,
            "train": 5,
            "operation": 207
        },
        {
            "time": 21620,
            "train": 7,
            "operation": 450
        },
        {
            "time": 21626,
            "train": 7,
            "operation": 452
        },
        {
            "time": 21695,
            "train": 5,
            "operation": 208
        },
        {
            "time": 21702,
            "train": 5,
            "operation": 209
        },
        {
            "time": 21746,
            "train": 8,
            "operation": 249
        },
        {
            "time": 21756,
            "train": 8,
            "operation": 250
        },
        {
            "time": 21802,
            "train": 0,
            "operation": 210
        },
        {
            "time": 21809,
            "train": 0,
            "operation": 212
        },
        {
            "time": 21948,
            "train": 0,
            "operation": 214
        },
        {
            "time": 21953,
            "train": 0,
            "operation": 216
        },
        {
            "time": 22046,
            "train": 8,
            "operation": 252
        },
        {
            "time": 22054,
            "train": 8,
            "operation": 254
        },
        {
            "time": 22127,
            "train": 7,
            "operation": 454
        },
        {
            "time": 22131,
            "train": 7,
            "operation": 456
        },
        {
            "time": 22218,
            "train": 7,
            "operation": 458
        },
        {
            "time": 22223,
            "train": 7,
            "operation": 460
        },
        {
            "time": 22339,
            "train": 8,
            "operation": 256
        },
        {
            "time": 22347,
            "train": 8,
            "operation": 258
        },
        {
            "time": 22444,
            "train": 8,
            "operation": 260
        },
        {
            "time": 22446,
            "train": 0,
            "operation": 218
        },
        {
            "time": 22452,
            "train": 0,
            "operation": 219
        },
        {
            "time": 22453,
            "train": 8,
            "operation": 263
        },
        {
            "time": 22473,
            "train": 7,
            "operation": 462
        },
        {
            "time": 22479,
            "train": 7,
            "operation": 464
        },
        {
            "time": 22540,
            "train": 7,
            "operation": 466
        },
        {
            "time": 22546,
            "train": 7,
            "operation": 468
        },
        {
            "time": 22551,
            "train": 0,
            "operation": 220
        },
        {
            "time": 22756,
            "train": 7,
            "operation": 470
        },
        {
            "time": 22762,
            "train": 7,
            "operation": 472
        },
        {
            "time": 22823,
            "train": 7,
            "operation": 474
        },
        {
            "time": 22829,
            "train": 7,
            "operation": 476
        },
        {
            "time": 22853,
            "train": 5,
            "operation": 210
        },
        {
            "time": 22875,
            "train": 5,
            "operation": 212
        },
        {
            "time": 22918,
            "train": 0,
            "operation": 221
        },
        {
            "time": 22977,
            "train": 5,
            "operation": 214
        },
        {
            "time": 22983,
            "train": 5,
            "operation": 216
        },
        {
            "time": 22997,
            "train": 8,
            "operation": 269
        },
        {
            "time": 23033,
            "train": 8,
            "operation": 271
        },
        {
            "time": 23152,
            "train": 7,
            "operation": 478
        },
        {
            "time": 23159,
            "train": 7,
            "operation": 480
        },
        {
            "time": 23247,
            "train": 7,
            "operation": 482
        },
        {
            "time": 23253,
            "train": 7,
            "operation": 484
        },
        {
            "time": 23644,
            "train": 7,
            "operation": 486
        },
        {
            "time": 23649,
            "train": 7,
            "operation": 488
        },
        {
            "time": 23698,
            "train": 5,
            "operation": 218
        },
        {
            "time": 23704,
            "train": 5,
            "operation": 220
        },
        {
            "time": 23721,
            "train": 7,
            "operation": 490
        },
        {
            "time": 23727,
            "train": 7,
            "operation": 492
        },
        {
            "time": 23830,
            "train": 5,
            "operation": 222
        },
        {
            "time": 23836,
            "train": 5,
            "operation": 224
        },
        {
            "time": 24010,
            "train": 7,
            "operation": 494
        },
        {
            "time": 24015,
            "train": 7,
            "operation": 495
        },
        {
            "time": 24054,
            "train": 0,
            "operation": 222
        },
        {
            "time": 24072,
            "train": 0,
            "operation": 224
        },
        {
            "time": 24074,
            "train": 7,
            "operation": 496
        },
        {
            "time": 24079,
            "train": 7,
            "operation": 497
        },
        {
            "time": 24125,
            "train": 8,
            "operation": 285
        },
        {
            "time": 24133,
            "train": 8,
            "operation": 287
        },
        {
            "time": 24157,
            "train": 0,
            "operation": 226
        },
        {
            "time": 24162,
            "train": 0,
            "operation": 228
        },
        {
            "time": 24255,
            "train": 7,
            "operation": 498
        },
        {
            "time": 24260,
            "train": 7,
            "operation": 500
        },
        {
            "time": 24286,
            "train": 8,
            "operation": 289
        },
        {
            "time": 24292,
            "train": 8,
            "operation": 291
        },
        {
            "time": 24369,
            "train": 7,
            "operation": 502
        },
        {
            "time": 24377,
            "train": 7,
            "operation": 504
        },
        {
            "time": 24436,
            "train": 7,
            "operation": 506
        },
        {
            "time": 24442,
            "train": 7,
            "operation": 510
        },
        {
            "time": 24546,
            "train": 7,
            "operation": 514
        },
        {
            "time": 24551,
            "train": 7,
            "operation": 517
        },
        {
            "time": 24758,
            "train": 0,
            "operation": 230
        },
        {
            "time": 24763,
            "train": 0,
            "operation": 232
        },
        {
            "time": 24868,
            "train": 0,
            "operation": 234
        },
        {
            "time": 24883,
            "train": 8,
            "operation": 293
        },
        {
            "time": 24889,
            "train": 8,
            "operation": 294
        },
        {
            "time": 24921,
            "train": 5,
            "operation": 226
        },
        {
            "time": 24925,
            "train": 5,
            "operation": 228
        },
        {
            "time": 24933,
            "train": 0,
            "operation": 236
        },
        {
            "time": 24988,
            "train": 8,
            "operation": 295
        },
        {
            "time": 24995,
            "train": 8,
            "operation": 296
        },
        {
            "time": 25031,
            "train": 5,
            "operation": 230
        },
        {
            "time": 25037,
            "train": 5,
            "operation": 232
        },
        {
            "time": 25131,
            "train": 7,
            "operation": 520
        },
        {
            "time": 25141,
            "train": 7,
            "operation": 524
        },
        {
            "time": 25575,
            "train": 7,
            "operation": 532
        },
        {
            "time": 25596,
            "train": 7,
            "operation": 536
        },
        {
            "time": 25756,
            "train": 5,
            "operation": 235
        },
        {
            "time": 25762,
            "train": 5,
            "operation": 237
        },
        {
            "time": 25836,
            "train": 0,
            "operation": 238
        },
        {
            "time": 25840,
            "train": 0,
            "operation": 240
        },
        {
            "time": 25928,
            "train": 0,
            "operation": 242
        },
        {
            "time": 25933,
            "train": 0,
            "operation": 244
        },
        {
            "time": 25998,
            "train": 5,
            "operation": 239
        },
        {
            "time": 26013,
            "train": 5,
            "operation": 241
        },
        {
            "time": 26072,
            "train": 7,
            "operation": 540
        },
        {
            "time": 26098,
            "train": 7,
            "operation": 543
        },
        {
            "time": 26121,
            "train": 7,
            "operation": 546
        },
        {
            "time": 26148,
            "train": 7,
            "operation": 549
        },
        {
            "time": 26172,
            "train": 7,
            "operation": 552
        },
        {
            "time": 26192,
            "train": 7,
            "operation": 555
        },
        {
            "time": 26202,
            "train": 7,
            "operation": 558
        },
        {
            "time": 26203,
            "train": 8,
            "operation": 297
        },
        {
            "time": 26225,
            "train": 8,
            "operation": 299
        },
        {
            "time": 26274,
            "train": 5,
            "operation": 242
        },
        {
            "time": 26280,
            "train": 5,
            "operation": 244
        },
        {
            "time": 26307,
            "train": 7,
            "operation": 561
        },
        {
            "time": 26327,
            "train": 8,
            "operation": 301
        },
        {
            "time": 26333,
            "train": 8,
            "operation": 303
        },
        {
            "time": 26357,
            "train": 7,
            "operation": 569
        },
        {
            "time": 26411,
            "train": 5,
            "operation": 246
        },
        {
            "time": 26417,
            "train": 5,
            "operation": 248
        },
        {
            "time": 26486,
            "train": 7,
            "operation": 571
        },
        {
            "time": 26494,
            "train": 7,
            "operation": 574
        },
        {
            "time": 26521,
            "train": 7,
            "operation": 577
        },
        {
            "time": 26550,
            "train": 7,
            "operation": 582
        },
        {
            "time": 26552,
            "train": 0,
            "operation": 247
        },
        {
            "time": 26557,
            "train": 0,
            "operation": 249
        },
        {
            "time": 26748,
            "train": 7,
            "operation": 587
        },
        {
            "time": 26753,
            "train": 7,
            "operation": 591
        },
        {
            "time": 26793,
            "train": 0,
            "operation": 251
        },
        {
            "time": 26808,
            "train": 0,
            "operation": 253
        },
        {
            "time": 26948,
            "train": 7,
            "operation": 595
        },
        {
            "time": 26967,
            "train": 7,
            "operation": 597
        },
        {
            "time": 27048,
            "train": 8,
            "operation": 305
        },
        {
            "time": 27054,
            "train": 8,
            "operation": 307
        },
        {
            "time": 27059,
            "train": 0,
            "operation": 254
        },
        {
            "time": 27065,
            "train": 0,
            "operation": 256
        },
        {
            "time": 27180,
            "train": 8,
            "operation": 309
        },
        {
            "time": 27186,
            "train": 8,
            "operation": 311
        },
        {
            "time": 27190,
            "train": 0,
            "operation": 258
        },
        {
            "time": 27338,
            "train": 5,
            "operation": 250
        },
        {
            "time": 27346,
            "train": 5,
            "operation": 252
        },
        {
            "time": 27376,
            "train": 0,
            "operation": 260
        },
        {
            "time": 27440,
            "train": 7,
            "operation": 599
        },
        {
            "time": 27440,
            "train": 7,
            "operation": 600
        },
        {
            "time": 27478,
            "train": 5,
            "operation": 254
        },
        {
            "time": 27486,
            "train": 5,
            "operation": 256
        },
        {
            "time": 27942,
            "train": 5,
            "operation": 258
        },
        {
            "time": 27947,
            "train": 5,
            "operation": 260
        },
        {
            "time": 28077,
            "train": 5,
            "operation": 262
        },
        {
            "time": 28083,
            "train": 5,
            "operation": 264
        },
        {
            "time": 28180,
            "train": 0,
            "operation": 262
        },
        {
            "time": 28188,
            "train": 0,
            "operation": 264
        },
        {
            "time": 28271,
            "train": 8,
            "operation": 313
        },
        {
            "time": 28275,
            "train": 8,
            "operation": 315
        },
        {
            "time": 28320,
            "train": 0,
            "operation": 266
        },
        {
            "time": 28328,
            "train": 0,
            "operation": 268
        },
        {
            "time": 28381,
            "train": 8,
            "operation": 317
        },
        {
            "time": 28387,
            "train": 8,
            "operation": 319
        },
        {
            "time": 28560,
            "train": 5,
            "operation": 266
        },
        {
            "time": 28574,
            "train": 5,
            "operation": 268
        },
        {
            "time": 28687,
            "train": 5,
            "operation": 270
        },
        {
            "time": 28693,
            "train": 5,
            "operation": 272
        },
        {
            "time": 28776,
            "train": 0,
            "operation": 270
        },
        {
            "time": 28780,
            "train": 0,
            "operation": 272
        },
        {
            "time": 28889,
            "train": 0,
            "operation": 274
        },
        {
            "time": 28894,
            "train": 0,
            "operation": 276
        },
        {
            "time": 29115,
            "train": 8,
            "operation": 322
        },
        {
            "time": 29121,
            "train": 8,
            "operation": 324
        },
        {
            "time": 29230,
            "train": 5,
            "operation": 274
        },
        {
            "time": 29238,
            "train": 5,
            "operation": 276
        },
        {
            "time": 29291,
            "train": 0,
            "operation": 278
        },
        {
            "time": 29304,
            "train": 0,
            "operation": 280
        },
        {
            "time": 29357,
            "train": 8,
            "operation": 326
        },
        {
            "time": 29357,
            "train": 8,
            "operation": 327
        },
        {
            "time": 29371,
            "train": 5,
            "operation": 278
        },
        {
            "time": 29379,
            "train": 5,
            "operation": 280
        },
        {
            "time": 29406,
            "train": 0,
            "operation": 282
        },
        {
            "time": 29412,
            "train": 0,
            "operation": 284
        },
        {
            "time": 29929,
            "train": 0,
            "operation": 286
        },
        {
            "time": 29937,
            "train": 0,
            "operation": 288
        },
        {
            "time": 30070,
            "train": 0,
            "operation": 290
        },
        {
            "time": 30152,
            "train": 5,
            "operation": 282
        },
        {
            "time": 30158,
            "train": 5,
            "operation": 284
        },
        {
            "time": 30198,
            "train": 0,
            "operation": 292
        },
        {
            "time": 30266,
            "train": 5,
            "operation": 286
        },
        {
            "time": 30272,
            "train": 5,
            "operation": 288
        },
        {
            "time": 30964,
            "train": 0,
            "operation": 294
        },
        {
            "time": 30969,
            "train": 0,
            "operation": 296
        },
        {
            "time": 31059,
            "train": 0,
            "operation": 298
        },
        {
            "time": 31304,
            "train": 5,
            "operation": 290
        },
        {
            "time": 31309,
            "train": 5,
            "operation": 292
        },
        {
            "time": 31364,
            "train": 0,
            "operation": 300
        },
        {
            "time": 31422,
            "train": 5,
            "operation": 294
        },
        {
            "time": 31428,
            "train": 5,
            "operation": 296
        },
        {
            "time": 31911,
            "train": 5,
            "operation": 298
        },
        {
            "time": 31918,
            "train": 5,
            "operation": 300
        },
        {
            "time": 32041,
            "train": 5,
            "operation": 302
        },
        {
            "time": 32047,
            "train": 5,
            "operation": 304
        },
        {
            "time": 32280,
            "train": 0,
            "operation": 302
        },
        {
            "time": 32284,
            "train": 0,
            "operation": 304
        },
        {
            "time": 32378,
            "train": 0,
            "operation": 306
        },
        {
            "time": 32383,
            "train": 0,
            "operation": 308
        },
        {
            "time": 32741,
            "train": 5,
            "operation": 306
        },
        {
            "time": 32748,
            "train": 5,
            "operation": 308
        },
        {
            "time": 32786,
            "train": 0,
            "operation": 310
        },
        {
            "time": 32792,
            "train": 0,
            "operation": 312
        },
        {
            "time": 32853,
            "train": 5,
            "operation": 310
        },
        {
            "time": 32859,
            "train": 5,
            "operation": 312
        },
        {
            "time": 32894,
            "train": 0,
            "operation": 314
        },
        {
            "time": 32899,
            "train": 0,
            "operation": 316
        },
        {
            "time": 33461,
            "train": 5,
            "operation": 314
        },
        {
            "time": 33467,
            "train": 5,
            "operation": 316
        },
        {
            "time": 33575,
            "train": 0,
            "operation": 318
        },
        {
            "time": 33581,
            "train": 0,
            "operation": 320
        },
        {
            "time": 33605,
            "train": 5,
            "operation": 318
        },
        {
            "time": 33611,
            "train": 5,
            "operation": 320
        },
        {
            "time": 33669,
            "train": 0,
            "operation": 322
        },
        {
            "time": 33674,
            "train": 0,
            "operation": 324
        },
        {
            "time": 34223,
            "train": 0,
            "operation": 326
        },
        {
            "time": 34229,
            "train": 0,
            "operation": 328
        },
        {
            "time": 34252,
            "train": 5,
            "operation": 322
        },
        {
            "time": 34259,
            "train": 5,
            "operation": 323
        },
        {
            "time": 34365,
            "train": 5,
            "operation": 324
        },
        {
            "time": 34367,
            "train": 0,
            "operation": 330
        },
        {
            "time": 34372,
            "train": 0,
            "operation": 332
        },
        {
            "time": 34373,
            "train": 5,
            "operation": 325
        },
        {
            "time": 34927,
            "train": 0,
            "operation": 334
        },
        {
            "time": 34933,
            "train": 0,
            "operation": 335
        },
        {
            "time": 35013,
            "train": 5,
            "operation": 326
        },
        {
            "time": 35018,
            "train": 5,
            "operation": 328
        },
        {
            "time": 35022,
            "train": 0,
            "operation": 336
        },
        {
            "time": 35029,
            "train": 0,
            "operation": 337
        },
        {
            "time": 35119,
            "train": 5,
            "operation": 330
        },
        {
            "time": 35125,
            "train": 5,
            "operation": 332
        },
        {
            "time": 35642,
            "train": 0,
            "operation": 338
        },
        {
            "time": 35647,
            "train": 0,
            "operation": 340
        },
        {
            "time": 35748,
            "train": 0,
            "operation": 342
        },
        {
            "time": 35856,
            "train": 5,
            "operation": 334
        },
        {
            "time": 35865,
            "train": 5,
            "operation": 336
        },
        {
            "time": 35874,
            "train": 0,
            "operation": 344
        },
        {
            "time": 36271,
            "train": 5,
            "operation": 338
        },
        {
            "time": 36278,
            "train": 5,
            "operation": 340
        },
        {
            "time": 36495,
            "train": 5,
            "operation": 342
        },
        {
            "time": 36508,
            "train": 5,
            "operation": 343
        },
        {
            "time": 36605,
            "train": 0,
            "operation": 346
        },
        {
            "time": 36614,
            "train": 0,
            "operation": 348
        },
        {
            "time": 36731,
            "train": 5,
            "operation": 344
        },
        {
            "time": 36738,
            "train": 5,
            "operation": 345
        },
        {
            "time": 37001,
            "train": 5,
            "operation": 346
        },
        {
            "time": 37010,
            "train": 5,
            "operation": 348
        },
        {
            "time": 37017,
            "train": 0,
            "operation": 350
        },
        {
            "time": 37024,
            "train": 0,
            "operation": 353
        },
        {
            "time": 37155,
            "train": 5,
            "operation": 350
        },
        {
            "time": 37163,
            "train": 5,
            "operation": 352
        },
        {
            "time": 37189,
            "train": 5,
            "operation": 354
        },
        {
            "time": 37216,
            "train": 5,
            "operation": 356
        },
        {
            "time": 37238,
            "train": 0,
            "operation": 356
        },
        {
            "time": 37251,
            "train": 0,
            "operation": 359
        },
        {
            "time": 37474,
            "train": 0,
            "operation": 362
        },
        {
            "time": 37480,
            "train": 0,
            "operation": 365
        },
        {
            "time": 37719,
            "train": 0,
            "operation": 369
        },
        {
            "time": 37727,
            "train": 0,
            "operation": 371
        },
        {
            "time": 37859,
            "train": 0,
            "operation": 373
        },
        {
            "time": 37866,
            "train": 0,
            "operation": 375
        },
        {
            "time": 37890,
            "train": 0,
            "operation": 377
        },
        {
            "time": 37942,
            "train": 5,
            "operation": 358
        },
        {
            "time": 37953,
            "train": 5,
            "operation": 359
        },
        {
            "time": 37977,
            "train": 0,
            "operation": 379
        },
        {
            "time": 38113,
            "train": 5,
            "operation": 360
        },
        {
            "time": 38126,
            "train": 5,
            "operation": 361
        },
        {
            "time": 38456,
            "train": 5,
            "operation": 363
        },
        {
            "time": 38463,
            "train": 5,
            "operation": 365
        },
        {
            "time": 38641,
            "train": 0,
            "operation": 381
        },
        {
            "time": 38652,
            "train": 0,
            "operation": 382
        },
        {
            "time": 38809,
            "train": 0,
            "operation": 383
        },
        {
            "time": 38822,
            "train": 0,
            "operation": 384
        },
        {
            "time": 38951,
            "train": 5,
            "operation": 367
        },
        {
            "time": 38959,
            "train": 5,
            "operation": 369
        },
        {
            "time": 39097,
            "train": 0,
            "operation": 386
        },
        {
            "time": 39103,
            "train": 0,
            "operation": 388
        },
        {
            "time": 39264,
            "train": 5,
            "operation": 370
        },
        {
            "time": 39274,
            "train": 5,
            "operation": 372
        },
        {
            "time": 39505,
            "train": 5,
            "operation": 374
        },
        {
            "time": 39510,
            "train": 0,
            "operation": 390
        },
        {
            "time": 39511,
            "train": 5,
            "operation": 376
        },
        {
            "time": 39517,
            "train": 0,
            "operation": 392
        },
        {
            "time": 39791,
            "train": 0,
            "operation": 393
        },
        {
            "time": 39800,
            "train": 0,
            "operation": 395
        },
        {
            "time": 39913,
            "train": 5,
            "operation": 379
        },
        {
            "time": 39923,
            "train": 5,
            "operation": 381
        },
        {
            "time": 40013,
            "train": 0,
            "operation": 397
        },
        {
            "time": 40019,
            "train": 0,
            "operation": 399
        },
        {
            "time": 40132,
            "train": 5,
            "operation": 383
        },
        {
            "time": 40141,
            "train": 5,
            "operation": 385
        },
        {
            "time": 40383,
            "train": 0,
            "operation": 402
        },
        {
            "time": 40393,
            "train": 0,
            "operation": 404
        },
        {
            "time": 40588,
            "train": 5,
            "operation": 387
        },
        {
            "time": 40593,
            "train": 0,
            "operation": 406
        },
        {
            "time": 40600,
            "train": 5,
            "operation": 389
        },
        {
            "time": 40602,
            "train": 0,
            "operation": 408
        },
        {
            "time": 40857,
            "train": 5,
            "operation": 391
        },
        {
            "time": 40875,
            "train": 5,
            "operation": 393
        },
        {
            "time": 40927,
            "train": 5,
            "operation": 395
        },
        {
            "time": 40927,
            "train": 5,
            "operation": 397
        },
        {
            "time": 40978,
            "train": 5,
            "operation": 399
        },
        {
            "time": 40978,
            "train": 5,
            "operation": 402
        },
        {
            "time": 41049,
            "train": 0,
            "operation": 410
        },
        {
            "time": 41061,
            "train": 0,
            "operation": 412
        },
        {
            "time": 41297,
            "train": 0,
            "operation": 414
        },
        {
            "time": 41315,
            "train": 0,
            "operation": 416
        },
        {
            "time": 41367,
            "train": 0,
            "operation": 418
        },
        {
            "time": 41367,
            "train": 0,
            "operation": 420
        },
        {
            "time": 41418,
            "train": 0,
            "operation": 422
        },
        {
            "time": 41418,
            "train": 0,
            "operation": 425
        }
    ]
}