{
  "events": [
    {
      "operation": 0,
      "time": 0,
      "train": 0
    },
    {
      "operation": 0,
      "time": 0,
      "train": 2
    },
    {
      "operation": 0,
      "time": 0,
      "train": 5
    },
    {
      "operation": 1,
      "time": 0,
      "train": 2
    },
    {
      "operation": 0,
      "time": 0,
      "train": 1
    },
    {
      "operation": 0,
      "time": 0,
      "train": 4
    },
    {
      "operation": 2,
      "time": 0,
      "train": 1
    },
    {
      "operation": 1,
      "time": 0,
      "train": 4
    },
    {
      "operation": 0,
      "time": 0,
      "train": 3
    },
    {
      "operation": 2,
      "time": 17,
      "train": 4
    },
    {
      "operation": 4,
      "time": 24,
      "train": 1
    },
    {
      "operation": 2,
      "time": 33,
      "train": 2
    },
    {
      "operation": 2,
      "time": 162,
      "train": 5
    },
    {
      "operation": 1,
      "time": 183,
      "train": 0
    },
    {
      "operation": 4,
      "time": 183,
      "train": 5
    },
    {
      "operation": 2,
      "time": 198,
      "train": 0
    },
    {
      "operation": 2,
      "time": 340,
      "train": 3
    },
    {
      "operation": 4,
      "time": 356,
      "train": 3
    },
    {
      "operation": 6,
      "time": 408,
      "train": 1
    },
    {
      "operation": 8,
      "time": 452,
      "train": 1
    },
    {
      "operation": 4,
      "time": 490,
      "train": 2
    },
    {
      "operation": 7,
      "time": 513,
      "train": 2
    },
    {
      "operation": 10,
      "time": 609,
      "train": 2
    },
    {
      "operation": 13,
      "time": 615,
      "train": 2
    },
    {
      "operation": 11,
      "time": 674,
      "train": 1
    },
    {
      "operation": 4,
      "time": 674,
      "train": 4
    },
    {
      "operation": 3,
      "time": 674,
      "train": 0
    },
    {
      "operation": 5,
      "time": 689,
      "train": 0
    },
    {
      "operation": 13,
      "time": 693,
      "train": 1
    },
    {
      "operation": 6,
      "time": 712,
      "train": 3
    },
    {
      "operation": 7,
      "time": 712,
      "train": 3
    },
    {
      "operation": 7,
      "time": 835,
      "train": 5
    },
    {
      "operation": 10,
      "time": 864,
      "train": 5
    },
    {
      "operation": 15,
      "time": 1044,
      "train": 2
    },
    {
      "operation": 16,
      "time": 1059,
      "train": 2
    },
    {
      "operation": 7,
      "time": 1117,
      "train": 0
    },
    {
      "operation": 10,
      "time": 1138,
      "train": 0
    },
    {
      "operation": 16,
      "time": 1157,
      "train": 1
    },
    {
      "operation": 20,
      "time": 1180,
      "train": 1
    },
    {
      "operation": 13,
      "time": 1214,
      "train": 0
    },
    {
      "operation": 16,
      "time": 1219,
      "train": 0
    },
    {
      "operation": 15,
      "time": 1274,
      "train": 5
    },
    {
      "operation": 6,
      "time": 1274,
      "train": 4
    },
    {
      "operation": 16,
      "time": 1274,
      "train": 5
    },
    {
      "operation": 25,
      "time": 1485,
      "train": 1
    },
    {
      "operation": 28,
      "time": 1495,
      "train": 1
    },
    {
      "operation": 17,
      "time": 1535,
      "train": 2
    },
    {
      "operation": 19,
      "time": 1550,
      "train": 2
    },
    {
      "operation": 23,
      "time": 1606,
      "train": 0
    },
    {
      "operation": 25,
      "time": 1622,
      "train": 0
    },
    {
      "operation": 10,
      "time": 1716,
      "train": 4
    },
    {
      "operation": 16,
      "time": 1745,
      "train": 4
    },
    {
      "operation": 27,
      "time": 1820,
      "train": 0
    },
    {
      "operation": 30,
      "time": 1831,
      "train": 0
    },
    {
      "operation": 33,
      "time": 1909,
      "train": 0
    },
    {
      "operation": 39,
      "time": 1927,
      "train": 0
    },
    {
      "operation": 45,
      "time": 1944,
      "train": 0
    },
    {
      "operation": 51,
      "time": 1949,
      "train": 0
    },
    {
      "operation": 22,
      "time": 1978,
      "train": 2
    },
    {
      "operation": 57,
      "time": 1992,
      "train": 0
    },
    {
      "operation": 26,
      "time": 1999,
      "train": 2
    },
    {
      "operation": 63,
      "time": 2003,
      "train": 0
    },
    {
      "operation": 29,
      "time": 2075,
      "train": 2
    },
    {
      "operation": 32,
      "time": 2080,
      "train": 2
    },
    {
      "operation": 34,
      "time": 2274,
      "train": 1
    },
    {
      "operation": 36,
      "time": 2274,
      "train": 1
    },
    {
      "operation": 21,
      "time": 2397,
      "train": 4
    },
    {
      "operation": 26,
      "time": 2418,
      "train": 4
    },
    {
      "operation": 69,
      "time": 2432,
      "train": 0
    },
    {
      "operation": 73,
      "time": 2446,
      "train": 0
    },
    {
      "operation": 45,
      "time": 2467,
      "train": 2
    },
    {
      "operation": 47,
      "time": 2483,
      "train": 2
    },
    {
      "operation": 49,
      "time": 2681,
      "train": 2
    },
    {
      "operation": 52,
      "time": 2692,
      "train": 2
    },
    {
      "operation": 55,
      "time": 2770,
      "train": 2
    },
    {
      "operation": 61,
      "time": 2788,
      "train": 2
    },
    {
      "operation": 67,
      "time": 2805,
      "train": 2
    },
    {
      "operation": 73,
      "time": 2810,
      "train": 2
    },
    {
      "operation": 79,
      "time": 2853,
      "train": 2
    },
    {
      "operation": 39,
      "time": 2860,
      "train": 1
    },
    {
      "operation": 85,
      "time": 2864,
      "train": 2
    },
    {
      "operation": 43,
      "time": 2872,
      "train": 1
    },
    {
      "operation": 77,
      "time": 2899,
      "train": 0
    },
    {
      "operation": 80,
      "time": 2917,
      "train": 0
    },
    {
      "operation": 32,
      "time": 3084,
      "train": 4
    },
    {
      "operation": 34,
      "time": 3105,
      "train": 4
    },
    {
      "operation": 37,
      "time": 3239,
      "train": 4
    },
    {
      "operation": 41,
      "time": 3245,
      "train": 4
    },
    {
      "operation": 92,
      "time": 3293,
      "train": 2
    },
    {
      "operation": 96,
      "time": 3313,
      "train": 2
    },
    {
      "operation": 45,
      "time": 3337,
      "train": 1
    },
    {
      "operation": 47,
      "time": 3349,
      "train": 1
    },
    {
      "operation": 44,
      "time": 3359,
      "train": 4
    },
    {
      "operation": 47,
      "time": 3365,
      "train": 4
    },
    {
      "operation": 83,
      "time": 3492,
      "train": 0
    },
    {
      "operation": 86,
      "time": 3506,
      "train": 0
    },
    {
      "operation": 49,
      "time": 3704,
      "train": 4
    },
    {
      "operation": 51,
      "time": 3734,
      "train": 4
    },
    {
      "operation": 101,
      "time": 3766,
      "train": 2
    },
    {
      "operation": 49,
      "time": 3788,
      "train": 1
    },
    {
      "operation": 104,
      "time": 3790,
      "train": 2
    },
    {
      "operation": 51,
      "time": 3800,
      "train": 1
    },
    {
      "operation": 89,
      "time": 3974,
      "train": 0
    },
    {
      "operation": 91,
      "time": 3988,
      "train": 0
    },
    {
      "operation": 107,
      "time": 4359,
      "train": 2
    },
    {
      "operation": 110,
      "time": 4374,
      "train": 2
    },
    {
      "operation": 54,
      "time": 4387,
      "train": 4
    },
    {
      "operation": 57,
      "time": 4409,
      "train": 4
    },
    {
      "operation": 112,
      "time": 4482,
      "train": 2
    },
    {
      "operation": 114,
      "time": 4489,
      "train": 2
    },
    {
      "operation": 53,
      "time": 4514,
      "train": 1
    },
    {
      "operation": 55,
      "time": 4532,
      "train": 1
    },
    {
      "operation": 97,
      "time": 4591,
      "train": 0
    },
    {
      "operation": 100,
      "time": 4606,
      "train": 0
    },
    {
      "operation": 64,
      "time": 4687,
      "train": 4
    },
    {
      "operation": 67,
      "time": 4702,
      "train": 4
    },
    {
      "operation": 116,
      "time": 4744,
      "train": 2
    },
    {
      "operation": 118,
      "time": 4759,
      "train": 2
    },
    {
      "operation": 103,
      "time": 4779,
      "train": 0
    },
    {
      "operation": 105,
      "time": 4787,
      "train": 0
    },
    {
      "operation": 70,
      "time": 4811,
      "train": 4
    },
    {
      "operation": 73,
      "time": 4853,
      "train": 4
    },
    {
      "operation": 76,
      "time": 4902,
      "train": 4
    },
    {
      "operation": 79,
      "time": 4915,
      "train": 4
    },
    {
      "operation": 107,
      "time": 4976,
      "train": 0
    },
    {
      "operation": 108,
      "time": 4987,
      "train": 0
    },
    {
      "operation": 81,
      "time": 5036,
      "train": 4
    },
    {
      "operation": 82,
      "time": 5036,
      "train": 4
    },
    {
      "operation": 58,
      "time": 5077,
      "train": 1
    },
    {
      "operation": 60,
      "time": 5092,
      "train": 1
    },
    {
      "operation": 109,
      "time": 5284,
      "train": 0
    },
    {
      "operation": 110,
      "time": 5300,
      "train": 0
    },
    {
      "operation": 121,
      "time": 5340,
      "train": 2
    },
    {
      "operation": 124,
      "time": 5355,
      "train": 2
    },
    {
      "operation": 111,
      "time": 5636,
      "train": 0
    },
    {
      "operation": 112,
      "time": 5641,
      "train": 0
    },
    {
      "operation": 113,
      "time": 5766,
      "train": 0
    },
    {
      "operation": 114,
      "time": 5772,
      "train": 0
    },
    {
      "operation": 126,
      "time": 5904,
      "train": 2
    },
    {
      "operation": 128,
      "time": 5925,
      "train": 2
    },
    {
      "operation": 64,
      "time": 5963,
      "train": 1
    },
    {
      "operation": 68,
      "time": 5978,
      "train": 1
    },
    {
      "operation": 115,
      "time": 6026,
      "train": 0
    },
    {
      "operation": 117,
      "time": 6031,
      "train": 0
    },
    {
      "operation": 83,
      "time": 6134,
      "train": 4
    },
    {
      "operation": 84,
      "time": 6134,
      "train": 4
    },
    {
      "operation": 85,
      "time": 6134,
      "train": 4
    },
    {
      "operation": 119,
      "time": 6194,
      "train": 0
    },
    {
      "operation": 121,
      "time": 6198,
      "train": 0
    },
    {
      "operation": 133,
      "time": 6261,
      "train": 2
    },
    {
      "operation": 134,
      "time": 6266,
      "train": 2
    },
    {
      "operation": 135,
      "time": 6391,
      "train": 2
    },
    {
      "operation": 136,
      "time": 6397,
      "train": 2
    },
    {
      "operation": 123,
      "time": 6455,
      "train": 0
    },
    {
      "operation": 125,
      "time": 6459,
      "train": 0
    },
    {
      "operation": 72,
      "time": 6535,
      "train": 1
    },
    {
      "operation": 76,
      "time": 6550,
      "train": 1
    },
    {
      "operation": 127,
      "time": 6639,
      "train": 0
    },
    {
      "operation": 129,
      "time": 6643,
      "train": 0
    },
    {
      "operation": 137,
      "time": 6651,
      "train": 2
    },
    {
      "operation": 139,
      "time": 6656,
      "train": 2
    },
    {
      "operation": 141,
      "time": 6819,
      "train": 2
    },
    {
      "operation": 143,
      "time": 6823,
      "train": 2
    },
    {
      "operation": 80,
      "time": 6988,
      "train": 1
    },
    {
      "operation": 84,
      "time": 7004,
      "train": 1
    },
    {
      "operation": 131,
      "time": 7036,
      "train": 0
    },
    {
      "operation": 133,
      "time": 7039,
      "train": 0
    },
    {
      "operation": 145,
      "time": 7080,
      "train": 2
    },
    {
      "operation": 147,
      "time": 7084,
      "train": 2
    },
    {
      "operation": 135,
      "time": 7127,
      "train": 0
    },
    {
      "operation": 137,
      "time": 7131,
      "train": 0
    },
    {
      "operation": 149,
      "time": 7264,
      "train": 2
    },
    {
      "operation": 151,
      "time": 7268,
      "train": 2
    },
    {
      "operation": 139,
      "time": 7369,
      "train": 0
    },
    {
      "operation": 141,
      "time": 7373,
      "train": 0
    },
    {
      "operation": 88,
      "time": 7409,
      "train": 1
    },
    {
      "operation": 92,
      "time": 7426,
      "train": 1
    },
    {
      "operation": 143,
      "time": 7537,
      "train": 0
    },
    {
      "operation": 145,
      "time": 7541,
      "train": 0
    },
    {
      "operation": 153,
      "time": 7661,
      "train": 2
    },
    {
      "operation": 155,
      "time": 7664,
      "train": 2
    },
    {
      "operation": 157,
      "time": 7752,
      "train": 2
    },
    {
      "operation": 159,
      "time": 7756,
      "train": 2
    },
    {
      "operation": 95,
      "time": 7880,
      "train": 1
    },
    {
      "operation": 147,
      "time": 7893,
      "train": 0
    },
    {
      "operation": 99,
      "time": 7895,
      "train": 1
    },
    {
      "operation": 148,
      "time": 7906,
      "train": 0
    },
    {
      "operation": 161,
      "time": 7994,
      "train": 2
    },
    {
      "operation": 163,
      "time": 7998,
      "train": 2
    },
    {
      "operation": 165,
      "time": 8162,
      "train": 2
    },
    {
      "operation": 167,
      "time": 8166,
      "train": 2
    },
    {
      "operation": 149,
      "time": 8183,
      "train": 0
    },
    {
      "operation": 150,
      "time": 8200,
      "train": 0
    },
    {
      "operation": 169,
      "time": 8518,
      "train": 2
    },
    {
      "operation": 170,
      "time": 8531,
      "train": 2
    },
    {
      "operation": 103,
      "time": 8533,
      "train": 1
    },
    {
      "operation": 107,
      "time": 8548,
      "train": 1
    },
    {
      "operation": 151,
      "time": 8648,
      "train": 0
    },
    {
      "operation": 152,
      "time": 8662,
      "train": 0
    },
    {
      "operation": 171,
      "time": 8808,
      "train": 2
    },
    {
      "operation": 172,
      "time": 8825,
      "train": 2
    },
    {
      "operation": 153,
      "time": 9020,
      "train": 0
    },
    {
      "operation": 155,
      "time": 9024,
      "train": 0
    },
    {
      "operation": 115,
      "time": 9139,
      "train": 1
    },
    {
      "operation": 119,
      "time": 9148,
      "train": 1
    },
    {
      "operation": 157,
      "time": 9182,
      "train": 0
    },
    {
      "operation": 159,
      "time": 9186,
      "train": 0
    },
    {
      "operation": 173,
      "time": 9275,
      "train": 2
    },
    {
      "operation": 174,
      "time": 9289,
      "train": 2
    },
    {
      "operation": 121,
      "time": 9526,
      "train": 1
    },
    {
      "operation": 125,
      "time": 9541,
      "train": 1
    },
    {
      "operation": 161,
      "time": 9602,
      "train": 0
    },
    {
      "operation": 163,
      "time": 9606,
      "train": 0
    },
    {
      "operation": 175,
      "time": 9647,
      "train": 2
    },
    {
      "operation": 177,
      "time": 9651,
      "train": 2
    },
    {
      "operation": 165,
      "time": 9694,
      "train": 0
    },
    {
      "operation": 167,
      "time": 9698,
      "train": 0
    },
    {
      "operation": 179,
      "time": 9809,
      "train": 2
    },
    {
      "operation": 181,
      "time": 9813,
      "train": 2
    },
    {
      "operation": 130,
      "time": 9845,
      "train": 1
    },
    {
      "operation": 134,
      "time": 9858,
      "train": 1
    },
    {
      "operation": 169,
      "time": 9914,
      "train": 0
    },
    {
      "operation": 171,
      "time": 9933,
      "train": 0
    },
    {
      "operation": 183,
      "time": 10229,
      "train": 2
    },
    {
      "operation": 185,
      "time": 10233,
      "train": 2
    },
    {
      "operation": 187,
      "time": 10321,
      "train": 2
    },
    {
      "operation": 189,
      "time": 10325,
      "train": 2
    },
    {
      "operation": 140,
      "time": 10401,
      "train": 1
    },
    {
      "operation": 144,
      "time": 10416,
      "train": 1
    },
    {
      "operation": 192,
      "time": 10541,
      "train": 2
    },
    {
      "operation": 194,
      "time": 10556,
      "train": 2
    },
    {
      "operation": 173,
      "time": 10639,
      "train": 0
    },
    {
      "operation": 175,
      "time": 10666,
      "train": 0
    },
    {
      "operation": 177,
      "time": 10781,
      "train": 0
    },
    {
      "operation": 179,
      "time": 10785,
      "train": 0
    },
    {
      "operation": 148,
      "time": 10788,
      "train": 1
    },
    {
      "operation": 152,
      "time": 10809,
      "train": 1
    },
    {
      "operation": 181,
      "time": 11100,
      "train": 0
    },
    {
      "operation": 182,
      "time": 11104,
      "train": 0
    },
    {
      "operation": 183,
      "time": 11193,
      "train": 0
    },
    {
      "operation": 184,
      "time": 11197,
      "train": 0
    },
    {
      "operation": 196,
      "time": 11266,
      "train": 2
    },
    {
      "operation": 198,
      "time": 11287,
      "train": 2
    },
    {
      "operation": 200,
      "time": 11376,
      "train": 2
    },
    {
      "operation": 202,
      "time": 11380,
      "train": 2
    },
    {
      "operation": 163,
      "time": 11410,
      "train": 1
    },
    {
      "operation": 166,
      "time": 11429,
      "train": 1
    },
    {
      "operation": 186,
      "time": 11488,
      "train": 0
    },
    {
      "operation": 188,
      "time": 11508,
      "train": 0
    },
    {
      "operation": 168,
      "time": 11511,
      "train": 1
    },
    {
      "operation": 170,
      "time": 11515,
      "train": 1
    },
    {
      "operation": 192,
      "time": 11659,
      "train": 0
    },
    {
      "operation": 196,
      "time": 11667,
      "train": 0
    },
    {
      "operation": 203,
      "time": 11695,
      "train": 2
    },
    {
      "operation": 204,
      "time": 11699,
      "train": 2
    },
    {
      "operation": 205,
      "time": 11788,
      "train": 2
    },
    {
      "operation": 206,
      "time": 11792,
      "train": 2
    },
    {
      "operation": 182,
      "time": 11994,
      "train": 1
    },
    {
      "operation": 184,
      "time": 12009,
      "train": 1
    },
    {
      "operation": 207,
      "time": 12083,
      "train": 2
    },
    {
      "operation": 209,
      "time": 12103,
      "train": 2
    },
    {
      "operation": 211,
      "time": 12254,
      "train": 2
    },
    {
      "operation": 215,
      "time": 12262,
      "train": 2
    },
    {
      "operation": 187,
      "time": 12339,
      "train": 1
    },
    {
      "operation": 190,
      "time": 12343,
      "train": 1
    },
    {
      "operation": 191,
      "time": 12424,
      "train": 1
    },
    {
      "operation": 192,
      "time": 12429,
      "train": 1
    },
    {
      "operation": 194,
      "time": 12535,
      "train": 1
    },
    {
      "operation": 196,
      "time": 12549,
      "train": 1
    },
    {
      "operation": 198,
      "time": 12754,
      "train": 0
    },
    {
      "operation": 200,
      "time": 12765,
      "train": 0
    },
    {
      "operation": 203,
      "time": 12981,
      "train": 0
    },
    {
      "operation": 207,
      "time": 12989,
      "train": 0
    },
    {
      "operation": 200,
      "time": 13019,
      "train": 1
    },
    {
      "operation": 204,
      "time": 13034,
      "train": 1
    },
    {
      "operation": 209,
      "time": 13154,
      "train": 0
    },
    {
      "operation": 211,
      "time": 13163,
      "train": 0
    },
    {
      "operation": 219,
      "time": 13350,
      "train": 2
    },
    {
      "operation": 221,
      "time": 13362,
      "train": 2
    },
    {
      "operation": 207,
      "time": 13425,
      "train": 1
    },
    {
      "operation": 210,
      "time": 13429,
      "train": 1
    },
    {
      "operation": 213,
      "time": 13442,
      "train": 0
    },
    {
      "operation": 215,
      "time": 13458,
      "train": 0
    },
    {
      "operation": 211,
      "time": 13510,
      "train": 1
    },
    {
      "operation": 213,
      "time": 13531,
      "train": 1
    },
    {
      "operation": 223,
      "time": 13578,
      "train": 2
    },
    {
      "operation": 227,
      "time": 13586,
      "train": 2
    },
    {
      "operation": 217,
      "time": 13654,
      "train": 0
    },
    {
      "operation": 219,
      "time": 13658,
      "train": 0
    },
    {
      "operation": 231,
      "time": 13751,
      "train": 2
    },
    {
      "operation": 233,
      "time": 13760,
      "train": 2
    },
    {
      "operation": 216,
      "time": 13918,
      "train": 1
    },
    {
      "operation": 221,
      "time": 13934,
      "train": 0
    },
    {
      "operation": 220,
      "time": 13934,
      "train": 1
    },
    {
      "operation": 223,
      "time": 13940,
      "train": 0
    },
    {
      "operation": 235,
      "time": 14039,
      "train": 2
    },
    {
      "operation": 225,
      "time": 14054,
      "train": 0
    },
    {
      "operation": 239,
      "time": 14055,
      "train": 2
    },
    {
      "operation": 227,
      "time": 14082,
      "train": 0
    },
    {
      "operation": 241,
      "time": 14251,
      "train": 2
    },
    {
      "operation": 243,
      "time": 14255,
      "train": 2
    },
    {
      "operation": 229,
      "time": 14353,
      "train": 0
    },
    {
      "operation": 231,
      "time": 14424,
      "train": 0
    },
    {
      "operation": 226,
      "time": 14441,
      "train": 1
    },
    {
      "operation": 230,
      "time": 14456,
      "train": 1
    },
    {
      "operation": 245,
      "time": 14531,
      "train": 2
    },
    {
      "operation": 247,
      "time": 14537,
      "train": 2
    },
    {
      "operation": 249,
      "time": 14651,
      "train": 2
    },
    {
      "operation": 251,
      "time": 14679,
      "train": 2
    },
    {
      "operation": 254,
      "time": 14950,
      "train": 2
    },
    {
      "operation": 234,
      "time": 14986,
      "train": 1
    },
    {
      "operation": 238,
      "time": 15000,
      "train": 1
    },
    {
      "operation": 256,
      "time": 15021,
      "train": 2
    },
    {
      "operation": 234,
      "time": 15107,
      "train": 0
    },
    {
      "operation": 238,
      "time": 15131,
      "train": 0
    },
    {
      "operation": 242,
      "time": 15479,
      "train": 1
    },
    {
      "operation": 246,
      "time": 15494,
      "train": 1
    },
    {
      "operation": 242,
      "time": 15688,
      "train": 0
    },
    {
      "operation": 260,
      "time": 15691,
      "train": 2
    },
    {
      "operation": 244,
      "time": 15703,
      "train": 0
    },
    {
      "operation": 264,
      "time": 15715,
      "train": 2
    },
    {
      "operation": 250,
      "time": 16022,
      "train": 1
    },
    {
      "operation": 254,
      "time": 16036,
      "train": 1
    },
    {
      "operation": 245,
      "time": 16083,
      "train": 0
    },
    {
      "operation": 247,
      "time": 16087,
      "train": 0
    },
    {
      "operation": 249,
      "time": 16247,
      "train": 0
    },
    {
      "operation": 251,
      "time": 16252,
      "train": 0
    },
    {
      "operation": 266,
      "time": 16278,
      "train": 2
    },
    {
      "operation": 268,
      "time": 16293,
      "train": 2
    },
    {
      "operation": 258,
      "time": 16550,
      "train": 1
    },
    {
      "operation": 262,
      "time": 16565,
      "train": 1
    },
    {
      "operation": 254,
      "time": 16594,
      "train": 0
    },
    {
      "operation": 256,
      "time": 16604,
      "train": 0
    },
    {
      "operation": 269,
      "time": 16673,
      "train": 2
    },
    {
      "operation": 271,
      "time": 16677,
      "train": 2
    },
    {
      "operation": 259,
      "time": 16689,
      "train": 0
    },
    {
      "operation": 262,
      "time": 16714,
      "train": 0
    },
    {
      "operation": 273,
      "time": 16837,
      "train": 2
    },
    {
      "operation": 275,
      "time": 16842,
      "train": 2
    },
    {
      "operation": 266,
      "time": 17058,
      "train": 1
    },
    {
      "operation": 270,
      "time": 17073,
      "train": 1
    },
    {
      "operation": 277,
      "time": 17184,
      "train": 2
    },
    {
      "operation": 279,
      "time": 17191,
      "train": 2
    },
    {
      "operation": 265,
      "time": 17195,
      "train": 0
    },
    {
      "operation": 268,
      "time": 17209,
      "train": 0
    },
    {
      "operation": 274,
      "time": 17231,
      "train": 1
    },
    {
      "operation": 278,
      "time": 17247,
      "train": 1
    },
    {
      "operation": 281,
      "time": 17276,
      "train": 2
    },
    {
      "operation": 284,
      "time": 17301,
      "train": 2
    },
    {
      "operation": 285,
      "time": 17345,
      "train": 1
    },
    {
      "operation": 312,
      "time": 17364,
      "train": 1
    },
    {
      "operation": 338,
      "time": 17387,
      "train": 1
    },
    {
      "operation": 374,
      "time": 17638,
      "train": 1
    },
    {
      "operation": 395,
      "time": 17675,
      "train": 1
    },
    {
      "operation": 415,
      "time": 17718,
      "train": 1
    },
    {
      "operation": 271,
      "time": 17766,
      "train": 0
    },
    {
      "operation": 274,
      "time": 17780,
      "train": 0
    },
    {
      "operation": 287,
      "time": 17782,
      "train": 2
    },
    {
      "operation": 290,
      "time": 17795,
      "train": 2
    },
    {
      "operation": 435,
      "time": 17871,
      "train": 1
    },
    {
      "operation": 455,
      "time": 17905,
      "train": 1
    },
    {
      "operation": 276,
      "time": 18185,
      "train": 0
    },
    {
      "operation": 278,
      "time": 18201,
      "train": 0
    },
    {
      "operation": 280,
      "time": 18224,
      "train": 0
    },
    {
      "operation": 282,
      "time": 18232,
      "train": 0
    },
    {
      "operation": 284,
      "time": 18314,
      "train": 0
    },
    {
      "operation": 286,
      "time": 18335,
      "train": 0
    },
    {
      "operation": 293,
      "time": 18352,
      "train": 2
    },
    {
      "operation": 296,
      "time": 18366,
      "train": 2
    },
    {
      "operation": 475,
      "time": 18442,
      "train": 1
    },
    {
      "operation": 476,
      "time": 18442,
      "train": 1
    },
    {
      "operation": 299,
      "time": 18771,
      "train": 2
    },
    {
      "operation": 301,
      "time": 18787,
      "train": 2
    },
    {
      "operation": 303,
      "time": 18898,
      "train": 2
    },
    {
      "operation": 305,
      "time": 18919,
      "train": 2
    },
    {
      "operation": 289,
      "time": 19012,
      "train": 0
    },
    {
      "operation": 292,
      "time": 19027,
      "train": 0
    },
    {
      "operation": 295,
      "time": 19528,
      "train": 0
    },
    {
      "operation": 298,
      "time": 19548,
      "train": 0
    },
    {
      "operation": 311,
      "time": 19606,
      "train": 2
    },
    {
      "operation": 314,
      "time": 19621,
      "train": 2
    },
    {
      "operation": 300,
      "time": 19630,
      "train": 0
    },
    {
      "operation": 302,
      "time": 19635,
      "train": 0
    },
    {
      "operation": 305,
      "time": 20092,
      "train": 0
    },
    {
      "operation": 308,
      "time": 20108,
      "train": 0
    },
    {
      "operation": 317,
      "time": 20122,
      "train": 2
    },
    {
      "operation": 320,
      "time": 20136,
      "train": 2
    },
    {
      "operation": 309,
      "time": 20240,
      "train": 0
    },
    {
      "operation": 311,
      "time": 20244,
      "train": 0
    },
    {
      "operation": 313,
      "time": 20340,
      "train": 0
    },
    {
      "operation": 315,
      "time": 20345,
      "train": 0
    },
    {
      "operation": 317,
      "time": 20677,
      "train": 0
    },
    {
      "operation": 319,
      "time": 20681,
      "train": 0
    },
    {
      "operation": 323,
      "time": 20686,
      "train": 2
    },
    {
      "operation": 325,
      "time": 20707,
      "train": 2
    },
    {
      "operation": 321,
      "time": 20833,
      "train": 0
    },
    {
      "operation": 323,
      "time": 20838,
      "train": 0
    },
    {
      "operation": 327,
      "time": 20839,
      "train": 2
    },
    {
      "operation": 330,
      "time": 20843,
      "train": 2
    },
    {
      "operation": 337,
      "time": 20939,
      "train": 2
    },
    {
      "operation": 339,
      "time": 20944,
      "train": 2
    },
    {
      "operation": 326,
      "time": 21047,
      "train": 0
    },
    {
      "operation": 328,
      "time": 21057,
      "train": 0
    },
    {
      "operation": 341,
      "time": 21276,
      "train": 2
    },
    {
      "operation": 343,
      "time": 21280,
      "train": 2
    },
    {
      "operation": 345,
      "time": 21432,
      "train": 2
    },
    {
      "operation": 347,
      "time": 21437,
      "train": 2
    },
    {
      "operation": 331,
      "time": 21560,
      "train": 0
    },
    {
      "operation": 334,
      "time": 21575,
      "train": 0
    },
    {
      "operation": 350,
      "time": 21646,
      "train": 2
    },
    {
      "operation": 352,
      "time": 21656,
      "train": 2
    },
    {
      "operation": 337,
      "time": 22096,
      "train": 0
    },
    {
      "operation": 340,
      "time": 22110,
      "train": 0
    },
    {
      "operation": 355,
      "time": 22171,
      "train": 2
    },
    {
      "operation": 358,
      "time": 22186,
      "train": 2
    },
    {
      "operation": 343,
      "time": 22456,
      "train": 0
    },
    {
      "operation": 346,
      "time": 22472,
      "train": 0
    },
    {
      "operation": 361,
      "time": 22707,
      "train": 2
    },
    {
      "operation": 364,
      "time": 22721,
      "train": 2
    },
    {
      "operation": 348,
      "time": 22939,
      "train": 0
    },
    {
      "operation": 351,
      "time": 22972,
      "train": 0
    },
    {
      "operation": 367,
      "time": 23067,
      "train": 2
    },
    {
      "operation": 370,
      "time": 23083,
      "train": 2
    },
    {
      "operation": 373,
      "time": 23550,
      "train": 2
    },
    {
      "operation": 376,
      "time": 23583,
      "train": 2
    },
    {
      "operation": 363,
      "time": 23604,
      "train": 0
    },
    {
      "operation": 366,
      "time": 23627,
      "train": 0
    },
    {
      "operation": 378,
      "time": 23660,
      "train": 2
    },
    {
      "operation": 380,
      "time": 23668,
      "train": 2
    },
    {
      "operation": 383,
      "time": 24219,
      "train": 2
    },
    {
      "operation": 386,
      "time": 24242,
      "train": 2
    },
    {
      "operation": 369,
      "time": 24281,
      "train": 0
    },
    {
      "operation": 371,
      "time": 24306,
      "train": 0
    },
    {
      "operation": 389,
      "time": 24896,
      "train": 2
    },
    {
      "operation": 392,
      "time": 24921,
      "train": 2
    },
    {
      "operation": 394,
      "time": 25118,
      "train": 2
    },
    {
      "operation": 396,
      "time": 25125,
      "train": 2
    },
    {
      "operation": 373,
      "time": 25216,
      "train": 0
    },
    {
      "operation": 376,
      "time": 25240,
      "train": 0
    },
    {
      "operation": 399,
      "time": 25419,
      "train": 2
    },
    {
      "operation": 402,
      "time": 25443,
      "train": 2
    },
    {
      "operation": 379,
      "time": 25798,
      "train": 0
    },
    {
      "operation": 382,
      "time": 25823,
      "train": 0
    },
    {
      "operation": 405,
      "time": 26013,
      "train": 2
    },
    {
      "operation": 408,
      "time": 26041,
      "train": 2
    },
    {
      "operation": 385,
      "time": 26264,
      "train": 0
    },
    {
      "operation": 388,
      "time": 26287,
      "train": 0
    },
    {
      "operation": 411,
      "time": 26542,
      "train": 2
    },
    {
      "operation": 414,
      "time": 26565,
      "train": 2
    },
    {
      "operation": 391,
      "time": 27043,
      "train": 0
    },
    {
      "operation": 395,
      "time": 27066,
      "train": 0
    },
    {
      "operation": 417,
      "time": 27405,
      "train": 2
    },
    {
      "operation": 399,
      "time": 27661,
      "train": 0
    },
    {
      "operation": 421,
      "time": 27661,
      "train": 2
    },
    {
      "operation": 401,
      "time": 27661,
      "train": 0
    },
    {
      "operation": 423,
      "time": 28256,
      "train": 2
    },
    {
      "operation": 425,
      "time": 28256,
      "train": 2
    }
  ],
  "objective_value": 2287
}
