{
  "events": [
    {
      "operation": 0,
      "time": 0,
      "train": 0
    },
    {
      "operation": 0,
      "time": 0,
      "train": 2
    },
    {
      "operation": 0,
      "time": 0,
      "train": 6
    },
    {
      "operation": 0,
      "time": 0,
      "train": 9
    },
    {
      "operation": 0,
      "time": 0,
      "train": 5
    },
    {
      "operation": 0,
      "time": 0,
      "train": 1
    },
    {
      "operation": 0,
      "time": 0,
      "train": 4
    },
    {
      "operation": 0,
      "time": 0,
      "train": 3
    },
    {
      "operation": 0,
      "time": 0,
      "train": 8
    },
    {
      "operation": 0,
      "time": 0,
      "train": 7
    },
    {
      "operation": 1,
      "time": 26729,
      "train": 4
    },
    {
      "operation": 1,
      "time": 26757,
      "train": 0
    },
    {
      "operation": 1,
      "time": 26757,
      "train": 6
    },
    {
      "operation": 1,
      "time": 26757,
      "train": 1
    },
    {
      "operation": 1,
      "time": 26817,
      "train": 5
    },
    {
      "operation": 1,
      "time": 26817,
      "train": 2
    },
    {
      "operation": 5,
      "time": 26877,
      "train": 0
    },
    {
      "operation": 3,
      "time": 26877,
      "train": 3
    },
    {
      "operation": 2,
      "time": 26907,
      "train": 1
    },
    {
      "operation": 2,
      "time": 26937,
      "train": 6
    },
    {
      "operation": 2,
      "time": 26967,
      "train": 2
    },
    {
      "operation": 2,
      "time": 26997,
      "train": 4
    },
    {
      "operation": 2,
      "time": 27027,
      "train": 5
    },
    {
      "operation": 5,
      "time": 27057,
      "train": 5
    },
    {
      "operation": 6,
      "time": 27207,
      "train": 5
    },
    {
      "operation": 7,
      "time": 27237,
      "train": 5
    },
    {
      "operation": 8,
      "time": 27338,
      "train": 5
    },
    {
      "operation": 9,
      "time": 27338,
      "train": 5
    },
    {
      "operation": 10,
      "time": 27507,
      "train": 5
    },
    {
      "operation": 4,
      "time": 27507,
      "train": 1
    },
    {
      "operation": 4,
      "time": 27539,
      "train": 2
    },
    {
      "operation": 6,
      "time": 27548,
      "train": 0
    },
    {
      "operation": 12,
      "time": 27597,
      "train": 5
    },
    {
      "operation": 5,
      "time": 27613,
      "train": 3
    },
    {
      "operation": 9,
      "time": 27621,
      "train": 1
    },
    {
      "operation": 6,
      "time": 27634,
      "train": 2
    },
    {
      "operation": 7,
      "time": 27634,
      "train": 2
    },
    {
      "operation": 8,
      "time": 27682,
      "train": 2
    },
    {
      "operation": 10,
      "time": 27712,
      "train": 2
    },
    {
      "operation": 10,
      "time": 27741,
      "train": 1
    },
    {
      "operation": 15,
      "time": 27747,
      "train": 5
    },
    {
      "operation": 3,
      "time": 27824,
      "train": 6
    },
    {
      "operation": 11,
      "time": 27854,
      "train": 2
    },
    {
      "operation": 13,
      "time": 27884,
      "train": 2
    },
    {
      "operation": 4,
      "time": 27910,
      "train": 6
    },
    {
      "operation": 5,
      "time": 27940,
      "train": 6
    },
    {
      "operation": 4,
      "time": 27951,
      "train": 4
    },
    {
      "operation": 6,
      "time": 27951,
      "train": 3
    },
    {
      "operation": 17,
      "time": 27951,
      "train": 5
    },
    {
      "operation": 19,
      "time": 28008,
      "train": 5
    },
    {
      "operation": 8,
      "time": 28011,
      "train": 3
    },
    {
      "operation": 8,
      "time": 28024,
      "train": 4
    },
    {
      "operation": 9,
      "time": 28024,
      "train": 4
    },
    {
      "operation": 6,
      "time": 28082,
      "train": 6
    },
    {
      "operation": 8,
      "time": 28112,
      "train": 6
    },
    {
      "operation": 14,
      "time": 28112,
      "train": 2
    },
    {
      "operation": 16,
      "time": 28172,
      "train": 2
    },
    {
      "operation": 10,
      "time": 28190,
      "train": 4
    },
    {
      "operation": 9,
      "time": 28254,
      "train": 6
    },
    {
      "operation": 19,
      "time": 28258,
      "train": 2
    },
    {
      "operation": 10,
      "time": 28267,
      "train": 3
    },
    {
      "operation": 20,
      "time": 28267,
      "train": 5
    },
    {
      "operation": 11,
      "time": 28284,
      "train": 6
    },
    {
      "operation": 21,
      "time": 28288,
      "train": 2
    },
    {
      "operation": 11,
      "time": 28297,
      "train": 3
    },
    {
      "operation": 12,
      "time": 28358,
      "train": 4
    },
    {
      "operation": 23,
      "time": 28430,
      "train": 2
    },
    {
      "operation": 12,
      "time": 28439,
      "train": 3
    },
    {
      "operation": 14,
      "time": 28469,
      "train": 3
    },
    {
      "operation": 4,
      "time": 28497,
      "train": 8
    },
    {
      "operation": 6,
      "time": 28497,
      "train": 8
    },
    {
      "operation": 13,
      "time": 28504,
      "train": 4
    },
    {
      "operation": 14,
      "time": 28504,
      "train": 4
    },
    {
      "operation": 24,
      "time": 28504,
      "train": 2
    },
    {
      "operation": 13,
      "time": 28512,
      "train": 6
    },
    {
      "operation": 15,
      "time": 28517,
      "train": 3
    },
    {
      "operation": 17,
      "time": 28517,
      "train": 3
    },
    {
      "operation": 21,
      "time": 28523,
      "train": 5
    },
    {
      "operation": 15,
      "time": 28539,
      "train": 4
    },
    {
      "operation": 16,
      "time": 28539,
      "train": 4
    },
    {
      "operation": 23,
      "time": 28553,
      "train": 5
    },
    {
      "operation": 8,
      "time": 28587,
      "train": 8
    },
    {
      "operation": 18,
      "time": 28612,
      "train": 3
    },
    {
      "operation": 9,
      "time": 28617,
      "train": 8
    },
    {
      "operation": 18,
      "time": 28618,
      "train": 4
    },
    {
      "operation": 20,
      "time": 28618,
      "train": 4
    },
    {
      "operation": 14,
      "time": 28632,
      "train": 6
    },
    {
      "operation": 25,
      "time": 28639,
      "train": 2
    },
    {
      "operation": 26,
      "time": 28639,
      "train": 2
    },
    {
      "operation": 20,
      "time": 28642,
      "train": 3
    },
    {
      "operation": 25,
      "time": 28695,
      "train": 5
    },
    {
      "operation": 27,
      "time": 28704,
      "train": 2
    },
    {
      "operation": 26,
      "time": 28725,
      "train": 5
    },
    {
      "operation": 28,
      "time": 28734,
      "train": 2
    },
    {
      "operation": 10,
      "time": 28767,
      "train": 8
    },
    {
      "operation": 28,
      "time": 28773,
      "train": 5
    },
    {
      "operation": 29,
      "time": 28773,
      "train": 5
    },
    {
      "operation": 22,
      "time": 28784,
      "train": 3
    },
    {
      "operation": 12,
      "time": 28797,
      "train": 8
    },
    {
      "operation": 22,
      "time": 28814,
      "train": 4
    },
    {
      "operation": 23,
      "time": 28814,
      "train": 3
    },
    {
      "operation": 17,
      "time": 28832,
      "train": 6
    },
    {
      "operation": 18,
      "time": 28862,
      "train": 6
    },
    {
      "operation": 31,
      "time": 28868,
      "train": 5
    },
    {
      "operation": 23,
      "time": 28874,
      "train": 4
    },
    {
      "operation": 31,
      "time": 28876,
      "train": 2
    },
    {
      "operation": 14,
      "time": 28897,
      "train": 8
    },
    {
      "operation": 15,
      "time": 28897,
      "train": 8
    },
    {
      "operation": 32,
      "time": 28898,
      "train": 5
    },
    {
      "operation": 32,
      "time": 28906,
      "train": 2
    },
    {
      "operation": 28,
      "time": 28928,
      "train": 3
    },
    {
      "operation": 16,
      "time": 28947,
      "train": 8
    },
    {
      "operation": 18,
      "time": 28977,
      "train": 8
    },
    {
      "operation": 24,
      "time": 29010,
      "train": 4
    },
    {
      "operation": 25,
      "time": 29010,
      "train": 4
    },
    {
      "operation": 33,
      "time": 29040,
      "train": 5
    },
    {
      "operation": 29,
      "time": 29048,
      "train": 3
    },
    {
      "operation": 35,
      "time": 29070,
      "train": 5
    },
    {
      "operation": 20,
      "time": 29090,
      "train": 6
    },
    {
      "operation": 33,
      "time": 29106,
      "train": 2
    },
    {
      "operation": 19,
      "time": 29127,
      "train": 8
    },
    {
      "operation": 28,
      "time": 29145,
      "train": 4
    },
    {
      "operation": 29,
      "time": 29145,
      "train": 4
    },
    {
      "operation": 21,
      "time": 29157,
      "train": 8
    },
    {
      "operation": 39,
      "time": 29184,
      "train": 5
    },
    {
      "operation": 22,
      "time": 29210,
      "train": 6
    },
    {
      "operation": 32,
      "time": 29302,
      "train": 4
    },
    {
      "operation": 33,
      "time": 29302,
      "train": 4
    },
    {
      "operation": 41,
      "time": 29304,
      "train": 5
    },
    {
      "operation": 1,
      "time": 29337,
      "train": 9
    },
    {
      "operation": 2,
      "time": 29337,
      "train": 9
    },
    {
      "operation": 23,
      "time": 29367,
      "train": 6
    },
    {
      "operation": 24,
      "time": 29367,
      "train": 6
    },
    {
      "operation": 23,
      "time": 29397,
      "train": 8
    },
    {
      "operation": 24,
      "time": 29457,
      "train": 8
    },
    {
      "operation": 34,
      "time": 29473,
      "train": 4
    },
    {
      "operation": 36,
      "time": 29473,
      "train": 4
    },
    {
      "operation": 3,
      "time": 29497,
      "train": 9
    },
    {
      "operation": 4,
      "time": 29497,
      "train": 9
    },
    {
      "operation": 26,
      "time": 29524,
      "train": 6
    },
    {
      "operation": 35,
      "time": 29524,
      "train": 2
    },
    {
      "operation": 25,
      "time": 29547,
      "train": 8
    },
    {
      "operation": 29,
      "time": 29577,
      "train": 8
    },
    {
      "operation": 6,
      "time": 29590,
      "train": 9
    },
    {
      "operation": 8,
      "time": 29590,
      "train": 9
    },
    {
      "operation": 37,
      "time": 29620,
      "train": 4
    },
    {
      "operation": 39,
      "time": 29620,
      "train": 4
    },
    {
      "operation": 36,
      "time": 29724,
      "train": 2
    },
    {
      "operation": 37,
      "time": 29724,
      "train": 2
    },
    {
      "operation": 31,
      "time": 29727,
      "train": 8
    },
    {
      "operation": 41,
      "time": 29739,
      "train": 4
    },
    {
      "operation": 42,
      "time": 29739,
      "train": 4
    },
    {
      "operation": 32,
      "time": 29757,
      "train": 8
    },
    {
      "operation": 9,
      "time": 29800,
      "train": 9
    },
    {
      "operation": 11,
      "time": 29800,
      "train": 9
    },
    {
      "operation": 27,
      "time": 29800,
      "train": 6
    },
    {
      "operation": 43,
      "time": 29815,
      "train": 4
    },
    {
      "operation": 44,
      "time": 29815,
      "train": 4
    },
    {
      "operation": 45,
      "time": 29901,
      "train": 4
    },
    {
      "operation": 46,
      "time": 29901,
      "train": 4
    },
    {
      "operation": 33,
      "time": 29909,
      "train": 8
    },
    {
      "operation": 34,
      "time": 29909,
      "train": 8
    },
    {
      "operation": 39,
      "time": 29924,
      "train": 2
    },
    {
      "operation": 12,
      "time": 29964,
      "train": 9
    },
    {
      "operation": 13,
      "time": 29964,
      "train": 9
    },
    {
      "operation": 35,
      "time": 29967,
      "train": 8
    },
    {
      "operation": 36,
      "time": 29997,
      "train": 8
    },
    {
      "operation": 30,
      "time": 30000,
      "train": 6
    },
    {
      "operation": 41,
      "time": 30044,
      "train": 2
    },
    {
      "operation": 48,
      "time": 30072,
      "train": 4
    },
    {
      "operation": 15,
      "time": 30127,
      "train": 9
    },
    {
      "operation": 17,
      "time": 30127,
      "train": 9
    },
    {
      "operation": 37,
      "time": 30147,
      "train": 8
    },
    {
      "operation": 31,
      "time": 30147,
      "train": 6
    },
    {
      "operation": 3,
      "time": 30177,
      "train": 7
    },
    {
      "operation": 4,
      "time": 30177,
      "train": 7
    },
    {
      "operation": 40,
      "time": 30177,
      "train": 8
    },
    {
      "operation": 49,
      "time": 30281,
      "train": 4
    },
    {
      "operation": 32,
      "time": 30289,
      "train": 6
    },
    {
      "operation": 33,
      "time": 30319,
      "train": 6
    },
    {
      "operation": 5,
      "time": 30327,
      "train": 7
    },
    {
      "operation": 6,
      "time": 30327,
      "train": 7
    },
    {
      "operation": 19,
      "time": 30355,
      "train": 9
    },
    {
      "operation": 21,
      "time": 30355,
      "train": 9
    },
    {
      "operation": 41,
      "time": 30387,
      "train": 8
    },
    {
      "operation": 34,
      "time": 30393,
      "train": 6
    },
    {
      "operation": 35,
      "time": 30393,
      "train": 6
    },
    {
      "operation": 50,
      "time": 30416,
      "train": 4
    },
    {
      "operation": 51,
      "time": 30416,
      "train": 4
    },
    {
      "operation": 8,
      "time": 30477,
      "train": 7
    },
    {
      "operation": 37,
      "time": 30518,
      "train": 6
    },
    {
      "operation": 9,
      "time": 30537,
      "train": 7
    },
    {
      "operation": 43,
      "time": 30537,
      "train": 8
    },
    {
      "operation": 38,
      "time": 30548,
      "train": 6
    },
    {
      "operation": 55,
      "time": 30596,
      "train": 4
    },
    {
      "operation": 22,
      "time": 30609,
      "train": 9
    },
    {
      "operation": 24,
      "time": 30609,
      "train": 9
    },
    {
      "operation": 56,
      "time": 30656,
      "train": 4
    },
    {
      "operation": 44,
      "time": 30682,
      "train": 8
    },
    {
      "operation": 45,
      "time": 30682,
      "train": 8
    },
    {
      "operation": 42,
      "time": 30690,
      "train": 6
    },
    {
      "operation": 43,
      "time": 30720,
      "train": 6
    },
    {
      "operation": 10,
      "time": 30747,
      "train": 7
    },
    {
      "operation": 13,
      "time": 30777,
      "train": 7
    },
    {
      "operation": 45,
      "time": 30777,
      "train": 6
    },
    {
      "operation": 25,
      "time": 30822,
      "train": 9
    },
    {
      "operation": 27,
      "time": 30822,
      "train": 9
    },
    {
      "operation": 47,
      "time": 30827,
      "train": 8
    },
    {
      "operation": 46,
      "time": 30837,
      "train": 6
    },
    {
      "operation": 49,
      "time": 30897,
      "train": 8
    },
    {
      "operation": 14,
      "time": 30927,
      "train": 7
    },
    {
      "operation": 15,
      "time": 30957,
      "train": 7
    },
    {
      "operation": 29,
      "time": 31007,
      "train": 9
    },
    {
      "operation": 30,
      "time": 31007,
      "train": 9
    },
    {
      "operation": 16,
      "time": 31037,
      "train": 7
    },
    {
      "operation": 17,
      "time": 31037,
      "train": 7
    },
    {
      "operation": 48,
      "time": 31093,
      "train": 6
    },
    {
      "operation": 50,
      "time": 31107,
      "train": 8
    },
    {
      "operation": 49,
      "time": 31123,
      "train": 6
    },
    {
      "operation": 31,
      "time": 31128,
      "train": 9
    },
    {
      "operation": 32,
      "time": 31128,
      "train": 9
    },
    {
      "operation": 53,
      "time": 31137,
      "train": 8
    },
    {
      "operation": 19,
      "time": 31167,
      "train": 7
    },
    {
      "operation": 20,
      "time": 31197,
      "train": 7
    },
    {
      "operation": 33,
      "time": 31229,
      "train": 9
    },
    {
      "operation": 34,
      "time": 31229,
      "train": 9
    },
    {
      "operation": 58,
      "time": 31255,
      "train": 4
    },
    {
      "operation": 59,
      "time": 31255,
      "train": 4
    },
    {
      "operation": 50,
      "time": 31265,
      "train": 6
    },
    {
      "operation": 52,
      "time": 31295,
      "train": 6
    },
    {
      "operation": 54,
      "time": 31343,
      "train": 6
    },
    {
      "operation": 55,
      "time": 31343,
      "train": 6
    },
    {
      "operation": 21,
      "time": 31347,
      "train": 7
    },
    {
      "operation": 25,
      "time": 31377,
      "train": 7
    },
    {
      "operation": 54,
      "time": 31378,
      "train": 8
    },
    {
      "operation": 36,
      "time": 31430,
      "train": 9
    },
    {
      "operation": 37,
      "time": 31430,
      "train": 9
    },
    {
      "operation": 26,
      "time": 31437,
      "train": 7
    },
    {
      "operation": 57,
      "time": 31438,
      "train": 6
    },
    {
      "operation": 58,
      "time": 31468,
      "train": 6
    },
    {
      "operation": 28,
      "time": 31497,
      "train": 7
    },
    {
      "operation": 56,
      "time": 31497,
      "train": 8
    },
    {
      "operation": 38,
      "time": 31587,
      "train": 9
    },
    {
      "operation": 39,
      "time": 31587,
      "train": 9
    },
    {
      "operation": 60,
      "time": 31610,
      "train": 6
    },
    {
      "operation": 61,
      "time": 31640,
      "train": 6
    },
    {
      "operation": 57,
      "time": 31707,
      "train": 8
    },
    {
      "operation": 59,
      "time": 31737,
      "train": 8
    },
    {
      "operation": 63,
      "time": 31754,
      "train": 6
    },
    {
      "operation": 29,
      "time": 31767,
      "train": 7
    },
    {
      "operation": 60,
      "time": 31779,
      "train": 4
    },
    {
      "operation": 62,
      "time": 31779,
      "train": 4
    },
    {
      "operation": 31,
      "time": 31797,
      "train": 7
    },
    {
      "operation": 40,
      "time": 31797,
      "train": 9
    },
    {
      "operation": 44,
      "time": 31797,
      "train": 9
    },
    {
      "operation": 67,
      "time": 31874,
      "train": 6
    },
    {
      "operation": 32,
      "time": 31947,
      "train": 7
    },
    {
      "operation": 60,
      "time": 31947,
      "train": 8
    },
    {
      "operation": 34,
      "time": 31977,
      "train": 7
    },
    {
      "operation": 62,
      "time": 31977,
      "train": 8
    },
    {
      "operation": 35,
      "time": 32027,
      "train": 7
    },
    {
      "operation": 37,
      "time": 32027,
      "train": 7
    },
    {
      "operation": 63,
      "time": 32052,
      "train": 4
    },
    {
      "operation": 65,
      "time": 32052,
      "train": 4
    },
    {
      "operation": 38,
      "time": 32127,
      "train": 7
    },
    {
      "operation": 63,
      "time": 32127,
      "train": 8
    },
    {
      "operation": 64,
      "time": 32157,
      "train": 8
    },
    {
      "operation": 40,
      "time": 32157,
      "train": 7
    },
    {
      "operation": 65,
      "time": 32247,
      "train": 8
    },
    {
      "operation": 66,
      "time": 32247,
      "train": 8
    },
    {
      "operation": 42,
      "time": 32307,
      "train": 7
    },
    {
      "operation": 43,
      "time": 32337,
      "train": 7
    },
    {
      "operation": 68,
      "time": 32427,
      "train": 8
    },
    {
      "operation": 69,
      "time": 32457,
      "train": 8
    },
    {
      "operation": 45,
      "time": 32457,
      "train": 9
    },
    {
      "operation": 44,
      "time": 32457,
      "train": 7
    },
    {
      "operation": 47,
      "time": 32457,
      "train": 9
    },
    {
      "operation": 49,
      "time": 32577,
      "train": 7
    },
    {
      "operation": 70,
      "time": 32611,
      "train": 8
    },
    {
      "operation": 71,
      "time": 32611,
      "train": 8
    },
    {
      "operation": 74,
      "time": 32817,
      "train": 8
    },
    {
      "operation": 66,
      "time": 32879,
      "train": 4
    },
    {
      "operation": 76,
      "time": 32937,
      "train": 8
    },
    {
      "operation": 69,
      "time": 32938,
      "train": 4
    },
    {
      "operation": 49,
      "time": 33117,
      "train": 9
    },
    {
      "operation": 50,
      "time": 33117,
      "train": 9
    },
    {
      "operation": 52,
      "time": 33472,
      "train": 9
    },
    {
      "operation": 53,
      "time": 33472,
      "train": 9
    },
    {
      "operation": 55,
      "time": 34462,
      "train": 9
    },
    {
      "operation": 57,
      "time": 34462,
      "train": 9
    }
  ],
  "objective_value": 4878
}
