{
  "events": [
    {
      "operation": 0,
      "time": 0,
      "train": 0
    },
    {
      "operation": 0,
      "time": 0,
      "train": 2
    },
    {
      "operation": 0,
      "time": 0,
      "train": 4
    },
    {
      "operation": 1,
      "time": 0,
      "train": 4
    },
    {
      "operation": 0,
      "time": 0,
      "train": 1
    },
    {
      "operation": 0,
      "time": 0,
      "train": 3
    },
    {
      "operation": 2,
      "time": 28,
      "train": 4
    },
    {
      "operation": 1,
      "time": 155,
      "train": 2
    },
    {
      "operation": 2,
      "time": 163,
      "train": 2
    },
    {
      "operation": 1,
      "time": 198,
      "train": 0
    },
    {
      "operation": 2,
      "time": 212,
      "train": 0
    },
    {
      "operation": 3,
      "time": 299,
      "train": 4
    },
    {
      "operation": 3,
      "time": 356,
      "train": 2
    },
    {
      "operation": 4,
      "time": 370,
      "train": 4
    },
    {
      "operation": 3,
      "time": 488,
      "train": 0
    },
    {
      "operation": 5,
      "time": 492,
      "train": 0
    },
    {
      "operation": 1,
      "time": 574,
      "train": 1
    },
    {
      "operation": 2,
      "time": 694,
      "train": 1
    },
    {
      "operation": 1,
      "time": 702,
      "train": 3
    },
    {
      "operation": 7,
      "time": 704,
      "train": 0
    },
    {
      "operation": 2,
      "time": 712,
      "train": 3
    },
    {
      "operation": 9,
      "time": 720,
      "train": 0
    },
    {
      "operation": 3,
      "time": 893,
      "train": 3
    },
    {
      "operation": 4,
      "time": 913,
      "train": 3
    },
    {
      "operation": 11,
      "time": 938,
      "train": 0
    },
    {
      "operation": 13,
      "time": 946,
      "train": 0
    },
    {
      "operation": 3,
      "time": 970,
      "train": 1
    },
    {
      "operation": 5,
      "time": 976,
      "train": 1
    },
    {
      "operation": 5,
      "time": 1030,
      "train": 4
    },
    {
      "operation": 6,
      "time": 1054,
      "train": 4
    },
    {
      "operation": 7,
      "time": 1090,
      "train": 1
    },
    {
      "operation": 15,
      "time": 1111,
      "train": 0
    },
    {
      "operation": 9,
      "time": 1118,
      "train": 1
    },
    {
      "operation": 17,
      "time": 1120,
      "train": 0
    },
    {
      "operation": 4,
      "time": 1148,
      "train": 2
    },
    {
      "operation": 5,
      "time": 1311,
      "train": 3
    },
    {
      "operation": 6,
      "time": 1316,
      "train": 3
    },
    {
      "operation": 20,
      "time": 1336,
      "train": 0
    },
    {
      "operation": 22,
      "time": 1347,
      "train": 0
    },
    {
      "operation": 11,
      "time": 1389,
      "train": 1
    },
    {
      "operation": 6,
      "time": 1425,
      "train": 2
    },
    {
      "operation": 7,
      "time": 1431,
      "train": 3
    },
    {
      "operation": 8,
      "time": 1437,
      "train": 3
    },
    {
      "operation": 8,
      "time": 1446,
      "train": 2
    },
    {
      "operation": 13,
      "time": 1460,
      "train": 1
    },
    {
      "operation": 7,
      "time": 1602,
      "train": 4
    },
    {
      "operation": 8,
      "time": 1617,
      "train": 4
    },
    {
      "operation": 10,
      "time": 1642,
      "train": 2
    },
    {
      "operation": 12,
      "time": 1651,
      "train": 2
    },
    {
      "operation": 9,
      "time": 1846,
      "train": 3
    },
    {
      "operation": 10,
      "time": 1851,
      "train": 3
    },
    {
      "operation": 13,
      "time": 1927,
      "train": 2
    },
    {
      "operation": 15,
      "time": 1933,
      "train": 2
    },
    {
      "operation": 11,
      "time": 1967,
      "train": 3
    },
    {
      "operation": 12,
      "time": 1994,
      "train": 3
    },
    {
      "operation": 9,
      "time": 1997,
      "train": 4
    },
    {
      "operation": 10,
      "time": 2001,
      "train": 4
    },
    {
      "operation": 17,
      "time": 2047,
      "train": 2
    },
    {
      "operation": 19,
      "time": 2075,
      "train": 2
    },
    {
      "operation": 15,
      "time": 2123,
      "train": 1
    },
    {
      "operation": 19,
      "time": 2147,
      "train": 1
    },
    {
      "operation": 11,
      "time": 2161,
      "train": 4
    },
    {
      "operation": 12,
      "time": 2166,
      "train": 4
    },
    {
      "operation": 22,
      "time": 2346,
      "train": 2
    },
    {
      "operation": 24,
      "time": 2417,
      "train": 2
    },
    {
      "operation": 26,
      "time": 2506,
      "train": 0
    },
    {
      "operation": 13,
      "time": 2508,
      "train": 4
    },
    {
      "operation": 30,
      "time": 2514,
      "train": 0
    },
    {
      "operation": 14,
      "time": 2515,
      "train": 4
    },
    {
      "operation": 15,
      "time": 2600,
      "train": 4
    },
    {
      "operation": 16,
      "time": 2625,
      "train": 4
    },
    {
      "operation": 32,
      "time": 2665,
      "train": 0
    },
    {
      "operation": 23,
      "time": 2673,
      "train": 1
    },
    {
      "operation": 34,
      "time": 2685,
      "train": 0
    },
    {
      "operation": 25,
      "time": 2694,
      "train": 1
    },
    {
      "operation": 13,
      "time": 2782,
      "train": 3
    },
    {
      "operation": 14,
      "time": 2801,
      "train": 3
    },
    {
      "operation": 35,
      "time": 3039,
      "train": 0
    },
    {
      "operation": 37,
      "time": 3043,
      "train": 0
    },
    {
      "operation": 28,
      "time": 3063,
      "train": 2
    },
    {
      "operation": 28,
      "time": 3074,
      "train": 1
    },
    {
      "operation": 30,
      "time": 3082,
      "train": 1
    },
    {
      "operation": 15,
      "time": 3082,
      "train": 3
    },
    {
      "operation": 32,
      "time": 3087,
      "train": 2
    },
    {
      "operation": 16,
      "time": 3087,
      "train": 3
    },
    {
      "operation": 17,
      "time": 3106,
      "train": 4
    },
    {
      "operation": 18,
      "time": 3119,
      "train": 4
    },
    {
      "operation": 39,
      "time": 3131,
      "train": 0
    },
    {
      "operation": 41,
      "time": 3136,
      "train": 0
    },
    {
      "operation": 17,
      "time": 3201,
      "train": 3
    },
    {
      "operation": 18,
      "time": 3207,
      "train": 3
    },
    {
      "operation": 32,
      "time": 3428,
      "train": 1
    },
    {
      "operation": 34,
      "time": 3438,
      "train": 1
    },
    {
      "operation": 43,
      "time": 3451,
      "train": 0
    },
    {
      "operation": 44,
      "time": 3455,
      "train": 0
    },
    {
      "operation": 45,
      "time": 3545,
      "train": 0
    },
    {
      "operation": 47,
      "time": 3566,
      "train": 0
    },
    {
      "operation": 34,
      "time": 3613,
      "train": 2
    },
    {
      "operation": 36,
      "time": 3628,
      "train": 2
    },
    {
      "operation": 19,
      "time": 3676,
      "train": 4
    },
    {
      "operation": 20,
      "time": 3690,
      "train": 4
    },
    {
      "operation": 19,
      "time": 3748,
      "train": 3
    },
    {
      "operation": 20,
      "time": 3753,
      "train": 3
    },
    {
      "operation": 36,
      "time": 3780,
      "train": 1
    },
    {
      "operation": 38,
      "time": 3790,
      "train": 1
    },
    {
      "operation": 41,
      "time": 3875,
      "train": 1
    },
    {
      "operation": 44,
      "time": 3900,
      "train": 1
    },
    {
      "operation": 21,
      "time": 3958,
      "train": 3
    },
    {
      "operation": 22,
      "time": 3964,
      "train": 3
    },
    {
      "operation": 37,
      "time": 4008,
      "train": 2
    },
    {
      "operation": 39,
      "time": 4012,
      "train": 2
    },
    {
      "operation": 41,
      "time": 4172,
      "train": 2
    },
    {
      "operation": 43,
      "time": 4177,
      "train": 2
    },
    {
      "operation": 49,
      "time": 4238,
      "train": 0
    },
    {
      "operation": 51,
      "time": 4253,
      "train": 0
    },
    {
      "operation": 47,
      "time": 4381,
      "train": 1
    },
    {
      "operation": 50,
      "time": 4395,
      "train": 1
    },
    {
      "operation": 23,
      "time": 4428,
      "train": 3
    },
    {
      "operation": 24,
      "time": 4446,
      "train": 3
    },
    {
      "operation": 21,
      "time": 4454,
      "train": 4
    },
    {
      "operation": 53,
      "time": 4469,
      "train": 0
    },
    {
      "operation": 22,
      "time": 4470,
      "train": 4
    },
    {
      "operation": 55,
      "time": 4473,
      "train": 0
    },
    {
      "operation": 46,
      "time": 4519,
      "train": 2
    },
    {
      "operation": 48,
      "time": 4529,
      "train": 2
    },
    {
      "operation": 57,
      "time": 4561,
      "train": 0
    },
    {
      "operation": 59,
      "time": 4565,
      "train": 0
    },
    {
      "operation": 23,
      "time": 4581,
      "train": 4
    },
    {
      "operation": 24,
      "time": 4602,
      "train": 4
    },
    {
      "operation": 51,
      "time": 4614,
      "train": 2
    },
    {
      "operation": 54,
      "time": 4639,
      "train": 2
    },
    {
      "operation": 25,
      "time": 4898,
      "train": 3
    },
    {
      "operation": 26,
      "time": 4922,
      "train": 3
    },
    {
      "operation": 53,
      "time": 4952,
      "train": 1
    },
    {
      "operation": 56,
      "time": 4966,
      "train": 1
    },
    {
      "operation": 61,
      "time": 4981,
      "train": 0
    },
    {
      "operation": 63,
      "time": 4985,
      "train": 0
    },
    {
      "operation": 57,
      "time": 5120,
      "train": 2
    },
    {
      "operation": 65,
      "time": 5143,
      "train": 0
    },
    {
      "operation": 67,
      "time": 5147,
      "train": 0
    },
    {
      "operation": 60,
      "time": 5178,
      "train": 2
    },
    {
      "operation": 25,
      "time": 5259,
      "train": 4
    },
    {
      "operation": 26,
      "time": 5274,
      "train": 4
    },
    {
      "operation": 27,
      "time": 5310,
      "train": 3
    },
    {
      "operation": 28,
      "time": 5328,
      "train": 3
    },
    {
      "operation": 58,
      "time": 5371,
      "train": 1
    },
    {
      "operation": 60,
      "time": 5387,
      "train": 1
    },
    {
      "operation": 62,
      "time": 5410,
      "train": 1
    },
    {
      "operation": 65,
      "time": 5418,
      "train": 1
    },
    {
      "operation": 68,
      "time": 5500,
      "train": 1
    },
    {
      "operation": 70,
      "time": 5505,
      "train": 0
    },
    {
      "operation": 72,
      "time": 5519,
      "train": 0
    },
    {
      "operation": 72,
      "time": 5521,
      "train": 1
    },
    {
      "operation": 63,
      "time": 5735,
      "train": 2
    },
    {
      "operation": 66,
      "time": 5749,
      "train": 2
    },
    {
      "operation": 27,
      "time": 5775,
      "train": 4
    },
    {
      "operation": 28,
      "time": 5789,
      "train": 4
    },
    {
      "operation": 29,
      "time": 5799,
      "train": 3
    },
    {
      "operation": 31,
      "time": 5804,
      "train": 3
    },
    {
      "operation": 74,
      "time": 5914,
      "train": 0
    },
    {
      "operation": 76,
      "time": 5931,
      "train": 0
    },
    {
      "operation": 33,
      "time": 6017,
      "train": 3
    },
    {
      "operation": 35,
      "time": 6023,
      "train": 3
    },
    {
      "operation": 77,
      "time": 6130,
      "train": 1
    },
    {
      "operation": 80,
      "time": 6145,
      "train": 1
    },
    {
      "operation": 68,
      "time": 6154,
      "train": 2
    },
    {
      "operation": 70,
      "time": 6170,
      "train": 2
    },
    {
      "operation": 73,
      "time": 6193,
      "train": 2
    },
    {
      "operation": 78,
      "time": 6208,
      "train": 0
    },
    {
      "operation": 76,
      "time": 6216,
      "train": 2
    },
    {
      "operation": 80,
      "time": 6221,
      "train": 0
    },
    {
      "operation": 37,
      "time": 6332,
      "train": 3
    },
    {
      "operation": 39,
      "time": 6337,
      "train": 3
    },
    {
      "operation": 29,
      "time": 6339,
      "train": 4
    },
    {
      "operation": 30,
      "time": 6360,
      "train": 4
    },
    {
      "operation": 80,
      "time": 6444,
      "train": 2
    },
    {
      "operation": 41,
      "time": 6451,
      "train": 3
    },
    {
      "operation": 43,
      "time": 6456,
      "train": 3
    },
    {
      "operation": 32,
      "time": 6492,
      "train": 4
    },
    {
      "operation": 84,
      "time": 6501,
      "train": 2
    },
    {
      "operation": 34,
      "time": 6502,
      "train": 4
    },
    {
      "operation": 82,
      "time": 6562,
      "train": 0
    },
    {
      "operation": 84,
      "time": 6570,
      "train": 0
    },
    {
      "operation": 83,
      "time": 6646,
      "train": 1
    },
    {
      "operation": 86,
      "time": 6666,
      "train": 1
    },
    {
      "operation": 36,
      "time": 6732,
      "train": 4
    },
    {
      "operation": 38,
      "time": 6744,
      "train": 4
    },
    {
      "operation": 88,
      "time": 6748,
      "train": 1
    },
    {
      "operation": 90,
      "time": 6753,
      "train": 1
    },
    {
      "operation": 86,
      "time": 6925,
      "train": 0
    },
    {
      "operation": 88,
      "time": 6934,
      "train": 0
    },
    {
      "operation": 45,
      "time": 6967,
      "train": 3
    },
    {
      "operation": 47,
      "time": 6972,
      "train": 3
    },
    {
      "operation": 39,
      "time": 7076,
      "train": 4
    },
    {
      "operation": 41,
      "time": 7080,
      "train": 4
    },
    {
      "operation": 87,
      "time": 7110,
      "train": 2
    },
    {
      "operation": 90,
      "time": 7125,
      "train": 2
    },
    {
      "operation": 89,
      "time": 7172,
      "train": 0
    },
    {
      "operation": 91,
      "time": 7176,
      "train": 0
    },
    {
      "operation": 49,
      "time": 7206,
      "train": 3
    },
    {
      "operation": 91,
      "time": 7210,
      "train": 1
    },
    {
      "operation": 51,
      "time": 7212,
      "train": 3
    },
    {
      "operation": 92,
      "time": 7226,
      "train": 1
    },
    {
      "operation": 43,
      "time": 7232,
      "train": 4
    },
    {
      "operation": 45,
      "time": 7237,
      "train": 4
    },
    {
      "operation": 93,
      "time": 7264,
      "train": 0
    },
    {
      "operation": 95,
      "time": 7268,
      "train": 0
    },
    {
      "operation": 93,
      "time": 7358,
      "train": 1
    },
    {
      "operation": 95,
      "time": 7362,
      "train": 1
    },
    {
      "operation": 48,
      "time": 7446,
      "train": 4
    },
    {
      "operation": 50,
      "time": 7456,
      "train": 4
    },
    {
      "operation": 97,
      "time": 7458,
      "train": 1
    },
    {
      "operation": 99,
      "time": 7463,
      "train": 1
    },
    {
      "operation": 53,
      "time": 7546,
      "train": 3
    },
    {
      "operation": 55,
      "time": 7551,
      "train": 3
    },
    {
      "operation": 93,
      "time": 7626,
      "train": 2
    },
    {
      "operation": 96,
      "time": 7646,
      "train": 2
    },
    {
      "operation": 98,
      "time": 7661,
      "train": 0
    },
    {
      "operation": 100,
      "time": 7669,
      "train": 0
    },
    {
      "operation": 98,
      "time": 7728,
      "train": 2
    },
    {
      "operation": 100,
      "time": 7733,
      "train": 2
    },
    {
      "operation": 102,
      "time": 7795,
      "train": 1
    },
    {
      "operation": 104,
      "time": 7803,
      "train": 1
    },
    {
      "operation": 54,
      "time": 7936,
      "train": 4
    },
    {
      "operation": 58,
      "time": 7951,
      "train": 4
    },
    {
      "operation": 102,
      "time": 8058,
      "train": 0
    },
    {
      "operation": 104,
      "time": 8067,
      "train": 0
    },
    {
      "operation": 106,
      "time": 8132,
      "train": 1
    },
    {
      "operation": 108,
      "time": 8143,
      "train": 1
    },
    {
      "operation": 101,
      "time": 8190,
      "train": 2
    },
    {
      "operation": 102,
      "time": 8206,
      "train": 2
    },
    {
      "operation": 106,
      "time": 8324,
      "train": 0
    },
    {
      "operation": 108,
      "time": 8332,
      "train": 0
    },
    {
      "operation": 103,
      "time": 8338,
      "train": 2
    },
    {
      "operation": 105,
      "time": 8342,
      "train": 2
    },
    {
      "operation": 109,
      "time": 8352,
      "train": 1
    },
    {
      "operation": 111,
      "time": 8362,
      "train": 1
    },
    {
      "operation": 107,
      "time": 8438,
      "train": 2
    },
    {
      "operation": 109,
      "time": 8443,
      "train": 2
    },
    {
      "operation": 61,
      "time": 8472,
      "train": 4
    },
    {
      "operation": 64,
      "time": 8486,
      "train": 4
    },
    {
      "operation": 110,
      "time": 8685,
      "train": 0
    },
    {
      "operation": 112,
      "time": 8696,
      "train": 0
    },
    {
      "operation": 111,
      "time": 8775,
      "train": 2
    },
    {
      "operation": 113,
      "time": 8779,
      "train": 2
    },
    {
      "operation": 113,
      "time": 8792,
      "train": 1
    },
    {
      "operation": 117,
      "time": 8807,
      "train": 1
    },
    {
      "operation": 67,
      "time": 8832,
      "train": 4
    },
    {
      "operation": 70,
      "time": 8848,
      "train": 4
    },
    {
      "operation": 57,
      "time": 8889,
      "train": 3
    },
    {
      "operation": 113,
      "time": 8927,
      "train": 0
    },
    {
      "operation": 115,
      "time": 8931,
      "train": 2
    },
    {
      "operation": 114,
      "time": 8932,
      "train": 0
    },
    {
      "operation": 117,
      "time": 8936,
      "train": 2
    },
    {
      "operation": 115,
      "time": 9057,
      "train": 0
    },
    {
      "operation": 116,
      "time": 9063,
      "train": 0
    },
    {
      "operation": 59,
      "time": 9134,
      "train": 3
    },
    {
      "operation": 119,
      "time": 9145,
      "train": 2
    },
    {
      "operation": 121,
      "time": 9155,
      "train": 2
    },
    {
      "operation": 73,
      "time": 9315,
      "train": 4
    },
    {
      "operation": 121,
      "time": 9328,
      "train": 1
    },
    {
      "operation": 124,
      "time": 9342,
      "train": 1
    },
    {
      "operation": 76,
      "time": 9348,
      "train": 4
    },
    {
      "operation": 61,
      "time": 9388,
      "train": 3
    },
    {
      "operation": 62,
      "time": 9393,
      "train": 3
    },
    {
      "operation": 117,
      "time": 9423,
      "train": 0
    },
    {
      "operation": 78,
      "time": 9425,
      "train": 4
    },
    {
      "operation": 80,
      "time": 9433,
      "train": 4
    },
    {
      "operation": 118,
      "time": 9439,
      "train": 0
    },
    {
      "operation": 63,
      "time": 9518,
      "train": 3
    },
    {
      "operation": 123,
      "time": 9585,
      "train": 2
    },
    {
      "operation": 127,
      "time": 9600,
      "train": 2
    },
    {
      "operation": 64,
      "time": 9641,
      "train": 3
    },
    {
      "operation": 127,
      "time": 9688,
      "train": 1
    },
    {
      "operation": 130,
      "time": 9704,
      "train": 1
    },
    {
      "operation": 119,
      "time": 9736,
      "train": 0
    },
    {
      "operation": 120,
      "time": 9741,
      "train": 0
    },
    {
      "operation": 121,
      "time": 9822,
      "train": 0
    },
    {
      "operation": 122,
      "time": 9826,
      "train": 0
    },
    {
      "operation": 83,
      "time": 9984,
      "train": 4
    },
    {
      "operation": 133,
      "time": 9986,
      "train": 1
    },
    {
      "operation": 123,
      "time": 9990,
      "train": 0
    },
    {
      "operation": 136,
      "time": 9991,
      "train": 1
    },
    {
      "operation": 124,
      "time": 10005,
      "train": 0
    },
    {
      "operation": 86,
      "time": 10007,
      "train": 4
    },
    {
      "operation": 65,
      "time": 10026,
      "train": 3
    },
    {
      "operation": 66,
      "time": 10047,
      "train": 3
    },
    {
      "operation": 139,
      "time": 10057,
      "train": 1
    },
    {
      "operation": 141,
      "time": 10062,
      "train": 1
    },
    {
      "operation": 131,
      "time": 10121,
      "train": 2
    },
    {
      "operation": 134,
      "time": 10135,
      "train": 2
    },
    {
      "operation": 143,
      "time": 10172,
      "train": 1
    },
    {
      "operation": 146,
      "time": 10205,
      "train": 1
    },
    {
      "operation": 67,
      "time": 10462,
      "train": 3
    },
    {
      "operation": 68,
      "time": 10469,
      "train": 3
    },
    {
      "operation": 137,
      "time": 10481,
      "train": 2
    },
    {
      "operation": 140,
      "time": 10497,
      "train": 2
    },
    {
      "operation": 69,
      "time": 10583,
      "train": 3
    },
    {
      "operation": 70,
      "time": 10589,
      "train": 3
    },
    {
      "operation": 125,
      "time": 10598,
      "train": 0
    },
    {
      "operation": 126,
      "time": 10612,
      "train": 0
    },
    {
      "operation": 89,
      "time": 10661,
      "train": 4
    },
    {
      "operation": 92,
      "time": 10686,
      "train": 4
    },
    {
      "operation": 143,
      "time": 10779,
      "train": 2
    },
    {
      "operation": 146,
      "time": 10784,
      "train": 2
    },
    {
      "operation": 71,
      "time": 10818,
      "train": 3
    },
    {
      "operation": 149,
      "time": 10837,
      "train": 1
    },
    {
      "operation": 72,
      "time": 10839,
      "train": 3
    },
    {
      "operation": 149,
      "time": 10850,
      "train": 2
    },
    {
      "operation": 151,
      "time": 10855,
      "train": 2
    },
    {
      "operation": 152,
      "time": 10860,
      "train": 1
    },
    {
      "operation": 94,
      "time": 10883,
      "train": 4
    },
    {
      "operation": 96,
      "time": 10890,
      "train": 4
    },
    {
      "operation": 153,
      "time": 10965,
      "train": 2
    },
    {
      "operation": 127,
      "time": 10981,
      "train": 0
    },
    {
      "operation": 128,
      "time": 10995,
      "train": 0
    },
    {
      "operation": 156,
      "time": 11072,
      "train": 2
    },
    {
      "operation": 99,
      "time": 11184,
      "train": 4
    },
    {
      "operation": 102,
      "time": 11208,
      "train": 4
    },
    {
      "operation": 155,
      "time": 11514,
      "train": 1
    },
    {
      "operation": 157,
      "time": 11539,
      "train": 1
    },
    {
      "operation": 129,
      "time": 11570,
      "train": 0
    },
    {
      "operation": 130,
      "time": 11588,
      "train": 0
    },
    {
      "operation": 73,
      "time": 11653,
      "train": 3
    },
    {
      "operation": 74,
      "time": 11673,
      "train": 3
    },
    {
      "operation": 159,
      "time": 11704,
      "train": 2
    },
    {
      "operation": 162,
      "time": 11751,
      "train": 2
    },
    {
      "operation": 105,
      "time": 11778,
      "train": 4
    },
    {
      "operation": 108,
      "time": 11806,
      "train": 4
    },
    {
      "operation": 159,
      "time": 12035,
      "train": 1
    },
    {
      "operation": 162,
      "time": 12059,
      "train": 1
    },
    {
      "operation": 132,
      "time": 12090,
      "train": 0
    },
    {
      "operation": 134,
      "time": 12110,
      "train": 0
    },
    {
      "operation": 75,
      "time": 12190,
      "train": 3
    },
    {
      "operation": 76,
      "time": 12210,
      "train": 3
    },
    {
      "operation": 111,
      "time": 12299,
      "train": 4
    },
    {
      "operation": 114,
      "time": 12322,
      "train": 4
    },
    {
      "operation": 165,
      "time": 12405,
      "train": 2
    },
    {
      "operation": 167,
      "time": 12430,
      "train": 2
    },
    {
      "operation": 137,
      "time": 12539,
      "train": 0
    },
    {
      "operation": 140,
      "time": 12550,
      "train": 0
    },
    {
      "operation": 143,
      "time": 12614,
      "train": 0
    },
    {
      "operation": 165,
      "time": 12617,
      "train": 1
    },
    {
      "operation": 147,
      "time": 12632,
      "train": 0
    },
    {
      "operation": 168,
      "time": 12642,
      "train": 1
    },
    {
      "operation": 153,
      "time": 12710,
      "train": 0
    },
    {
      "operation": 158,
      "time": 12721,
      "train": 0
    },
    {
      "operation": 170,
      "time": 12919,
      "train": 0
    },
    {
      "operation": 169,
      "time": 12926,
      "train": 2
    },
    {
      "operation": 174,
      "time": 12935,
      "train": 0
    },
    {
      "operation": 172,
      "time": 12950,
      "train": 2
    },
    {
      "operation": 77,
      "time": 13014,
      "train": 3
    },
    {
      "operation": 78,
      "time": 13039,
      "train": 3
    },
    {
      "operation": 171,
      "time": 13083,
      "train": 1
    },
    {
      "operation": 174,
      "time": 13106,
      "train": 1
    },
    {
      "operation": 118,
      "time": 13162,
      "train": 4
    },
    {
      "operation": 122,
      "time": 13188,
      "train": 4
    },
    {
      "operation": 177,
      "time": 13401,
      "train": 0
    },
    {
      "operation": 180,
      "time": 13423,
      "train": 0
    },
    {
      "operation": 175,
      "time": 13508,
      "train": 2
    },
    {
      "operation": 178,
      "time": 13533,
      "train": 2
    },
    {
      "operation": 187,
      "time": 13666,
      "train": 0
    },
    {
      "operation": 191,
      "time": 13670,
      "train": 0
    },
    {
      "operation": 80,
      "time": 13711,
      "train": 3
    },
    {
      "operation": 82,
      "time": 13731,
      "train": 3
    },
    {
      "operation": 193,
      "time": 13752,
      "train": 0
    },
    {
      "operation": 195,
      "time": 13757,
      "train": 0
    },
    {
      "operation": 124,
      "time": 13783,
      "train": 4
    },
    {
      "operation": 125,
      "time": 13783,
      "train": 4
    },
    {
      "operation": 198,
      "time": 13853,
      "train": 0
    },
    {
      "operation": 177,
      "time": 13862,
      "train": 1
    },
    {
      "operation": 200,
      "time": 13868,
      "train": 0
    },
    {
      "operation": 181,
      "time": 13885,
      "train": 1
    },
    {
      "operation": 181,
      "time": 13974,
      "train": 2
    },
    {
      "operation": 184,
      "time": 14097,
      "train": 2
    },
    {
      "operation": 203,
      "time": 14117,
      "train": 0
    },
    {
      "operation": 207,
      "time": 14121,
      "train": 0
    },
    {
      "operation": 209,
      "time": 14202,
      "train": 0
    },
    {
      "operation": 211,
      "time": 14207,
      "train": 0
    },
    {
      "operation": 85,
      "time": 14331,
      "train": 3
    },
    {
      "operation": 88,
      "time": 14346,
      "train": 3
    },
    {
      "operation": 214,
      "time": 14347,
      "train": 0
    },
    {
      "operation": 216,
      "time": 14362,
      "train": 0
    },
    {
      "operation": 91,
      "time": 14436,
      "train": 3
    },
    {
      "operation": 95,
      "time": 14461,
      "train": 3
    },
    {
      "operation": 185,
      "time": 14480,
      "train": 1
    },
    {
      "operation": 187,
      "time": 14480,
      "train": 1
    },
    {
      "operation": 101,
      "time": 14570,
      "train": 3
    },
    {
      "operation": 108,
      "time": 14586,
      "train": 3
    },
    {
      "operation": 187,
      "time": 14853,
      "train": 2
    },
    {
      "operation": 120,
      "time": 14864,
      "train": 3
    },
    {
      "operation": 220,
      "time": 14864,
      "train": 0
    },
    {
      "operation": 191,
      "time": 14876,
      "train": 2
    },
    {
      "operation": 124,
      "time": 14886,
      "train": 3
    },
    {
      "operation": 224,
      "time": 14888,
      "train": 0
    },
    {
      "operation": 236,
      "time": 15272,
      "train": 0
    },
    {
      "operation": 240,
      "time": 15305,
      "train": 0
    },
    {
      "operation": 248,
      "time": 15339,
      "train": 0
    },
    {
      "operation": 258,
      "time": 15355,
      "train": 0
    },
    {
      "operation": 195,
      "time": 15471,
      "train": 2
    },
    {
      "operation": 197,
      "time": 15471,
      "train": 2
    },
    {
      "operation": 268,
      "time": 15512,
      "train": 0
    },
    {
      "operation": 127,
      "time": 15539,
      "train": 3
    },
    {
      "operation": 278,
      "time": 15548,
      "train": 0
    },
    {
      "operation": 130,
      "time": 15569,
      "train": 3
    },
    {
      "operation": 137,
      "time": 15908,
      "train": 3
    },
    {
      "operation": 141,
      "time": 15913,
      "train": 3
    },
    {
      "operation": 284,
      "time": 15970,
      "train": 0
    },
    {
      "operation": 286,
      "time": 15986,
      "train": 0
    },
    {
      "operation": 143,
      "time": 16028,
      "train": 3
    },
    {
      "operation": 145,
      "time": 16034,
      "train": 3
    },
    {
      "operation": 148,
      "time": 16168,
      "train": 3
    },
    {
      "operation": 152,
      "time": 16189,
      "train": 3
    },
    {
      "operation": 288,
      "time": 16291,
      "train": 0
    },
    {
      "operation": 290,
      "time": 16301,
      "train": 0
    },
    {
      "operation": 155,
      "time": 16537,
      "train": 3
    },
    {
      "operation": 159,
      "time": 16543,
      "train": 3
    },
    {
      "operation": 161,
      "time": 16656,
      "train": 3
    },
    {
      "operation": 163,
      "time": 16663,
      "train": 3
    },
    {
      "operation": 166,
      "time": 16859,
      "train": 3
    },
    {
      "operation": 168,
      "time": 16880,
      "train": 3
    },
    {
      "operation": 292,
      "time": 17066,
      "train": 0
    },
    {
      "operation": 294,
      "time": 17066,
      "train": 0
    },
    {
      "operation": 172,
      "time": 17532,
      "train": 3
    },
    {
      "operation": 176,
      "time": 17561,
      "train": 3
    },
    {
      "operation": 297,
      "time": 17652,
      "train": 0
    },
    {
      "operation": 301,
      "time": 17664,
      "train": 0
    },
    {
      "operation": 188,
      "time": 17971,
      "train": 3
    },
    {
      "operation": 192,
      "time": 18004,
      "train": 3
    },
    {
      "operation": 200,
      "time": 18038,
      "train": 3
    },
    {
      "operation": 210,
      "time": 18054,
      "train": 3
    },
    {
      "operation": 303,
      "time": 18129,
      "train": 0
    },
    {
      "operation": 307,
      "time": 18141,
      "train": 0
    },
    {
      "operation": 220,
      "time": 18211,
      "train": 3
    },
    {
      "operation": 230,
      "time": 18247,
      "train": 3
    },
    {
      "operation": 311,
      "time": 18580,
      "train": 0
    },
    {
      "operation": 315,
      "time": 18592,
      "train": 0
    },
    {
      "operation": 236,
      "time": 18718,
      "train": 3
    },
    {
      "operation": 238,
      "time": 18741,
      "train": 3
    },
    {
      "operation": 240,
      "time": 19168,
      "train": 3
    },
    {
      "operation": 242,
      "time": 19182,
      "train": 3
    },
    {
      "operation": 320,
      "time": 19306,
      "train": 0
    },
    {
      "operation": 324,
      "time": 19324,
      "train": 0
    },
    {
      "operation": 330,
      "time": 19869,
      "train": 0
    },
    {
      "operation": 334,
      "time": 19884,
      "train": 0
    },
    {
      "operation": 244,
      "time": 20104,
      "train": 3
    },
    {
      "operation": 246,
      "time": 20104,
      "train": 3
    },
    {
      "operation": 338,
      "time": 20719,
      "train": 0
    },
    {
      "operation": 342,
      "time": 20734,
      "train": 0
    },
    {
      "operation": 249,
      "time": 20778,
      "train": 3
    },
    {
      "operation": 253,
      "time": 20790,
      "train": 3
    },
    {
      "operation": 255,
      "time": 21255,
      "train": 3
    },
    {
      "operation": 259,
      "time": 21267,
      "train": 3
    },
    {
      "operation": 346,
      "time": 21291,
      "train": 0
    },
    {
      "operation": 350,
      "time": 21306,
      "train": 0
    },
    {
      "operation": 263,
      "time": 21706,
      "train": 3
    },
    {
      "operation": 267,
      "time": 21718,
      "train": 3
    },
    {
      "operation": 353,
      "time": 21744,
      "train": 0
    },
    {
      "operation": 356,
      "time": 21760,
      "train": 0
    },
    {
      "operation": 360,
      "time": 22165,
      "train": 0
    },
    {
      "operation": 364,
      "time": 22182,
      "train": 0
    },
    {
      "operation": 271,
      "time": 22432,
      "train": 3
    },
    {
      "operation": 275,
      "time": 22446,
      "train": 3
    },
    {
      "operation": 368,
      "time": 22627,
      "train": 0
    },
    {
      "operation": 374,
      "time": 22642,
      "train": 0
    },
    {
      "operation": 279,
      "time": 22992,
      "train": 3
    },
    {
      "operation": 283,
      "time": 23005,
      "train": 3
    },
    {
      "operation": 380,
      "time": 23280,
      "train": 0
    },
    {
      "operation": 386,
      "time": 23295,
      "train": 0
    },
    {
      "operation": 287,
      "time": 23872,
      "train": 3
    },
    {
      "operation": 395,
      "time": 23886,
      "train": 0
    },
    {
      "operation": 291,
      "time": 23894,
      "train": 3
    },
    {
      "operation": 399,
      "time": 23895,
      "train": 0
    },
    {
      "operation": 401,
      "time": 24273,
      "train": 0
    },
    {
      "operation": 405,
      "time": 24288,
      "train": 0
    },
    {
      "operation": 409,
      "time": 24592,
      "train": 0
    },
    {
      "operation": 412,
      "time": 24605,
      "train": 0
    },
    {
      "operation": 295,
      "time": 24674,
      "train": 3
    },
    {
      "operation": 299,
      "time": 24695,
      "train": 3
    },
    {
      "operation": 418,
      "time": 25124,
      "train": 0
    },
    {
      "operation": 422,
      "time": 25139,
      "train": 0
    },
    {
      "operation": 303,
      "time": 25308,
      "train": 3
    },
    {
      "operation": 306,
      "time": 25329,
      "train": 3
    },
    {
      "operation": 425,
      "time": 25511,
      "train": 0
    },
    {
      "operation": 428,
      "time": 25532,
      "train": 0
    },
    {
      "operation": 310,
      "time": 25827,
      "train": 3
    },
    {
      "operation": 314,
      "time": 25847,
      "train": 3
    },
    {
      "operation": 442,
      "time": 26133,
      "train": 0
    },
    {
      "operation": 446,
      "time": 26152,
      "train": 0
    },
    {
      "operation": 449,
      "time": 26234,
      "train": 0
    },
    {
      "operation": 452,
      "time": 26238,
      "train": 0
    },
    {
      "operation": 321,
      "time": 26415,
      "train": 3
    },
    {
      "operation": 327,
      "time": 26436,
      "train": 3
    },
    {
      "operation": 333,
      "time": 26547,
      "train": 3
    },
    {
      "operation": 339,
      "time": 26561,
      "train": 3
    },
    {
      "operation": 464,
      "time": 26717,
      "train": 0
    },
    {
      "operation": 466,
      "time": 26732,
      "train": 0
    },
    {
      "operation": 469,
      "time": 27062,
      "train": 0
    },
    {
      "operation": 472,
      "time": 27066,
      "train": 0
    },
    {
      "operation": 475,
      "time": 27147,
      "train": 0
    },
    {
      "operation": 478,
      "time": 27152,
      "train": 0
    },
    {
      "operation": 481,
      "time": 27258,
      "train": 0
    },
    {
      "operation": 484,
      "time": 27272,
      "train": 0
    },
    {
      "operation": 342,
      "time": 27329,
      "train": 3
    },
    {
      "operation": 344,
      "time": 27350,
      "train": 3
    },
    {
      "operation": 485,
      "time": 27742,
      "train": 0
    },
    {
      "operation": 486,
      "time": 27757,
      "train": 0
    },
    {
      "operation": 487,
      "time": 28148,
      "train": 0
    },
    {
      "operation": 488,
      "time": 28152,
      "train": 0
    },
    {
      "operation": 347,
      "time": 28177,
      "train": 3
    },
    {
      "operation": 351,
      "time": 28189,
      "train": 3
    },
    {
      "operation": 489,
      "time": 28233,
      "train": 0
    },
    {
      "operation": 491,
      "time": 28254,
      "train": 0
    },
    {
      "operation": 353,
      "time": 28569,
      "train": 3
    },
    {
      "operation": 357,
      "time": 28584,
      "train": 3
    },
    {
      "operation": 494,
      "time": 28641,
      "train": 0
    },
    {
      "operation": 498,
      "time": 28657,
      "train": 0
    },
    {
      "operation": 361,
      "time": 28888,
      "train": 3
    },
    {
      "operation": 364,
      "time": 28901,
      "train": 3
    },
    {
      "operation": 503,
      "time": 29164,
      "train": 0
    },
    {
      "operation": 506,
      "time": 29179,
      "train": 0
    },
    {
      "operation": 370,
      "time": 29547,
      "train": 3
    },
    {
      "operation": 374,
      "time": 29568,
      "train": 3
    },
    {
      "operation": 510,
      "time": 29709,
      "train": 0
    },
    {
      "operation": 514,
      "time": 29723,
      "train": 0
    },
    {
      "operation": 378,
      "time": 30088,
      "train": 3
    },
    {
      "operation": 382,
      "time": 30117,
      "train": 3
    },
    {
      "operation": 517,
      "time": 30202,
      "train": 0
    },
    {
      "operation": 520,
      "time": 30217,
      "train": 0
    },
    {
      "operation": 523,
      "time": 30745,
      "train": 0
    },
    {
      "operation": 526,
      "time": 30759,
      "train": 0
    },
    {
      "operation": 396,
      "time": 30959,
      "train": 3
    },
    {
      "operation": 400,
      "time": 30985,
      "train": 3
    },
    {
      "operation": 403,
      "time": 31100,
      "train": 3
    },
    {
      "operation": 406,
      "time": 31106,
      "train": 3
    },
    {
      "operation": 530,
      "time": 31273,
      "train": 0
    },
    {
      "operation": 534,
      "time": 31288,
      "train": 0
    },
    {
      "operation": 417,
      "time": 31777,
      "train": 3
    },
    {
      "operation": 538,
      "time": 31781,
      "train": 0
    },
    {
      "operation": 542,
      "time": 31796,
      "train": 0
    },
    {
      "operation": 419,
      "time": 31798,
      "train": 3
    },
    {
      "operation": 546,
      "time": 31954,
      "train": 0
    },
    {
      "operation": 550,
      "time": 31970,
      "train": 0
    },
    {
      "operation": 556,
      "time": 32068,
      "train": 0
    },
    {
      "operation": 577,
      "time": 32087,
      "train": 0
    },
    {
      "operation": 603,
      "time": 32110,
      "train": 0
    },
    {
      "operation": 609,
      "time": 32361,
      "train": 0
    },
    {
      "operation": 620,
      "time": 32398,
      "train": 0
    },
    {
      "operation": 646,
      "time": 32441,
      "train": 0
    },
    {
      "operation": 422,
      "time": 32531,
      "train": 3
    },
    {
      "operation": 425,
      "time": 32551,
      "train": 3
    },
    {
      "operation": 674,
      "time": 32594,
      "train": 0
    },
    {
      "operation": 679,
      "time": 32628,
      "train": 0
    },
    {
      "operation": 683,
      "time": 33165,
      "train": 0
    },
    {
      "operation": 684,
      "time": 33165,
      "train": 0
    },
    {
      "operation": 439,
      "time": 33209,
      "train": 3
    },
    {
      "operation": 440,
      "time": 33230,
      "train": 3
    },
    {
      "operation": 441,
      "time": 33776,
      "train": 3
    },
    {
      "operation": 442,
      "time": 33781,
      "train": 3
    },
    {
      "operation": 443,
      "time": 33895,
      "train": 3
    },
    {
      "operation": 445,
      "time": 33924,
      "train": 3
    },
    {
      "operation": 447,
      "time": 34465,
      "train": 3
    },
    {
      "operation": 451,
      "time": 34487,
      "train": 3
    },
    {
      "operation": 455,
      "time": 35196,
      "train": 3
    },
    {
      "operation": 458,
      "time": 35217,
      "train": 3
    },
    {
      "operation": 461,
      "time": 35959,
      "train": 3
    },
    {
      "operation": 465,
      "time": 35978,
      "train": 3
    },
    {
      "operation": 469,
      "time": 36648,
      "train": 3
    },
    {
      "operation": 472,
      "time": 36669,
      "train": 3
    },
    {
      "operation": 475,
      "time": 37408,
      "train": 3
    },
    {
      "operation": 478,
      "time": 37428,
      "train": 3
    },
    {
      "operation": 482,
      "time": 38148,
      "train": 3
    },
    {
      "operation": 486,
      "time": 38169,
      "train": 3
    },
    {
      "operation": 492,
      "time": 38859,
      "train": 3
    },
    {
      "operation": 496,
      "time": 38880,
      "train": 3
    },
    {
      "operation": 500,
      "time": 39101,
      "train": 3
    },
    {
      "operation": 504,
      "time": 39123,
      "train": 3
    },
    {
      "operation": 511,
      "time": 39260,
      "train": 3
    },
    {
      "operation": 532,
      "time": 39286,
      "train": 3
    },
    {
      "operation": 558,
      "time": 39318,
      "train": 3
    },
    {
      "operation": 569,
      "time": 39569,
      "train": 3
    },
    {
      "operation": 580,
      "time": 39606,
      "train": 3
    },
    {
      "operation": 606,
      "time": 39649,
      "train": 3
    },
    {
      "operation": 635,
      "time": 39802,
      "train": 3
    },
    {
      "operation": 646,
      "time": 39836,
      "train": 3
    },
    {
      "operation": 655,
      "time": 40373,
      "train": 3
    },
    {
      "operation": 656,
      "time": 40373,
      "train": 3
    }
  ],
  "objective_value": 4901
}
