{
  "events": [
    {
      "operation": 0,
      "time": 0,
      "train": 0
    },
    {
      "operation": 0,
      "time": 0,
      "train": 2
    },
    {
      "operation": 0,
      "time": 0,
      "train": 6
    },
    {
      "operation": 0,
      "time": 0,
      "train": 8
    },
    {
      "operation": 1,
      "time": 0,
      "train": 0
    },
    {
      "operation": 1,
      "time": 0,
      "train": 2
    },
    {
      "operation": 1,
      "time": 0,
      "train": 6
    },
    {
      "operation": 1,
      "time": 0,
      "train": 8
    },
    {
      "operation": 0,
      "time": 0,
      "train": 5
    },
    {
      "operation": 0,
      "time": 0,
      "train": 1
    },
    {
      "operation": 0,
      "time": 0,
      "train": 4
    },
    {
      "operation": 0,
      "time": 0,
      "train": 3
    },
    {
      "operation": 0,
      "time": 0,
      "train": 7
    },
    {
      "operation": 1,
      "time": 0,
      "train": 1
    },
    {
      "operation": 1,
      "time": 0,
      "train": 3
    },
    {
      "operation": 1,
      "time": 0,
      "train": 7
    },
    {
      "operation": 2,
      "time": 7,
      "train": 6
    },
    {
      "operation": 2,
      "time": 8,
      "train": 8
    },
    {
      "operation": 2,
      "time": 26,
      "train": 2
    },
    {
      "operation": 2,
      "time": 40,
      "train": 7
    },
    {
      "operation": 2,
      "time": 83,
      "train": 3
    },
    {
      "operation": 3,
      "time": 94,
      "train": 6
    },
    {
      "operation": 4,
      "time": 99,
      "train": 6
    },
    {
      "operation": 3,
      "time": 177,
      "train": 3
    },
    {
      "operation": 3,
      "time": 193,
      "train": 2
    },
    {
      "operation": 4,
      "time": 201,
      "train": 2
    },
    {
      "operation": 3,
      "time": 201,
      "train": 7
    },
    {
      "operation": 4,
      "time": 235,
      "train": 7
    },
    {
      "operation": 5,
      "time": 243,
      "train": 7
    },
    {
      "operation": 6,
      "time": 299,
      "train": 7
    },
    {
      "operation": 5,
      "time": 356,
      "train": 6
    },
    {
      "operation": 6,
      "time": 365,
      "train": 6
    },
    {
      "operation": 4,
      "time": 448,
      "train": 3
    },
    {
      "operation": 1,
      "time": 461,
      "train": 4
    },
    {
      "operation": 2,
      "time": 484,
      "train": 4
    },
    {
      "operation": 5,
      "time": 489,
      "train": 3
    },
    {
      "operation": 6,
      "time": 489,
      "train": 3
    },
    {
      "operation": 7,
      "time": 489,
      "train": 3
    },
    {
      "operation": 1,
      "time": 605,
      "train": 5
    },
    {
      "operation": 2,
      "time": 605,
      "train": 0
    },
    {
      "operation": 2,
      "time": 611,
      "train": 5
    },
    {
      "operation": 6,
      "time": 656,
      "train": 2
    },
    {
      "operation": 7,
      "time": 673,
      "train": 7
    },
    {
      "operation": 8,
      "time": 676,
      "train": 2
    },
    {
      "operation": 8,
      "time": 686,
      "train": 7
    },
    {
      "operation": 3,
      "time": 728,
      "train": 0
    },
    {
      "operation": 7,
      "time": 761,
      "train": 6
    },
    {
      "operation": 4,
      "time": 771,
      "train": 0
    },
    {
      "operation": 3,
      "time": 784,
      "train": 5
    },
    {
      "operation": 4,
      "time": 795,
      "train": 5
    },
    {
      "operation": 9,
      "time": 809,
      "train": 6
    },
    {
      "operation": 11,
      "time": 815,
      "train": 6
    },
    {
      "operation": 17,
      "time": 883,
      "train": 6
    },
    {
      "operation": 11,
      "time": 922,
      "train": 2
    },
    {
      "operation": 14,
      "time": 932,
      "train": 2
    },
    {
      "operation": 3,
      "time": 962,
      "train": 8
    },
    {
      "operation": 5,
      "time": 970,
      "train": 8
    },
    {
      "operation": 7,
      "time": 1074,
      "train": 8
    },
    {
      "operation": 9,
      "time": 1080,
      "train": 8
    },
    {
      "operation": 10,
      "time": 1099,
      "train": 7
    },
    {
      "operation": 12,
      "time": 1115,
      "train": 7
    },
    {
      "operation": 17,
      "time": 1131,
      "train": 2
    },
    {
      "operation": 23,
      "time": 1133,
      "train": 6
    },
    {
      "operation": 20,
      "time": 1142,
      "train": 2
    },
    {
      "operation": 25,
      "time": 1149,
      "train": 6
    },
    {
      "operation": 3,
      "time": 1159,
      "train": 4
    },
    {
      "operation": 4,
      "time": 1175,
      "train": 4
    },
    {
      "operation": 5,
      "time": 1180,
      "train": 5
    },
    {
      "operation": 6,
      "time": 1187,
      "train": 5
    },
    {
      "operation": 27,
      "time": 1203,
      "train": 6
    },
    {
      "operation": 29,
      "time": 1203,
      "train": 6
    },
    {
      "operation": 23,
      "time": 1205,
      "train": 2
    },
    {
      "operation": 26,
      "time": 1225,
      "train": 2
    },
    {
      "operation": 28,
      "time": 1258,
      "train": 2
    },
    {
      "operation": 7,
      "time": 1314,
      "train": 5
    },
    {
      "operation": 8,
      "time": 1321,
      "train": 5
    },
    {
      "operation": 11,
      "time": 1348,
      "train": 8
    },
    {
      "operation": 38,
      "time": 1348,
      "train": 2
    },
    {
      "operation": 12,
      "time": 1357,
      "train": 8
    },
    {
      "operation": 40,
      "time": 1475,
      "train": 2
    },
    {
      "operation": 42,
      "time": 1511,
      "train": 2
    },
    {
      "operation": 6,
      "time": 1546,
      "train": 0
    },
    {
      "operation": 8,
      "time": 1556,
      "train": 0
    },
    {
      "operation": 2,
      "time": 1556,
      "train": 1
    },
    {
      "operation": 5,
      "time": 1587,
      "train": 4
    },
    {
      "operation": 6,
      "time": 1601,
      "train": 4
    },
    {
      "operation": 16,
      "time": 1614,
      "train": 7
    },
    {
      "operation": 20,
      "time": 1628,
      "train": 7
    },
    {
      "operation": 44,
      "time": 1646,
      "train": 2
    },
    {
      "operation": 45,
      "time": 1654,
      "train": 2
    },
    {
      "operation": 46,
      "time": 1728,
      "train": 2
    },
    {
      "operation": 47,
      "time": 1741,
      "train": 2
    },
    {
      "operation": 23,
      "time": 1767,
      "train": 7
    },
    {
      "operation": 26,
      "time": 1773,
      "train": 7
    },
    {
      "operation": 14,
      "time": 1792,
      "train": 8
    },
    {
      "operation": 48,
      "time": 1829,
      "train": 2
    },
    {
      "operation": 16,
      "time": 1840,
      "train": 8
    },
    {
      "operation": 51,
      "time": 1842,
      "train": 2
    },
    {
      "operation": 10,
      "time": 1844,
      "train": 0
    },
    {
      "operation": 24,
      "time": 1848,
      "train": 8
    },
    {
      "operation": 12,
      "time": 1861,
      "train": 0
    },
    {
      "operation": 33,
      "time": 1909,
      "train": 8
    },
    {
      "operation": 8,
      "time": 1975,
      "train": 4
    },
    {
      "operation": 10,
      "time": 2031,
      "train": 4
    },
    {
      "operation": 13,
      "time": 2039,
      "train": 4
    },
    {
      "operation": 16,
      "time": 2075,
      "train": 4
    },
    {
      "operation": 54,
      "time": 2089,
      "train": 2
    },
    {
      "operation": 57,
      "time": 2089,
      "train": 2
    },
    {
      "operation": 38,
      "time": 2113,
      "train": 8
    },
    {
      "operation": 43,
      "time": 2120,
      "train": 8
    },
    {
      "operation": 49,
      "time": 2187,
      "train": 8
    },
    {
      "operation": 57,
      "time": 2194,
      "train": 8
    },
    {
      "operation": 21,
      "time": 2205,
      "train": 4
    },
    {
      "operation": 28,
      "time": 2208,
      "train": 7
    },
    {
      "operation": 14,
      "time": 2221,
      "train": 0
    },
    {
      "operation": 30,
      "time": 2228,
      "train": 7
    },
    {
      "operation": 16,
      "time": 2233,
      "train": 0
    },
    {
      "operation": 26,
      "time": 2245,
      "train": 4
    },
    {
      "operation": 33,
      "time": 2311,
      "train": 4
    },
    {
      "operation": 10,
      "time": 2343,
      "train": 5
    },
    {
      "operation": 12,
      "time": 2351,
      "train": 5
    },
    {
      "operation": 62,
      "time": 2360,
      "train": 8
    },
    {
      "operation": 40,
      "time": 2361,
      "train": 4
    },
    {
      "operation": 3,
      "time": 2378,
      "train": 1
    },
    {
      "operation": 47,
      "time": 2389,
      "train": 4
    },
    {
      "operation": 48,
      "time": 2389,
      "train": 4
    },
    {
      "operation": 5,
      "time": 2415,
      "train": 1
    },
    {
      "operation": 18,
      "time": 2438,
      "train": 0
    },
    {
      "operation": 20,
      "time": 2449,
      "train": 0
    },
    {
      "operation": 33,
      "time": 2474,
      "train": 7
    },
    {
      "operation": 36,
      "time": 2484,
      "train": 7
    },
    {
      "operation": 14,
      "time": 2556,
      "train": 5
    },
    {
      "operation": 16,
      "time": 2566,
      "train": 5
    },
    {
      "operation": 41,
      "time": 2683,
      "train": 7
    },
    {
      "operation": 46,
      "time": 2694,
      "train": 7
    },
    {
      "operation": 50,
      "time": 2757,
      "train": 7
    },
    {
      "operation": 54,
      "time": 2777,
      "train": 7
    },
    {
      "operation": 58,
      "time": 2810,
      "train": 7
    },
    {
      "operation": 64,
      "time": 2900,
      "train": 7
    },
    {
      "operation": 8,
      "time": 2905,
      "train": 1
    },
    {
      "operation": 11,
      "time": 2915,
      "train": 1
    },
    {
      "operation": 76,
      "time": 3028,
      "train": 7
    },
    {
      "operation": 82,
      "time": 3048,
      "train": 7
    },
    {
      "operation": 14,
      "time": 3135,
      "train": 1
    },
    {
      "operation": 17,
      "time": 3145,
      "train": 1
    },
    {
      "operation": 65,
      "time": 3145,
      "train": 8
    },
    {
      "operation": 87,
      "time": 3198,
      "train": 7
    },
    {
      "operation": 90,
      "time": 3206,
      "train": 7
    },
    {
      "operation": 20,
      "time": 3212,
      "train": 1
    },
    {
      "operation": 23,
      "time": 3218,
      "train": 1
    },
    {
      "operation": 92,
      "time": 3261,
      "train": 7
    },
    {
      "operation": 68,
      "time": 3268,
      "train": 8
    },
    {
      "operation": 94,
      "time": 3272,
      "train": 7
    },
    {
      "operation": 97,
      "time": 3310,
      "train": 7
    },
    {
      "operation": 71,
      "time": 3311,
      "train": 8
    },
    {
      "operation": 101,
      "time": 3330,
      "train": 7
    },
    {
      "operation": 25,
      "time": 3374,
      "train": 1
    },
    {
      "operation": 21,
      "time": 3400,
      "train": 0
    },
    {
      "operation": 23,
      "time": 3404,
      "train": 0
    },
    {
      "operation": 18,
      "time": 3450,
      "train": 5
    },
    {
      "operation": 20,
      "time": 3460,
      "train": 5
    },
    {
      "operation": 28,
      "time": 3475,
      "train": 1
    },
    {
      "operation": 31,
      "time": 3484,
      "train": 1
    },
    {
      "operation": 35,
      "time": 3505,
      "train": 1
    },
    {
      "operation": 25,
      "time": 3507,
      "train": 0
    },
    {
      "operation": 27,
      "time": 3512,
      "train": 0
    },
    {
      "operation": 39,
      "time": 3635,
      "train": 1
    },
    {
      "operation": 56,
      "time": 3675,
      "train": 1
    },
    {
      "operation": 22,
      "time": 3722,
      "train": 5
    },
    {
      "operation": 24,
      "time": 3731,
      "train": 5
    },
    {
      "operation": 105,
      "time": 3744,
      "train": 7
    },
    {
      "operation": 59,
      "time": 3757,
      "train": 1
    },
    {
      "operation": 108,
      "time": 3798,
      "train": 7
    },
    {
      "operation": 63,
      "time": 3800,
      "train": 1
    },
    {
      "operation": 67,
      "time": 3835,
      "train": 1
    },
    {
      "operation": 71,
      "time": 3835,
      "train": 1
    },
    {
      "operation": 113,
      "time": 3843,
      "train": 7
    },
    {
      "operation": 118,
      "time": 3849,
      "train": 7
    },
    {
      "operation": 128,
      "time": 3933,
      "train": 7
    },
    {
      "operation": 132,
      "time": 3938,
      "train": 7
    },
    {
      "operation": 134,
      "time": 3986,
      "train": 7
    },
    {
      "operation": 136,
      "time": 3994,
      "train": 7
    },
    {
      "operation": 138,
      "time": 4049,
      "train": 7
    },
    {
      "operation": 139,
      "time": 4055,
      "train": 7
    },
    {
      "operation": 75,
      "time": 4158,
      "train": 8
    },
    {
      "operation": 77,
      "time": 4164,
      "train": 8
    },
    {
      "operation": 25,
      "time": 4287,
      "train": 5
    },
    {
      "operation": 27,
      "time": 4292,
      "train": 5
    },
    {
      "operation": 29,
      "time": 4296,
      "train": 0
    },
    {
      "operation": 31,
      "time": 4304,
      "train": 0
    },
    {
      "operation": 140,
      "time": 4322,
      "train": 7
    },
    {
      "operation": 142,
      "time": 4329,
      "train": 7
    },
    {
      "operation": 79,
      "time": 4337,
      "train": 8
    },
    {
      "operation": 81,
      "time": 4348,
      "train": 8
    },
    {
      "operation": 144,
      "time": 4413,
      "train": 7
    },
    {
      "operation": 146,
      "time": 4417,
      "train": 7
    },
    {
      "operation": 29,
      "time": 4418,
      "train": 5
    },
    {
      "operation": 31,
      "time": 4425,
      "train": 5
    },
    {
      "operation": 33,
      "time": 4529,
      "train": 0
    },
    {
      "operation": 35,
      "time": 4534,
      "train": 0
    },
    {
      "operation": 83,
      "time": 4735,
      "train": 8
    },
    {
      "operation": 85,
      "time": 4743,
      "train": 8
    },
    {
      "operation": 87,
      "time": 4877,
      "train": 8
    },
    {
      "operation": 89,
      "time": 4884,
      "train": 8
    },
    {
      "operation": 33,
      "time": 4995,
      "train": 5
    },
    {
      "operation": 35,
      "time": 5002,
      "train": 5
    },
    {
      "operation": 38,
      "time": 5054,
      "train": 0
    },
    {
      "operation": 40,
      "time": 5062,
      "train": 0
    },
    {
      "operation": 37,
      "time": 5160,
      "train": 5
    },
    {
      "operation": 148,
      "time": 5165,
      "train": 7
    },
    {
      "operation": 39,
      "time": 5167,
      "train": 5
    },
    {
      "operation": 150,
      "time": 5169,
      "train": 7
    },
    {
      "operation": 152,
      "time": 5224,
      "train": 7
    },
    {
      "operation": 154,
      "time": 5228,
      "train": 7
    },
    {
      "operation": 42,
      "time": 5272,
      "train": 0
    },
    {
      "operation": 156,
      "time": 5272,
      "train": 7
    },
    {
      "operation": 157,
      "time": 5277,
      "train": 7
    },
    {
      "operation": 44,
      "time": 5283,
      "train": 0
    },
    {
      "operation": 158,
      "time": 5479,
      "train": 7
    },
    {
      "operation": 159,
      "time": 5485,
      "train": 7
    },
    {
      "operation": 160,
      "time": 5550,
      "train": 7
    },
    {
      "operation": 161,
      "time": 5555,
      "train": 7
    },
    {
      "operation": 41,
      "time": 5643,
      "train": 5
    },
    {
      "operation": 43,
      "time": 5653,
      "train": 5
    },
    {
      "operation": 162,
      "time": 5705,
      "train": 7
    },
    {
      "operation": 163,
      "time": 5710,
      "train": 7
    },
    {
      "operation": 46,
      "time": 5777,
      "train": 0
    },
    {
      "operation": 48,
      "time": 5785,
      "train": 0
    },
    {
      "operation": 164,
      "time": 5793,
      "train": 7
    },
    {
      "operation": 166,
      "time": 5798,
      "train": 7
    },
    {
      "operation": 45,
      "time": 5846,
      "train": 5
    },
    {
      "operation": 47,
      "time": 5854,
      "train": 5
    },
    {
      "operation": 168,
      "time": 5868,
      "train": 7
    },
    {
      "operation": 170,
      "time": 5873,
      "train": 7
    },
    {
      "operation": 91,
      "time": 5951,
      "train": 8
    },
    {
      "operation": 93,
      "time": 5956,
      "train": 8
    },
    {
      "operation": 50,
      "time": 5969,
      "train": 0
    },
    {
      "operation": 52,
      "time": 5980,
      "train": 0
    },
    {
      "operation": 95,
      "time": 6079,
      "train": 8
    },
    {
      "operation": 97,
      "time": 6085,
      "train": 8
    },
    {
      "operation": 172,
      "time": 6230,
      "train": 7
    },
    {
      "operation": 174,
      "time": 6235,
      "train": 7
    },
    {
      "operation": 50,
      "time": 6318,
      "train": 5
    },
    {
      "operation": 52,
      "time": 6331,
      "train": 5
    },
    {
      "operation": 176,
      "time": 6387,
      "train": 7
    },
    {
      "operation": 178,
      "time": 6393,
      "train": 7
    },
    {
      "operation": 54,
      "time": 6394,
      "train": 0
    },
    {
      "operation": 56,
      "time": 6408,
      "train": 0
    },
    {
      "operation": 58,
      "time": 6687,
      "train": 0
    },
    {
      "operation": 60,
      "time": 6700,
      "train": 0
    },
    {
      "operation": 55,
      "time": 6759,
      "train": 5
    },
    {
      "operation": 59,
      "time": 6787,
      "train": 5
    },
    {
      "operation": 180,
      "time": 6820,
      "train": 7
    },
    {
      "operation": 182,
      "time": 6826,
      "train": 7
    },
    {
      "operation": 100,
      "time": 6977,
      "train": 8
    },
    {
      "operation": 102,
      "time": 6987,
      "train": 8
    },
    {
      "operation": 184,
      "time": 6987,
      "train": 7
    },
    {
      "operation": 186,
      "time": 6991,
      "train": 7
    },
    {
      "operation": 62,
      "time": 7067,
      "train": 5
    },
    {
      "operation": 65,
      "time": 7074,
      "train": 5
    },
    {
      "operation": 61,
      "time": 7151,
      "train": 0
    },
    {
      "operation": 63,
      "time": 7171,
      "train": 0
    },
    {
      "operation": 188,
      "time": 7233,
      "train": 7
    },
    {
      "operation": 190,
      "time": 7239,
      "train": 7
    },
    {
      "operation": 104,
      "time": 7249,
      "train": 8
    },
    {
      "operation": 106,
      "time": 7258,
      "train": 8
    },
    {
      "operation": 192,
      "time": 7342,
      "train": 7
    },
    {
      "operation": 194,
      "time": 7350,
      "train": 7
    },
    {
      "operation": 69,
      "time": 7455,
      "train": 5
    },
    {
      "operation": 70,
      "time": 7486,
      "train": 5
    },
    {
      "operation": 66,
      "time": 7600,
      "train": 0
    },
    {
      "operation": 70,
      "time": 7627,
      "train": 0
    },
    {
      "operation": 73,
      "time": 7680,
      "train": 0
    },
    {
      "operation": 76,
      "time": 7689,
      "train": 0
    },
    {
      "operation": 196,
      "time": 7709,
      "train": 7
    },
    {
      "operation": 197,
      "time": 7709,
      "train": 7
    },
    {
      "operation": 107,
      "time": 7857,
      "train": 8
    },
    {
      "operation": 109,
      "time": 7862,
      "train": 8
    },
    {
      "operation": 72,
      "time": 7901,
      "train": 5
    },
    {
      "operation": 79,
      "time": 7910,
      "train": 0
    },
    {
      "operation": 74,
      "time": 7911,
      "train": 5
    },
    {
      "operation": 198,
      "time": 7917,
      "train": 7
    },
    {
      "operation": 200,
      "time": 7922,
      "train": 7
    },
    {
      "operation": 80,
      "time": 7924,
      "train": 0
    },
    {
      "operation": 111,
      "time": 7988,
      "train": 8
    },
    {
      "operation": 113,
      "time": 7995,
      "train": 8
    },
    {
      "operation": 202,
      "time": 8069,
      "train": 7
    },
    {
      "operation": 204,
      "time": 8074,
      "train": 7
    },
    {
      "operation": 206,
      "time": 8109,
      "train": 7
    },
    {
      "operation": 208,
      "time": 8114,
      "train": 7
    },
    {
      "operation": 210,
      "time": 8130,
      "train": 7
    },
    {
      "operation": 76,
      "time": 8130,
      "train": 5
    },
    {
      "operation": 212,
      "time": 8136,
      "train": 7
    },
    {
      "operation": 78,
      "time": 8142,
      "train": 5
    },
    {
      "operation": 81,
      "time": 8309,
      "train": 0
    },
    {
      "operation": 82,
      "time": 8340,
      "train": 0
    },
    {
      "operation": 80,
      "time": 8505,
      "train": 5
    },
    {
      "operation": 82,
      "time": 8516,
      "train": 5
    },
    {
      "operation": 115,
      "time": 8573,
      "train": 8
    },
    {
      "operation": 117,
      "time": 8580,
      "train": 8
    },
    {
      "operation": 83,
      "time": 8718,
      "train": 0
    },
    {
      "operation": 85,
      "time": 8722,
      "train": 0
    },
    {
      "operation": 119,
      "time": 8738,
      "train": 8
    },
    {
      "operation": 214,
      "time": 8743,
      "train": 7
    },
    {
      "operation": 121,
      "time": 8745,
      "train": 8
    },
    {
      "operation": 216,
      "time": 8753,
      "train": 7
    },
    {
      "operation": 87,
      "time": 8832,
      "train": 0
    },
    {
      "operation": 89,
      "time": 8838,
      "train": 0
    },
    {
      "operation": 218,
      "time": 8963,
      "train": 7
    },
    {
      "operation": 220,
      "time": 8977,
      "train": 7
    },
    {
      "operation": 91,
      "time": 9140,
      "train": 0
    },
    {
      "operation": 93,
      "time": 9146,
      "train": 0
    },
    {
      "operation": 123,
      "time": 9221,
      "train": 8
    },
    {
      "operation": 125,
      "time": 9232,
      "train": 8
    },
    {
      "operation": 95,
      "time": 9268,
      "train": 0
    },
    {
      "operation": 97,
      "time": 9290,
      "train": 0
    },
    {
      "operation": 84,
      "time": 9290,
      "train": 5
    },
    {
      "operation": 222,
      "time": 9410,
      "train": 7
    },
    {
      "operation": 224,
      "time": 9416,
      "train": 7
    },
    {
      "operation": 127,
      "time": 9448,
      "train": 8
    },
    {
      "operation": 129,
      "time": 9456,
      "train": 8
    },
    {
      "operation": 226,
      "time": 9602,
      "train": 7
    },
    {
      "operation": 228,
      "time": 9622,
      "train": 7
    },
    {
      "operation": 99,
      "time": 9900,
      "train": 0
    },
    {
      "operation": 101,
      "time": 9905,
      "train": 0
    },
    {
      "operation": 86,
      "time": 9905,
      "train": 5
    },
    {
      "operation": 132,
      "time": 9928,
      "train": 8
    },
    {
      "operation": 134,
      "time": 9941,
      "train": 8
    },
    {
      "operation": 103,
      "time": 10002,
      "train": 0
    },
    {
      "operation": 105,
      "time": 10007,
      "train": 0
    },
    {
      "operation": 230,
      "time": 10018,
      "train": 7
    },
    {
      "operation": 232,
      "time": 10026,
      "train": 7
    },
    {
      "operation": 234,
      "time": 10144,
      "train": 7
    },
    {
      "operation": 236,
      "time": 10148,
      "train": 7
    },
    {
      "operation": 137,
      "time": 10369,
      "train": 8
    },
    {
      "operation": 141,
      "time": 10397,
      "train": 8
    },
    {
      "operation": 238,
      "time": 10397,
      "train": 7
    },
    {
      "operation": 239,
      "time": 10403,
      "train": 7
    },
    {
      "operation": 240,
      "time": 10470,
      "train": 7
    },
    {
      "operation": 241,
      "time": 10475,
      "train": 7
    },
    {
      "operation": 242,
      "time": 10577,
      "train": 7
    },
    {
      "operation": 244,
      "time": 10584,
      "train": 7
    },
    {
      "operation": 88,
      "time": 10588,
      "train": 5
    },
    {
      "operation": 90,
      "time": 10598,
      "train": 5
    },
    {
      "operation": 144,
      "time": 10691,
      "train": 8
    },
    {
      "operation": 147,
      "time": 10698,
      "train": 8
    },
    {
      "operation": 92,
      "time": 10791,
      "train": 5
    },
    {
      "operation": 107,
      "time": 10810,
      "train": 0
    },
    {
      "operation": 109,
      "time": 10815,
      "train": 0
    },
    {
      "operation": 94,
      "time": 10815,
      "train": 5
    },
    {
      "operation": 246,
      "time": 10815,
      "train": 7
    },
    {
      "operation": 248,
      "time": 10821,
      "train": 7
    },
    {
      "operation": 111,
      "time": 10927,
      "train": 0
    },
    {
      "operation": 113,
      "time": 10932,
      "train": 0
    },
    {
      "operation": 250,
      "time": 11075,
      "train": 7
    },
    {
      "operation": 251,
      "time": 11088,
      "train": 7
    },
    {
      "operation": 151,
      "time": 11089,
      "train": 8
    },
    {
      "operation": 252,
      "time": 11115,
      "train": 7
    },
    {
      "operation": 152,
      "time": 11120,
      "train": 8
    },
    {
      "operation": 254,
      "time": 11122,
      "train": 7
    },
    {
      "operation": 256,
      "time": 11131,
      "train": 7
    },
    {
      "operation": 259,
      "time": 11139,
      "train": 7
    },
    {
      "operation": 262,
      "time": 11234,
      "train": 7
    },
    {
      "operation": 268,
      "time": 11252,
      "train": 7
    },
    {
      "operation": 153,
      "time": 11535,
      "train": 8
    },
    {
      "operation": 155,
      "time": 11540,
      "train": 8
    },
    {
      "operation": 115,
      "time": 11562,
      "train": 0
    },
    {
      "operation": 117,
      "time": 11567,
      "train": 0
    },
    {
      "operation": 274,
      "time": 11644,
      "train": 7
    },
    {
      "operation": 276,
      "time": 11659,
      "train": 7
    },
    {
      "operation": 119,
      "time": 11669,
      "train": 0
    },
    {
      "operation": 157,
      "time": 11672,
      "train": 8
    },
    {
      "operation": 121,
      "time": 11674,
      "train": 0
    },
    {
      "operation": 159,
      "time": 11680,
      "train": 8
    },
    {
      "operation": 95,
      "time": 11779,
      "train": 5
    },
    {
      "operation": 97,
      "time": 11785,
      "train": 5
    },
    {
      "operation": 99,
      "time": 11919,
      "train": 5
    },
    {
      "operation": 101,
      "time": 11925,
      "train": 5
    },
    {
      "operation": 161,
      "time": 12043,
      "train": 8
    },
    {
      "operation": 163,
      "time": 12049,
      "train": 8
    },
    {
      "operation": 279,
      "time": 12085,
      "train": 7
    },
    {
      "operation": 281,
      "time": 12099,
      "train": 7
    },
    {
      "operation": 123,
      "time": 12128,
      "train": 0
    },
    {
      "operation": 125,
      "time": 12133,
      "train": 0
    },
    {
      "operation": 165,
      "time": 12175,
      "train": 8
    },
    {
      "operation": 167,
      "time": 12197,
      "train": 8
    },
    {
      "operation": 285,
      "time": 12206,
      "train": 7
    },
    {
      "operation": 289,
      "time": 12222,
      "train": 7
    },
    {
      "operation": 127,
      "time": 12233,
      "train": 0
    },
    {
      "operation": 129,
      "time": 12239,
      "train": 0
    },
    {
      "operation": 292,
      "time": 12572,
      "train": 7
    },
    {
      "operation": 296,
      "time": 12589,
      "train": 7
    },
    {
      "operation": 104,
      "time": 12681,
      "train": 5
    },
    {
      "operation": 106,
      "time": 12691,
      "train": 5
    },
    {
      "operation": 300,
      "time": 12777,
      "train": 7
    },
    {
      "operation": 303,
      "time": 12791,
      "train": 7
    },
    {
      "operation": 169,
      "time": 12890,
      "train": 8
    },
    {
      "operation": 108,
      "time": 12895,
      "train": 5
    },
    {
      "operation": 131,
      "time": 12895,
      "train": 0
    },
    {
      "operation": 171,
      "time": 12896,
      "train": 8
    },
    {
      "operation": 133,
      "time": 12900,
      "train": 0
    },
    {
      "operation": 110,
      "time": 12904,
      "train": 5
    },
    {
      "operation": 135,
      "time": 13002,
      "train": 0
    },
    {
      "operation": 137,
      "time": 13008,
      "train": 0
    },
    {
      "operation": 173,
      "time": 13012,
      "train": 8
    },
    {
      "operation": 175,
      "time": 13018,
      "train": 8
    },
    {
      "operation": 310,
      "time": 13299,
      "train": 7
    },
    {
      "operation": 312,
      "time": 13304,
      "train": 7
    },
    {
      "operation": 314,
      "time": 13395,
      "train": 7
    },
    {
      "operation": 316,
      "time": 13399,
      "train": 7
    },
    {
      "operation": 139,
      "time": 13400,
      "train": 0
    },
    {
      "operation": 141,
      "time": 13405,
      "train": 0
    },
    {
      "operation": 111,
      "time": 13449,
      "train": 5
    },
    {
      "operation": 113,
      "time": 13455,
      "train": 5
    },
    {
      "operation": 143,
      "time": 13503,
      "train": 0
    },
    {
      "operation": 145,
      "time": 13509,
      "train": 0
    },
    {
      "operation": 115,
      "time": 13575,
      "train": 5
    },
    {
      "operation": 117,
      "time": 13582,
      "train": 5
    },
    {
      "operation": 318,
      "time": 13846,
      "train": 7
    },
    {
      "operation": 320,
      "time": 13885,
      "train": 7
    },
    {
      "operation": 147,
      "time": 13907,
      "train": 0
    },
    {
      "operation": 149,
      "time": 13916,
      "train": 0
    },
    {
      "operation": 177,
      "time": 13982,
      "train": 8
    },
    {
      "operation": 179,
      "time": 13988,
      "train": 8
    },
    {
      "operation": 151,
      "time": 14114,
      "train": 0
    },
    {
      "operation": 322,
      "time": 14117,
      "train": 7
    },
    {
      "operation": 324,
      "time": 14121,
      "train": 7
    },
    {
      "operation": 153,
      "time": 14121,
      "train": 0
    },
    {
      "operation": 181,
      "time": 14122,
      "train": 8
    },
    {
      "operation": 183,
      "time": 14128,
      "train": 8
    },
    {
      "operation": 119,
      "time": 14345,
      "train": 5
    },
    {
      "operation": 121,
      "time": 14351,
      "train": 5
    },
    {
      "operation": 326,
      "time": 14419,
      "train": 7
    },
    {
      "operation": 328,
      "time": 14422,
      "train": 7
    },
    {
      "operation": 123,
      "time": 14473,
      "train": 5
    },
    {
      "operation": 125,
      "time": 14480,
      "train": 5
    },
    {
      "operation": 330,
      "time": 14498,
      "train": 7
    },
    {
      "operation": 332,
      "time": 14502,
      "train": 7
    },
    {
      "operation": 334,
      "time": 14792,
      "train": 7
    },
    {
      "operation": 336,
      "time": 14799,
      "train": 7
    },
    {
      "operation": 185,
      "time": 14884,
      "train": 8
    },
    {
      "operation": 338,
      "time": 14885,
      "train": 7
    },
    {
      "operation": 187,
      "time": 14890,
      "train": 8
    },
    {
      "operation": 340,
      "time": 14891,
      "train": 7
    },
    {
      "operation": 127,
      "time": 14951,
      "train": 5
    },
    {
      "operation": 129,
      "time": 14957,
      "train": 5
    },
    {
      "operation": 155,
      "time": 14993,
      "train": 0
    },
    {
      "operation": 157,
      "time": 14998,
      "train": 0
    },
    {
      "operation": 189,
      "time": 15013,
      "train": 8
    },
    {
      "operation": 191,
      "time": 15019,
      "train": 8
    },
    {
      "operation": 131,
      "time": 15074,
      "train": 5
    },
    {
      "operation": 133,
      "time": 15081,
      "train": 5
    },
    {
      "operation": 159,
      "time": 15110,
      "train": 0
    },
    {
      "operation": 161,
      "time": 15116,
      "train": 0
    },
    {
      "operation": 342,
      "time": 15272,
      "train": 7
    },
    {
      "operation": 344,
      "time": 15278,
      "train": 7
    },
    {
      "operation": 346,
      "time": 15374,
      "train": 7
    },
    {
      "operation": 348,
      "time": 15379,
      "train": 7
    },
    {
      "operation": 136,
      "time": 15559,
      "train": 5
    },
    {
      "operation": 193,
      "time": 15564,
      "train": 8
    },
    {
      "operation": 195,
      "time": 15570,
      "train": 8
    },
    {
      "operation": 138,
      "time": 15583,
      "train": 5
    },
    {
      "operation": 197,
      "time": 15690,
      "train": 8
    },
    {
      "operation": 199,
      "time": 15697,
      "train": 8
    },
    {
      "operation": 350,
      "time": 15866,
      "train": 7
    },
    {
      "operation": 352,
      "time": 15870,
      "train": 7
    },
    {
      "operation": 354,
      "time": 15947,
      "train": 7
    },
    {
      "operation": 356,
      "time": 15951,
      "train": 7
    },
    {
      "operation": 163,
      "time": 16005,
      "train": 0
    },
    {
      "operation": 165,
      "time": 16011,
      "train": 0
    },
    {
      "operation": 140,
      "time": 16106,
      "train": 5
    },
    {
      "operation": 142,
      "time": 16122,
      "train": 5
    },
    {
      "operation": 167,
      "time": 16132,
      "train": 0
    },
    {
      "operation": 169,
      "time": 16138,
      "train": 0
    },
    {
      "operation": 358,
      "time": 16207,
      "train": 7
    },
    {
      "operation": 359,
      "time": 16211,
      "train": 7
    },
    {
      "operation": 360,
      "time": 16259,
      "train": 7
    },
    {
      "operation": 361,
      "time": 16263,
      "train": 7
    },
    {
      "operation": 201,
      "time": 16469,
      "train": 8
    },
    {
      "operation": 203,
      "time": 16475,
      "train": 8
    },
    {
      "operation": 362,
      "time": 16588,
      "train": 7
    },
    {
      "operation": 364,
      "time": 16592,
      "train": 7
    },
    {
      "operation": 205,
      "time": 16597,
      "train": 8
    },
    {
      "operation": 207,
      "time": 16604,
      "train": 8
    },
    {
      "operation": 366,
      "time": 16685,
      "train": 7
    },
    {
      "operation": 368,
      "time": 16689,
      "train": 7
    },
    {
      "operation": 171,
      "time": 16996,
      "train": 0
    },
    {
      "operation": 173,
      "time": 17001,
      "train": 0
    },
    {
      "operation": 370,
      "time": 17060,
      "train": 7
    },
    {
      "operation": 372,
      "time": 17071,
      "train": 7
    },
    {
      "operation": 209,
      "time": 17075,
      "train": 8
    },
    {
      "operation": 211,
      "time": 17081,
      "train": 8
    },
    {
      "operation": 175,
      "time": 17095,
      "train": 0
    },
    {
      "operation": 177,
      "time": 17100,
      "train": 0
    },
    {
      "operation": 143,
      "time": 17151,
      "train": 5
    },
    {
      "operation": 145,
      "time": 17157,
      "train": 5
    },
    {
      "operation": 213,
      "time": 17198,
      "train": 8
    },
    {
      "operation": 215,
      "time": 17205,
      "train": 8
    },
    {
      "operation": 374,
      "time": 17220,
      "train": 7
    },
    {
      "operation": 377,
      "time": 17245,
      "train": 7
    },
    {
      "operation": 147,
      "time": 17291,
      "train": 5
    },
    {
      "operation": 149,
      "time": 17299,
      "train": 5
    },
    {
      "operation": 380,
      "time": 17527,
      "train": 7
    },
    {
      "operation": 383,
      "time": 17565,
      "train": 7
    },
    {
      "operation": 217,
      "time": 17683,
      "train": 8
    },
    {
      "operation": 219,
      "time": 17692,
      "train": 8
    },
    {
      "operation": 179,
      "time": 17793,
      "train": 0
    },
    {
      "operation": 180,
      "time": 17803,
      "train": 0
    },
    {
      "operation": 221,
      "time": 17890,
      "train": 8
    },
    {
      "operation": 223,
      "time": 17897,
      "train": 8
    },
    {
      "operation": 182,
      "time": 18078,
      "train": 0
    },
    {
      "operation": 184,
      "time": 18094,
      "train": 0
    },
    {
      "operation": 386,
      "time": 18247,
      "train": 7
    },
    {
      "operation": 387,
      "time": 18257,
      "train": 7
    },
    {
      "operation": 186,
      "time": 18331,
      "train": 0
    },
    {
      "operation": 188,
      "time": 18337,
      "train": 0
    },
    {
      "operation": 151,
      "time": 18366,
      "train": 5
    },
    {
      "operation": 153,
      "time": 18373,
      "train": 5
    },
    {
      "operation": 388,
      "time": 18375,
      "train": 7
    },
    {
      "operation": 390,
      "time": 18380,
      "train": 7
    },
    {
      "operation": 191,
      "time": 18418,
      "train": 0
    },
    {
      "operation": 193,
      "time": 18426,
      "train": 0
    },
    {
      "operation": 392,
      "time": 18464,
      "train": 7
    },
    {
      "operation": 394,
      "time": 18471,
      "train": 7
    },
    {
      "operation": 155,
      "time": 18518,
      "train": 5
    },
    {
      "operation": 157,
      "time": 18526,
      "train": 5
    },
    {
      "operation": 397,
      "time": 18782,
      "train": 7
    },
    {
      "operation": 399,
      "time": 18793,
      "train": 7
    },
    {
      "operation": 401,
      "time": 18829,
      "train": 7
    },
    {
      "operation": 403,
      "time": 18833,
      "train": 7
    },
    {
      "operation": 195,
      "time": 18880,
      "train": 0
    },
    {
      "operation": 404,
      "time": 18883,
      "train": 7
    },
    {
      "operation": 405,
      "time": 18888,
      "train": 7
    },
    {
      "operation": 197,
      "time": 18916,
      "train": 0
    },
    {
      "operation": 225,
      "time": 18926,
      "train": 8
    },
    {
      "operation": 227,
      "time": 18932,
      "train": 8
    },
    {
      "operation": 229,
      "time": 19066,
      "train": 8
    },
    {
      "operation": 231,
      "time": 19074,
      "train": 8
    },
    {
      "operation": 406,
      "time": 19160,
      "train": 7
    },
    {
      "operation": 408,
      "time": 19164,
      "train": 7
    },
    {
      "operation": 410,
      "time": 19223,
      "train": 7
    },
    {
      "operation": 412,
      "time": 19228,
      "train": 7
    },
    {
      "operation": 414,
      "time": 19413,
      "train": 7
    },
    {
      "operation": 415,
      "time": 19424,
      "train": 7
    },
    {
      "operation": 159,
      "time": 19532,
      "train": 5
    },
    {
      "operation": 161,
      "time": 19539,
      "train": 5
    },
    {
      "operation": 416,
      "time": 19550,
      "train": 7
    },
    {
      "operation": 418,
      "time": 19568,
      "train": 7
    },
    {
      "operation": 163,
      "time": 19651,
      "train": 5
    },
    {
      "operation": 165,
      "time": 19657,
      "train": 5
    },
    {
      "operation": 420,
      "time": 19688,
      "train": 7
    },
    {
      "operation": 422,
      "time": 19694,
      "train": 7
    },
    {
      "operation": 210,
      "time": 19852,
      "train": 0
    },
    {
      "operation": 212,
      "time": 19859,
      "train": 0
    },
    {
      "operation": 424,
      "time": 19990,
      "train": 7
    },
    {
      "operation": 426,
      "time": 19995,
      "train": 7
    },
    {
      "operation": 214,
      "time": 19998,
      "train": 0
    },
    {
      "operation": 216,
      "time": 20003,
      "train": 0
    },
    {
      "operation": 428,
      "time": 20056,
      "train": 7
    },
    {
      "operation": 430,
      "time": 20062,
      "train": 7
    },
    {
      "operation": 233,
      "time": 20141,
      "train": 8
    },
    {
      "operation": 235,
      "time": 20148,
      "train": 8
    },
    {
      "operation": 237,
      "time": 20293,
      "train": 8
    },
    {
      "operation": 239,
      "time": 20301,
      "train": 8
    },
    {
      "operation": 432,
      "time": 20304,
      "train": 7
    },
    {
      "operation": 434,
      "time": 20308,
      "train": 7
    },
    {
      "operation": 436,
      "time": 20414,
      "train": 7
    },
    {
      "operation": 438,
      "time": 20422,
      "train": 7
    },
    {
      "operation": 167,
      "time": 20469,
      "train": 5
    },
    {
      "operation": 168,
      "time": 20479,
      "train": 5
    },
    {
      "operation": 218,
      "time": 20496,
      "train": 0
    },
    {
      "operation": 219,
      "time": 20502,
      "train": 0
    },
    {
      "operation": 220,
      "time": 20601,
      "train": 0
    },
    {
      "operation": 221,
      "time": 20608,
      "train": 0
    },
    {
      "operation": 440,
      "time": 20701,
      "train": 7
    },
    {
      "operation": 441,
      "time": 20706,
      "train": 7
    },
    {
      "operation": 170,
      "time": 20757,
      "train": 5
    },
    {
      "operation": 172,
      "time": 20773,
      "train": 5
    },
    {
      "operation": 442,
      "time": 20787,
      "train": 7
    },
    {
      "operation": 443,
      "time": 20792,
      "train": 7
    },
    {
      "operation": 174,
      "time": 21058,
      "train": 5
    },
    {
      "operation": 176,
      "time": 21066,
      "train": 5
    },
    {
      "operation": 179,
      "time": 21163,
      "train": 5
    },
    {
      "operation": 181,
      "time": 21172,
      "train": 5
    },
    {
      "operation": 444,
      "time": 21190,
      "train": 7
    },
    {
      "operation": 445,
      "time": 21199,
      "train": 7
    },
    {
      "operation": 241,
      "time": 21317,
      "train": 8
    },
    {
      "operation": 243,
      "time": 21324,
      "train": 8
    },
    {
      "operation": 446,
      "time": 21333,
      "train": 7
    },
    {
      "operation": 448,
      "time": 21345,
      "train": 7
    },
    {
      "operation": 245,
      "time": 21436,
      "train": 8
    },
    {
      "operation": 247,
      "time": 21442,
      "train": 8
    },
    {
      "operation": 450,
      "time": 21549,
      "train": 7
    },
    {
      "operation": 452,
      "time": 21555,
      "train": 7
    },
    {
      "operation": 183,
      "time": 21716,
      "train": 5
    },
    {
      "operation": 222,
      "time": 21744,
      "train": 0
    },
    {
      "operation": 185,
      "time": 21752,
      "train": 5
    },
    {
      "operation": 224,
      "time": 21762,
      "train": 0
    },
    {
      "operation": 226,
      "time": 21847,
      "train": 0
    },
    {
      "operation": 228,
      "time": 21852,
      "train": 0
    },
    {
      "operation": 454,
      "time": 22056,
      "train": 7
    },
    {
      "operation": 456,
      "time": 22060,
      "train": 7
    },
    {
      "operation": 458,
      "time": 22147,
      "train": 7
    },
    {
      "operation": 460,
      "time": 22152,
      "train": 7
    },
    {
      "operation": 249,
      "time": 22254,
      "train": 8
    },
    {
      "operation": 250,
      "time": 22264,
      "train": 8
    },
    {
      "operation": 462,
      "time": 22402,
      "train": 7
    },
    {
      "operation": 464,
      "time": 22408,
      "train": 7
    },
    {
      "operation": 230,
      "time": 22448,
      "train": 0
    },
    {
      "operation": 232,
      "time": 22453,
      "train": 0
    },
    {
      "operation": 466,
      "time": 22469,
      "train": 7
    },
    {
      "operation": 468,
      "time": 22475,
      "train": 7
    },
    {
      "operation": 252,
      "time": 22554,
      "train": 8
    },
    {
      "operation": 234,
      "time": 22558,
      "train": 0
    },
    {
      "operation": 254,
      "time": 22562,
      "train": 8
    },
    {
      "operation": 236,
      "time": 22563,
      "train": 0
    },
    {
      "operation": 470,
      "time": 22685,
      "train": 7
    },
    {
      "operation": 472,
      "time": 22691,
      "train": 7
    },
    {
      "operation": 474,
      "time": 22752,
      "train": 7
    },
    {
      "operation": 476,
      "time": 22758,
      "train": 7
    },
    {
      "operation": 198,
      "time": 22836,
      "train": 5
    },
    {
      "operation": 200,
      "time": 22843,
      "train": 5
    },
    {
      "operation": 256,
      "time": 22847,
      "train": 8
    },
    {
      "operation": 258,
      "time": 22855,
      "train": 8
    },
    {
      "operation": 260,
      "time": 22952,
      "train": 8
    },
    {
      "operation": 263,
      "time": 22961,
      "train": 8
    },
    {
      "operation": 202,
      "time": 22987,
      "train": 5
    },
    {
      "operation": 204,
      "time": 22993,
      "train": 5
    },
    {
      "operation": 478,
      "time": 23081,
      "train": 7
    },
    {
      "operation": 480,
      "time": 23088,
      "train": 7
    },
    {
      "operation": 482,
      "time": 23176,
      "train": 7
    },
    {
      "operation": 484,
      "time": 23182,
      "train": 7
    },
    {
      "operation": 238,
      "time": 23466,
      "train": 0
    },
    {
      "operation": 240,
      "time": 23470,
      "train": 0
    },
    {
      "operation": 269,
      "time": 23505,
      "train": 8
    },
    {
      "operation": 271,
      "time": 23541,
      "train": 8
    },
    {
      "operation": 242,
      "time": 23558,
      "train": 0
    },
    {
      "operation": 244,
      "time": 23563,
      "train": 0
    },
    {
      "operation": 486,
      "time": 23573,
      "train": 7
    },
    {
      "operation": 488,
      "time": 23578,
      "train": 7
    },
    {
      "operation": 206,
      "time": 23584,
      "train": 5
    },
    {
      "operation": 207,
      "time": 23590,
      "train": 5
    },
    {
      "operation": 490,
      "time": 23650,
      "train": 7
    },
    {
      "operation": 492,
      "time": 23656,
      "train": 7
    },
    {
      "operation": 208,
      "time": 23689,
      "train": 5
    },
    {
      "operation": 209,
      "time": 23696,
      "train": 5
    },
    {
      "operation": 494,
      "time": 23939,
      "train": 7
    },
    {
      "operation": 495,
      "time": 23944,
      "train": 7
    },
    {
      "operation": 496,
      "time": 24003,
      "train": 7
    },
    {
      "operation": 497,
      "time": 24008,
      "train": 7
    },
    {
      "operation": 247,
      "time": 24182,
      "train": 0
    },
    {
      "operation": 498,
      "time": 24184,
      "train": 7
    },
    {
      "operation": 249,
      "time": 24187,
      "train": 0
    },
    {
      "operation": 500,
      "time": 24189,
      "train": 7
    },
    {
      "operation": 502,
      "time": 24298,
      "train": 7
    },
    {
      "operation": 504,
      "time": 24306,
      "train": 7
    },
    {
      "operation": 506,
      "time": 24365,
      "train": 7
    },
    {
      "operation": 510,
      "time": 24371,
      "train": 7
    },
    {
      "operation": 251,
      "time": 24423,
      "train": 0
    },
    {
      "operation": 253,
      "time": 24438,
      "train": 0
    },
    {
      "operation": 514,
      "time": 24475,
      "train": 7
    },
    {
      "operation": 517,
      "time": 24480,
      "train": 7
    },
    {
      "operation": 285,
      "time": 24633,
      "train": 8
    },
    {
      "operation": 287,
      "time": 24641,
      "train": 8
    },
    {
      "operation": 254,
      "time": 24689,
      "train": 0
    },
    {
      "operation": 256,
      "time": 24695,
      "train": 0
    },
    {
      "operation": 289,
      "time": 24794,
      "train": 8
    },
    {
      "operation": 291,
      "time": 24800,
      "train": 8
    },
    {
      "operation": 258,
      "time": 24820,
      "train": 0
    },
    {
      "operation": 260,
      "time": 24826,
      "train": 0
    },
    {
      "operation": 210,
      "time": 24847,
      "train": 5
    },
    {
      "operation": 212,
      "time": 24869,
      "train": 5
    },
    {
      "operation": 214,
      "time": 24971,
      "train": 5
    },
    {
      "operation": 216,
      "time": 24977,
      "train": 5
    },
    {
      "operation": 520,
      "time": 25060,
      "train": 7
    },
    {
      "operation": 524,
      "time": 25070,
      "train": 7
    },
    {
      "operation": 293,
      "time": 25391,
      "train": 8
    },
    {
      "operation": 294,
      "time": 25397,
      "train": 8
    },
    {
      "operation": 295,
      "time": 25496,
      "train": 8
    },
    {
      "operation": 296,
      "time": 25503,
      "train": 8
    },
    {
      "operation": 532,
      "time": 25504,
      "train": 7
    },
    {
      "operation": 536,
      "time": 25525,
      "train": 7
    },
    {
      "operation": 262,
      "time": 25630,
      "train": 0
    },
    {
      "operation": 264,
      "time": 25638,
      "train": 0
    },
    {
      "operation": 218,
      "time": 25692,
      "train": 5
    },
    {
      "operation": 220,
      "time": 25698,
      "train": 5
    },
    {
      "operation": 266,
      "time": 25770,
      "train": 0
    },
    {
      "operation": 268,
      "time": 25778,
      "train": 0
    },
    {
      "operation": 222,
      "time": 25824,
      "train": 5
    },
    {
      "operation": 224,
      "time": 25830,
      "train": 5
    },
    {
      "operation": 540,
      "time": 26001,
      "train": 7
    },
    {
      "operation": 543,
      "time": 26027,
      "train": 7
    },
    {
      "operation": 546,
      "time": 26050,
      "train": 7
    },
    {
      "operation": 549,
      "time": 26077,
      "train": 7
    },
    {
      "operation": 552,
      "time": 26101,
      "train": 7
    },
    {
      "operation": 555,
      "time": 26121,
      "train": 7
    },
    {
      "operation": 558,
      "time": 26131,
      "train": 7
    },
    {
      "operation": 270,
      "time": 26226,
      "train": 0
    },
    {
      "operation": 272,
      "time": 26230,
      "train": 0
    },
    {
      "operation": 561,
      "time": 26236,
      "train": 7
    },
    {
      "operation": 569,
      "time": 26286,
      "train": 7
    },
    {
      "operation": 274,
      "time": 26339,
      "train": 0
    },
    {
      "operation": 276,
      "time": 26344,
      "train": 0
    },
    {
      "operation": 571,
      "time": 26415,
      "train": 7
    },
    {
      "operation": 574,
      "time": 26423,
      "train": 7
    },
    {
      "operation": 577,
      "time": 26450,
      "train": 7
    },
    {
      "operation": 582,
      "time": 26479,
      "train": 7
    },
    {
      "operation": 587,
      "time": 26677,
      "train": 7
    },
    {
      "operation": 591,
      "time": 26682,
      "train": 7
    },
    {
      "operation": 297,
      "time": 26711,
      "train": 8
    },
    {
      "operation": 299,
      "time": 26733,
      "train": 8
    },
    {
      "operation": 278,
      "time": 26741,
      "train": 0
    },
    {
      "operation": 280,
      "time": 26754,
      "train": 0
    },
    {
      "operation": 301,
      "time": 26835,
      "train": 8
    },
    {
      "operation": 303,
      "time": 26841,
      "train": 8
    },
    {
      "operation": 282,
      "time": 26856,
      "train": 0
    },
    {
      "operation": 284,
      "time": 26862,
      "train": 0
    },
    {
      "operation": 595,
      "time": 26877,
      "train": 7
    },
    {
      "operation": 597,
      "time": 26896,
      "train": 7
    },
    {
      "operation": 226,
      "time": 26915,
      "train": 5
    },
    {
      "operation": 228,
      "time": 26919,
      "train": 5
    },
    {
      "operation": 230,
      "time": 27025,
      "train": 5
    },
    {
      "operation": 232,
      "time": 27031,
      "train": 5
    },
    {
      "operation": 599,
      "time": 27369,
      "train": 7
    },
    {
      "operation": 600,
      "time": 27369,
      "train": 7
    },
    {
      "operation": 286,
      "time": 27379,
      "train": 0
    },
    {
      "operation": 288,
      "time": 27387,
      "train": 0
    },
    {
      "operation": 290,
      "time": 27520,
      "train": 0
    },
    {
      "operation": 292,
      "time": 27528,
      "train": 0
    },
    {
      "operation": 305,
      "time": 27556,
      "train": 8
    },
    {
      "operation": 307,
      "time": 27562,
      "train": 8
    },
    {
      "operation": 309,
      "time": 27688,
      "train": 8
    },
    {
      "operation": 311,
      "time": 27694,
      "train": 8
    },
    {
      "operation": 235,
      "time": 27750,
      "train": 5
    },
    {
      "operation": 237,
      "time": 27756,
      "train": 5
    },
    {
      "operation": 239,
      "time": 27992,
      "train": 5
    },
    {
      "operation": 241,
      "time": 28007,
      "train": 5
    },
    {
      "operation": 242,
      "time": 28268,
      "train": 5
    },
    {
      "operation": 244,
      "time": 28274,
      "train": 5
    },
    {
      "operation": 294,
      "time": 28294,
      "train": 0
    },
    {
      "operation": 296,
      "time": 28299,
      "train": 0
    },
    {
      "operation": 298,
      "time": 28389,
      "train": 0
    },
    {
      "operation": 300,
      "time": 28394,
      "train": 0
    },
    {
      "operation": 246,
      "time": 28405,
      "train": 5
    },
    {
      "operation": 248,
      "time": 28411,
      "train": 5
    },
    {
      "operation": 313,
      "time": 28779,
      "train": 8
    },
    {
      "operation": 315,
      "time": 28783,
      "train": 8
    },
    {
      "operation": 317,
      "time": 28889,
      "train": 8
    },
    {
      "operation": 319,
      "time": 28895,
      "train": 8
    },
    {
      "operation": 302,
      "time": 29310,
      "train": 0
    },
    {
      "operation": 304,
      "time": 29314,
      "train": 0
    },
    {
      "operation": 250,
      "time": 29332,
      "train": 5
    },
    {
      "operation": 252,
      "time": 29340,
      "train": 5
    },
    {
      "operation": 306,
      "time": 29408,
      "train": 0
    },
    {
      "operation": 308,
      "time": 29413,
      "train": 0
    },
    {
      "operation": 254,
      "time": 29472,
      "train": 5
    },
    {
      "operation": 256,
      "time": 29480,
      "train": 5
    },
    {
      "operation": 322,
      "time": 29623,
      "train": 8
    },
    {
      "operation": 324,
      "time": 29629,
      "train": 8
    },
    {
      "operation": 310,
      "time": 29816,
      "train": 0
    },
    {
      "operation": 312,
      "time": 29822,
      "train": 0
    },
    {
      "operation": 326,
      "time": 29865,
      "train": 8
    },
    {
      "operation": 327,
      "time": 29865,
      "train": 8
    },
    {
      "operation": 314,
      "time": 29924,
      "train": 0
    },
    {
      "operation": 316,
      "time": 29929,
      "train": 0
    },
    {
      "operation": 258,
      "time": 29936,
      "train": 5
    },
    {
      "operation": 260,
      "time": 29941,
      "train": 5
    },
    {
      "operation": 262,
      "time": 30071,
      "train": 5
    },
    {
      "operation": 264,
      "time": 30077,
      "train": 5
    },
    {
      "operation": 266,
      "time": 30554,
      "train": 5
    },
    {
      "operation": 268,
      "time": 30568,
      "train": 5
    },
    {
      "operation": 318,
      "time": 30605,
      "train": 0
    },
    {
      "operation": 320,
      "time": 30611,
      "train": 0
    },
    {
      "operation": 270,
      "time": 30681,
      "train": 5
    },
    {
      "operation": 272,
      "time": 30687,
      "train": 5
    },
    {
      "operation": 322,
      "time": 30699,
      "train": 0
    },
    {
      "operation": 324,
      "time": 30704,
      "train": 0
    },
    {
      "operation": 274,
      "time": 31224,
      "train": 5
    },
    {
      "operation": 276,
      "time": 31232,
      "train": 5
    },
    {
      "operation": 326,
      "time": 31253,
      "train": 0
    },
    {
      "operation": 328,
      "time": 31259,
      "train": 0
    },
    {
      "operation": 278,
      "time": 31365,
      "train": 5
    },
    {
      "operation": 280,
      "time": 31373,
      "train": 5
    },
    {
      "operation": 330,
      "time": 31397,
      "train": 0
    },
    {
      "operation": 332,
      "time": 31402,
      "train": 0
    },
    {
      "operation": 334,
      "time": 31957,
      "train": 0
    },
    {
      "operation": 335,
      "time": 31963,
      "train": 0
    },
    {
      "operation": 336,
      "time": 32052,
      "train": 0
    },
    {
      "operation": 337,
      "time": 32059,
      "train": 0
    },
    {
      "operation": 282,
      "time": 32146,
      "train": 5
    },
    {
      "operation": 284,
      "time": 32152,
      "train": 5
    },
    {
      "operation": 286,
      "time": 32260,
      "train": 5
    },
    {
      "operation": 288,
      "time": 32266,
      "train": 5
    },
    {
      "operation": 338,
      "time": 32672,
      "train": 0
    },
    {
      "operation": 340,
      "time": 32677,
      "train": 0
    },
    {
      "operation": 342,
      "time": 32778,
      "train": 0
    },
    {
      "operation": 344,
      "time": 32784,
      "train": 0
    },
    {
      "operation": 290,
      "time": 33298,
      "train": 5
    },
    {
      "operation": 292,
      "time": 33303,
      "train": 5
    },
    {
      "operation": 294,
      "time": 33416,
      "train": 5
    },
    {
      "operation": 296,
      "time": 33422,
      "train": 5
    },
    {
      "operation": 346,
      "time": 33515,
      "train": 0
    },
    {
      "operation": 348,
      "time": 33524,
      "train": 0
    },
    {
      "operation": 298,
      "time": 33905,
      "train": 5
    },
    {
      "operation": 300,
      "time": 33912,
      "train": 5
    },
    {
      "operation": 350,
      "time": 33927,
      "train": 0
    },
    {
      "operation": 353,
      "time": 33934,
      "train": 0
    },
    {
      "operation": 302,
      "time": 34035,
      "train": 5
    },
    {
      "operation": 304,
      "time": 34041,
      "train": 5
    },
    {
      "operation": 356,
      "time": 34148,
      "train": 0
    },
    {
      "operation": 359,
      "time": 34161,
      "train": 0
    },
    {
      "operation": 362,
      "time": 34384,
      "train": 0
    },
    {
      "operation": 365,
      "time": 34390,
      "train": 0
    },
    {
      "operation": 369,
      "time": 34629,
      "train": 0
    },
    {
      "operation": 371,
      "time": 34637,
      "train": 0
    },
    {
      "operation": 306,
      "time": 34735,
      "train": 5
    },
    {
      "operation": 308,
      "time": 34742,
      "train": 5
    },
    {
      "operation": 373,
      "time": 34769,
      "train": 0
    },
    {
      "operation": 375,
      "time": 34776,
      "train": 0
    },
    {
      "operation": 377,
      "time": 34800,
      "train": 0
    },
    {
      "operation": 379,
      "time": 34827,
      "train": 0
    },
    {
      "operation": 310,
      "time": 34847,
      "train": 5
    },
    {
      "operation": 312,
      "time": 34853,
      "train": 5
    },
    {
      "operation": 314,
      "time": 35455,
      "train": 5
    },
    {
      "operation": 316,
      "time": 35461,
      "train": 5
    },
    {
      "operation": 381,
      "time": 35491,
      "train": 0
    },
    {
      "operation": 382,
      "time": 35502,
      "train": 0
    },
    {
      "operation": 318,
      "time": 35599,
      "train": 5
    },
    {
      "operation": 320,
      "time": 35605,
      "train": 5
    },
    {
      "operation": 383,
      "time": 35659,
      "train": 0
    },
    {
      "operation": 384,
      "time": 35672,
      "train": 0
    },
    {
      "operation": 386,
      "time": 35947,
      "train": 0
    },
    {
      "operation": 388,
      "time": 35953,
      "train": 0
    },
    {
      "operation": 322,
      "time": 36246,
      "train": 5
    },
    {
      "operation": 323,
      "time": 36253,
      "train": 5
    },
    {
      "operation": 324,
      "time": 36359,
      "train": 5
    },
    {
      "operation": 390,
      "time": 36360,
      "train": 0
    },
    {
      "operation": 325,
      "time": 36367,
      "train": 5
    },
    {
      "operation": 392,
      "time": 36367,
      "train": 0
    },
    {
      "operation": 393,
      "time": 36641,
      "train": 0
    },
    {
      "operation": 395,
      "time": 36650,
      "train": 0
    },
    {
      "operation": 397,
      "time": 36863,
      "train": 0
    },
    {
      "operation": 399,
      "time": 36869,
      "train": 0
    },
    {
      "operation": 326,
      "time": 37007,
      "train": 5
    },
    {
      "operation": 328,
      "time": 37012,
      "train": 5
    },
    {
      "operation": 330,
      "time": 37113,
      "train": 5
    },
    {
      "operation": 332,
      "time": 37119,
      "train": 5
    },
    {
      "operation": 402,
      "time": 37233,
      "train": 0
    },
    {
      "operation": 404,
      "time": 37243,
      "train": 0
    },
    {
      "operation": 406,
      "time": 37443,
      "train": 0
    },
    {
      "operation": 408,
      "time": 37452,
      "train": 0
    },
    {
      "operation": 334,
      "time": 37850,
      "train": 5
    },
    {
      "operation": 336,
      "time": 37859,
      "train": 5
    },
    {
      "operation": 410,
      "time": 37899,
      "train": 0
    },
    {
      "operation": 412,
      "time": 37911,
      "train": 0
    },
    {
      "operation": 414,
      "time": 38147,
      "train": 0
    },
    {
      "operation": 416,
      "time": 38165,
      "train": 0
    },
    {
      "operation": 418,
      "time": 38217,
      "train": 0
    },
    {
      "operation": 420,
      "time": 38217,
      "train": 0
    },
    {
      "operation": 338,
      "time": 38265,
      "train": 5
    },
    {
      "operation": 422,
      "time": 38268,
      "train": 0
    },
    {
      "operation": 425,
      "time": 38268,
      "train": 0
    },
    {
      "operation": 340,
      "time": 38272,
      "train": 5
    },
    {
      "operation": 342,
      "time": 38489,
      "train": 5
    },
    {
      "operation": 343,
      "time": 38502,
      "train": 5
    },
    {
      "operation": 344,
      "time": 38725,
      "train": 5
    },
    {
      "operation": 345,
      "time": 38732,
      "train": 5
    },
    {
      "operation": 346,
      "time": 38995,
      "train": 5
    },
    {
      "operation": 348,
      "time": 39004,
      "train": 5
    },
    {
      "operation": 350,
      "time": 39149,
      "train": 5
    },
    {
      "operation": 352,
      "time": 39157,
      "train": 5
    },
    {
      "operation": 354,
      "time": 39183,
      "train": 5
    },
    {
      "operation": 356,
      "time": 39210,
      "train": 5
    },
    {
      "operation": 358,
      "time": 39936,
      "train": 5
    },
    {
      "operation": 359,
      "time": 39947,
      "train": 5
    },
    {
      "operation": 360,
      "time": 40107,
      "train": 5
    },
    {
      "operation": 361,
      "time": 40120,
      "train": 5
    },
    {
      "operation": 363,
      "time": 40450,
      "train": 5
    },
    {
      "operation": 365,
      "time": 40457,
      "train": 5
    },
    {
      "operation": 367,
      "time": 40945,
      "train": 5
    },
    {
      "operation": 369,
      "time": 40953,
      "train": 5
    },
    {
      "operation": 370,
      "time": 41258,
      "train": 5
    },
    {
      "operation": 372,
      "time": 41268,
      "train": 5
    },
    {
      "operation": 374,
      "time": 41499,
      "train": 5
    },
    {
      "operation": 376,
      "time": 41505,
      "train": 5
    },
    {
      "operation": 379,
      "time": 41907,
      "train": 5
    },
    {
      "operation": 381,
      "time": 41917,
      "train": 5
    },
    {
      "operation": 383,
      "time": 42126,
      "train": 5
    },
    {
      "operation": 385,
      "time": 42135,
      "train": 5
    },
    {
      "operation": 387,
      "time": 42582,
      "train": 5
    },
    {
      "operation": 389,
      "time": 42594,
      "train": 5
    },
    {
      "operation": 391,
      "time": 42851,
      "train": 5
    },
    {
      "operation": 393,
      "time": 42869,
      "train": 5
    },
    {
      "operation": 395,
      "time": 42921,
      "train": 5
    },
    {
      "operation": 397,
      "time": 42921,
      "train": 5
    },
    {
      "operation": 399,
      "time": 42972,
      "train": 5
    },
    {
      "operation": 402,
      "time": 42972,
      "train": 5
    }
  ],
  "objective_value": 5624
}
