{
  "events": [
    {
      "operation": 0,
      "time": 0,
      "train": 0
    },
    {
      "operation": 0,
      "time": 0,
      "train": 2
    },
    {
      "operation": 0,
      "time": 0,
      "train": 6
    },
    {
      "operation": 0,
      "time": 0,
      "train": 11
    },
    {
      "operation": 0,
      "time": 0,
      "train": 5
    },
    {
      "operation": 0,
      "time": 0,
      "train": 1
    },
    {
      "operation": 0,
      "time": 0,
      "train": 4
    },
    {
      "operation": 0,
      "time": 0,
      "train": 10
    },
    {
      "operation": 0,
      "time": 0,
      "train": 9
    },
    {
      "operation": 0,
      "time": 0,
      "train": 3
    },
    {
      "operation": 0,
      "time": 0,
      "train": 8
    },
    {
      "operation": 0,
      "time": 0,
      "train": 7
    },
    {
      "operation": 1,
      "time": 12057,
      "train": 2
    },
    {
      "operation": 1,
      "time": 12117,
      "train": 10
    },
    {
      "operation": 1,
      "time": 12146,
      "train": 9
    },
    {
      "operation": 1,
      "time": 12177,
      "train": 1
    },
    {
      "operation": 1,
      "time": 12227,
      "train": 0
    },
    {
      "operation": 4,
      "time": 12297,
      "train": 8
    },
    {
      "operation": 2,
      "time": 12297,
      "train": 2
    },
    {
      "operation": 2,
      "time": 12319,
      "train": 9
    },
    {
      "operation": 2,
      "time": 12323,
      "train": 10
    },
    {
      "operation": 2,
      "time": 12327,
      "train": 0
    },
    {
      "operation": 2,
      "time": 12387,
      "train": 1
    },
    {
      "operation": 2,
      "time": 12477,
      "train": 4
    },
    {
      "operation": 5,
      "time": 12477,
      "train": 4
    },
    {
      "operation": 4,
      "time": 12537,
      "train": 1
    },
    {
      "operation": 7,
      "time": 12537,
      "train": 4
    },
    {
      "operation": 8,
      "time": 12597,
      "train": 4
    },
    {
      "operation": 5,
      "time": 12672,
      "train": 1
    },
    {
      "operation": 6,
      "time": 12672,
      "train": 1
    },
    {
      "operation": 7,
      "time": 12807,
      "train": 1
    },
    {
      "operation": 1,
      "time": 12807,
      "train": 6
    },
    {
      "operation": 3,
      "time": 12812,
      "train": 10
    },
    {
      "operation": 10,
      "time": 12837,
      "train": 1
    },
    {
      "operation": 10,
      "time": 12867,
      "train": 4
    },
    {
      "operation": 11,
      "time": 12897,
      "train": 4
    },
    {
      "operation": 4,
      "time": 12932,
      "train": 2
    },
    {
      "operation": 4,
      "time": 12938,
      "train": 9
    },
    {
      "operation": 2,
      "time": 12949,
      "train": 6
    },
    {
      "operation": 4,
      "time": 12958,
      "train": 10
    },
    {
      "operation": 6,
      "time": 13046,
      "train": 2
    },
    {
      "operation": 11,
      "time": 13047,
      "train": 1
    },
    {
      "operation": 13,
      "time": 13047,
      "train": 4
    },
    {
      "operation": 14,
      "time": 13077,
      "train": 1
    },
    {
      "operation": 14,
      "time": 13077,
      "train": 4
    },
    {
      "operation": 6,
      "time": 13078,
      "train": 10
    },
    {
      "operation": 15,
      "time": 13127,
      "train": 4
    },
    {
      "operation": 17,
      "time": 13127,
      "train": 4
    },
    {
      "operation": 5,
      "time": 13147,
      "train": 9
    },
    {
      "operation": 9,
      "time": 13166,
      "train": 2
    },
    {
      "operation": 3,
      "time": 13197,
      "train": 5
    },
    {
      "operation": 6,
      "time": 13197,
      "train": 5
    },
    {
      "operation": 7,
      "time": 13211,
      "train": 10
    },
    {
      "operation": 8,
      "time": 13211,
      "train": 10
    },
    {
      "operation": 19,
      "time": 13227,
      "train": 4
    },
    {
      "operation": 4,
      "time": 13255,
      "train": 0
    },
    {
      "operation": 9,
      "time": 13277,
      "train": 10
    },
    {
      "operation": 1,
      "time": 13277,
      "train": 3
    },
    {
      "operation": 7,
      "time": 13287,
      "train": 5
    },
    {
      "operation": 6,
      "time": 13287,
      "train": 8
    },
    {
      "operation": 10,
      "time": 13307,
      "train": 10
    },
    {
      "operation": 16,
      "time": 13317,
      "train": 1
    },
    {
      "operation": 7,
      "time": 13317,
      "train": 9
    },
    {
      "operation": 9,
      "time": 13317,
      "train": 5
    },
    {
      "operation": 2,
      "time": 13363,
      "train": 3
    },
    {
      "operation": 3,
      "time": 13363,
      "train": 3
    },
    {
      "operation": 7,
      "time": 13373,
      "train": 8
    },
    {
      "operation": 6,
      "time": 13397,
      "train": 0
    },
    {
      "operation": 20,
      "time": 13397,
      "train": 4
    },
    {
      "operation": 7,
      "time": 13427,
      "train": 0
    },
    {
      "operation": 17,
      "time": 13437,
      "train": 1
    },
    {
      "operation": 11,
      "time": 13449,
      "train": 10
    },
    {
      "operation": 10,
      "time": 13467,
      "train": 5
    },
    {
      "operation": 9,
      "time": 13467,
      "train": 8
    },
    {
      "operation": 13,
      "time": 13479,
      "train": 10
    },
    {
      "operation": 12,
      "time": 13497,
      "train": 5
    },
    {
      "operation": 4,
      "time": 13534,
      "train": 3
    },
    {
      "operation": 22,
      "time": 13539,
      "train": 4
    },
    {
      "operation": 12,
      "time": 13541,
      "train": 0
    },
    {
      "operation": 6,
      "time": 13564,
      "train": 3
    },
    {
      "operation": 23,
      "time": 13569,
      "train": 4
    },
    {
      "operation": 13,
      "time": 13597,
      "train": 5
    },
    {
      "operation": 15,
      "time": 13597,
      "train": 5
    },
    {
      "operation": 10,
      "time": 13600,
      "train": 9
    },
    {
      "operation": 11,
      "time": 13609,
      "train": 8
    },
    {
      "operation": 14,
      "time": 13621,
      "train": 10
    },
    {
      "operation": 12,
      "time": 13639,
      "train": 8
    },
    {
      "operation": 19,
      "time": 13647,
      "train": 1
    },
    {
      "operation": 17,
      "time": 13647,
      "train": 5
    },
    {
      "operation": 16,
      "time": 13651,
      "train": 10
    },
    {
      "operation": 13,
      "time": 13661,
      "train": 0
    },
    {
      "operation": 3,
      "time": 13665,
      "train": 6
    },
    {
      "operation": 20,
      "time": 13677,
      "train": 1
    },
    {
      "operation": 18,
      "time": 13677,
      "train": 5
    },
    {
      "operation": 27,
      "time": 13683,
      "train": 4
    },
    {
      "operation": 7,
      "time": 13710,
      "train": 3
    },
    {
      "operation": 8,
      "time": 13710,
      "train": 3
    },
    {
      "operation": 14,
      "time": 13734,
      "train": 8
    },
    {
      "operation": 15,
      "time": 13734,
      "train": 8
    },
    {
      "operation": 16,
      "time": 13782,
      "train": 8
    },
    {
      "operation": 29,
      "time": 13803,
      "train": 4
    },
    {
      "operation": 4,
      "time": 13807,
      "train": 6
    },
    {
      "operation": 22,
      "time": 13827,
      "train": 1
    },
    {
      "operation": 20,
      "time": 13827,
      "train": 5
    },
    {
      "operation": 18,
      "time": 13827,
      "train": 8
    },
    {
      "operation": 11,
      "time": 13840,
      "train": 9
    },
    {
      "operation": 17,
      "time": 13851,
      "train": 10
    },
    {
      "operation": 2,
      "time": 13857,
      "train": 11
    },
    {
      "operation": 23,
      "time": 13857,
      "train": 1
    },
    {
      "operation": 21,
      "time": 13857,
      "train": 5
    },
    {
      "operation": 6,
      "time": 13867,
      "train": 6
    },
    {
      "operation": 19,
      "time": 13881,
      "train": 10
    },
    {
      "operation": 12,
      "time": 13906,
      "train": 3
    },
    {
      "operation": 5,
      "time": 13906,
      "train": 11
    },
    {
      "operation": 19,
      "time": 13969,
      "train": 8
    },
    {
      "operation": 24,
      "time": 14007,
      "train": 1
    },
    {
      "operation": 13,
      "time": 14026,
      "train": 3
    },
    {
      "operation": 14,
      "time": 14033,
      "train": 9
    },
    {
      "operation": 15,
      "time": 14033,
      "train": 9
    },
    {
      "operation": 25,
      "time": 14037,
      "train": 1
    },
    {
      "operation": 9,
      "time": 14067,
      "train": 6
    },
    {
      "operation": 6,
      "time": 14086,
      "train": 11
    },
    {
      "operation": 7,
      "time": 14086,
      "train": 11
    },
    {
      "operation": 10,
      "time": 14097,
      "train": 6
    },
    {
      "operation": 22,
      "time": 14097,
      "train": 5
    },
    {
      "operation": 21,
      "time": 14097,
      "train": 8
    },
    {
      "operation": 26,
      "time": 14127,
      "train": 1
    },
    {
      "operation": 27,
      "time": 14127,
      "train": 1
    },
    {
      "operation": 22,
      "time": 14137,
      "train": 10
    },
    {
      "operation": 24,
      "time": 14157,
      "train": 5
    },
    {
      "operation": 16,
      "time": 14165,
      "train": 9
    },
    {
      "operation": 17,
      "time": 14165,
      "train": 9
    },
    {
      "operation": 23,
      "time": 14167,
      "train": 10
    },
    {
      "operation": 9,
      "time": 14220,
      "train": 11
    },
    {
      "operation": 11,
      "time": 14239,
      "train": 6
    },
    {
      "operation": 12,
      "time": 14269,
      "train": 6
    },
    {
      "operation": 25,
      "time": 14277,
      "train": 5
    },
    {
      "operation": 18,
      "time": 14297,
      "train": 9
    },
    {
      "operation": 28,
      "time": 14307,
      "train": 1
    },
    {
      "operation": 13,
      "time": 14320,
      "train": 6
    },
    {
      "operation": 14,
      "time": 14320,
      "train": 6
    },
    {
      "operation": 23,
      "time": 14325,
      "train": 8
    },
    {
      "operation": 30,
      "time": 14337,
      "train": 1
    },
    {
      "operation": 20,
      "time": 14356,
      "train": 9
    },
    {
      "operation": 26,
      "time": 14367,
      "train": 10
    },
    {
      "operation": 10,
      "time": 14370,
      "train": 11
    },
    {
      "operation": 24,
      "time": 14385,
      "train": 8
    },
    {
      "operation": 27,
      "time": 14397,
      "train": 10
    },
    {
      "operation": 29,
      "time": 14397,
      "train": 5
    },
    {
      "operation": 16,
      "time": 14468,
      "train": 6
    },
    {
      "operation": 31,
      "time": 14478,
      "train": 1
    },
    {
      "operation": 32,
      "time": 14478,
      "train": 1
    },
    {
      "operation": 17,
      "time": 14498,
      "train": 6
    },
    {
      "operation": 11,
      "time": 14503,
      "train": 11
    },
    {
      "operation": 12,
      "time": 14503,
      "train": 11
    },
    {
      "operation": 28,
      "time": 14539,
      "train": 10
    },
    {
      "operation": 29,
      "time": 14539,
      "train": 10
    },
    {
      "operation": 23,
      "time": 14565,
      "train": 9
    },
    {
      "operation": 13,
      "time": 14569,
      "train": 11
    },
    {
      "operation": 14,
      "time": 14599,
      "train": 11
    },
    {
      "operation": 21,
      "time": 14640,
      "train": 6
    },
    {
      "operation": 33,
      "time": 14667,
      "train": 1
    },
    {
      "operation": 22,
      "time": 14670,
      "train": 6
    },
    {
      "operation": 31,
      "time": 14681,
      "train": 10
    },
    {
      "operation": 23,
      "time": 14727,
      "train": 6
    },
    {
      "operation": 15,
      "time": 14741,
      "train": 11
    },
    {
      "operation": 32,
      "time": 14741,
      "train": 10
    },
    {
      "operation": 24,
      "time": 14765,
      "train": 9
    },
    {
      "operation": 17,
      "time": 14771,
      "train": 11
    },
    {
      "operation": 25,
      "time": 14787,
      "train": 6
    },
    {
      "operation": 37,
      "time": 14787,
      "train": 1
    },
    {
      "operation": 25,
      "time": 14863,
      "train": 9
    },
    {
      "operation": 26,
      "time": 14863,
      "train": 9
    },
    {
      "operation": 19,
      "time": 14913,
      "train": 11
    },
    {
      "operation": 27,
      "time": 14933,
      "train": 9
    },
    {
      "operation": 28,
      "time": 14933,
      "train": 9
    },
    {
      "operation": 34,
      "time": 14941,
      "train": 10
    },
    {
      "operation": 20,
      "time": 14943,
      "train": 11
    },
    {
      "operation": 36,
      "time": 14971,
      "train": 10
    },
    {
      "operation": 27,
      "time": 15043,
      "train": 6
    },
    {
      "operation": 30,
      "time": 15057,
      "train": 9
    },
    {
      "operation": 31,
      "time": 15057,
      "train": 9
    },
    {
      "operation": 37,
      "time": 15057,
      "train": 10
    },
    {
      "operation": 28,
      "time": 15073,
      "train": 6
    },
    {
      "operation": 38,
      "time": 15087,
      "train": 10
    },
    {
      "operation": 2,
      "time": 15117,
      "train": 7
    },
    {
      "operation": 4,
      "time": 15117,
      "train": 7
    },
    {
      "operation": 39,
      "time": 15145,
      "train": 10
    },
    {
      "operation": 40,
      "time": 15145,
      "train": 10
    },
    {
      "operation": 22,
      "time": 15147,
      "train": 11
    },
    {
      "operation": 34,
      "time": 15164,
      "train": 9
    },
    {
      "operation": 36,
      "time": 15164,
      "train": 9
    },
    {
      "operation": 27,
      "time": 15164,
      "train": 8
    },
    {
      "operation": 23,
      "time": 15177,
      "train": 11
    },
    {
      "operation": 29,
      "time": 15194,
      "train": 8
    },
    {
      "operation": 30,
      "time": 15215,
      "train": 6
    },
    {
      "operation": 31,
      "time": 15245,
      "train": 6
    },
    {
      "operation": 5,
      "time": 15265,
      "train": 7
    },
    {
      "operation": 6,
      "time": 15265,
      "train": 7
    },
    {
      "operation": 38,
      "time": 15278,
      "train": 9
    },
    {
      "operation": 41,
      "time": 15287,
      "train": 10
    },
    {
      "operation": 33,
      "time": 15293,
      "train": 6
    },
    {
      "operation": 34,
      "time": 15293,
      "train": 6
    },
    {
      "operation": 31,
      "time": 15336,
      "train": 8
    },
    {
      "operation": 43,
      "time": 15346,
      "train": 10
    },
    {
      "operation": 32,
      "time": 15366,
      "train": 8
    },
    {
      "operation": 24,
      "time": 15387,
      "train": 11
    },
    {
      "operation": 35,
      "time": 15388,
      "train": 6
    },
    {
      "operation": 39,
      "time": 15398,
      "train": 9
    },
    {
      "operation": 8,
      "time": 15412,
      "train": 7
    },
    {
      "operation": 27,
      "time": 15417,
      "train": 11
    },
    {
      "operation": 37,
      "time": 15418,
      "train": 6
    },
    {
      "operation": 33,
      "time": 15501,
      "train": 8
    },
    {
      "operation": 34,
      "time": 15501,
      "train": 8
    },
    {
      "operation": 47,
      "time": 15518,
      "train": 10
    },
    {
      "operation": 48,
      "time": 15548,
      "train": 10
    },
    {
      "operation": 39,
      "time": 15560,
      "train": 6
    },
    {
      "operation": 35,
      "time": 15566,
      "train": 8
    },
    {
      "operation": 40,
      "time": 15590,
      "train": 6
    },
    {
      "operation": 36,
      "time": 15596,
      "train": 8
    },
    {
      "operation": 50,
      "time": 15605,
      "train": 10
    },
    {
      "operation": 40,
      "time": 15652,
      "train": 9
    },
    {
      "operation": 42,
      "time": 15652,
      "train": 9
    },
    {
      "operation": 29,
      "time": 15657,
      "train": 11
    },
    {
      "operation": 51,
      "time": 15665,
      "train": 10
    },
    {
      "operation": 45,
      "time": 15704,
      "train": 6
    },
    {
      "operation": 39,
      "time": 15738,
      "train": 8
    },
    {
      "operation": 44,
      "time": 15741,
      "train": 9
    },
    {
      "operation": 40,
      "time": 15768,
      "train": 8
    },
    {
      "operation": 31,
      "time": 15777,
      "train": 11
    },
    {
      "operation": 45,
      "time": 15800,
      "train": 9
    },
    {
      "operation": 46,
      "time": 15824,
      "train": 6
    },
    {
      "operation": 46,
      "time": 15874,
      "train": 9
    },
    {
      "operation": 48,
      "time": 15874,
      "train": 9
    },
    {
      "operation": 53,
      "time": 15921,
      "train": 10
    },
    {
      "operation": 32,
      "time": 15927,
      "train": 11
    },
    {
      "operation": 33,
      "time": 15927,
      "train": 11
    },
    {
      "operation": 54,
      "time": 15951,
      "train": 10
    },
    {
      "operation": 41,
      "time": 15968,
      "train": 8
    },
    {
      "operation": 9,
      "time": 15968,
      "train": 7
    },
    {
      "operation": 50,
      "time": 16021,
      "train": 9
    },
    {
      "operation": 51,
      "time": 16021,
      "train": 9
    },
    {
      "operation": 35,
      "time": 16077,
      "train": 11
    },
    {
      "operation": 43,
      "time": 16077,
      "train": 8
    },
    {
      "operation": 56,
      "time": 16093,
      "train": 10
    },
    {
      "operation": 57,
      "time": 16123,
      "train": 10
    },
    {
      "operation": 53,
      "time": 16152,
      "train": 9
    },
    {
      "operation": 54,
      "time": 16152,
      "train": 9
    },
    {
      "operation": 58,
      "time": 16171,
      "train": 10
    },
    {
      "operation": 60,
      "time": 16171,
      "train": 10
    },
    {
      "operation": 12,
      "time": 16172,
      "train": 7
    },
    {
      "operation": 36,
      "time": 16172,
      "train": 11
    },
    {
      "operation": 44,
      "time": 16248,
      "train": 8
    },
    {
      "operation": 45,
      "time": 16248,
      "train": 8
    },
    {
      "operation": 62,
      "time": 16266,
      "train": 10
    },
    {
      "operation": 13,
      "time": 16292,
      "train": 7
    },
    {
      "operation": 63,
      "time": 16296,
      "train": 10
    },
    {
      "operation": 59,
      "time": 16313,
      "train": 9
    },
    {
      "operation": 37,
      "time": 16372,
      "train": 11
    },
    {
      "operation": 48,
      "time": 16419,
      "train": 8
    },
    {
      "operation": 14,
      "time": 16434,
      "train": 7
    },
    {
      "operation": 40,
      "time": 16434,
      "train": 11
    },
    {
      "operation": 64,
      "time": 16438,
      "train": 10
    },
    {
      "operation": 15,
      "time": 16464,
      "train": 7
    },
    {
      "operation": 66,
      "time": 16468,
      "train": 10
    },
    {
      "operation": 49,
      "time": 16539,
      "train": 8
    },
    {
      "operation": 16,
      "time": 16541,
      "train": 7
    },
    {
      "operation": 17,
      "time": 16541,
      "train": 7
    },
    {
      "operation": 41,
      "time": 16576,
      "train": 11
    },
    {
      "operation": 67,
      "time": 16582,
      "train": 10
    },
    {
      "operation": 42,
      "time": 16606,
      "train": 11
    },
    {
      "operation": 43,
      "time": 16657,
      "train": 11
    },
    {
      "operation": 19,
      "time": 16664,
      "train": 7
    },
    {
      "operation": 44,
      "time": 16664,
      "train": 11
    },
    {
      "operation": 20,
      "time": 16694,
      "train": 7
    },
    {
      "operation": 72,
      "time": 16702,
      "train": 10
    },
    {
      "operation": 46,
      "time": 16812,
      "train": 11
    },
    {
      "operation": 21,
      "time": 16836,
      "train": 7
    },
    {
      "operation": 47,
      "time": 16842,
      "train": 11
    },
    {
      "operation": 25,
      "time": 16866,
      "train": 7
    },
    {
      "operation": 27,
      "time": 16923,
      "train": 7
    },
    {
      "operation": 28,
      "time": 16983,
      "train": 7
    },
    {
      "operation": 51,
      "time": 16984,
      "train": 11
    },
    {
      "operation": 52,
      "time": 17014,
      "train": 11
    },
    {
      "operation": 53,
      "time": 17071,
      "train": 11
    },
    {
      "operation": 30,
      "time": 17239,
      "train": 7
    },
    {
      "operation": 55,
      "time": 17239,
      "train": 11
    },
    {
      "operation": 31,
      "time": 17269,
      "train": 7
    },
    {
      "operation": 33,
      "time": 17411,
      "train": 7
    },
    {
      "operation": 34,
      "time": 17441,
      "train": 7
    },
    {
      "operation": 36,
      "time": 17489,
      "train": 7
    },
    {
      "operation": 37,
      "time": 17489,
      "train": 7
    },
    {
      "operation": 56,
      "time": 17495,
      "train": 11
    },
    {
      "operation": 60,
      "time": 17513,
      "train": 9
    },
    {
      "operation": 58,
      "time": 17525,
      "train": 11
    },
    {
      "operation": 38,
      "time": 17584,
      "train": 7
    },
    {
      "operation": 40,
      "time": 17614,
      "train": 7
    },
    {
      "operation": 59,
      "time": 17667,
      "train": 11
    },
    {
      "operation": 61,
      "time": 17697,
      "train": 11
    },
    {
      "operation": 62,
      "time": 17745,
      "train": 11
    },
    {
      "operation": 64,
      "time": 17745,
      "train": 11
    },
    {
      "operation": 42,
      "time": 17756,
      "train": 7
    },
    {
      "operation": 43,
      "time": 17786,
      "train": 7
    },
    {
      "operation": 66,
      "time": 17840,
      "train": 11
    },
    {
      "operation": 67,
      "time": 17870,
      "train": 11
    },
    {
      "operation": 48,
      "time": 17900,
      "train": 7
    },
    {
      "operation": 68,
      "time": 18012,
      "train": 11
    },
    {
      "operation": 49,
      "time": 18020,
      "train": 7
    },
    {
      "operation": 70,
      "time": 18042,
      "train": 11
    },
    {
      "operation": 71,
      "time": 18156,
      "train": 11
    },
    {
      "operation": 76,
      "time": 18276,
      "train": 11
    }
  ],
  "objective_value": 7080
}
