{
  "events": [
    {
      "operation": 0,
      "time": 0,
      "train": 0
    },
    {
      "operation": 0,
      "time": 0,
      "train": 2
    },
    {
      "operation": 0,
      "time": 0,
      "train": 6
    },
    {
      "operation": 0,
      "time": 0,
      "train": 8
    },
    {
      "operation": 0,
      "time": 0,
      "train": 5
    },
    {
      "operation": 1,
      "time": 0,
      "train": 6
    },
    {
      "operation": 1,
      "time": 0,
      "train": 5
    },
    {
      "operation": 0,
      "time": 0,
      "train": 1
    },
    {
      "operation": 0,
      "time": 0,
      "train": 4
    },
    {
      "operation": 0,
      "time": 0,
      "train": 3
    },
    {
      "operation": 0,
      "time": 0,
      "train": 7
    },
    {
      "operation": 1,
      "time": 11,
      "train": 2
    },
    {
      "operation": 2,
      "time": 19,
      "train": 2
    },
    {
      "operation": 2,
      "time": 20,
      "train": 5
    },
    {
      "operation": 1,
      "time": 20,
      "train": 8
    },
    {
      "operation": 2,
      "time": 23,
      "train": 6
    },
    {
      "operation": 2,
      "time": 34,
      "train": 8
    },
    {
      "operation": 1,
      "time": 320,
      "train": 3
    },
    {
      "operation": 1,
      "time": 322,
      "train": 0
    },
    {
      "operation": 2,
      "time": 335,
      "train": 3
    },
    {
      "operation": 2,
      "time": 337,
      "train": 0
    },
    {
      "operation": 2,
      "time": 405,
      "train": 7
    },
    {
      "operation": 3,
      "time": 408,
      "train": 2
    },
    {
      "operation": 4,
      "time": 408,
      "train": 2
    },
    {
      "operation": 4,
      "time": 430,
      "train": 7
    },
    {
      "operation": 3,
      "time": 451,
      "train": 6
    },
    {
      "operation": 4,
      "time": 463,
      "train": 8
    },
    {
      "operation": 6,
      "time": 474,
      "train": 8
    },
    {
      "operation": 4,
      "time": 496,
      "train": 6
    },
    {
      "operation": 3,
      "time": 499,
      "train": 3
    },
    {
      "operation": 4,
      "time": 503,
      "train": 3
    },
    {
      "operation": 1,
      "time": 509,
      "train": 4
    },
    {
      "operation": 8,
      "time": 538,
      "train": 8
    },
    {
      "operation": 11,
      "time": 556,
      "train": 8
    },
    {
      "operation": 5,
      "time": 584,
      "train": 3
    },
    {
      "operation": 6,
      "time": 589,
      "train": 3
    },
    {
      "operation": 15,
      "time": 634,
      "train": 8
    },
    {
      "operation": 20,
      "time": 645,
      "train": 8
    },
    {
      "operation": 3,
      "time": 654,
      "train": 5
    },
    {
      "operation": 4,
      "time": 679,
      "train": 5
    },
    {
      "operation": 5,
      "time": 696,
      "train": 6
    },
    {
      "operation": 6,
      "time": 713,
      "train": 6
    },
    {
      "operation": 1,
      "time": 726,
      "train": 1
    },
    {
      "operation": 3,
      "time": 736,
      "train": 1
    },
    {
      "operation": 2,
      "time": 736,
      "train": 4
    },
    {
      "operation": 8,
      "time": 747,
      "train": 6
    },
    {
      "operation": 10,
      "time": 780,
      "train": 6
    },
    {
      "operation": 32,
      "time": 843,
      "train": 8
    },
    {
      "operation": 36,
      "time": 859,
      "train": 8
    },
    {
      "operation": 5,
      "time": 880,
      "train": 1
    },
    {
      "operation": 7,
      "time": 886,
      "train": 3
    },
    {
      "operation": 8,
      "time": 888,
      "train": 1
    },
    {
      "operation": 8,
      "time": 902,
      "train": 3
    },
    {
      "operation": 11,
      "time": 1042,
      "train": 1
    },
    {
      "operation": 3,
      "time": 1050,
      "train": 0
    },
    {
      "operation": 13,
      "time": 1058,
      "train": 1
    },
    {
      "operation": 6,
      "time": 1064,
      "train": 7
    },
    {
      "operation": 4,
      "time": 1065,
      "train": 0
    },
    {
      "operation": 8,
      "time": 1084,
      "train": 7
    },
    {
      "operation": 14,
      "time": 1212,
      "train": 6
    },
    {
      "operation": 9,
      "time": 1238,
      "train": 3
    },
    {
      "operation": 20,
      "time": 1241,
      "train": 6
    },
    {
      "operation": 10,
      "time": 1243,
      "train": 3
    },
    {
      "operation": 39,
      "time": 1325,
      "train": 8
    },
    {
      "operation": 42,
      "time": 1347,
      "train": 8
    },
    {
      "operation": 11,
      "time": 1368,
      "train": 3
    },
    {
      "operation": 12,
      "time": 1374,
      "train": 3
    },
    {
      "operation": 15,
      "time": 1414,
      "train": 1
    },
    {
      "operation": 19,
      "time": 1433,
      "train": 1
    },
    {
      "operation": 5,
      "time": 1483,
      "train": 5
    },
    {
      "operation": 6,
      "time": 1503,
      "train": 5
    },
    {
      "operation": 49,
      "time": 1590,
      "train": 8
    },
    {
      "operation": 53,
      "time": 1594,
      "train": 8
    },
    {
      "operation": 5,
      "time": 1610,
      "train": 0
    },
    {
      "operation": 6,
      "time": 1624,
      "train": 0
    },
    {
      "operation": 13,
      "time": 1628,
      "train": 3
    },
    {
      "operation": 15,
      "time": 1633,
      "train": 3
    },
    {
      "operation": 24,
      "time": 1655,
      "train": 1
    },
    {
      "operation": 55,
      "time": 1676,
      "train": 8
    },
    {
      "operation": 57,
      "time": 1681,
      "train": 8
    },
    {
      "operation": 10,
      "time": 1684,
      "train": 7
    },
    {
      "operation": 28,
      "time": 1688,
      "train": 1
    },
    {
      "operation": 12,
      "time": 1699,
      "train": 7
    },
    {
      "operation": 60,
      "time": 1777,
      "train": 8
    },
    {
      "operation": 14,
      "time": 1789,
      "train": 7
    },
    {
      "operation": 62,
      "time": 1792,
      "train": 8
    },
    {
      "operation": 17,
      "time": 1796,
      "train": 3
    },
    {
      "operation": 19,
      "time": 1800,
      "train": 3
    },
    {
      "operation": 17,
      "time": 1814,
      "train": 7
    },
    {
      "operation": 25,
      "time": 1893,
      "train": 6
    },
    {
      "operation": 31,
      "time": 1914,
      "train": 6
    },
    {
      "operation": 21,
      "time": 1923,
      "train": 7
    },
    {
      "operation": 26,
      "time": 1939,
      "train": 7
    },
    {
      "operation": 7,
      "time": 2020,
      "train": 5
    },
    {
      "operation": 8,
      "time": 2040,
      "train": 5
    },
    {
      "operation": 65,
      "time": 2041,
      "train": 8
    },
    {
      "operation": 68,
      "time": 2045,
      "train": 8
    },
    {
      "operation": 21,
      "time": 2057,
      "train": 3
    },
    {
      "operation": 23,
      "time": 2061,
      "train": 3
    },
    {
      "operation": 69,
      "time": 2126,
      "train": 8
    },
    {
      "operation": 70,
      "time": 2131,
      "train": 8
    },
    {
      "operation": 40,
      "time": 2133,
      "train": 1
    },
    {
      "operation": 46,
      "time": 2156,
      "train": 1
    },
    {
      "operation": 38,
      "time": 2217,
      "train": 7
    },
    {
      "operation": 42,
      "time": 2239,
      "train": 7
    },
    {
      "operation": 25,
      "time": 2241,
      "train": 3
    },
    {
      "operation": 27,
      "time": 2245,
      "train": 3
    },
    {
      "operation": 51,
      "time": 2252,
      "train": 1
    },
    {
      "operation": 57,
      "time": 2258,
      "train": 1
    },
    {
      "operation": 7,
      "time": 2270,
      "train": 0
    },
    {
      "operation": 72,
      "time": 2271,
      "train": 8
    },
    {
      "operation": 8,
      "time": 2281,
      "train": 0
    },
    {
      "operation": 74,
      "time": 2286,
      "train": 8
    },
    {
      "operation": 3,
      "time": 2534,
      "train": 4
    },
    {
      "operation": 5,
      "time": 2547,
      "train": 4
    },
    {
      "operation": 39,
      "time": 2580,
      "train": 6
    },
    {
      "operation": 42,
      "time": 2601,
      "train": 6
    },
    {
      "operation": 29,
      "time": 2638,
      "train": 3
    },
    {
      "operation": 9,
      "time": 2640,
      "train": 0
    },
    {
      "operation": 31,
      "time": 2641,
      "train": 3
    },
    {
      "operation": 11,
      "time": 2658,
      "train": 0
    },
    {
      "operation": 64,
      "time": 2679,
      "train": 1
    },
    {
      "operation": 66,
      "time": 2700,
      "train": 1
    },
    {
      "operation": 33,
      "time": 2729,
      "train": 3
    },
    {
      "operation": 35,
      "time": 2733,
      "train": 3
    },
    {
      "operation": 7,
      "time": 2748,
      "train": 4
    },
    {
      "operation": 10,
      "time": 2759,
      "train": 4
    },
    {
      "operation": 78,
      "time": 2788,
      "train": 8
    },
    {
      "operation": 82,
      "time": 2812,
      "train": 8
    },
    {
      "operation": 69,
      "time": 2840,
      "train": 1
    },
    {
      "operation": 72,
      "time": 2845,
      "train": 1
    },
    {
      "operation": 9,
      "time": 2854,
      "train": 5
    },
    {
      "operation": 10,
      "time": 2875,
      "train": 5
    },
    {
      "operation": 73,
      "time": 2926,
      "train": 1
    },
    {
      "operation": 74,
      "time": 2931,
      "train": 1
    },
    {
      "operation": 37,
      "time": 2971,
      "train": 3
    },
    {
      "operation": 14,
      "time": 2975,
      "train": 4
    },
    {
      "operation": 39,
      "time": 2975,
      "train": 3
    },
    {
      "operation": 16,
      "time": 2998,
      "train": 4
    },
    {
      "operation": 13,
      "time": 3038,
      "train": 0
    },
    {
      "operation": 17,
      "time": 3048,
      "train": 0
    },
    {
      "operation": 11,
      "time": 3104,
      "train": 5
    },
    {
      "operation": 12,
      "time": 3109,
      "train": 5
    },
    {
      "operation": 41,
      "time": 3139,
      "train": 3
    },
    {
      "operation": 43,
      "time": 3139,
      "train": 3
    },
    {
      "operation": 76,
      "time": 3180,
      "train": 1
    },
    {
      "operation": 78,
      "time": 3195,
      "train": 1
    },
    {
      "operation": 92,
      "time": 3196,
      "train": 8
    },
    {
      "operation": 52,
      "time": 3199,
      "train": 6
    },
    {
      "operation": 13,
      "time": 3223,
      "train": 5
    },
    {
      "operation": 56,
      "time": 3229,
      "train": 6
    },
    {
      "operation": 44,
      "time": 3229,
      "train": 7
    },
    {
      "operation": 94,
      "time": 3229,
      "train": 8
    },
    {
      "operation": 14,
      "time": 3230,
      "train": 5
    },
    {
      "operation": 96,
      "time": 3263,
      "train": 8
    },
    {
      "operation": 47,
      "time": 3279,
      "train": 7
    },
    {
      "operation": 98,
      "time": 3279,
      "train": 8
    },
    {
      "operation": 81,
      "time": 3291,
      "train": 1
    },
    {
      "operation": 85,
      "time": 3295,
      "train": 1
    },
    {
      "operation": 59,
      "time": 3335,
      "train": 6
    },
    {
      "operation": 62,
      "time": 3342,
      "train": 6
    },
    {
      "operation": 88,
      "time": 3377,
      "train": 1
    },
    {
      "operation": 91,
      "time": 3381,
      "train": 1
    },
    {
      "operation": 18,
      "time": 3426,
      "train": 4
    },
    {
      "operation": 19,
      "time": 3426,
      "train": 4
    },
    {
      "operation": 100,
      "time": 3436,
      "train": 8
    },
    {
      "operation": 102,
      "time": 3472,
      "train": 8
    },
    {
      "operation": 21,
      "time": 3595,
      "train": 0
    },
    {
      "operation": 23,
      "time": 3595,
      "train": 0
    },
    {
      "operation": 93,
      "time": 3624,
      "train": 1
    },
    {
      "operation": 15,
      "time": 3645,
      "train": 5
    },
    {
      "operation": 95,
      "time": 3646,
      "train": 1
    },
    {
      "operation": 16,
      "time": 3666,
      "train": 5
    },
    {
      "operation": 53,
      "time": 3877,
      "train": 7
    },
    {
      "operation": 75,
      "time": 3883,
      "train": 6
    },
    {
      "operation": 57,
      "time": 3898,
      "train": 7
    },
    {
      "operation": 77,
      "time": 3905,
      "train": 6
    },
    {
      "operation": 106,
      "time": 3908,
      "train": 8
    },
    {
      "operation": 110,
      "time": 3924,
      "train": 8
    },
    {
      "operation": 17,
      "time": 4051,
      "train": 5
    },
    {
      "operation": 18,
      "time": 4056,
      "train": 5
    },
    {
      "operation": 98,
      "time": 4112,
      "train": 1
    },
    {
      "operation": 101,
      "time": 4128,
      "train": 1
    },
    {
      "operation": 19,
      "time": 4181,
      "train": 5
    },
    {
      "operation": 79,
      "time": 4183,
      "train": 6
    },
    {
      "operation": 20,
      "time": 4187,
      "train": 5
    },
    {
      "operation": 82,
      "time": 4198,
      "train": 6
    },
    {
      "operation": 113,
      "time": 4229,
      "train": 8
    },
    {
      "operation": 25,
      "time": 4295,
      "train": 0
    },
    {
      "operation": 116,
      "time": 4295,
      "train": 8
    },
    {
      "operation": 85,
      "time": 4307,
      "train": 6
    },
    {
      "operation": 29,
      "time": 4317,
      "train": 0
    },
    {
      "operation": 108,
      "time": 4326,
      "train": 1
    },
    {
      "operation": 111,
      "time": 4337,
      "train": 1
    },
    {
      "operation": 88,
      "time": 4349,
      "train": 6
    },
    {
      "operation": 91,
      "time": 4398,
      "train": 6
    },
    {
      "operation": 94,
      "time": 4411,
      "train": 6
    },
    {
      "operation": 116,
      "time": 4415,
      "train": 1
    },
    {
      "operation": 122,
      "time": 4433,
      "train": 1
    },
    {
      "operation": 21,
      "time": 4441,
      "train": 5
    },
    {
      "operation": 23,
      "time": 4447,
      "train": 5
    },
    {
      "operation": 33,
      "time": 4461,
      "train": 0
    },
    {
      "operation": 36,
      "time": 4469,
      "train": 0
    },
    {
      "operation": 128,
      "time": 4497,
      "train": 1
    },
    {
      "operation": 134,
      "time": 4508,
      "train": 1
    },
    {
      "operation": 97,
      "time": 4532,
      "train": 6
    },
    {
      "operation": 98,
      "time": 4532,
      "train": 6
    },
    {
      "operation": 70,
      "time": 4564,
      "train": 7
    },
    {
      "operation": 73,
      "time": 4585,
      "train": 7
    },
    {
      "operation": 40,
      "time": 4623,
      "train": 0
    },
    {
      "operation": 42,
      "time": 4646,
      "train": 0
    },
    {
      "operation": 25,
      "time": 4659,
      "train": 5
    },
    {
      "operation": 27,
      "time": 4665,
      "train": 5
    },
    {
      "operation": 143,
      "time": 4937,
      "train": 1
    },
    {
      "operation": 145,
      "time": 4957,
      "train": 1
    },
    {
      "operation": 44,
      "time": 4992,
      "train": 0
    },
    {
      "operation": 29,
      "time": 4999,
      "train": 5
    },
    {
      "operation": 31,
      "time": 5004,
      "train": 5
    },
    {
      "operation": 46,
      "time": 5027,
      "train": 0
    },
    {
      "operation": 122,
      "time": 5065,
      "train": 8
    },
    {
      "operation": 124,
      "time": 5065,
      "train": 8
    },
    {
      "operation": 48,
      "time": 5184,
      "train": 0
    },
    {
      "operation": 49,
      "time": 5201,
      "train": 0
    },
    {
      "operation": 51,
      "time": 5235,
      "train": 0
    },
    {
      "operation": 83,
      "time": 5237,
      "train": 7
    },
    {
      "operation": 33,
      "time": 5238,
      "train": 5
    },
    {
      "operation": 35,
      "time": 5244,
      "train": 5
    },
    {
      "operation": 87,
      "time": 5266,
      "train": 7
    },
    {
      "operation": 53,
      "time": 5268,
      "train": 0
    },
    {
      "operation": 147,
      "time": 5410,
      "train": 1
    },
    {
      "operation": 149,
      "time": 5428,
      "train": 1
    },
    {
      "operation": 99,
      "time": 5630,
      "train": 6
    },
    {
      "operation": 100,
      "time": 5630,
      "train": 6
    },
    {
      "operation": 101,
      "time": 5630,
      "train": 6
    },
    {
      "operation": 57,
      "time": 5631,
      "train": 0
    },
    {
      "operation": 127,
      "time": 5651,
      "train": 8
    },
    {
      "operation": 63,
      "time": 5652,
      "train": 0
    },
    {
      "operation": 131,
      "time": 5663,
      "train": 8
    },
    {
      "operation": 97,
      "time": 5676,
      "train": 7
    },
    {
      "operation": 99,
      "time": 5720,
      "train": 7
    },
    {
      "operation": 101,
      "time": 5754,
      "train": 7
    },
    {
      "operation": 37,
      "time": 5755,
      "train": 5
    },
    {
      "operation": 39,
      "time": 5759,
      "train": 5
    },
    {
      "operation": 103,
      "time": 5770,
      "train": 7
    },
    {
      "operation": 41,
      "time": 5874,
      "train": 5
    },
    {
      "operation": 43,
      "time": 5880,
      "train": 5
    },
    {
      "operation": 106,
      "time": 5927,
      "train": 7
    },
    {
      "operation": 108,
      "time": 5963,
      "train": 7
    },
    {
      "operation": 151,
      "time": 6003,
      "train": 1
    },
    {
      "operation": 152,
      "time": 6017,
      "train": 1
    },
    {
      "operation": 69,
      "time": 6118,
      "train": 0
    },
    {
      "operation": 133,
      "time": 6128,
      "train": 8
    },
    {
      "operation": 75,
      "time": 6133,
      "train": 0
    },
    {
      "operation": 137,
      "time": 6140,
      "train": 8
    },
    {
      "operation": 45,
      "time": 6189,
      "train": 5
    },
    {
      "operation": 47,
      "time": 6194,
      "train": 5
    },
    {
      "operation": 84,
      "time": 6273,
      "train": 0
    },
    {
      "operation": 87,
      "time": 6278,
      "train": 0
    },
    {
      "operation": 88,
      "time": 6359,
      "train": 0
    },
    {
      "operation": 89,
      "time": 6364,
      "train": 0
    },
    {
      "operation": 153,
      "time": 6386,
      "train": 1
    },
    {
      "operation": 154,
      "time": 6400,
      "train": 1
    },
    {
      "operation": 49,
      "time": 6407,
      "train": 5
    },
    {
      "operation": 51,
      "time": 6407,
      "train": 5
    },
    {
      "operation": 112,
      "time": 6420,
      "train": 7
    },
    {
      "operation": 116,
      "time": 6443,
      "train": 7
    },
    {
      "operation": 141,
      "time": 6579,
      "train": 8
    },
    {
      "operation": 145,
      "time": 6591,
      "train": 8
    },
    {
      "operation": 91,
      "time": 6613,
      "train": 0
    },
    {
      "operation": 93,
      "time": 6628,
      "train": 0
    },
    {
      "operation": 96,
      "time": 6724,
      "train": 0
    },
    {
      "operation": 100,
      "time": 6728,
      "train": 0
    },
    {
      "operation": 103,
      "time": 6810,
      "train": 0
    },
    {
      "operation": 106,
      "time": 6814,
      "train": 0
    },
    {
      "operation": 119,
      "time": 6870,
      "train": 7
    },
    {
      "operation": 122,
      "time": 6884,
      "train": 7
    },
    {
      "operation": 155,
      "time": 6997,
      "train": 1
    },
    {
      "operation": 156,
      "time": 7012,
      "train": 1
    },
    {
      "operation": 108,
      "time": 7057,
      "train": 0
    },
    {
      "operation": 110,
      "time": 7079,
      "train": 0
    },
    {
      "operation": 157,
      "time": 7176,
      "train": 1
    },
    {
      "operation": 158,
      "time": 7180,
      "train": 1
    },
    {
      "operation": 159,
      "time": 7261,
      "train": 1
    },
    {
      "operation": 160,
      "time": 7266,
      "train": 1
    },
    {
      "operation": 149,
      "time": 7305,
      "train": 8
    },
    {
      "operation": 153,
      "time": 7319,
      "train": 8
    },
    {
      "operation": 113,
      "time": 7545,
      "train": 0
    },
    {
      "operation": 116,
      "time": 7561,
      "train": 0
    },
    {
      "operation": 161,
      "time": 7563,
      "train": 1
    },
    {
      "operation": 162,
      "time": 7579,
      "train": 1
    },
    {
      "operation": 123,
      "time": 7759,
      "train": 0
    },
    {
      "operation": 126,
      "time": 7770,
      "train": 0
    },
    {
      "operation": 128,
      "time": 7806,
      "train": 7
    },
    {
      "operation": 130,
      "time": 7806,
      "train": 7
    },
    {
      "operation": 131,
      "time": 7848,
      "train": 0
    },
    {
      "operation": 158,
      "time": 7865,
      "train": 8
    },
    {
      "operation": 135,
      "time": 7866,
      "train": 0
    },
    {
      "operation": 162,
      "time": 7883,
      "train": 8
    },
    {
      "operation": 163,
      "time": 7915,
      "train": 1
    },
    {
      "operation": 164,
      "time": 7920,
      "train": 1
    },
    {
      "operation": 139,
      "time": 7930,
      "train": 0
    },
    {
      "operation": 141,
      "time": 7941,
      "train": 0
    },
    {
      "operation": 165,
      "time": 8045,
      "train": 1
    },
    {
      "operation": 166,
      "time": 8051,
      "train": 1
    },
    {
      "operation": 167,
      "time": 8305,
      "train": 1
    },
    {
      "operation": 169,
      "time": 8310,
      "train": 1
    },
    {
      "operation": 144,
      "time": 8370,
      "train": 0
    },
    {
      "operation": 146,
      "time": 8390,
      "train": 0
    },
    {
      "operation": 171,
      "time": 8473,
      "train": 1
    },
    {
      "operation": 173,
      "time": 8477,
      "train": 1
    },
    {
      "operation": 133,
      "time": 8480,
      "train": 7
    },
    {
      "operation": 137,
      "time": 8492,
      "train": 7
    },
    {
      "operation": 168,
      "time": 8731,
      "train": 8
    },
    {
      "operation": 175,
      "time": 8734,
      "train": 1
    },
    {
      "operation": 177,
      "time": 8738,
      "train": 1
    },
    {
      "operation": 172,
      "time": 8746,
      "train": 8
    },
    {
      "operation": 148,
      "time": 8843,
      "train": 0
    },
    {
      "operation": 150,
      "time": 8861,
      "train": 0
    },
    {
      "operation": 179,
      "time": 8918,
      "train": 1
    },
    {
      "operation": 181,
      "time": 8922,
      "train": 1
    },
    {
      "operation": 139,
      "time": 8957,
      "train": 7
    },
    {
      "operation": 143,
      "time": 8969,
      "train": 7
    },
    {
      "operation": 176,
      "time": 9303,
      "train": 8
    },
    {
      "operation": 183,
      "time": 9315,
      "train": 1
    },
    {
      "operation": 180,
      "time": 9318,
      "train": 8
    },
    {
      "operation": 185,
      "time": 9318,
      "train": 1
    },
    {
      "operation": 187,
      "time": 9406,
      "train": 1
    },
    {
      "operation": 147,
      "time": 9408,
      "train": 7
    },
    {
      "operation": 189,
      "time": 9410,
      "train": 1
    },
    {
      "operation": 151,
      "time": 9420,
      "train": 7
    },
    {
      "operation": 152,
      "time": 9436,
      "train": 0
    },
    {
      "operation": 153,
      "time": 9450,
      "train": 0
    },
    {
      "operation": 191,
      "time": 9648,
      "train": 1
    },
    {
      "operation": 193,
      "time": 9652,
      "train": 1
    },
    {
      "operation": 184,
      "time": 9756,
      "train": 8
    },
    {
      "operation": 188,
      "time": 9772,
      "train": 8
    },
    {
      "operation": 195,
      "time": 9816,
      "train": 1
    },
    {
      "operation": 197,
      "time": 9816,
      "train": 1
    },
    {
      "operation": 154,
      "time": 9819,
      "train": 0
    },
    {
      "operation": 155,
      "time": 9833,
      "train": 0
    },
    {
      "operation": 155,
      "time": 10134,
      "train": 7
    },
    {
      "operation": 159,
      "time": 10148,
      "train": 7
    },
    {
      "operation": 192,
      "time": 10177,
      "train": 8
    },
    {
      "operation": 196,
      "time": 10194,
      "train": 8
    },
    {
      "operation": 156,
      "time": 10415,
      "train": 0
    },
    {
      "operation": 157,
      "time": 10430,
      "train": 0
    },
    {
      "operation": 158,
      "time": 10594,
      "train": 0
    },
    {
      "operation": 159,
      "time": 10598,
      "train": 0
    },
    {
      "operation": 200,
      "time": 10642,
      "train": 8
    },
    {
      "operation": 206,
      "time": 10657,
      "train": 8
    },
    {
      "operation": 160,
      "time": 10679,
      "train": 0
    },
    {
      "operation": 161,
      "time": 10684,
      "train": 0
    },
    {
      "operation": 163,
      "time": 10694,
      "train": 7
    },
    {
      "operation": 167,
      "time": 10707,
      "train": 7
    },
    {
      "operation": 162,
      "time": 10981,
      "train": 0
    },
    {
      "operation": 163,
      "time": 10996,
      "train": 0
    },
    {
      "operation": 212,
      "time": 11295,
      "train": 8
    },
    {
      "operation": 164,
      "time": 11303,
      "train": 0
    },
    {
      "operation": 165,
      "time": 11308,
      "train": 0
    },
    {
      "operation": 218,
      "time": 11310,
      "train": 8
    },
    {
      "operation": 166,
      "time": 11421,
      "train": 0
    },
    {
      "operation": 167,
      "time": 11426,
      "train": 0
    },
    {
      "operation": 171,
      "time": 11560,
      "train": 7
    },
    {
      "operation": 175,
      "time": 11582,
      "train": 7
    },
    {
      "operation": 168,
      "time": 11637,
      "train": 0
    },
    {
      "operation": 170,
      "time": 11642,
      "train": 0
    },
    {
      "operation": 172,
      "time": 11793,
      "train": 0
    },
    {
      "operation": 174,
      "time": 11797,
      "train": 0
    },
    {
      "operation": 227,
      "time": 11901,
      "train": 8
    },
    {
      "operation": 231,
      "time": 11910,
      "train": 8
    },
    {
      "operation": 176,
      "time": 12036,
      "train": 0
    },
    {
      "operation": 178,
      "time": 12040,
      "train": 0
    },
    {
      "operation": 180,
      "time": 12207,
      "train": 0
    },
    {
      "operation": 182,
      "time": 12211,
      "train": 0
    },
    {
      "operation": 233,
      "time": 12288,
      "train": 8
    },
    {
      "operation": 237,
      "time": 12303,
      "train": 8
    },
    {
      "operation": 179,
      "time": 12362,
      "train": 7
    },
    {
      "operation": 183,
      "time": 12383,
      "train": 7
    },
    {
      "operation": 184,
      "time": 12577,
      "train": 0
    },
    {
      "operation": 186,
      "time": 12580,
      "train": 0
    },
    {
      "operation": 242,
      "time": 12607,
      "train": 8
    },
    {
      "operation": 246,
      "time": 12620,
      "train": 8
    },
    {
      "operation": 188,
      "time": 12662,
      "train": 0
    },
    {
      "operation": 190,
      "time": 12666,
      "train": 0
    },
    {
      "operation": 192,
      "time": 12887,
      "train": 0
    },
    {
      "operation": 194,
      "time": 12891,
      "train": 0
    },
    {
      "operation": 187,
      "time": 12996,
      "train": 7
    },
    {
      "operation": 191,
      "time": 13017,
      "train": 7
    },
    {
      "operation": 196,
      "time": 13043,
      "train": 0
    },
    {
      "operation": 198,
      "time": 13043,
      "train": 0
    },
    {
      "operation": 252,
      "time": 13147,
      "train": 8
    },
    {
      "operation": 256,
      "time": 13162,
      "train": 8
    },
    {
      "operation": 196,
      "time": 13515,
      "train": 7
    },
    {
      "operation": 260,
      "time": 13534,
      "train": 8
    },
    {
      "operation": 200,
      "time": 13535,
      "train": 7
    },
    {
      "operation": 264,
      "time": 13555,
      "train": 8
    },
    {
      "operation": 207,
      "time": 14103,
      "train": 7
    },
    {
      "operation": 213,
      "time": 14124,
      "train": 7
    },
    {
      "operation": 278,
      "time": 14156,
      "train": 8
    },
    {
      "operation": 282,
      "time": 14175,
      "train": 8
    },
    {
      "operation": 219,
      "time": 14235,
      "train": 7
    },
    {
      "operation": 225,
      "time": 14249,
      "train": 7
    },
    {
      "operation": 285,
      "time": 14257,
      "train": 8
    },
    {
      "operation": 288,
      "time": 14261,
      "train": 8
    },
    {
      "operation": 300,
      "time": 14740,
      "train": 8
    },
    {
      "operation": 302,
      "time": 14755,
      "train": 8
    },
    {
      "operation": 228,
      "time": 15017,
      "train": 7
    },
    {
      "operation": 230,
      "time": 15038,
      "train": 7
    },
    {
      "operation": 305,
      "time": 15085,
      "train": 8
    },
    {
      "operation": 308,
      "time": 15089,
      "train": 8
    },
    {
      "operation": 309,
      "time": 15170,
      "train": 8
    },
    {
      "operation": 310,
      "time": 15175,
      "train": 8
    },
    {
      "operation": 312,
      "time": 15281,
      "train": 8
    },
    {
      "operation": 314,
      "time": 15295,
      "train": 8
    },
    {
      "operation": 318,
      "time": 15765,
      "train": 8
    },
    {
      "operation": 322,
      "time": 15780,
      "train": 8
    },
    {
      "operation": 233,
      "time": 15865,
      "train": 7
    },
    {
      "operation": 237,
      "time": 15877,
      "train": 7
    },
    {
      "operation": 325,
      "time": 16171,
      "train": 8
    },
    {
      "operation": 328,
      "time": 16175,
      "train": 8
    },
    {
      "operation": 329,
      "time": 16256,
      "train": 8
    },
    {
      "operation": 239,
      "time": 16257,
      "train": 7
    },
    {
      "operation": 243,
      "time": 16272,
      "train": 7
    },
    {
      "operation": 331,
      "time": 16277,
      "train": 8
    },
    {
      "operation": 248,
      "time": 16576,
      "train": 7
    },
    {
      "operation": 252,
      "time": 16589,
      "train": 7
    },
    {
      "operation": 334,
      "time": 16664,
      "train": 8
    },
    {
      "operation": 338,
      "time": 16680,
      "train": 8
    },
    {
      "operation": 342,
      "time": 17187,
      "train": 8
    },
    {
      "operation": 344,
      "time": 17202,
      "train": 8
    },
    {
      "operation": 258,
      "time": 17235,
      "train": 7
    },
    {
      "operation": 262,
      "time": 17256,
      "train": 7
    },
    {
      "operation": 346,
      "time": 17732,
      "train": 8
    },
    {
      "operation": 348,
      "time": 17746,
      "train": 8
    },
    {
      "operation": 265,
      "time": 17776,
      "train": 7
    },
    {
      "operation": 268,
      "time": 17805,
      "train": 7
    },
    {
      "operation": 352,
      "time": 18225,
      "train": 8
    },
    {
      "operation": 356,
      "time": 18240,
      "train": 8
    },
    {
      "operation": 282,
      "time": 18647,
      "train": 7
    },
    {
      "operation": 286,
      "time": 18673,
      "train": 7
    },
    {
      "operation": 360,
      "time": 18768,
      "train": 8
    },
    {
      "operation": 364,
      "time": 18782,
      "train": 8
    },
    {
      "operation": 289,
      "time": 18788,
      "train": 7
    },
    {
      "operation": 292,
      "time": 18794,
      "train": 7
    },
    {
      "operation": 368,
      "time": 19296,
      "train": 8
    },
    {
      "operation": 372,
      "time": 19311,
      "train": 8
    },
    {
      "operation": 303,
      "time": 19465,
      "train": 7
    },
    {
      "operation": 305,
      "time": 19486,
      "train": 7
    },
    {
      "operation": 376,
      "time": 19804,
      "train": 8
    },
    {
      "operation": 380,
      "time": 19819,
      "train": 8
    },
    {
      "operation": 384,
      "time": 19977,
      "train": 8
    },
    {
      "operation": 388,
      "time": 19993,
      "train": 8
    },
    {
      "operation": 394,
      "time": 20091,
      "train": 8
    },
    {
      "operation": 417,
      "time": 20110,
      "train": 8
    },
    {
      "operation": 446,
      "time": 20133,
      "train": 8
    },
    {
      "operation": 308,
      "time": 20219,
      "train": 7
    },
    {
      "operation": 311,
      "time": 20239,
      "train": 7
    },
    {
      "operation": 453,
      "time": 20384,
      "train": 8
    },
    {
      "operation": 467,
      "time": 20421,
      "train": 8
    },
    {
      "operation": 499,
      "time": 20464,
      "train": 8
    },
    {
      "operation": 534,
      "time": 20617,
      "train": 8
    },
    {
      "operation": 544,
      "time": 20651,
      "train": 8
    },
    {
      "operation": 322,
      "time": 20897,
      "train": 7
    },
    {
      "operation": 326,
      "time": 20918,
      "train": 7
    },
    {
      "operation": 548,
      "time": 21188,
      "train": 8
    },
    {
      "operation": 549,
      "time": 21188,
      "train": 8
    },
    {
      "operation": 329,
      "time": 21464,
      "train": 7
    },
    {
      "operation": 332,
      "time": 21469,
      "train": 7
    },
    {
      "operation": 334,
      "time": 21583,
      "train": 7
    },
    {
      "operation": 336,
      "time": 21612,
      "train": 7
    },
    {
      "operation": 340,
      "time": 22153,
      "train": 7
    },
    {
      "operation": 344,
      "time": 22175,
      "train": 7
    },
    {
      "operation": 346,
      "time": 22884,
      "train": 7
    },
    {
      "operation": 348,
      "time": 22905,
      "train": 7
    },
    {
      "operation": 350,
      "time": 23646,
      "train": 7
    },
    {
      "operation": 352,
      "time": 23666,
      "train": 7
    },
    {
      "operation": 356,
      "time": 24336,
      "train": 7
    },
    {
      "operation": 360,
      "time": 24357,
      "train": 7
    },
    {
      "operation": 364,
      "time": 25096,
      "train": 7
    },
    {
      "operation": 368,
      "time": 25116,
      "train": 7
    },
    {
      "operation": 372,
      "time": 25836,
      "train": 7
    },
    {
      "operation": 376,
      "time": 25857,
      "train": 7
    },
    {
      "operation": 380,
      "time": 26547,
      "train": 7
    },
    {
      "operation": 384,
      "time": 26568,
      "train": 7
    },
    {
      "operation": 388,
      "time": 26789,
      "train": 7
    },
    {
      "operation": 392,
      "time": 26811,
      "train": 7
    },
    {
      "operation": 398,
      "time": 26948,
      "train": 7
    },
    {
      "operation": 421,
      "time": 26974,
      "train": 7
    },
    {
      "operation": 450,
      "time": 27006,
      "train": 7
    },
    {
      "operation": 457,
      "time": 27257,
      "train": 7
    },
    {
      "operation": 471,
      "time": 27294,
      "train": 7
    },
    {
      "operation": 503,
      "time": 27337,
      "train": 7
    },
    {
      "operation": 537,
      "time": 27490,
      "train": 7
    },
    {
      "operation": 542,
      "time": 27524,
      "train": 7
    },
    {
      "operation": 546,
      "time": 28061,
      "train": 7
    },
    {
      "operation": 547,
      "time": 28061,
      "train": 7
    }
  ],
  "objective_value": 694
}
