{
  "events": [
    {
      "operation": 0,
      "time": 0,
      "train": 0
    },
    {
      "operation": 0,
      "time": 0,
      "train": 2
    },
    {
      "operation": 0,
      "time": 0,
      "train": 3
    },
    {
      "operation": 0,
      "time": 0,
      "train": 1
    },
    {
      "operation": 1,
      "time": 7647,
      "train": 0
    },
    {
      "operation": 1,
      "time": 7797,
      "train": 1
    },
    {
      "operation": 1,
      "time": 7857,
      "train": 3
    },
    {
      "operation": 1,
      "time": 7857,
      "train": 2
    },
    {
      "operation": 2,
      "time": 7887,
      "train": 1
    },
    {
      "operation": 2,
      "time": 7895,
      "train": 0
    },
    {
      "operation": 2,
      "time": 8009,
      "train": 3
    },
    {
      "operation": 3,
      "time": 8009,
      "train": 3
    },
    {
      "operation": 4,
      "time": 8067,
      "train": 3
    },
    {
      "operation": 2,
      "time": 8067,
      "train": 2
    },
    {
      "operation": 5,
      "time": 8097,
      "train": 3
    },
    {
      "operation": 4,
      "time": 8097,
      "train": 2
    },
    {
      "operation": 8,
      "time": 8247,
      "train": 3
    },
    {
      "operation": 5,
      "time": 8307,
      "train": 2
    },
    {
      "operation": 8,
      "time": 8337,
      "train": 2
    },
    {
      "operation": 9,
      "time": 8457,
      "train": 3
    },
    {
      "operation": 4,
      "time": 8506,
      "train": 1
    },
    {
      "operation": 11,
      "time": 8547,
      "train": 2
    },
    {
      "operation": 12,
      "time": 8577,
      "train": 2
    },
    {
      "operation": 6,
      "time": 8648,
      "train": 1
    },
    {
      "operation": 7,
      "time": 8678,
      "train": 1
    },
    {
      "operation": 13,
      "time": 8727,
      "train": 2
    },
    {
      "operation": 14,
      "time": 8727,
      "train": 2
    },
    {
      "operation": 10,
      "time": 8728,
      "train": 3
    },
    {
      "operation": 8,
      "time": 8773,
      "train": 1
    },
    {
      "operation": 10,
      "time": 8773,
      "train": 1
    },
    {
      "operation": 12,
      "time": 8821,
      "train": 1
    },
    {
      "operation": 13,
      "time": 8851,
      "train": 1
    },
    {
      "operation": 16,
      "time": 8877,
      "train": 2
    },
    {
      "operation": 17,
      "time": 8937,
      "train": 2
    },
    {
      "operation": 12,
      "time": 8937,
      "train": 3
    },
    {
      "operation": 15,
      "time": 8993,
      "train": 1
    },
    {
      "operation": 16,
      "time": 9023,
      "train": 1
    },
    {
      "operation": 13,
      "time": 9102,
      "train": 3
    },
    {
      "operation": 14,
      "time": 9102,
      "train": 3
    },
    {
      "operation": 19,
      "time": 9147,
      "train": 2
    },
    {
      "operation": 21,
      "time": 9177,
      "train": 2
    },
    {
      "operation": 18,
      "time": 9251,
      "train": 1
    },
    {
      "operation": 16,
      "time": 9267,
      "train": 3
    },
    {
      "operation": 5,
      "time": 9267,
      "train": 0
    },
    {
      "operation": 18,
      "time": 9297,
      "train": 3
    },
    {
      "operation": 19,
      "time": 9311,
      "train": 1
    },
    {
      "operation": 22,
      "time": 9327,
      "train": 2
    },
    {
      "operation": 23,
      "time": 9357,
      "train": 2
    },
    {
      "operation": 24,
      "time": 9411,
      "train": 2
    },
    {
      "operation": 25,
      "time": 9411,
      "train": 2
    },
    {
      "operation": 20,
      "time": 9425,
      "train": 1
    },
    {
      "operation": 6,
      "time": 9429,
      "train": 0
    },
    {
      "operation": 7,
      "time": 9429,
      "train": 0
    },
    {
      "operation": 21,
      "time": 9487,
      "train": 3
    },
    {
      "operation": 22,
      "time": 9537,
      "train": 3
    },
    {
      "operation": 24,
      "time": 9545,
      "train": 1
    },
    {
      "operation": 26,
      "time": 9567,
      "train": 2
    },
    {
      "operation": 8,
      "time": 9591,
      "train": 0
    },
    {
      "operation": 10,
      "time": 9591,
      "train": 0
    },
    {
      "operation": 28,
      "time": 9597,
      "train": 2
    },
    {
      "operation": 29,
      "time": 9747,
      "train": 2
    },
    {
      "operation": 24,
      "time": 9777,
      "train": 3
    },
    {
      "operation": 33,
      "time": 9777,
      "train": 2
    },
    {
      "operation": 13,
      "time": 9787,
      "train": 0
    },
    {
      "operation": 14,
      "time": 9787,
      "train": 0
    },
    {
      "operation": 35,
      "time": 9837,
      "train": 2
    },
    {
      "operation": 15,
      "time": 9887,
      "train": 0
    },
    {
      "operation": 16,
      "time": 9887,
      "train": 0
    },
    {
      "operation": 25,
      "time": 9897,
      "train": 3
    },
    {
      "operation": 36,
      "time": 9897,
      "train": 2
    },
    {
      "operation": 26,
      "time": 10107,
      "train": 3
    },
    {
      "operation": 28,
      "time": 10137,
      "train": 3
    },
    {
      "operation": 17,
      "time": 10143,
      "train": 0
    },
    {
      "operation": 37,
      "time": 10167,
      "train": 2
    },
    {
      "operation": 39,
      "time": 10197,
      "train": 2
    },
    {
      "operation": 18,
      "time": 10263,
      "train": 0
    },
    {
      "operation": 29,
      "time": 10287,
      "train": 3
    },
    {
      "operation": 31,
      "time": 10317,
      "train": 3
    },
    {
      "operation": 41,
      "time": 10347,
      "train": 2
    },
    {
      "operation": 42,
      "time": 10377,
      "train": 2
    },
    {
      "operation": 43,
      "time": 10427,
      "train": 2
    },
    {
      "operation": 45,
      "time": 10427,
      "train": 2
    },
    {
      "operation": 32,
      "time": 10467,
      "train": 3
    },
    {
      "operation": 33,
      "time": 10497,
      "train": 3
    },
    {
      "operation": 47,
      "time": 10527,
      "train": 2
    },
    {
      "operation": 48,
      "time": 10557,
      "train": 2
    },
    {
      "operation": 34,
      "time": 10587,
      "train": 3
    },
    {
      "operation": 35,
      "time": 10587,
      "train": 3
    },
    {
      "operation": 50,
      "time": 10707,
      "train": 2
    },
    {
      "operation": 51,
      "time": 10737,
      "train": 2
    },
    {
      "operation": 37,
      "time": 10767,
      "train": 3
    },
    {
      "operation": 38,
      "time": 10797,
      "train": 3
    },
    {
      "operation": 55,
      "time": 10857,
      "train": 2
    },
    {
      "operation": 39,
      "time": 10951,
      "train": 3
    },
    {
      "operation": 40,
      "time": 10951,
      "train": 3
    },
    {
      "operation": 57,
      "time": 10977,
      "train": 2
    },
    {
      "operation": 41,
      "time": 11157,
      "train": 3
    },
    {
      "operation": 45,
      "time": 11277,
      "train": 3
    }
  ],
  "objective_value": 1874
}
