{
  "events": [
    {
      "operation": 0,
      "time": 0,
      "train": 0
    },
    {
      "operation": 0,
      "time": 0,
      "train": 2
    },
    {
      "operation": 0,
      "time": 0,
      "train": 4
    },
    {
      "operation": 1,
      "time": 0,
      "train": 4
    },
    {
      "operation": 0,
      "time": 0,
      "train": 1
    },
    {
      "operation": 0,
      "time": 0,
      "train": 3
    },
    {
      "operation": 2,
      "time": 28,
      "train": 4
    },
    {
      "operation": 1,
      "time": 28,
      "train": 0
    },
    {
      "operation": 2,
      "time": 37,
      "train": 0
    },
    {
      "operation": 1,
      "time": 155,
      "train": 2
    },
    {
      "operation": 2,
      "time": 163,
      "train": 2
    },
    {
      "operation": 3,
      "time": 299,
      "train": 4
    },
    {
      "operation": 3,
      "time": 313,
      "train": 0
    },
    {
      "operation": 5,
      "time": 317,
      "train": 0
    },
    {
      "operation": 1,
      "time": 317,
      "train": 1
    },
    {
      "operation": 2,
      "time": 326,
      "train": 1
    },
    {
      "operation": 3,
      "time": 356,
      "train": 2
    },
    {
      "operation": 4,
      "time": 370,
      "train": 4
    },
    {
      "operation": 7,
      "time": 513,
      "train": 0
    },
    {
      "operation": 9,
      "time": 529,
      "train": 0
    },
    {
      "operation": 3,
      "time": 602,
      "train": 1
    },
    {
      "operation": 5,
      "time": 608,
      "train": 1
    },
    {
      "operation": 1,
      "time": 702,
      "train": 3
    },
    {
      "operation": 2,
      "time": 712,
      "train": 3
    },
    {
      "operation": 7,
      "time": 722,
      "train": 1
    },
    {
      "operation": 11,
      "time": 747,
      "train": 0
    },
    {
      "operation": 9,
      "time": 750,
      "train": 1
    },
    {
      "operation": 13,
      "time": 755,
      "train": 0
    },
    {
      "operation": 4,
      "time": 755,
      "train": 2
    },
    {
      "operation": 3,
      "time": 893,
      "train": 3
    },
    {
      "operation": 4,
      "time": 913,
      "train": 3
    },
    {
      "operation": 15,
      "time": 920,
      "train": 0
    },
    {
      "operation": 17,
      "time": 929,
      "train": 0
    },
    {
      "operation": 11,
      "time": 1021,
      "train": 1
    },
    {
      "operation": 5,
      "time": 1030,
      "train": 4
    },
    {
      "operation": 6,
      "time": 1032,
      "train": 2
    },
    {
      "operation": 8,
      "time": 1053,
      "train": 2
    },
    {
      "operation": 6,
      "time": 1054,
      "train": 4
    },
    {
      "operation": 13,
      "time": 1092,
      "train": 1
    },
    {
      "operation": 20,
      "time": 1145,
      "train": 0
    },
    {
      "operation": 22,
      "time": 1156,
      "train": 0
    },
    {
      "operation": 10,
      "time": 1249,
      "train": 2
    },
    {
      "operation": 12,
      "time": 1258,
      "train": 2
    },
    {
      "operation": 5,
      "time": 1311,
      "train": 3
    },
    {
      "operation": 6,
      "time": 1316,
      "train": 3
    },
    {
      "operation": 7,
      "time": 1431,
      "train": 3
    },
    {
      "operation": 8,
      "time": 1437,
      "train": 3
    },
    {
      "operation": 13,
      "time": 1534,
      "train": 2
    },
    {
      "operation": 15,
      "time": 1540,
      "train": 2
    },
    {
      "operation": 7,
      "time": 1602,
      "train": 4
    },
    {
      "operation": 8,
      "time": 1617,
      "train": 4
    },
    {
      "operation": 17,
      "time": 1654,
      "train": 2
    },
    {
      "operation": 19,
      "time": 1682,
      "train": 2
    },
    {
      "operation": 15,
      "time": 1755,
      "train": 1
    },
    {
      "operation": 19,
      "time": 1779,
      "train": 1
    },
    {
      "operation": 9,
      "time": 1846,
      "train": 3
    },
    {
      "operation": 10,
      "time": 1851,
      "train": 3
    },
    {
      "operation": 22,
      "time": 1953,
      "train": 2
    },
    {
      "operation": 11,
      "time": 1967,
      "train": 3
    },
    {
      "operation": 12,
      "time": 1994,
      "train": 3
    },
    {
      "operation": 9,
      "time": 1997,
      "train": 4
    },
    {
      "operation": 10,
      "time": 2001,
      "train": 4
    },
    {
      "operation": 24,
      "time": 2024,
      "train": 2
    },
    {
      "operation": 11,
      "time": 2161,
      "train": 4
    },
    {
      "operation": 12,
      "time": 2166,
      "train": 4
    },
    {
      "operation": 23,
      "time": 2305,
      "train": 1
    },
    {
      "operation": 26,
      "time": 2315,
      "train": 0
    },
    {
      "operation": 30,
      "time": 2323,
      "train": 0
    },
    {
      "operation": 25,
      "time": 2326,
      "train": 1
    },
    {
      "operation": 32,
      "time": 2474,
      "train": 0
    },
    {
      "operation": 34,
      "time": 2494,
      "train": 0
    },
    {
      "operation": 13,
      "time": 2508,
      "train": 4
    },
    {
      "operation": 14,
      "time": 2515,
      "train": 4
    },
    {
      "operation": 15,
      "time": 2600,
      "train": 4
    },
    {
      "operation": 16,
      "time": 2625,
      "train": 4
    },
    {
      "operation": 28,
      "time": 2670,
      "train": 2
    },
    {
      "operation": 32,
      "time": 2694,
      "train": 2
    },
    {
      "operation": 28,
      "time": 2706,
      "train": 1
    },
    {
      "operation": 30,
      "time": 2714,
      "train": 1
    },
    {
      "operation": 13,
      "time": 2782,
      "train": 3
    },
    {
      "operation": 14,
      "time": 2801,
      "train": 3
    },
    {
      "operation": 35,
      "time": 2848,
      "train": 0
    },
    {
      "operation": 37,
      "time": 2852,
      "train": 0
    },
    {
      "operation": 39,
      "time": 2940,
      "train": 0
    },
    {
      "operation": 41,
      "time": 2945,
      "train": 0
    },
    {
      "operation": 32,
      "time": 3060,
      "train": 1
    },
    {
      "operation": 34,
      "time": 3070,
      "train": 1
    },
    {
      "operation": 15,
      "time": 3082,
      "train": 3
    },
    {
      "operation": 16,
      "time": 3087,
      "train": 3
    },
    {
      "operation": 17,
      "time": 3106,
      "train": 4
    },
    {
      "operation": 18,
      "time": 3119,
      "train": 4
    },
    {
      "operation": 17,
      "time": 3201,
      "train": 3
    },
    {
      "operation": 18,
      "time": 3207,
      "train": 3
    },
    {
      "operation": 34,
      "time": 3220,
      "train": 2
    },
    {
      "operation": 36,
      "time": 3235,
      "train": 2
    },
    {
      "operation": 43,
      "time": 3260,
      "train": 0
    },
    {
      "operation": 44,
      "time": 3264,
      "train": 0
    },
    {
      "operation": 45,
      "time": 3354,
      "train": 0
    },
    {
      "operation": 47,
      "time": 3375,
      "train": 0
    },
    {
      "operation": 36,
      "time": 3412,
      "train": 1
    },
    {
      "operation": 38,
      "time": 3422,
      "train": 1
    },
    {
      "operation": 41,
      "time": 3507,
      "train": 1
    },
    {
      "operation": 44,
      "time": 3532,
      "train": 1
    },
    {
      "operation": 37,
      "time": 3615,
      "train": 2
    },
    {
      "operation": 39,
      "time": 3619,
      "train": 2
    },
    {
      "operation": 19,
      "time": 3676,
      "train": 4
    },
    {
      "operation": 20,
      "time": 3690,
      "train": 4
    },
    {
      "operation": 19,
      "time": 3748,
      "train": 3
    },
    {
      "operation": 20,
      "time": 3753,
      "train": 3
    },
    {
      "operation": 41,
      "time": 3779,
      "train": 2
    },
    {
      "operation": 43,
      "time": 3784,
      "train": 2
    },
    {
      "operation": 21,
      "time": 3958,
      "train": 3
    },
    {
      "operation": 22,
      "time": 3964,
      "train": 3
    },
    {
      "operation": 47,
      "time": 4013,
      "train": 1
    },
    {
      "operation": 50,
      "time": 4027,
      "train": 1
    },
    {
      "operation": 49,
      "time": 4047,
      "train": 0
    },
    {
      "operation": 51,
      "time": 4062,
      "train": 0
    },
    {
      "operation": 46,
      "time": 4126,
      "train": 2
    },
    {
      "operation": 48,
      "time": 4136,
      "train": 2
    },
    {
      "operation": 51,
      "time": 4221,
      "train": 2
    },
    {
      "operation": 54,
      "time": 4246,
      "train": 2
    },
    {
      "operation": 53,
      "time": 4278,
      "train": 0
    },
    {
      "operation": 55,
      "time": 4282,
      "train": 0
    },
    {
      "operation": 57,
      "time": 4370,
      "train": 0
    },
    {
      "operation": 59,
      "time": 4374,
      "train": 0
    },
    {
      "operation": 23,
      "time": 4428,
      "train": 3
    },
    {
      "operation": 24,
      "time": 4446,
      "train": 3
    },
    {
      "operation": 21,
      "time": 4454,
      "train": 4
    },
    {
      "operation": 22,
      "time": 4470,
      "train": 4
    },
    {
      "operation": 23,
      "time": 4581,
      "train": 4
    },
    {
      "operation": 53,
      "time": 4584,
      "train": 1
    },
    {
      "operation": 56,
      "time": 4598,
      "train": 1
    },
    {
      "operation": 24,
      "time": 4602,
      "train": 4
    },
    {
      "operation": 57,
      "time": 4727,
      "train": 2
    },
    {
      "operation": 60,
      "time": 4741,
      "train": 2
    },
    {
      "operation": 61,
      "time": 4790,
      "train": 0
    },
    {
      "operation": 63,
      "time": 4794,
      "train": 0
    },
    {
      "operation": 25,
      "time": 4898,
      "train": 3
    },
    {
      "operation": 26,
      "time": 4922,
      "train": 3
    },
    {
      "operation": 65,
      "time": 4952,
      "train": 0
    },
    {
      "operation": 67,
      "time": 4956,
      "train": 0
    },
    {
      "operation": 58,
      "time": 5003,
      "train": 1
    },
    {
      "operation": 60,
      "time": 5019,
      "train": 1
    },
    {
      "operation": 62,
      "time": 5042,
      "train": 1
    },
    {
      "operation": 65,
      "time": 5050,
      "train": 1
    },
    {
      "operation": 68,
      "time": 5132,
      "train": 1
    },
    {
      "operation": 72,
      "time": 5153,
      "train": 1
    },
    {
      "operation": 25,
      "time": 5259,
      "train": 4
    },
    {
      "operation": 26,
      "time": 5274,
      "train": 4
    },
    {
      "operation": 63,
      "time": 5298,
      "train": 2
    },
    {
      "operation": 27,
      "time": 5310,
      "train": 3
    },
    {
      "operation": 66,
      "time": 5312,
      "train": 2
    },
    {
      "operation": 70,
      "time": 5314,
      "train": 0
    },
    {
      "operation": 72,
      "time": 5328,
      "train": 0
    },
    {
      "operation": 28,
      "time": 5328,
      "train": 3
    },
    {
      "operation": 68,
      "time": 5717,
      "train": 2
    },
    {
      "operation": 74,
      "time": 5723,
      "train": 0
    },
    {
      "operation": 70,
      "time": 5733,
      "train": 2
    },
    {
      "operation": 76,
      "time": 5740,
      "train": 0
    },
    {
      "operation": 73,
      "time": 5756,
      "train": 2
    },
    {
      "operation": 77,
      "time": 5762,
      "train": 1
    },
    {
      "operation": 27,
      "time": 5775,
      "train": 4
    },
    {
      "operation": 80,
      "time": 5777,
      "train": 1
    },
    {
      "operation": 76,
      "time": 5779,
      "train": 2
    },
    {
      "operation": 28,
      "time": 5789,
      "train": 4
    },
    {
      "operation": 29,
      "time": 5799,
      "train": 3
    },
    {
      "operation": 31,
      "time": 5804,
      "train": 3
    },
    {
      "operation": 80,
      "time": 6007,
      "train": 2
    },
    {
      "operation": 78,
      "time": 6017,
      "train": 0
    },
    {
      "operation": 33,
      "time": 6017,
      "train": 3
    },
    {
      "operation": 35,
      "time": 6023,
      "train": 3
    },
    {
      "operation": 80,
      "time": 6030,
      "train": 0
    },
    {
      "operation": 84,
      "time": 6064,
      "train": 2
    },
    {
      "operation": 83,
      "time": 6278,
      "train": 1
    },
    {
      "operation": 86,
      "time": 6298,
      "train": 1
    },
    {
      "operation": 37,
      "time": 6332,
      "train": 3
    },
    {
      "operation": 39,
      "time": 6337,
      "train": 3
    },
    {
      "operation": 29,
      "time": 6339,
      "train": 4
    },
    {
      "operation": 30,
      "time": 6360,
      "train": 4
    },
    {
      "operation": 82,
      "time": 6371,
      "train": 0
    },
    {
      "operation": 84,
      "time": 6379,
      "train": 0
    },
    {
      "operation": 88,
      "time": 6380,
      "train": 1
    },
    {
      "operation": 90,
      "time": 6385,
      "train": 1
    },
    {
      "operation": 41,
      "time": 6451,
      "train": 3
    },
    {
      "operation": 43,
      "time": 6456,
      "train": 3
    },
    {
      "operation": 32,
      "time": 6492,
      "train": 4
    },
    {
      "operation": 34,
      "time": 6502,
      "train": 4
    },
    {
      "operation": 87,
      "time": 6673,
      "train": 2
    },
    {
      "operation": 90,
      "time": 6688,
      "train": 2
    },
    {
      "operation": 36,
      "time": 6732,
      "train": 4
    },
    {
      "operation": 86,
      "time": 6734,
      "train": 0
    },
    {
      "operation": 88,
      "time": 6743,
      "train": 0
    },
    {
      "operation": 38,
      "time": 6744,
      "train": 4
    },
    {
      "operation": 91,
      "time": 6842,
      "train": 1
    },
    {
      "operation": 92,
      "time": 6858,
      "train": 1
    },
    {
      "operation": 45,
      "time": 6967,
      "train": 3
    },
    {
      "operation": 47,
      "time": 6972,
      "train": 3
    },
    {
      "operation": 89,
      "time": 6981,
      "train": 0
    },
    {
      "operation": 91,
      "time": 6985,
      "train": 0
    },
    {
      "operation": 93,
      "time": 6990,
      "train": 1
    },
    {
      "operation": 95,
      "time": 6994,
      "train": 1
    },
    {
      "operation": 93,
      "time": 7073,
      "train": 0
    },
    {
      "operation": 39,
      "time": 7076,
      "train": 4
    },
    {
      "operation": 95,
      "time": 7077,
      "train": 0
    },
    {
      "operation": 41,
      "time": 7080,
      "train": 4
    },
    {
      "operation": 97,
      "time": 7090,
      "train": 1
    },
    {
      "operation": 99,
      "time": 7095,
      "train": 1
    },
    {
      "operation": 93,
      "time": 7189,
      "train": 2
    },
    {
      "operation": 49,
      "time": 7206,
      "train": 3
    },
    {
      "operation": 96,
      "time": 7209,
      "train": 2
    },
    {
      "operation": 51,
      "time": 7212,
      "train": 3
    },
    {
      "operation": 43,
      "time": 7232,
      "train": 4
    },
    {
      "operation": 45,
      "time": 7237,
      "train": 4
    },
    {
      "operation": 98,
      "time": 7291,
      "train": 2
    },
    {
      "operation": 100,
      "time": 7296,
      "train": 2
    },
    {
      "operation": 102,
      "time": 7427,
      "train": 1
    },
    {
      "operation": 104,
      "time": 7435,
      "train": 1
    },
    {
      "operation": 48,
      "time": 7446,
      "train": 4
    },
    {
      "operation": 50,
      "time": 7456,
      "train": 4
    },
    {
      "operation": 98,
      "time": 7470,
      "train": 0
    },
    {
      "operation": 100,
      "time": 7478,
      "train": 0
    },
    {
      "operation": 53,
      "time": 7546,
      "train": 3
    },
    {
      "operation": 55,
      "time": 7551,
      "train": 3
    },
    {
      "operation": 101,
      "time": 7753,
      "train": 2
    },
    {
      "operation": 106,
      "time": 7764,
      "train": 1
    },
    {
      "operation": 102,
      "time": 7769,
      "train": 2
    },
    {
      "operation": 108,
      "time": 7775,
      "train": 1
    },
    {
      "operation": 102,
      "time": 7867,
      "train": 0
    },
    {
      "operation": 104,
      "time": 7876,
      "train": 0
    },
    {
      "operation": 103,
      "time": 7901,
      "train": 2
    },
    {
      "operation": 105,
      "time": 7905,
      "train": 2
    },
    {
      "operation": 54,
      "time": 7936,
      "train": 4
    },
    {
      "operation": 58,
      "time": 7951,
      "train": 4
    },
    {
      "operation": 109,
      "time": 7984,
      "train": 1
    },
    {
      "operation": 111,
      "time": 7994,
      "train": 1
    },
    {
      "operation": 107,
      "time": 8001,
      "train": 2
    },
    {
      "operation": 109,
      "time": 8006,
      "train": 2
    },
    {
      "operation": 106,
      "time": 8133,
      "train": 0
    },
    {
      "operation": 108,
      "time": 8141,
      "train": 0
    },
    {
      "operation": 111,
      "time": 8338,
      "train": 2
    },
    {
      "operation": 113,
      "time": 8342,
      "train": 2
    },
    {
      "operation": 113,
      "time": 8424,
      "train": 1
    },
    {
      "operation": 117,
      "time": 8439,
      "train": 1
    },
    {
      "operation": 61,
      "time": 8472,
      "train": 4
    },
    {
      "operation": 64,
      "time": 8486,
      "train": 4
    },
    {
      "operation": 115,
      "time": 8494,
      "train": 2
    },
    {
      "operation": 110,
      "time": 8494,
      "train": 0
    },
    {
      "operation": 117,
      "time": 8499,
      "train": 2
    },
    {
      "operation": 112,
      "time": 8505,
      "train": 0
    },
    {
      "operation": 57,
      "time": 8505,
      "train": 3
    },
    {
      "operation": 119,
      "time": 8708,
      "train": 2
    },
    {
      "operation": 121,
      "time": 8718,
      "train": 2
    },
    {
      "operation": 113,
      "time": 8736,
      "train": 0
    },
    {
      "operation": 114,
      "time": 8741,
      "train": 0
    },
    {
      "operation": 59,
      "time": 8741,
      "train": 3
    },
    {
      "operation": 67,
      "time": 8832,
      "train": 4
    },
    {
      "operation": 70,
      "time": 8848,
      "train": 4
    },
    {
      "operation": 115,
      "time": 8866,
      "train": 0
    },
    {
      "operation": 116,
      "time": 8872,
      "train": 0
    },
    {
      "operation": 121,
      "time": 8960,
      "train": 1
    },
    {
      "operation": 124,
      "time": 8974,
      "train": 1
    },
    {
      "operation": 61,
      "time": 8995,
      "train": 3
    },
    {
      "operation": 62,
      "time": 9000,
      "train": 3
    },
    {
      "operation": 63,
      "time": 9125,
      "train": 3
    },
    {
      "operation": 123,
      "time": 9148,
      "train": 2
    },
    {
      "operation": 127,
      "time": 9163,
      "train": 2
    },
    {
      "operation": 117,
      "time": 9232,
      "train": 0
    },
    {
      "operation": 118,
      "time": 9248,
      "train": 0
    },
    {
      "operation": 64,
      "time": 9248,
      "train": 3
    },
    {
      "operation": 73,
      "time": 9315,
      "train": 4
    },
    {
      "operation": 127,
      "time": 9320,
      "train": 1
    },
    {
      "operation": 130,
      "time": 9336,
      "train": 1
    },
    {
      "operation": 76,
      "time": 9348,
      "train": 4
    },
    {
      "operation": 78,
      "time": 9425,
      "train": 4
    },
    {
      "operation": 80,
      "time": 9433,
      "train": 4
    },
    {
      "operation": 119,
      "time": 9545,
      "train": 0
    },
    {
      "operation": 120,
      "time": 9550,
      "train": 0
    },
    {
      "operation": 133,
      "time": 9618,
      "train": 1
    },
    {
      "operation": 136,
      "time": 9623,
      "train": 1
    },
    {
      "operation": 121,
      "time": 9631,
      "train": 0
    },
    {
      "operation": 65,
      "time": 9633,
      "train": 3
    },
    {
      "operation": 122,
      "time": 9635,
      "train": 0
    },
    {
      "operation": 66,
      "time": 9654,
      "train": 3
    },
    {
      "operation": 131,
      "time": 9684,
      "train": 2
    },
    {
      "operation": 139,
      "time": 9689,
      "train": 1
    },
    {
      "operation": 141,
      "time": 9694,
      "train": 1
    },
    {
      "operation": 134,
      "time": 9698,
      "train": 2
    },
    {
      "operation": 123,
      "time": 9799,
      "train": 0
    },
    {
      "operation": 143,
      "time": 9804,
      "train": 1
    },
    {
      "operation": 124,
      "time": 9814,
      "train": 0
    },
    {
      "operation": 146,
      "time": 9837,
      "train": 1
    },
    {
      "operation": 83,
      "time": 9984,
      "train": 4
    },
    {
      "operation": 86,
      "time": 10007,
      "train": 4
    },
    {
      "operation": 137,
      "time": 10044,
      "train": 2
    },
    {
      "operation": 140,
      "time": 10060,
      "train": 2
    },
    {
      "operation": 67,
      "time": 10069,
      "train": 3
    },
    {
      "operation": 68,
      "time": 10076,
      "train": 3
    },
    {
      "operation": 69,
      "time": 10190,
      "train": 3
    },
    {
      "operation": 70,
      "time": 10196,
      "train": 3
    },
    {
      "operation": 143,
      "time": 10342,
      "train": 2
    },
    {
      "operation": 146,
      "time": 10347,
      "train": 2
    },
    {
      "operation": 125,
      "time": 10407,
      "train": 0
    },
    {
      "operation": 149,
      "time": 10413,
      "train": 2
    },
    {
      "operation": 151,
      "time": 10418,
      "train": 2
    },
    {
      "operation": 126,
      "time": 10421,
      "train": 0
    },
    {
      "operation": 71,
      "time": 10425,
      "train": 3
    },
    {
      "operation": 72,
      "time": 10446,
      "train": 3
    },
    {
      "operation": 149,
      "time": 10469,
      "train": 1
    },
    {
      "operation": 152,
      "time": 10492,
      "train": 1
    },
    {
      "operation": 153,
      "time": 10528,
      "train": 2
    },
    {
      "operation": 156,
      "time": 10561,
      "train": 2
    },
    {
      "operation": 89,
      "time": 10661,
      "train": 4
    },
    {
      "operation": 92,
      "time": 10686,
      "train": 4
    },
    {
      "operation": 127,
      "time": 10790,
      "train": 0
    },
    {
      "operation": 128,
      "time": 10804,
      "train": 0
    },
    {
      "operation": 94,
      "time": 10883,
      "train": 4
    },
    {
      "operation": 96,
      "time": 10890,
      "train": 4
    },
    {
      "operation": 155,
      "time": 11146,
      "train": 1
    },
    {
      "operation": 157,
      "time": 11171,
      "train": 1
    },
    {
      "operation": 99,
      "time": 11184,
      "train": 4
    },
    {
      "operation": 159,
      "time": 11193,
      "train": 2
    },
    {
      "operation": 102,
      "time": 11208,
      "train": 4
    },
    {
      "operation": 162,
      "time": 11216,
      "train": 2
    },
    {
      "operation": 73,
      "time": 11260,
      "train": 3
    },
    {
      "operation": 74,
      "time": 11280,
      "train": 3
    },
    {
      "operation": 129,
      "time": 11379,
      "train": 0
    },
    {
      "operation": 130,
      "time": 11397,
      "train": 0
    },
    {
      "operation": 159,
      "time": 11667,
      "train": 1
    },
    {
      "operation": 162,
      "time": 11691,
      "train": 1
    },
    {
      "operation": 105,
      "time": 11778,
      "train": 4
    },
    {
      "operation": 75,
      "time": 11797,
      "train": 3
    },
    {
      "operation": 108,
      "time": 11806,
      "train": 4
    },
    {
      "operation": 76,
      "time": 11817,
      "train": 3
    },
    {
      "operation": 165,
      "time": 11870,
      "train": 2
    },
    {
      "operation": 167,
      "time": 11895,
      "train": 2
    },
    {
      "operation": 132,
      "time": 11899,
      "train": 0
    },
    {
      "operation": 134,
      "time": 11919,
      "train": 0
    },
    {
      "operation": 165,
      "time": 12249,
      "train": 1
    },
    {
      "operation": 168,
      "time": 12274,
      "train": 1
    },
    {
      "operation": 111,
      "time": 12299,
      "train": 4
    },
    {
      "operation": 114,
      "time": 12322,
      "train": 4
    },
    {
      "operation": 137,
      "time": 12348,
      "train": 0
    },
    {
      "operation": 140,
      "time": 12359,
      "train": 0
    },
    {
      "operation": 169,
      "time": 12391,
      "train": 2
    },
    {
      "operation": 172,
      "time": 12415,
      "train": 2
    },
    {
      "operation": 143,
      "time": 12423,
      "train": 0
    },
    {
      "operation": 147,
      "time": 12441,
      "train": 0
    },
    {
      "operation": 153,
      "time": 12519,
      "train": 0
    },
    {
      "operation": 158,
      "time": 12530,
      "train": 0
    },
    {
      "operation": 77,
      "time": 12621,
      "train": 3
    },
    {
      "operation": 78,
      "time": 12646,
      "train": 3
    },
    {
      "operation": 171,
      "time": 12715,
      "train": 1
    },
    {
      "operation": 170,
      "time": 12728,
      "train": 0
    },
    {
      "operation": 174,
      "time": 12738,
      "train": 1
    },
    {
      "operation": 174,
      "time": 12744,
      "train": 0
    },
    {
      "operation": 175,
      "time": 12973,
      "train": 2
    },
    {
      "operation": 178,
      "time": 12998,
      "train": 2
    },
    {
      "operation": 118,
      "time": 13162,
      "train": 4
    },
    {
      "operation": 122,
      "time": 13188,
      "train": 4
    },
    {
      "operation": 177,
      "time": 13210,
      "train": 0
    },
    {
      "operation": 180,
      "time": 13232,
      "train": 0
    },
    {
      "operation": 80,
      "time": 13318,
      "train": 3
    },
    {
      "operation": 82,
      "time": 13338,
      "train": 3
    },
    {
      "operation": 181,
      "time": 13439,
      "train": 2
    },
    {
      "operation": 187,
      "time": 13475,
      "train": 0
    },
    {
      "operation": 191,
      "time": 13479,
      "train": 0
    },
    {
      "operation": 177,
      "time": 13494,
      "train": 1
    },
    {
      "operation": 181,
      "time": 13517,
      "train": 1
    },
    {
      "operation": 184,
      "time": 13517,
      "train": 2
    },
    {
      "operation": 193,
      "time": 13561,
      "train": 0
    },
    {
      "operation": 195,
      "time": 13566,
      "train": 0
    },
    {
      "operation": 198,
      "time": 13662,
      "train": 0
    },
    {
      "operation": 200,
      "time": 13677,
      "train": 0
    },
    {
      "operation": 124,
      "time": 13783,
      "train": 4
    },
    {
      "operation": 125,
      "time": 13783,
      "train": 4
    },
    {
      "operation": 203,
      "time": 13926,
      "train": 0
    },
    {
      "operation": 207,
      "time": 13930,
      "train": 0
    },
    {
      "operation": 85,
      "time": 13938,
      "train": 3
    },
    {
      "operation": 88,
      "time": 13953,
      "train": 3
    },
    {
      "operation": 209,
      "time": 14011,
      "train": 0
    },
    {
      "operation": 211,
      "time": 14016,
      "train": 0
    },
    {
      "operation": 91,
      "time": 14043,
      "train": 3
    },
    {
      "operation": 95,
      "time": 14068,
      "train": 3
    },
    {
      "operation": 185,
      "time": 14112,
      "train": 1
    },
    {
      "operation": 187,
      "time": 14112,
      "train": 1
    },
    {
      "operation": 214,
      "time": 14156,
      "train": 0
    },
    {
      "operation": 216,
      "time": 14171,
      "train": 0
    },
    {
      "operation": 101,
      "time": 14177,
      "train": 3
    },
    {
      "operation": 108,
      "time": 14193,
      "train": 3
    },
    {
      "operation": 187,
      "time": 14273,
      "train": 2
    },
    {
      "operation": 191,
      "time": 14296,
      "train": 2
    },
    {
      "operation": 120,
      "time": 14471,
      "train": 3
    },
    {
      "operation": 124,
      "time": 14493,
      "train": 3
    },
    {
      "operation": 220,
      "time": 14673,
      "train": 0
    },
    {
      "operation": 224,
      "time": 14697,
      "train": 0
    },
    {
      "operation": 195,
      "time": 14891,
      "train": 2
    },
    {
      "operation": 197,
      "time": 14891,
      "train": 2
    },
    {
      "operation": 236,
      "time": 15081,
      "train": 0
    },
    {
      "operation": 240,
      "time": 15114,
      "train": 0
    },
    {
      "operation": 127,
      "time": 15146,
      "train": 3
    },
    {
      "operation": 248,
      "time": 15148,
      "train": 0
    },
    {
      "operation": 258,
      "time": 15164,
      "train": 0
    },
    {
      "operation": 130,
      "time": 15176,
      "train": 3
    },
    {
      "operation": 268,
      "time": 15321,
      "train": 0
    },
    {
      "operation": 278,
      "time": 15357,
      "train": 0
    },
    {
      "operation": 137,
      "time": 15515,
      "train": 3
    },
    {
      "operation": 141,
      "time": 15520,
      "train": 3
    },
    {
      "operation": 143,
      "time": 15635,
      "train": 3
    },
    {
      "operation": 145,
      "time": 15641,
      "train": 3
    },
    {
      "operation": 148,
      "time": 15775,
      "train": 3
    },
    {
      "operation": 284,
      "time": 15779,
      "train": 0
    },
    {
      "operation": 286,
      "time": 15795,
      "train": 0
    },
    {
      "operation": 152,
      "time": 15796,
      "train": 3
    },
    {
      "operation": 288,
      "time": 16100,
      "train": 0
    },
    {
      "operation": 290,
      "time": 16110,
      "train": 0
    },
    {
      "operation": 155,
      "time": 16144,
      "train": 3
    },
    {
      "operation": 159,
      "time": 16150,
      "train": 3
    },
    {
      "operation": 161,
      "time": 16263,
      "train": 3
    },
    {
      "operation": 163,
      "time": 16270,
      "train": 3
    },
    {
      "operation": 166,
      "time": 16466,
      "train": 3
    },
    {
      "operation": 168,
      "time": 16487,
      "train": 3
    },
    {
      "operation": 292,
      "time": 16875,
      "train": 0
    },
    {
      "operation": 294,
      "time": 16875,
      "train": 0
    },
    {
      "operation": 172,
      "time": 17139,
      "train": 3
    },
    {
      "operation": 176,
      "time": 17168,
      "train": 3
    },
    {
      "operation": 297,
      "time": 17461,
      "train": 0
    },
    {
      "operation": 301,
      "time": 17473,
      "train": 0
    },
    {
      "operation": 188,
      "time": 17578,
      "train": 3
    },
    {
      "operation": 192,
      "time": 17611,
      "train": 3
    },
    {
      "operation": 200,
      "time": 17645,
      "train": 3
    },
    {
      "operation": 210,
      "time": 17661,
      "train": 3
    },
    {
      "operation": 220,
      "time": 17818,
      "train": 3
    },
    {
      "operation": 230,
      "time": 17854,
      "train": 3
    },
    {
      "operation": 303,
      "time": 17938,
      "train": 0
    },
    {
      "operation": 307,
      "time": 17950,
      "train": 0
    },
    {
      "operation": 236,
      "time": 18325,
      "train": 3
    },
    {
      "operation": 238,
      "time": 18348,
      "train": 3
    },
    {
      "operation": 311,
      "time": 18389,
      "train": 0
    },
    {
      "operation": 315,
      "time": 18401,
      "train": 0
    },
    {
      "operation": 240,
      "time": 18775,
      "train": 3
    },
    {
      "operation": 242,
      "time": 18789,
      "train": 3
    },
    {
      "operation": 320,
      "time": 19115,
      "train": 0
    },
    {
      "operation": 324,
      "time": 19133,
      "train": 0
    },
    {
      "operation": 330,
      "time": 19678,
      "train": 0
    },
    {
      "operation": 334,
      "time": 19693,
      "train": 0
    },
    {
      "operation": 244,
      "time": 19711,
      "train": 3
    },
    {
      "operation": 246,
      "time": 19711,
      "train": 3
    },
    {
      "operation": 249,
      "time": 20385,
      "train": 3
    },
    {
      "operation": 253,
      "time": 20397,
      "train": 3
    },
    {
      "operation": 338,
      "time": 20528,
      "train": 0
    },
    {
      "operation": 342,
      "time": 20543,
      "train": 0
    },
    {
      "operation": 255,
      "time": 20862,
      "train": 3
    },
    {
      "operation": 259,
      "time": 20874,
      "train": 3
    },
    {
      "operation": 346,
      "time": 21100,
      "train": 0
    },
    {
      "operation": 350,
      "time": 21115,
      "train": 0
    },
    {
      "operation": 263,
      "time": 21313,
      "train": 3
    },
    {
      "operation": 267,
      "time": 21325,
      "train": 3
    },
    {
      "operation": 353,
      "time": 21553,
      "train": 0
    },
    {
      "operation": 356,
      "time": 21569,
      "train": 0
    },
    {
      "operation": 360,
      "time": 21974,
      "train": 0
    },
    {
      "operation": 364,
      "time": 21991,
      "train": 0
    },
    {
      "operation": 271,
      "time": 22039,
      "train": 3
    },
    {
      "operation": 275,
      "time": 22053,
      "train": 3
    },
    {
      "operation": 368,
      "time": 22436,
      "train": 0
    },
    {
      "operation": 374,
      "time": 22451,
      "train": 0
    },
    {
      "operation": 279,
      "time": 22599,
      "train": 3
    },
    {
      "operation": 283,
      "time": 22612,
      "train": 3
    },
    {
      "operation": 380,
      "time": 23089,
      "train": 0
    },
    {
      "operation": 386,
      "time": 23104,
      "train": 0
    },
    {
      "operation": 287,
      "time": 23479,
      "train": 3
    },
    {
      "operation": 291,
      "time": 23501,
      "train": 3
    },
    {
      "operation": 395,
      "time": 23695,
      "train": 0
    },
    {
      "operation": 399,
      "time": 23704,
      "train": 0
    },
    {
      "operation": 401,
      "time": 24082,
      "train": 0
    },
    {
      "operation": 405,
      "time": 24097,
      "train": 0
    },
    {
      "operation": 295,
      "time": 24281,
      "train": 3
    },
    {
      "operation": 299,
      "time": 24302,
      "train": 3
    },
    {
      "operation": 409,
      "time": 24401,
      "train": 0
    },
    {
      "operation": 412,
      "time": 24414,
      "train": 0
    },
    {
      "operation": 303,
      "time": 24915,
      "train": 3
    },
    {
      "operation": 418,
      "time": 24933,
      "train": 0
    },
    {
      "operation": 306,
      "time": 24936,
      "train": 3
    },
    {
      "operation": 422,
      "time": 24948,
      "train": 0
    },
    {
      "operation": 425,
      "time": 25320,
      "train": 0
    },
    {
      "operation": 428,
      "time": 25341,
      "train": 0
    },
    {
      "operation": 310,
      "time": 25434,
      "train": 3
    },
    {
      "operation": 314,
      "time": 25454,
      "train": 3
    },
    {
      "operation": 442,
      "time": 25942,
      "train": 0
    },
    {
      "operation": 446,
      "time": 25961,
      "train": 0
    },
    {
      "operation": 321,
      "time": 26022,
      "train": 3
    },
    {
      "operation": 327,
      "time": 26043,
      "train": 3
    },
    {
      "operation": 449,
      "time": 26043,
      "train": 0
    },
    {
      "operation": 452,
      "time": 26047,
      "train": 0
    },
    {
      "operation": 333,
      "time": 26154,
      "train": 3
    },
    {
      "operation": 339,
      "time": 26168,
      "train": 3
    },
    {
      "operation": 464,
      "time": 26526,
      "train": 0
    },
    {
      "operation": 466,
      "time": 26541,
      "train": 0
    },
    {
      "operation": 469,
      "time": 26871,
      "train": 0
    },
    {
      "operation": 472,
      "time": 26875,
      "train": 0
    },
    {
      "operation": 342,
      "time": 26936,
      "train": 3
    },
    {
      "operation": 475,
      "time": 26956,
      "train": 0
    },
    {
      "operation": 344,
      "time": 26957,
      "train": 3
    },
    {
      "operation": 478,
      "time": 26961,
      "train": 0
    },
    {
      "operation": 481,
      "time": 27067,
      "train": 0
    },
    {
      "operation": 484,
      "time": 27081,
      "train": 0
    },
    {
      "operation": 485,
      "time": 27551,
      "train": 0
    },
    {
      "operation": 486,
      "time": 27566,
      "train": 0
    },
    {
      "operation": 347,
      "time": 27784,
      "train": 3
    },
    {
      "operation": 351,
      "time": 27796,
      "train": 3
    },
    {
      "operation": 487,
      "time": 27957,
      "train": 0
    },
    {
      "operation": 488,
      "time": 27961,
      "train": 0
    },
    {
      "operation": 489,
      "time": 28042,
      "train": 0
    },
    {
      "operation": 491,
      "time": 28063,
      "train": 0
    },
    {
      "operation": 353,
      "time": 28176,
      "train": 3
    },
    {
      "operation": 357,
      "time": 28191,
      "train": 3
    },
    {
      "operation": 494,
      "time": 28450,
      "train": 0
    },
    {
      "operation": 498,
      "time": 28466,
      "train": 0
    },
    {
      "operation": 361,
      "time": 28495,
      "train": 3
    },
    {
      "operation": 364,
      "time": 28508,
      "train": 3
    },
    {
      "operation": 503,
      "time": 28973,
      "train": 0
    },
    {
      "operation": 506,
      "time": 28988,
      "train": 0
    },
    {
      "operation": 370,
      "time": 29154,
      "train": 3
    },
    {
      "operation": 374,
      "time": 29175,
      "train": 3
    },
    {
      "operation": 510,
      "time": 29518,
      "train": 0
    },
    {
      "operation": 514,
      "time": 29532,
      "train": 0
    },
    {
      "operation": 378,
      "time": 29695,
      "train": 3
    },
    {
      "operation": 382,
      "time": 29724,
      "train": 3
    },
    {
      "operation": 517,
      "time": 30011,
      "train": 0
    },
    {
      "operation": 520,
      "time": 30026,
      "train": 0
    },
    {
      "operation": 523,
      "time": 30554,
      "train": 0
    },
    {
      "operation": 396,
      "time": 30566,
      "train": 3
    },
    {
      "operation": 526,
      "time": 30568,
      "train": 0
    },
    {
      "operation": 400,
      "time": 30592,
      "train": 3
    },
    {
      "operation": 403,
      "time": 30707,
      "train": 3
    },
    {
      "operation": 406,
      "time": 30713,
      "train": 3
    },
    {
      "operation": 530,
      "time": 31082,
      "train": 0
    },
    {
      "operation": 534,
      "time": 31097,
      "train": 0
    },
    {
      "operation": 417,
      "time": 31384,
      "train": 3
    },
    {
      "operation": 419,
      "time": 31405,
      "train": 3
    },
    {
      "operation": 538,
      "time": 31590,
      "train": 0
    },
    {
      "operation": 542,
      "time": 31605,
      "train": 0
    },
    {
      "operation": 546,
      "time": 31763,
      "train": 0
    },
    {
      "operation": 550,
      "time": 31779,
      "train": 0
    },
    {
      "operation": 556,
      "time": 31877,
      "train": 0
    },
    {
      "operation": 577,
      "time": 31896,
      "train": 0
    },
    {
      "operation": 603,
      "time": 31919,
      "train": 0
    },
    {
      "operation": 422,
      "time": 32138,
      "train": 3
    },
    {
      "operation": 425,
      "time": 32158,
      "train": 3
    },
    {
      "operation": 609,
      "time": 32170,
      "train": 0
    },
    {
      "operation": 620,
      "time": 32207,
      "train": 0
    },
    {
      "operation": 646,
      "time": 32250,
      "train": 0
    },
    {
      "operation": 674,
      "time": 32403,
      "train": 0
    },
    {
      "operation": 679,
      "time": 32437,
      "train": 0
    },
    {
      "operation": 439,
      "time": 32816,
      "train": 3
    },
    {
      "operation": 440,
      "time": 32837,
      "train": 3
    },
    {
      "operation": 683,
      "time": 32974,
      "train": 0
    },
    {
      "operation": 684,
      "time": 32974,
      "train": 0
    },
    {
      "operation": 441,
      "time": 33383,
      "train": 3
    },
    {
      "operation": 442,
      "time": 33388,
      "train": 3
    },
    {
      "operation": 443,
      "time": 33502,
      "train": 3
    },
    {
      "operation": 445,
      "time": 33531,
      "train": 3
    },
    {
      "operation": 447,
      "time": 34072,
      "train": 3
    },
    {
      "operation": 451,
      "time": 34094,
      "train": 3
    },
    {
      "operation": 455,
      "time": 34803,
      "train": 3
    },
    {
      "operation": 458,
      "time": 34824,
      "train": 3
    },
    {
      "operation": 461,
      "time": 35566,
      "train": 3
    },
    {
      "operation": 465,
      "time": 35585,
      "train": 3
    },
    {
      "operation": 469,
      "time": 36255,
      "train": 3
    },
    {
      "operation": 472,
      "time": 36276,
      "train": 3
    },
    {
      "operation": 475,
      "time": 37015,
      "train": 3
    },
    {
      "operation": 478,
      "time": 37035,
      "train": 3
    },
    {
      "operation": 482,
      "time": 37755,
      "train": 3
    },
    {
      "operation": 486,
      "time": 37776,
      "train": 3
    },
    {
      "operation": 492,
      "time": 38466,
      "train": 3
    },
    {
      "operation": 496,
      "time": 38487,
      "train": 3
    },
    {
      "operation": 500,
      "time": 38708,
      "train": 3
    },
    {
      "operation": 504,
      "time": 38730,
      "train": 3
    },
    {
      "operation": 511,
      "time": 38867,
      "train": 3
    },
    {
      "operation": 532,
      "time": 38893,
      "train": 3
    },
    {
      "operation": 558,
      "time": 38925,
      "train": 3
    },
    {
      "operation": 569,
      "time": 39176,
      "train": 3
    },
    {
      "operation": 580,
      "time": 39213,
      "train": 3
    },
    {
      "operation": 606,
      "time": 39256,
      "train": 3
    },
    {
      "operation": 635,
      "time": 39409,
      "train": 3
    },
    {
      "operation": 646,
      "time": 39443,
      "train": 3
    },
    {
      "operation": 655,
      "time": 39980,
      "train": 3
    },
    {
      "operation": 656,
      "time": 39980,
      "train": 3
    }
  ],
  "objective_value": 3369
}
