{
  "events": [
    {
      "operation": 0,
      "time": 0,
      "train": 0
    },
    {
      "operation": 0,
      "time": 0,
      "train": 2
    },
    {
      "operation": 0,
      "time": 0,
      "train": 5
    },
    {
      "operation": 0,
      "time": 0,
      "train": 1
    },
    {
      "operation": 0,
      "time": 0,
      "train": 4
    },
    {
      "operation": 1,
      "time": 0,
      "train": 1
    },
    {
      "operation": 0,
      "time": 0,
      "train": 3
    },
    {
      "operation": 2,
      "time": 12,
      "train": 1
    },
    {
      "operation": 1,
      "time": 154,
      "train": 5
    },
    {
      "operation": 1,
      "time": 270,
      "train": 3
    },
    {
      "operation": 2,
      "time": 270,
      "train": 3
    },
    {
      "operation": 1,
      "time": 346,
      "train": 4
    },
    {
      "operation": 2,
      "time": 393,
      "train": 4
    },
    {
      "operation": 3,
      "time": 477,
      "train": 1
    },
    {
      "operation": 4,
      "time": 489,
      "train": 1
    },
    {
      "operation": 1,
      "time": 515,
      "train": 2
    },
    {
      "operation": 2,
      "time": 558,
      "train": 2
    },
    {
      "operation": 3,
      "time": 601,
      "train": 4
    },
    {
      "operation": 5,
      "time": 623,
      "train": 4
    },
    {
      "operation": 8,
      "time": 657,
      "train": 4
    },
    {
      "operation": 11,
      "time": 690,
      "train": 4
    },
    {
      "operation": 3,
      "time": 863,
      "train": 2
    },
    {
      "operation": 5,
      "time": 886,
      "train": 2
    },
    {
      "operation": 5,
      "time": 927,
      "train": 1
    },
    {
      "operation": 6,
      "time": 940,
      "train": 1
    },
    {
      "operation": 19,
      "time": 1129,
      "train": 4
    },
    {
      "operation": 1,
      "time": 1144,
      "train": 0
    },
    {
      "operation": 2,
      "time": 1156,
      "train": 0
    },
    {
      "operation": 25,
      "time": 1158,
      "train": 4
    },
    {
      "operation": 3,
      "time": 1192,
      "train": 3
    },
    {
      "operation": 4,
      "time": 1206,
      "train": 3
    },
    {
      "operation": 2,
      "time": 1365,
      "train": 5
    },
    {
      "operation": 6,
      "time": 1633,
      "train": 3
    },
    {
      "operation": 7,
      "time": 1654,
      "train": 1
    },
    {
      "operation": 8,
      "time": 1656,
      "train": 3
    },
    {
      "operation": 8,
      "time": 1668,
      "train": 1
    },
    {
      "operation": 3,
      "time": 1788,
      "train": 0
    },
    {
      "operation": 4,
      "time": 1788,
      "train": 0
    },
    {
      "operation": 31,
      "time": 1810,
      "train": 4
    },
    {
      "operation": 37,
      "time": 1831,
      "train": 4
    },
    {
      "operation": 46,
      "time": 2027,
      "train": 4
    },
    {
      "operation": 50,
      "time": 2033,
      "train": 4
    },
    {
      "operation": 14,
      "time": 2084,
      "train": 3
    },
    {
      "operation": 20,
      "time": 2119,
      "train": 3
    },
    {
      "operation": 52,
      "time": 2147,
      "train": 4
    },
    {
      "operation": 54,
      "time": 2153,
      "train": 4
    },
    {
      "operation": 9,
      "time": 2213,
      "train": 1
    },
    {
      "operation": 10,
      "time": 2228,
      "train": 1
    },
    {
      "operation": 30,
      "time": 2276,
      "train": 3
    },
    {
      "operation": 40,
      "time": 2293,
      "train": 3
    },
    {
      "operation": 56,
      "time": 2327,
      "train": 3
    },
    {
      "operation": 76,
      "time": 2360,
      "train": 3
    },
    {
      "operation": 7,
      "time": 2447,
      "train": 2
    },
    {
      "operation": 9,
      "time": 2447,
      "train": 2
    },
    {
      "operation": 57,
      "time": 2501,
      "train": 4
    },
    {
      "operation": 59,
      "time": 2522,
      "train": 4
    },
    {
      "operation": 5,
      "time": 2595,
      "train": 0
    },
    {
      "operation": 6,
      "time": 2607,
      "train": 0
    },
    {
      "operation": 62,
      "time": 2656,
      "train": 4
    },
    {
      "operation": 66,
      "time": 2662,
      "train": 4
    },
    {
      "operation": 69,
      "time": 2776,
      "train": 4
    },
    {
      "operation": 72,
      "time": 2782,
      "train": 4
    },
    {
      "operation": 88,
      "time": 2799,
      "train": 3
    },
    {
      "operation": 94,
      "time": 2828,
      "train": 3
    },
    {
      "operation": 8,
      "time": 2963,
      "train": 0
    },
    {
      "operation": 10,
      "time": 2982,
      "train": 0
    },
    {
      "operation": 12,
      "time": 3060,
      "train": 1
    },
    {
      "operation": 14,
      "time": 3078,
      "train": 1
    },
    {
      "operation": 74,
      "time": 3121,
      "train": 4
    },
    {
      "operation": 76,
      "time": 3151,
      "train": 4
    },
    {
      "operation": 16,
      "time": 3362,
      "train": 0
    },
    {
      "operation": 12,
      "time": 3380,
      "train": 2
    },
    {
      "operation": 16,
      "time": 3392,
      "train": 2
    },
    {
      "operation": 22,
      "time": 3397,
      "train": 0
    },
    {
      "operation": 100,
      "time": 3480,
      "train": 3
    },
    {
      "operation": 106,
      "time": 3501,
      "train": 3
    },
    {
      "operation": 4,
      "time": 3526,
      "train": 5
    },
    {
      "operation": 32,
      "time": 3554,
      "train": 0
    },
    {
      "operation": 42,
      "time": 3571,
      "train": 0
    },
    {
      "operation": 6,
      "time": 3604,
      "train": 5
    },
    {
      "operation": 58,
      "time": 3605,
      "train": 0
    },
    {
      "operation": 78,
      "time": 3638,
      "train": 0
    },
    {
      "operation": 115,
      "time": 3697,
      "train": 3
    },
    {
      "operation": 119,
      "time": 3703,
      "train": 3
    },
    {
      "operation": 18,
      "time": 3727,
      "train": 1
    },
    {
      "operation": 22,
      "time": 3745,
      "train": 1
    },
    {
      "operation": 79,
      "time": 3804,
      "train": 4
    },
    {
      "operation": 121,
      "time": 3817,
      "train": 3
    },
    {
      "operation": 123,
      "time": 3823,
      "train": 3
    },
    {
      "operation": 82,
      "time": 3826,
      "train": 4
    },
    {
      "operation": 22,
      "time": 3857,
      "train": 2
    },
    {
      "operation": 26,
      "time": 3869,
      "train": 2
    },
    {
      "operation": 90,
      "time": 4069,
      "train": 0
    },
    {
      "operation": 96,
      "time": 4093,
      "train": 0
    },
    {
      "operation": 89,
      "time": 4104,
      "train": 4
    },
    {
      "operation": 92,
      "time": 4119,
      "train": 4
    },
    {
      "operation": 125,
      "time": 4171,
      "train": 3
    },
    {
      "operation": 127,
      "time": 4192,
      "train": 3
    },
    {
      "operation": 95,
      "time": 4228,
      "train": 4
    },
    {
      "operation": 25,
      "time": 4256,
      "train": 1
    },
    {
      "operation": 98,
      "time": 4270,
      "train": 4
    },
    {
      "operation": 28,
      "time": 4274,
      "train": 1
    },
    {
      "operation": 30,
      "time": 4307,
      "train": 2
    },
    {
      "operation": 101,
      "time": 4319,
      "train": 4
    },
    {
      "operation": 34,
      "time": 4320,
      "train": 2
    },
    {
      "operation": 104,
      "time": 4332,
      "train": 4
    },
    {
      "operation": 8,
      "time": 4448,
      "train": 5
    },
    {
      "operation": 10,
      "time": 4448,
      "train": 5
    },
    {
      "operation": 106,
      "time": 4453,
      "train": 4
    },
    {
      "operation": 107,
      "time": 4453,
      "train": 4
    },
    {
      "operation": 102,
      "time": 4636,
      "train": 0
    },
    {
      "operation": 108,
      "time": 4654,
      "train": 0
    },
    {
      "operation": 32,
      "time": 4688,
      "train": 1
    },
    {
      "operation": 36,
      "time": 4705,
      "train": 1
    },
    {
      "operation": 130,
      "time": 4790,
      "train": 3
    },
    {
      "operation": 117,
      "time": 4817,
      "train": 0
    },
    {
      "operation": 134,
      "time": 4820,
      "train": 3
    },
    {
      "operation": 121,
      "time": 4822,
      "train": 0
    },
    {
      "operation": 123,
      "time": 4917,
      "train": 0
    },
    {
      "operation": 125,
      "time": 4922,
      "train": 0
    },
    {
      "operation": 137,
      "time": 4926,
      "train": 3
    },
    {
      "operation": 140,
      "time": 4933,
      "train": 3
    },
    {
      "operation": 38,
      "time": 5034,
      "train": 2
    },
    {
      "operation": 42,
      "time": 5048,
      "train": 2
    },
    {
      "operation": 40,
      "time": 5179,
      "train": 1
    },
    {
      "operation": 46,
      "time": 5197,
      "train": 1
    },
    {
      "operation": 127,
      "time": 5212,
      "train": 0
    },
    {
      "operation": 129,
      "time": 5233,
      "train": 0
    },
    {
      "operation": 153,
      "time": 5474,
      "train": 3
    },
    {
      "operation": 155,
      "time": 5496,
      "train": 3
    },
    {
      "operation": 108,
      "time": 5551,
      "train": 4
    },
    {
      "operation": 109,
      "time": 5551,
      "train": 4
    },
    {
      "operation": 110,
      "time": 5551,
      "train": 4
    },
    {
      "operation": 46,
      "time": 5593,
      "train": 2
    },
    {
      "operation": 50,
      "time": 5608,
      "train": 2
    },
    {
      "operation": 132,
      "time": 5732,
      "train": 0
    },
    {
      "operation": 136,
      "time": 5757,
      "train": 0
    },
    {
      "operation": 157,
      "time": 5774,
      "train": 3
    },
    {
      "operation": 160,
      "time": 5789,
      "train": 3
    },
    {
      "operation": 139,
      "time": 5845,
      "train": 0
    },
    {
      "operation": 142,
      "time": 5851,
      "train": 0
    },
    {
      "operation": 163,
      "time": 5898,
      "train": 3
    },
    {
      "operation": 169,
      "time": 5924,
      "train": 3
    },
    {
      "operation": 52,
      "time": 5941,
      "train": 1
    },
    {
      "operation": 175,
      "time": 5948,
      "train": 3
    },
    {
      "operation": 180,
      "time": 5954,
      "train": 3
    },
    {
      "operation": 58,
      "time": 5958,
      "train": 1
    },
    {
      "operation": 186,
      "time": 6014,
      "train": 3
    },
    {
      "operation": 188,
      "time": 6029,
      "train": 3
    },
    {
      "operation": 12,
      "time": 6133,
      "train": 5
    },
    {
      "operation": 14,
      "time": 6156,
      "train": 5
    },
    {
      "operation": 155,
      "time": 6302,
      "train": 0
    },
    {
      "operation": 157,
      "time": 6320,
      "train": 0
    },
    {
      "operation": 54,
      "time": 6443,
      "train": 2
    },
    {
      "operation": 58,
      "time": 6458,
      "train": 2
    },
    {
      "operation": 15,
      "time": 6512,
      "train": 5
    },
    {
      "operation": 17,
      "time": 6535,
      "train": 5
    },
    {
      "operation": 159,
      "time": 6552,
      "train": 0
    },
    {
      "operation": 162,
      "time": 6565,
      "train": 0
    },
    {
      "operation": 190,
      "time": 6629,
      "train": 3
    },
    {
      "operation": 67,
      "time": 6648,
      "train": 1
    },
    {
      "operation": 192,
      "time": 6649,
      "train": 3
    },
    {
      "operation": 165,
      "time": 6656,
      "train": 0
    },
    {
      "operation": 71,
      "time": 6658,
      "train": 1
    },
    {
      "operation": 171,
      "time": 6677,
      "train": 0
    },
    {
      "operation": 177,
      "time": 6697,
      "train": 0
    },
    {
      "operation": 182,
      "time": 6702,
      "train": 0
    },
    {
      "operation": 188,
      "time": 6752,
      "train": 0
    },
    {
      "operation": 190,
      "time": 6861,
      "train": 0
    },
    {
      "operation": 21,
      "time": 6915,
      "train": 5
    },
    {
      "operation": 27,
      "time": 6959,
      "train": 5
    },
    {
      "operation": 62,
      "time": 7015,
      "train": 2
    },
    {
      "operation": 66,
      "time": 7030,
      "train": 2
    },
    {
      "operation": 73,
      "time": 7036,
      "train": 1
    },
    {
      "operation": 77,
      "time": 7051,
      "train": 1
    },
    {
      "operation": 35,
      "time": 7154,
      "train": 5
    },
    {
      "operation": 45,
      "time": 7171,
      "train": 5
    },
    {
      "operation": 57,
      "time": 7205,
      "train": 5
    },
    {
      "operation": 79,
      "time": 7249,
      "train": 5
    },
    {
      "operation": 81,
      "time": 7355,
      "train": 1
    },
    {
      "operation": 192,
      "time": 7361,
      "train": 0
    },
    {
      "operation": 84,
      "time": 7368,
      "train": 1
    },
    {
      "operation": 194,
      "time": 7392,
      "train": 3
    },
    {
      "operation": 195,
      "time": 7417,
      "train": 3
    },
    {
      "operation": 69,
      "time": 7468,
      "train": 2
    },
    {
      "operation": 72,
      "time": 7484,
      "train": 2
    },
    {
      "operation": 194,
      "time": 7629,
      "train": 0
    },
    {
      "operation": 86,
      "time": 7669,
      "train": 5
    },
    {
      "operation": 92,
      "time": 7692,
      "train": 5
    },
    {
      "operation": 97,
      "time": 7788,
      "train": 5
    },
    {
      "operation": 103,
      "time": 7794,
      "train": 5
    },
    {
      "operation": 75,
      "time": 7889,
      "train": 2
    },
    {
      "operation": 79,
      "time": 7910,
      "train": 2
    },
    {
      "operation": 90,
      "time": 7933,
      "train": 1
    },
    {
      "operation": 94,
      "time": 7950,
      "train": 1
    },
    {
      "operation": 196,
      "time": 8221,
      "train": 3
    },
    {
      "operation": 109,
      "time": 8238,
      "train": 5
    },
    {
      "operation": 197,
      "time": 8241,
      "train": 3
    },
    {
      "operation": 111,
      "time": 8256,
      "train": 5
    },
    {
      "operation": 196,
      "time": 8271,
      "train": 0
    },
    {
      "operation": 82,
      "time": 8355,
      "train": 2
    },
    {
      "operation": 88,
      "time": 8370,
      "train": 2
    },
    {
      "operation": 97,
      "time": 8384,
      "train": 1
    },
    {
      "operation": 100,
      "time": 8408,
      "train": 1
    },
    {
      "operation": 93,
      "time": 8449,
      "train": 2
    },
    {
      "operation": 197,
      "time": 8453,
      "train": 0
    },
    {
      "operation": 99,
      "time": 8459,
      "train": 2
    },
    {
      "operation": 198,
      "time": 8758,
      "train": 3
    },
    {
      "operation": 199,
      "time": 8778,
      "train": 3
    },
    {
      "operation": 114,
      "time": 8902,
      "train": 5
    },
    {
      "operation": 118,
      "time": 8923,
      "train": 5
    },
    {
      "operation": 105,
      "time": 9008,
      "train": 2
    },
    {
      "operation": 107,
      "time": 9023,
      "train": 2
    },
    {
      "operation": 131,
      "time": 9035,
      "train": 5
    },
    {
      "operation": 135,
      "time": 9040,
      "train": 5
    },
    {
      "operation": 114,
      "time": 9109,
      "train": 1
    },
    {
      "operation": 198,
      "time": 9123,
      "train": 0
    },
    {
      "operation": 118,
      "time": 9131,
      "train": 1
    },
    {
      "operation": 138,
      "time": 9135,
      "train": 5
    },
    {
      "operation": 141,
      "time": 9140,
      "train": 5
    },
    {
      "operation": 199,
      "time": 9140,
      "train": 0
    },
    {
      "operation": 121,
      "time": 9227,
      "train": 1
    },
    {
      "operation": 124,
      "time": 9232,
      "train": 1
    },
    {
      "operation": 143,
      "time": 9423,
      "train": 5
    },
    {
      "operation": 145,
      "time": 9448,
      "train": 5
    },
    {
      "operation": 200,
      "time": 9570,
      "train": 0
    },
    {
      "operation": 200,
      "time": 9592,
      "train": 3
    },
    {
      "operation": 201,
      "time": 9613,
      "train": 3
    },
    {
      "operation": 110,
      "time": 9615,
      "train": 2
    },
    {
      "operation": 114,
      "time": 9623,
      "train": 2
    },
    {
      "operation": 136,
      "time": 9791,
      "train": 1
    },
    {
      "operation": 138,
      "time": 9808,
      "train": 1
    },
    {
      "operation": 201,
      "time": 9825,
      "train": 0
    },
    {
      "operation": 202,
      "time": 9842,
      "train": 3
    },
    {
      "operation": 203,
      "time": 9847,
      "train": 3
    },
    {
      "operation": 204,
      "time": 9961,
      "train": 3
    },
    {
      "operation": 205,
      "time": 9968,
      "train": 3
    },
    {
      "operation": 148,
      "time": 9992,
      "train": 5
    },
    {
      "operation": 120,
      "time": 10002,
      "train": 2
    },
    {
      "operation": 151,
      "time": 10010,
      "train": 5
    },
    {
      "operation": 124,
      "time": 10016,
      "train": 2
    },
    {
      "operation": 141,
      "time": 10193,
      "train": 1
    },
    {
      "operation": 144,
      "time": 10197,
      "train": 1
    },
    {
      "operation": 158,
      "time": 10242,
      "train": 5
    },
    {
      "operation": 161,
      "time": 10255,
      "train": 5
    },
    {
      "operation": 147,
      "time": 10293,
      "train": 1
    },
    {
      "operation": 150,
      "time": 10298,
      "train": 1
    },
    {
      "operation": 126,
      "time": 10321,
      "train": 2
    },
    {
      "operation": 129,
      "time": 10332,
      "train": 2
    },
    {
      "operation": 166,
      "time": 10346,
      "train": 5
    },
    {
      "operation": 172,
      "time": 10367,
      "train": 5
    },
    {
      "operation": 206,
      "time": 10383,
      "train": 3
    },
    {
      "operation": 207,
      "time": 10404,
      "train": 3
    },
    {
      "operation": 153,
      "time": 10421,
      "train": 1
    },
    {
      "operation": 156,
      "time": 10438,
      "train": 1
    },
    {
      "operation": 178,
      "time": 10442,
      "train": 5
    },
    {
      "operation": 182,
      "time": 10454,
      "train": 5
    },
    {
      "operation": 202,
      "time": 10503,
      "train": 0
    },
    {
      "operation": 203,
      "time": 10520,
      "train": 0
    },
    {
      "operation": 204,
      "time": 10711,
      "train": 0
    },
    {
      "operation": 205,
      "time": 10715,
      "train": 0
    },
    {
      "operation": 208,
      "time": 10789,
      "train": 3
    },
    {
      "operation": 209,
      "time": 10794,
      "train": 3
    },
    {
      "operation": 206,
      "time": 10810,
      "train": 0
    },
    {
      "operation": 207,
      "time": 10816,
      "train": 0
    },
    {
      "operation": 131,
      "time": 10852,
      "train": 2
    },
    {
      "operation": 135,
      "time": 10867,
      "train": 2
    },
    {
      "operation": 210,
      "time": 10919,
      "train": 3
    },
    {
      "operation": 211,
      "time": 10925,
      "train": 3
    },
    {
      "operation": 139,
      "time": 10951,
      "train": 2
    },
    {
      "operation": 188,
      "time": 10954,
      "train": 5
    },
    {
      "operation": 142,
      "time": 10955,
      "train": 2
    },
    {
      "operation": 190,
      "time": 10974,
      "train": 5
    },
    {
      "operation": 157,
      "time": 10987,
      "train": 1
    },
    {
      "operation": 158,
      "time": 11005,
      "train": 1
    },
    {
      "operation": 145,
      "time": 11037,
      "train": 2
    },
    {
      "operation": 148,
      "time": 11041,
      "train": 2
    },
    {
      "operation": 208,
      "time": 11162,
      "train": 0
    },
    {
      "operation": 209,
      "time": 11179,
      "train": 0
    },
    {
      "operation": 213,
      "time": 11179,
      "train": 3
    },
    {
      "operation": 215,
      "time": 11190,
      "train": 3
    },
    {
      "operation": 151,
      "time": 11241,
      "train": 2
    },
    {
      "operation": 153,
      "time": 11262,
      "train": 2
    },
    {
      "operation": 155,
      "time": 11314,
      "train": 2
    },
    {
      "operation": 159,
      "time": 11318,
      "train": 2
    },
    {
      "operation": 163,
      "time": 11424,
      "train": 2
    },
    {
      "operation": 166,
      "time": 11429,
      "train": 2
    },
    {
      "operation": 159,
      "time": 11460,
      "train": 1
    },
    {
      "operation": 160,
      "time": 11464,
      "train": 1
    },
    {
      "operation": 210,
      "time": 11519,
      "train": 0
    },
    {
      "operation": 211,
      "time": 11524,
      "train": 0
    },
    {
      "operation": 217,
      "time": 11543,
      "train": 3
    },
    {
      "operation": 219,
      "time": 11552,
      "train": 3
    },
    {
      "operation": 161,
      "time": 11559,
      "train": 1
    },
    {
      "operation": 191,
      "time": 11576,
      "train": 5
    },
    {
      "operation": 163,
      "time": 11583,
      "train": 1
    },
    {
      "operation": 192,
      "time": 11597,
      "train": 5
    },
    {
      "operation": 212,
      "time": 11649,
      "train": 0
    },
    {
      "operation": 213,
      "time": 11655,
      "train": 0
    },
    {
      "operation": 169,
      "time": 11863,
      "train": 2
    },
    {
      "operation": 171,
      "time": 11882,
      "train": 2
    },
    {
      "operation": 221,
      "time": 11886,
      "train": 3
    },
    {
      "operation": 223,
      "time": 11894,
      "train": 3
    },
    {
      "operation": 214,
      "time": 11908,
      "train": 0
    },
    {
      "operation": 216,
      "time": 11913,
      "train": 0
    },
    {
      "operation": 166,
      "time": 12034,
      "train": 1
    },
    {
      "operation": 170,
      "time": 12052,
      "train": 1
    },
    {
      "operation": 218,
      "time": 12090,
      "train": 0
    },
    {
      "operation": 220,
      "time": 12106,
      "train": 0
    },
    {
      "operation": 193,
      "time": 12267,
      "train": 5
    },
    {
      "operation": 194,
      "time": 12284,
      "train": 5
    },
    {
      "operation": 222,
      "time": 12384,
      "train": 0
    },
    {
      "operation": 224,
      "time": 12388,
      "train": 0
    },
    {
      "operation": 173,
      "time": 12447,
      "train": 2
    },
    {
      "operation": 176,
      "time": 12462,
      "train": 2
    },
    {
      "operation": 226,
      "time": 12583,
      "train": 0
    },
    {
      "operation": 228,
      "time": 12588,
      "train": 0
    },
    {
      "operation": 175,
      "time": 12643,
      "train": 1
    },
    {
      "operation": 178,
      "time": 12660,
      "train": 1
    },
    {
      "operation": 225,
      "time": 12672,
      "train": 3
    },
    {
      "operation": 195,
      "time": 12714,
      "train": 5
    },
    {
      "operation": 196,
      "time": 12731,
      "train": 5
    },
    {
      "operation": 183,
      "time": 12986,
      "train": 2
    },
    {
      "operation": 186,
      "time": 13000,
      "train": 2
    },
    {
      "operation": 230,
      "time": 13014,
      "train": 0
    },
    {
      "operation": 232,
      "time": 13018,
      "train": 0
    },
    {
      "operation": 234,
      "time": 13113,
      "train": 0
    },
    {
      "operation": 236,
      "time": 13118,
      "train": 0
    },
    {
      "operation": 227,
      "time": 13227,
      "train": 3
    },
    {
      "operation": 182,
      "time": 13278,
      "train": 1
    },
    {
      "operation": 186,
      "time": 13295,
      "train": 1
    },
    {
      "operation": 238,
      "time": 13375,
      "train": 0
    },
    {
      "operation": 240,
      "time": 13379,
      "train": 0
    },
    {
      "operation": 197,
      "time": 13409,
      "train": 5
    },
    {
      "operation": 198,
      "time": 13426,
      "train": 5
    },
    {
      "operation": 189,
      "time": 13470,
      "train": 2
    },
    {
      "operation": 192,
      "time": 13485,
      "train": 2
    },
    {
      "operation": 242,
      "time": 13557,
      "train": 0
    },
    {
      "operation": 244,
      "time": 13562,
      "train": 0
    },
    {
      "operation": 199,
      "time": 13617,
      "train": 5
    },
    {
      "operation": 200,
      "time": 13621,
      "train": 5
    },
    {
      "operation": 201,
      "time": 13716,
      "train": 5
    },
    {
      "operation": 202,
      "time": 13716,
      "train": 5
    },
    {
      "operation": 229,
      "time": 13738,
      "train": 3
    },
    {
      "operation": 231,
      "time": 13745,
      "train": 3
    },
    {
      "operation": 189,
      "time": 13853,
      "train": 1
    },
    {
      "operation": 192,
      "time": 13870,
      "train": 1
    },
    {
      "operation": 233,
      "time": 13935,
      "train": 3
    },
    {
      "operation": 235,
      "time": 13944,
      "train": 3
    },
    {
      "operation": 247,
      "time": 13955,
      "train": 0
    },
    {
      "operation": 196,
      "time": 13968,
      "train": 2
    },
    {
      "operation": 249,
      "time": 13970,
      "train": 0
    },
    {
      "operation": 199,
      "time": 13983,
      "train": 2
    },
    {
      "operation": 237,
      "time": 14253,
      "train": 3
    },
    {
      "operation": 239,
      "time": 14261,
      "train": 3
    },
    {
      "operation": 251,
      "time": 14293,
      "train": 0
    },
    {
      "operation": 253,
      "time": 14313,
      "train": 0
    },
    {
      "operation": 211,
      "time": 14370,
      "train": 2
    },
    {
      "operation": 215,
      "time": 14386,
      "train": 2
    },
    {
      "operation": 195,
      "time": 14486,
      "train": 1
    },
    {
      "operation": 198,
      "time": 14503,
      "train": 1
    },
    {
      "operation": 241,
      "time": 14616,
      "train": 3
    },
    {
      "operation": 243,
      "time": 14625,
      "train": 3
    },
    {
      "operation": 255,
      "time": 14745,
      "train": 0
    },
    {
      "operation": 257,
      "time": 14760,
      "train": 0
    },
    {
      "operation": 217,
      "time": 14893,
      "train": 2
    },
    {
      "operation": 220,
      "time": 14908,
      "train": 2
    },
    {
      "operation": 244,
      "time": 15096,
      "train": 3
    },
    {
      "operation": 202,
      "time": 15103,
      "train": 1
    },
    {
      "operation": 246,
      "time": 15119,
      "train": 3
    },
    {
      "operation": 206,
      "time": 15120,
      "train": 1
    },
    {
      "operation": 258,
      "time": 15147,
      "train": 0
    },
    {
      "operation": 260,
      "time": 15151,
      "train": 0
    },
    {
      "operation": 262,
      "time": 15322,
      "train": 0
    },
    {
      "operation": 264,
      "time": 15327,
      "train": 0
    },
    {
      "operation": 223,
      "time": 15438,
      "train": 2
    },
    {
      "operation": 227,
      "time": 15452,
      "train": 2
    },
    {
      "operation": 248,
      "time": 15507,
      "train": 3
    },
    {
      "operation": 250,
      "time": 15531,
      "train": 3
    },
    {
      "operation": 210,
      "time": 15695,
      "train": 1
    },
    {
      "operation": 214,
      "time": 15712,
      "train": 1
    },
    {
      "operation": 266,
      "time": 15778,
      "train": 0
    },
    {
      "operation": 268,
      "time": 15782,
      "train": 0
    },
    {
      "operation": 270,
      "time": 15877,
      "train": 0
    },
    {
      "operation": 272,
      "time": 15882,
      "train": 0
    },
    {
      "operation": 218,
      "time": 15895,
      "train": 1
    },
    {
      "operation": 222,
      "time": 15913,
      "train": 1
    },
    {
      "operation": 231,
      "time": 15931,
      "train": 2
    },
    {
      "operation": 234,
      "time": 15946,
      "train": 2
    },
    {
      "operation": 252,
      "time": 15983,
      "train": 3
    },
    {
      "operation": 254,
      "time": 16006,
      "train": 3
    },
    {
      "operation": 228,
      "time": 16027,
      "train": 1
    },
    {
      "operation": 249,
      "time": 16049,
      "train": 1
    },
    {
      "operation": 275,
      "time": 16076,
      "train": 1
    },
    {
      "operation": 275,
      "time": 16117,
      "train": 0
    },
    {
      "operation": 277,
      "time": 16133,
      "train": 0
    },
    {
      "operation": 281,
      "time": 16327,
      "train": 1
    },
    {
      "operation": 292,
      "time": 16364,
      "train": 1
    },
    {
      "operation": 318,
      "time": 16407,
      "train": 1
    },
    {
      "operation": 257,
      "time": 16470,
      "train": 3
    },
    {
      "operation": 237,
      "time": 16474,
      "train": 2
    },
    {
      "operation": 259,
      "time": 16478,
      "train": 3
    },
    {
      "operation": 240,
      "time": 16488,
      "train": 2
    },
    {
      "operation": 346,
      "time": 16560,
      "train": 1
    },
    {
      "operation": 351,
      "time": 16594,
      "train": 1
    },
    {
      "operation": 261,
      "time": 16820,
      "train": 3
    },
    {
      "operation": 263,
      "time": 16829,
      "train": 3
    },
    {
      "operation": 279,
      "time": 16842,
      "train": 0
    },
    {
      "operation": 281,
      "time": 16864,
      "train": 0
    },
    {
      "operation": 283,
      "time": 16961,
      "train": 0
    },
    {
      "operation": 285,
      "time": 16966,
      "train": 0
    },
    {
      "operation": 243,
      "time": 17002,
      "train": 2
    },
    {
      "operation": 247,
      "time": 17017,
      "train": 2
    },
    {
      "operation": 355,
      "time": 17131,
      "train": 1
    },
    {
      "operation": 356,
      "time": 17131,
      "train": 1
    },
    {
      "operation": 286,
      "time": 17307,
      "train": 0
    },
    {
      "operation": 288,
      "time": 17312,
      "train": 0
    },
    {
      "operation": 264,
      "time": 17370,
      "train": 3
    },
    {
      "operation": 266,
      "time": 17375,
      "train": 3
    },
    {
      "operation": 290,
      "time": 17407,
      "train": 0
    },
    {
      "operation": 292,
      "time": 17412,
      "train": 0
    },
    {
      "operation": 268,
      "time": 17489,
      "train": 3
    },
    {
      "operation": 270,
      "time": 17495,
      "train": 3
    },
    {
      "operation": 251,
      "time": 17510,
      "train": 2
    },
    {
      "operation": 255,
      "time": 17525,
      "train": 2
    },
    {
      "operation": 259,
      "time": 17683,
      "train": 2
    },
    {
      "operation": 263,
      "time": 17699,
      "train": 2
    },
    {
      "operation": 295,
      "time": 17718,
      "train": 0
    },
    {
      "operation": 297,
      "time": 17738,
      "train": 0
    },
    {
      "operation": 272,
      "time": 17776,
      "train": 3
    },
    {
      "operation": 274,
      "time": 17795,
      "train": 3
    },
    {
      "operation": 267,
      "time": 17797,
      "train": 2
    },
    {
      "operation": 275,
      "time": 17816,
      "train": 2
    },
    {
      "operation": 301,
      "time": 17840,
      "train": 2
    },
    {
      "operation": 301,
      "time": 17889,
      "train": 0
    },
    {
      "operation": 305,
      "time": 17897,
      "train": 0
    },
    {
      "operation": 335,
      "time": 18090,
      "train": 2
    },
    {
      "operation": 359,
      "time": 18127,
      "train": 2
    },
    {
      "operation": 385,
      "time": 18170,
      "train": 2
    },
    {
      "operation": 388,
      "time": 18323,
      "train": 2
    },
    {
      "operation": 393,
      "time": 18357,
      "train": 2
    },
    {
      "operation": 276,
      "time": 18583,
      "train": 3
    },
    {
      "operation": 278,
      "time": 18610,
      "train": 3
    },
    {
      "operation": 280,
      "time": 18726,
      "train": 3
    },
    {
      "operation": 282,
      "time": 18732,
      "train": 3
    },
    {
      "operation": 398,
      "time": 18894,
      "train": 2
    },
    {
      "operation": 400,
      "time": 18894,
      "train": 2
    },
    {
      "operation": 307,
      "time": 18984,
      "train": 0
    },
    {
      "operation": 309,
      "time": 18995,
      "train": 0
    },
    {
      "operation": 284,
      "time": 19141,
      "train": 3
    },
    {
      "operation": 286,
      "time": 19147,
      "train": 3
    },
    {
      "operation": 310,
      "time": 19211,
      "train": 0
    },
    {
      "operation": 312,
      "time": 19219,
      "train": 0
    },
    {
      "operation": 288,
      "time": 19261,
      "train": 3
    },
    {
      "operation": 290,
      "time": 19267,
      "train": 3
    },
    {
      "operation": 314,
      "time": 19384,
      "train": 0
    },
    {
      "operation": 316,
      "time": 19393,
      "train": 0
    },
    {
      "operation": 292,
      "time": 19621,
      "train": 3
    },
    {
      "operation": 294,
      "time": 19641,
      "train": 3
    },
    {
      "operation": 318,
      "time": 19667,
      "train": 0
    },
    {
      "operation": 320,
      "time": 19684,
      "train": 0
    },
    {
      "operation": 296,
      "time": 19822,
      "train": 3
    },
    {
      "operation": 300,
      "time": 19831,
      "train": 3
    },
    {
      "operation": 322,
      "time": 19897,
      "train": 0
    },
    {
      "operation": 324,
      "time": 19902,
      "train": 0
    },
    {
      "operation": 326,
      "time": 20224,
      "train": 0
    },
    {
      "operation": 328,
      "time": 20230,
      "train": 0
    },
    {
      "operation": 330,
      "time": 20344,
      "train": 0
    },
    {
      "operation": 332,
      "time": 20372,
      "train": 0
    },
    {
      "operation": 335,
      "time": 20643,
      "train": 0
    },
    {
      "operation": 337,
      "time": 20714,
      "train": 0
    },
    {
      "operation": 304,
      "time": 20977,
      "train": 3
    },
    {
      "operation": 306,
      "time": 20989,
      "train": 3
    },
    {
      "operation": 308,
      "time": 21205,
      "train": 3
    },
    {
      "operation": 310,
      "time": 21213,
      "train": 3
    },
    {
      "operation": 341,
      "time": 21357,
      "train": 0
    },
    {
      "operation": 312,
      "time": 21378,
      "train": 3
    },
    {
      "operation": 345,
      "time": 21381,
      "train": 0
    },
    {
      "operation": 314,
      "time": 21387,
      "train": 3
    },
    {
      "operation": 316,
      "time": 21664,
      "train": 3
    },
    {
      "operation": 318,
      "time": 21685,
      "train": 3
    },
    {
      "operation": 320,
      "time": 21940,
      "train": 3
    },
    {
      "operation": 347,
      "time": 21942,
      "train": 0
    },
    {
      "operation": 322,
      "time": 21946,
      "train": 3
    },
    {
      "operation": 349,
      "time": 21959,
      "train": 0
    },
    {
      "operation": 324,
      "time": 22332,
      "train": 3
    },
    {
      "operation": 326,
      "time": 22338,
      "train": 3
    },
    {
      "operation": 350,
      "time": 22370,
      "train": 0
    },
    {
      "operation": 352,
      "time": 22374,
      "train": 0
    },
    {
      "operation": 328,
      "time": 22452,
      "train": 3
    },
    {
      "operation": 330,
      "time": 22480,
      "train": 3
    },
    {
      "operation": 354,
      "time": 22547,
      "train": 0
    },
    {
      "operation": 356,
      "time": 22552,
      "train": 0
    },
    {
      "operation": 333,
      "time": 22751,
      "train": 3
    },
    {
      "operation": 335,
      "time": 22822,
      "train": 3
    },
    {
      "operation": 358,
      "time": 22923,
      "train": 0
    },
    {
      "operation": 359,
      "time": 22933,
      "train": 0
    },
    {
      "operation": 360,
      "time": 23025,
      "train": 0
    },
    {
      "operation": 361,
      "time": 23052,
      "train": 0
    },
    {
      "operation": 339,
      "time": 23468,
      "train": 3
    },
    {
      "operation": 343,
      "time": 23492,
      "train": 3
    },
    {
      "operation": 362,
      "time": 23613,
      "train": 0
    },
    {
      "operation": 363,
      "time": 23629,
      "train": 0
    },
    {
      "operation": 345,
      "time": 24125,
      "train": 3
    },
    {
      "operation": 347,
      "time": 24146,
      "train": 3
    },
    {
      "operation": 364,
      "time": 24278,
      "train": 0
    },
    {
      "operation": 365,
      "time": 24294,
      "train": 0
    },
    {
      "operation": 348,
      "time": 24639,
      "train": 3
    },
    {
      "operation": 350,
      "time": 24644,
      "train": 3
    },
    {
      "operation": 366,
      "time": 24767,
      "train": 0
    },
    {
      "operation": 352,
      "time": 24852,
      "train": 3
    },
    {
      "operation": 354,
      "time": 24858,
      "train": 3
    },
    {
      "operation": 367,
      "time": 24875,
      "train": 0
    },
    {
      "operation": 368,
      "time": 24915,
      "train": 0
    },
    {
      "operation": 369,
      "time": 24941,
      "train": 0
    },
    {
      "operation": 357,
      "time": 25302,
      "train": 3
    },
    {
      "operation": 359,
      "time": 25312,
      "train": 3
    },
    {
      "operation": 362,
      "time": 25422,
      "train": 3
    },
    {
      "operation": 365,
      "time": 25455,
      "train": 3
    },
    {
      "operation": 370,
      "time": 25697,
      "train": 0
    },
    {
      "operation": 371,
      "time": 25697,
      "train": 0
    },
    {
      "operation": 372,
      "time": 25697,
      "train": 0
    },
    {
      "operation": 368,
      "time": 26128,
      "train": 3
    },
    {
      "operation": 371,
      "time": 26147,
      "train": 3
    },
    {
      "operation": 374,
      "time": 26926,
      "train": 3
    },
    {
      "operation": 377,
      "time": 26945,
      "train": 3
    },
    {
      "operation": 379,
      "time": 27512,
      "train": 3
    },
    {
      "operation": 381,
      "time": 27534,
      "train": 3
    },
    {
      "operation": 383,
      "time": 27566,
      "train": 3
    },
    {
      "operation": 386,
      "time": 27577,
      "train": 3
    },
    {
      "operation": 389,
      "time": 27691,
      "train": 3
    },
    {
      "operation": 393,
      "time": 27720,
      "train": 3
    },
    {
      "operation": 398,
      "time": 28367,
      "train": 3
    },
    {
      "operation": 401,
      "time": 28388,
      "train": 3
    },
    {
      "operation": 404,
      "time": 29089,
      "train": 3
    },
    {
      "operation": 407,
      "time": 29117,
      "train": 3
    },
    {
      "operation": 409,
      "time": 29232,
      "train": 3
    },
    {
      "operation": 411,
      "time": 29238,
      "train": 3
    },
    {
      "operation": 412,
      "time": 29877,
      "train": 3
    },
    {
      "operation": 413,
      "time": 29898,
      "train": 3
    },
    {
      "operation": 414,
      "time": 30067,
      "train": 3
    },
    {
      "operation": 416,
      "time": 30072,
      "train": 3
    },
    {
      "operation": 418,
      "time": 30187,
      "train": 3
    },
    {
      "operation": 420,
      "time": 30193,
      "train": 3
    },
    {
      "operation": 422,
      "time": 30625,
      "train": 3
    },
    {
      "operation": 424,
      "time": 30630,
      "train": 3
    },
    {
      "operation": 426,
      "time": 30827,
      "train": 3
    },
    {
      "operation": 428,
      "time": 30834,
      "train": 3
    },
    {
      "operation": 430,
      "time": 31105,
      "train": 3
    },
    {
      "operation": 432,
      "time": 31115,
      "train": 3
    },
    {
      "operation": 435,
      "time": 31571,
      "train": 3
    },
    {
      "operation": 439,
      "time": 31592,
      "train": 3
    },
    {
      "operation": 444,
      "time": 32322,
      "train": 3
    },
    {
      "operation": 447,
      "time": 32342,
      "train": 3
    },
    {
      "operation": 450,
      "time": 32826,
      "train": 3
    },
    {
      "operation": 453,
      "time": 32848,
      "train": 3
    },
    {
      "operation": 455,
      "time": 33460,
      "train": 3
    },
    {
      "operation": 458,
      "time": 33493,
      "train": 3
    },
    {
      "operation": 470,
      "time": 34125,
      "train": 3
    },
    {
      "operation": 473,
      "time": 34148,
      "train": 3
    },
    {
      "operation": 476,
      "time": 34802,
      "train": 3
    },
    {
      "operation": 478,
      "time": 34827,
      "train": 3
    },
    {
      "operation": 480,
      "time": 35323,
      "train": 3
    },
    {
      "operation": 483,
      "time": 35347,
      "train": 3
    },
    {
      "operation": 486,
      "time": 35905,
      "train": 3
    },
    {
      "operation": 489,
      "time": 35930,
      "train": 3
    },
    {
      "operation": 492,
      "time": 36371,
      "train": 3
    },
    {
      "operation": 495,
      "time": 36394,
      "train": 3
    },
    {
      "operation": 499,
      "time": 37150,
      "train": 3
    },
    {
      "operation": 503,
      "time": 37173,
      "train": 3
    },
    {
      "operation": 507,
      "time": 37768,
      "train": 3
    },
    {
      "operation": 508,
      "time": 37768,
      "train": 3
    }
  ],
  "objective_value": 7798
}
