{"events":[{ "time": 0, "train": 0, "operation": 0 },{ "time": 0, "train": 1, "operation": 0 },{ "time": 0, "train": 2, "operation": 0 },{ "time": 0, "train": 3, "operation": 0 },{ "time": 0, "train": 4, "operation": 0 },{ "time": 0, "train": 5, "operation": 0 },{ "time": 0, "train": 5, "operation": 1 },{ "time": 0, "train": 6, "operation": 0 },{ "time": 0, "train": 6, "operation": 1 },{ "time": 0, "train": 7, "operation": 0 },{ "time": 0, "train": 8, "operation": 0 },{ "time": 11, "train": 2, "operation": 1 },{ "time": 19, "train": 2, "operation": 2 },{ "time": 20, "train": 5, "operation": 2 },{ "time": 20, "train": 8, "operation": 1 },{ "time": 23, "train": 6, "operation": 2 },{ "time": 34, "train": 8, "operation": 2 },{ "time": 320, "train": 3, "operation": 1 },{ "time": 322, "train": 0, "operation": 1 },{ "time": 335, "train": 3, "operation": 2 },{ "time": 337, "train": 0, "operation": 2 },{ "time": 405, "train": 7, "operation": 2 },{ "time": 408, "train": 2, "operation": 3 },{ "time": 408, "train": 2, "operation": 4 },{ "time": 430, "train": 7, "operation": 4 },{ "time": 451, "train": 6, "operation": 3 },{ "time": 463, "train": 8, "operation": 4 },{ "time": 474, "train": 8, "operation": 6 },{ "time": 496, "train": 6, "operation": 4 },{ "time": 499, "train": 3, "operation": 3 },{ "time": 503, "train": 3, "operation": 4 },{ "time": 509, "train": 4, "operation": 1 },{ "time": 538, "train": 8, "operation": 8 },{ "time": 556, "train": 8, "operation": 11 },{ "time": 584, "train": 3, "operation": 5 },{ "time": 589, "train": 3, "operation": 6 },{ "time": 634, "train": 8, "operation": 15 },{ "time": 645, "train": 8, "operation": 20 },{ "time": 654, "train": 5, "operation": 3 },{ "time": 679, "train": 5, "operation": 4 },{ "time": 696, "train": 6, "operation": 5 },{ "time": 713, "train": 6, "operation": 6 },{ "time": 726, "train": 1, "operation": 1 },{ "time": 736, "train": 1, "operation": 3 },{ "time": 736, "train": 4, "operation": 2 },{ "time": 747, "train": 6, "operation": 8 },{ "time": 780, "train": 6, "operation": 10 },{ "time": 843, "train": 8, "operation": 32 },{ "time": 859, "train": 8, "operation": 36 },{ "time": 880, "train": 1, "operation": 5 },{ "time": 886, "train": 3, "operation": 7 },{ "time": 888, "train": 1, "operation": 8 },{ "time": 902, "train": 3, "operation": 8 },{ "time": 1042, "train": 1, "operation": 11 },{ "time": 1050, "train": 0, "operation": 3 },{ "time": 1058, "train": 1, "operation": 13 },{ "time": 1064, "train": 7, "operation": 6 },{ "time": 1065, "train": 0, "operation": 4 },{ "time": 1084, "train": 7, "operation": 8 },{ "time": 1212, "train": 6, "operation": 14 },{ "time": 1238, "train": 3, "operation": 9 },{ "time": 1241, "train": 6, "operation": 20 },{ "time": 1243, "train": 3, "operation": 10 },{ "time": 1325, "train": 8, "operation": 39 },{ "time": 1347, "train": 8, "operation": 42 },{ "time": 1368, "train": 3, "operation": 11 },{ "time": 1374, "train": 3, "operation": 12 },{ "time": 1414, "train": 1, "operation": 15 },{ "time": 1433, "train": 1, "operation": 19 },{ "time": 1483, "train": 5, "operation": 5 },{ "time": 1503, "train": 5, "operation": 6 },{ "time": 1590, "train": 8, "operation": 49 },{ "time": 1594, "train": 8, "operation": 53 },{ "time": 1610, "train": 0, "operation": 5 },{ "time": 1624, "train": 0, "operation": 6 },{ "time": 1628, "train": 3, "operation": 13 },{ "time": 1633, "train": 3, "operation": 15 },{ "time": 1655, "train": 1, "operation": 24 },{ "time": 1676, "train": 8, "operation": 55 },{ "time": 1681, "train": 8, "operation": 57 },{ "time": 1684, "train": 7, "operation": 10 },{ "time": 1688, "train": 1, "operation": 28 },{ "time": 1699, "train": 7, "operation": 12 },{ "time": 1777, "train": 8, "operation": 60 },{ "time": 1789, "train": 7, "operation": 14 },{ "time": 1792, "train": 8, "operation": 62 },{ "time": 1796, "train": 3, "operation": 17 },{ "time": 1800, "train": 3, "operation": 19 },{ "time": 1814, "train": 7, "operation": 17 },{ "time": 1893, "train": 6, "operation": 25 },{ "time": 1914, "train": 6, "operation": 31 },{ "time": 1923, "train": 7, "operation": 21 },{ "time": 1939, "train": 7, "operation": 26 },{ "time": 2020, "train": 5, "operation": 7 },{ "time": 2040, "train": 5, "operation": 8 },{ "time": 2041, "train": 8, "operation": 65 },{ "time": 2045, "train": 8, "operation": 68 },{ "time": 2057, "train": 3, "operation": 21 },{ "time": 2061, "train": 3, "operation": 23 },{ "time": 2126, "train": 8, "operation": 69 },{ "time": 2131, "train": 8, "operation": 70 },{ "time": 2133, "train": 1, "operation": 40 },{ "time": 2156, "train": 1, "operation": 46 },{ "time": 2217, "train": 7, "operation": 38 },{ "time": 2239, "train": 7, "operation": 42 },{ "time": 2241, "train": 3, "operation": 25 },{ "time": 2245, "train": 3, "operation": 27 },{ "time": 2252, "train": 1, "operation": 51 },{ "time": 2258, "train": 1, "operation": 57 },{ "time": 2270, "train": 0, "operation": 7 },{ "time": 2271, "train": 8, "operation": 72 },{ "time": 2281, "train": 0, "operation": 8 },{ "time": 2286, "train": 8, "operation": 74 },{ "time": 2534, "train": 4, "operation": 3 },{ "time": 2547, "train": 4, "operation": 5 },{ "time": 2580, "train": 6, "operation": 39 },{ "time": 2601, "train": 6, "operation": 42 },{ "time": 2638, "train": 3, "operation": 29 },{ "time": 2640, "train": 0, "operation": 9 },{ "time": 2641, "train": 3, "operation": 31 },{ "time": 2658, "train": 0, "operation": 11 },{ "time": 2679, "train": 1, "operation": 63 },{ "time": 2694, "train": 1, "operation": 65 },{ "time": 2729, "train": 3, "operation": 33 },{ "time": 2733, "train": 3, "operation": 35 },{ "time": 2748, "train": 4, "operation": 7 },{ "time": 2759, "train": 4, "operation": 10 },{ "time": 2788, "train": 8, "operation": 78 },{ "time": 2812, "train": 8, "operation": 82 },{ "time": 2854, "train": 5, "operation": 9 },{ "time": 2875, "train": 5, "operation": 10 },{ "time": 2892, "train": 7, "operation": 45 },{ "time": 2922, "train": 7, "operation": 48 },{ "time": 2971, "train": 3, "operation": 37 },{ "time": 2975, "train": 3, "operation": 39 },{ "time": 2975, "train": 4, "operation": 13 },{ "time": 2998, "train": 4, "operation": 15 },{ "time": 3038, "train": 0, "operation": 13 },{ "time": 3048, "train": 0, "operation": 17 },{ "time": 3104, "train": 5, "operation": 11 },{ "time": 3109, "train": 5, "operation": 12 },{ "time": 3139, "train": 3, "operation": 41 },{ "time": 3139, "train": 3, "operation": 43 },{ "time": 3170, "train": 1, "operation": 68 },{ "time": 3191, "train": 1, "operation": 71 },{ "time": 3196, "train": 8, "operation": 92 },{ "time": 3199, "train": 6, "operation": 52 },{ "time": 3223, "train": 5, "operation": 13 },{ "time": 3229, "train": 6, "operation": 56 },{ "time": 3229, "train": 8, "operation": 94 },{ "time": 3230, "train": 5, "operation": 14 },{ "time": 3261, "train": 7, "operation": 55 },{ "time": 3263, "train": 8, "operation": 96 },{ "time": 3266, "train": 7, "operation": 59 },{ "time": 3279, "train": 8, "operation": 98 },{ "time": 3287, "train": 1, "operation": 81 },{ "time": 3291, "train": 1, "operation": 85 },{ "time": 3335, "train": 6, "operation": 59 },{ "time": 3342, "train": 6, "operation": 62 },{ "time": 3373, "train": 1, "operation": 88 },{ "time": 3377, "train": 1, "operation": 91 },{ "time": 3381, "train": 7, "operation": 61 },{ "time": 3387, "train": 7, "operation": 63 },{ "time": 3426, "train": 4, "operation": 17 },{ "time": 3426, "train": 4, "operation": 19 },{ "time": 3436, "train": 8, "operation": 100 },{ "time": 3472, "train": 8, "operation": 102 },{ "time": 3521, "train": 7, "operation": 65 },{ "time": 3542, "train": 7, "operation": 67 },{ "time": 3595, "train": 0, "operation": 21 },{ "time": 3595, "train": 0, "operation": 23 },{ "time": 3620, "train": 1, "operation": 93 },{ "time": 3642, "train": 1, "operation": 95 },{ "time": 3645, "train": 5, "operation": 15 },{ "time": 3666, "train": 5, "operation": 16 },{ "time": 3883, "train": 6, "operation": 75 },{ "time": 3905, "train": 6, "operation": 77 },{ "time": 3908, "train": 8, "operation": 105 },{ "time": 3931, "train": 8, "operation": 109 },{ "time": 4051, "train": 5, "operation": 17 },{ "time": 4056, "train": 5, "operation": 18 },{ "time": 4085, "train": 8, "operation": 111 },{ "time": 4093, "train": 8, "operation": 114 },{ "time": 4108, "train": 1, "operation": 98 },{ "time": 4124, "train": 1, "operation": 101 },{ "time": 4181, "train": 5, "operation": 19 },{ "time": 4183, "train": 6, "operation": 79 },{ "time": 4187, "train": 5, "operation": 20 },{ "time": 4198, "train": 6, "operation": 82 },{ "time": 4208, "train": 7, "operation": 70 },{ "time": 4229, "train": 7, "operation": 73 },{ "time": 4237, "train": 8, "operation": 118 },{ "time": 4295, "train": 0, "operation": 26 },{ "time": 4295, "train": 8, "operation": 120 },{ "time": 4305, "train": 0, "operation": 30 },{ "time": 4307, "train": 6, "operation": 85 },{ "time": 4322, "train": 1, "operation": 108 },{ "time": 4333, "train": 1, "operation": 111 },{ "time": 4349, "train": 6, "operation": 88 },{ "time": 4398, "train": 6, "operation": 91 },{ "time": 4411, "train": 1, "operation": 116 },{ "time": 4411, "train": 6, "operation": 94 },{ "time": 4429, "train": 1, "operation": 122 },{ "time": 4441, "train": 5, "operation": 21 },{ "time": 4447, "train": 5, "operation": 23 },{ "time": 4493, "train": 1, "operation": 128 },{ "time": 4504, "train": 1, "operation": 134 },{ "time": 4532, "train": 6, "operation": 97 },{ "time": 4532, "train": 6, "operation": 98 },{ "time": 4610, "train": 0, "operation": 35 },{ "time": 4626, "train": 0, "operation": 38 },{ "time": 4659, "train": 5, "operation": 25 },{ "time": 4665, "train": 5, "operation": 27 },{ "time": 4881, "train": 7, "operation": 83 },{ "time": 4910, "train": 7, "operation": 87 },{ "time": 4933, "train": 1, "operation": 143 },{ "time": 4953, "train": 1, "operation": 145 },{ "time": 4972, "train": 0, "operation": 44 },{ "time": 4999, "train": 5, "operation": 29 },{ "time": 5004, "train": 5, "operation": 31 },{ "time": 5007, "train": 0, "operation": 46 },{ "time": 5065, "train": 8, "operation": 122 },{ "time": 5065, "train": 8, "operation": 124 },{ "time": 5164, "train": 0, "operation": 48 },{ "time": 5181, "train": 0, "operation": 49 },{ "time": 5215, "train": 0, "operation": 51 },{ "time": 5238, "train": 5, "operation": 33 },{ "time": 5244, "train": 5, "operation": 35 },{ "time": 5248, "train": 0, "operation": 53 },{ "time": 5320, "train": 7, "operation": 97 },{ "time": 5364, "train": 7, "operation": 99 },{ "time": 5398, "train": 7, "operation": 101 },{ "time": 5406, "train": 1, "operation": 147 },{ "time": 5414, "train": 7, "operation": 103 },{ "time": 5424, "train": 1, "operation": 149 },{ "time": 5571, "train": 7, "operation": 106 },{ "time": 5607, "train": 7, "operation": 108 },{ "time": 5611, "train": 0, "operation": 57 },{ "time": 5630, "train": 6, "operation": 99 },{ "time": 5630, "train": 6, "operation": 100 },{ "time": 5630, "train": 6, "operation": 101 },{ "time": 5632, "train": 0, "operation": 63 },{ "time": 5651, "train": 8, "operation": 127 },{ "time": 5663, "train": 8, "operation": 131 },{ "time": 5755, "train": 5, "operation": 37 },{ "time": 5759, "train": 5, "operation": 39 },{ "time": 5874, "train": 5, "operation": 41 },{ "time": 5880, "train": 5, "operation": 43 },{ "time": 5999, "train": 1, "operation": 151 },{ "time": 6013, "train": 1, "operation": 152 },{ "time": 6064, "train": 7, "operation": 112 },{ "time": 6087, "train": 7, "operation": 116 },{ "time": 6098, "train": 0, "operation": 69 },{ "time": 6113, "train": 0, "operation": 75 },{ "time": 6128, "train": 8, "operation": 133 },{ "time": 6140, "train": 8, "operation": 137 },{ "time": 6189, "train": 5, "operation": 45 },{ "time": 6194, "train": 5, "operation": 47 },{ "time": 6253, "train": 0, "operation": 84 },{ "time": 6258, "train": 0, "operation": 87 },{ "time": 6339, "train": 0, "operation": 88 },{ "time": 6344, "train": 0, "operation": 89 },{ "time": 6382, "train": 1, "operation": 153 },{ "time": 6396, "train": 1, "operation": 154 },{ "time": 6407, "train": 5, "operation": 49 },{ "time": 6407, "train": 5, "operation": 51 },{ "time": 6514, "train": 7, "operation": 119 },{ "time": 6528, "train": 7, "operation": 122 },{ "time": 6579, "train": 8, "operation": 141 },{ "time": 6591, "train": 8, "operation": 145 },{ "time": 6593, "train": 0, "operation": 91 },{ "time": 6608, "train": 0, "operation": 93 },{ "time": 6704, "train": 0, "operation": 96 },{ "time": 6708, "train": 0, "operation": 100 },{ "time": 6790, "train": 0, "operation": 103 },{ "time": 6794, "train": 0, "operation": 106 },{ "time": 6993, "train": 1, "operation": 155 },{ "time": 7008, "train": 1, "operation": 156 },{ "time": 7037, "train": 0, "operation": 108 },{ "time": 7059, "train": 0, "operation": 110 },{ "time": 7172, "train": 1, "operation": 157 },{ "time": 7176, "train": 1, "operation": 158 },{ "time": 7257, "train": 1, "operation": 159 },{ "time": 7262, "train": 1, "operation": 160 },{ "time": 7305, "train": 8, "operation": 149 },{ "time": 7319, "train": 8, "operation": 153 },{ "time": 7450, "train": 7, "operation": 128 },{ "time": 7450, "train": 7, "operation": 130 },{ "time": 7525, "train": 0, "operation": 113 },{ "time": 7541, "train": 0, "operation": 116 },{ "time": 7559, "train": 1, "operation": 161 },{ "time": 7575, "train": 1, "operation": 162 },{ "time": 7739, "train": 0, "operation": 123 },{ "time": 7750, "train": 0, "operation": 126 },{ "time": 7828, "train": 0, "operation": 131 },{ "time": 7846, "train": 0, "operation": 135 },{ "time": 7865, "train": 8, "operation": 157 },{ "time": 7878, "train": 8, "operation": 161 },{ "time": 7910, "train": 0, "operation": 139 },{ "time": 7911, "train": 1, "operation": 163 },{ "time": 7916, "train": 1, "operation": 164 },{ "time": 7921, "train": 0, "operation": 141 },{ "time": 8041, "train": 1, "operation": 165 },{ "time": 8047, "train": 1, "operation": 166 },{ "time": 8124, "train": 7, "operation": 133 },{ "time": 8136, "train": 7, "operation": 137 },{ "time": 8301, "train": 1, "operation": 167 },{ "time": 8306, "train": 1, "operation": 169 },{ "time": 8350, "train": 0, "operation": 144 },{ "time": 8370, "train": 0, "operation": 146 },{ "time": 8469, "train": 1, "operation": 171 },{ "time": 8473, "train": 1, "operation": 173 },{ "time": 8601, "train": 7, "operation": 139 },{ "time": 8613, "train": 7, "operation": 143 },{ "time": 8726, "train": 8, "operation": 165 },{ "time": 8730, "train": 1, "operation": 175 },{ "time": 8734, "train": 1, "operation": 177 },{ "time": 8742, "train": 8, "operation": 169 },{ "time": 8823, "train": 0, "operation": 148 },{ "time": 8841, "train": 0, "operation": 150 },{ "time": 8914, "train": 1, "operation": 179 },{ "time": 8918, "train": 1, "operation": 181 },{ "time": 9052, "train": 7, "operation": 147 },{ "time": 9064, "train": 7, "operation": 151 },{ "time": 9299, "train": 8, "operation": 173 },{ "time": 9311, "train": 1, "operation": 183 },{ "time": 9314, "train": 1, "operation": 185 },{ "time": 9314, "train": 8, "operation": 177 },{ "time": 9402, "train": 1, "operation": 187 },{ "time": 9406, "train": 1, "operation": 189 },{ "time": 9416, "train": 0, "operation": 152 },{ "time": 9430, "train": 0, "operation": 153 },{ "time": 9644, "train": 1, "operation": 191 },{ "time": 9648, "train": 1, "operation": 193 },{ "time": 9753, "train": 8, "operation": 181 },{ "time": 9768, "train": 8, "operation": 185 },{ "time": 9778, "train": 7, "operation": 155 },{ "time": 9792, "train": 7, "operation": 159 },{ "time": 9799, "train": 0, "operation": 154 },{ "time": 9812, "train": 1, "operation": 195 },{ "time": 9812, "train": 1, "operation": 197 },{ "time": 9813, "train": 0, "operation": 155 },{ "time": 10174, "train": 8, "operation": 190 },{ "time": 10194, "train": 8, "operation": 194 },{ "time": 10338, "train": 7, "operation": 163 },{ "time": 10351, "train": 7, "operation": 167 },{ "time": 10395, "train": 0, "operation": 156 },{ "time": 10410, "train": 0, "operation": 157 },{ "time": 10574, "train": 0, "operation": 158 },{ "time": 10578, "train": 0, "operation": 159 },{ "time": 10642, "train": 8, "operation": 200 },{ "time": 10657, "train": 8, "operation": 206 },{ "time": 10659, "train": 0, "operation": 160 },{ "time": 10664, "train": 0, "operation": 161 },{ "time": 10961, "train": 0, "operation": 162 },{ "time": 10976, "train": 0, "operation": 163 },{ "time": 11204, "train": 7, "operation": 171 },{ "time": 11226, "train": 7, "operation": 175 },{ "time": 11283, "train": 0, "operation": 164 },{ "time": 11288, "train": 0, "operation": 165 },{ "time": 11295, "train": 8, "operation": 212 },{ "time": 11310, "train": 8, "operation": 218 },{ "time": 11401, "train": 0, "operation": 166 },{ "time": 11406, "train": 0, "operation": 167 },{ "time": 11617, "train": 0, "operation": 168 },{ "time": 11622, "train": 0, "operation": 170 },{ "time": 11773, "train": 0, "operation": 172 },{ "time": 11777, "train": 0, "operation": 174 },{ "time": 11901, "train": 8, "operation": 227 },{ "time": 11910, "train": 8, "operation": 231 },{ "time": 12006, "train": 7, "operation": 179 },{ "time": 12016, "train": 0, "operation": 176 },{ "time": 12020, "train": 0, "operation": 178 },{ "time": 12027, "train": 7, "operation": 183 },{ "time": 12187, "train": 0, "operation": 180 },{ "time": 12191, "train": 0, "operation": 182 },{ "time": 12288, "train": 8, "operation": 233 },{ "time": 12303, "train": 8, "operation": 237 },{ "time": 12557, "train": 0, "operation": 184 },{ "time": 12560, "train": 0, "operation": 186 },{ "time": 12607, "train": 8, "operation": 242 },{ "time": 12620, "train": 8, "operation": 246 },{ "time": 12640, "train": 7, "operation": 187 },{ "time": 12642, "train": 0, "operation": 188 },{ "time": 12646, "train": 0, "operation": 190 },{ "time": 12661, "train": 7, "operation": 191 },{ "time": 12867, "train": 0, "operation": 192 },{ "time": 12871, "train": 0, "operation": 194 },{ "time": 13023, "train": 0, "operation": 196 },{ "time": 13023, "train": 0, "operation": 198 },{ "time": 13147, "train": 8, "operation": 252 },{ "time": 13159, "train": 7, "operation": 196 },{ "time": 13162, "train": 8, "operation": 256 },{ "time": 13179, "train": 7, "operation": 200 },{ "time": 13534, "train": 8, "operation": 260 },{ "time": 13555, "train": 8, "operation": 264 },{ "time": 13747, "train": 7, "operation": 206 },{ "time": 13768, "train": 7, "operation": 212 },{ "time": 14156, "train": 8, "operation": 278 },{ "time": 14175, "train": 8, "operation": 282 },{ "time": 14257, "train": 8, "operation": 285 },{ "time": 14261, "train": 8, "operation": 288 },{ "time": 14661, "train": 7, "operation": 218 },{ "time": 14682, "train": 7, "operation": 224 },{ "time": 14740, "train": 8, "operation": 300 },{ "time": 14755, "train": 8, "operation": 302 },{ "time": 15085, "train": 8, "operation": 305 },{ "time": 15089, "train": 8, "operation": 308 },{ "time": 15170, "train": 8, "operation": 309 },{ "time": 15175, "train": 8, "operation": 310 },{ "time": 15281, "train": 8, "operation": 312 },{ "time": 15295, "train": 8, "operation": 314 },{ "time": 15509, "train": 7, "operation": 233 },{ "time": 15521, "train": 7, "operation": 237 },{ "time": 15765, "train": 8, "operation": 318 },{ "time": 15780, "train": 8, "operation": 322 },{ "time": 15901, "train": 7, "operation": 239 },{ "time": 15916, "train": 7, "operation": 243 },{ "time": 16171, "train": 8, "operation": 325 },{ "time": 16175, "train": 8, "operation": 328 },{ "time": 16220, "train": 7, "operation": 248 },{ "time": 16233, "train": 7, "operation": 252 },{ "time": 16256, "train": 8, "operation": 329 },{ "time": 16277, "train": 8, "operation": 331 },{ "time": 16664, "train": 8, "operation": 334 },{ "time": 16680, "train": 8, "operation": 338 },{ "time": 16879, "train": 7, "operation": 258 },{ "time": 16900, "train": 7, "operation": 262 },{ "time": 17187, "train": 8, "operation": 342 },{ "time": 17202, "train": 8, "operation": 344 },{ "time": 17420, "train": 7, "operation": 265 },{ "time": 17449, "train": 7, "operation": 268 },{ "time": 17732, "train": 8, "operation": 346 },{ "time": 17746, "train": 8, "operation": 348 },{ "time": 18225, "train": 8, "operation": 352 },{ "time": 18240, "train": 8, "operation": 356 },{ "time": 18291, "train": 7, "operation": 282 },{ "time": 18317, "train": 7, "operation": 286 },{ "time": 18432, "train": 7, "operation": 289 },{ "time": 18438, "train": 7, "operation": 292 },{ "time": 18768, "train": 8, "operation": 360 },{ "time": 18782, "train": 8, "operation": 364 },{ "time": 19109, "train": 7, "operation": 303 },{ "time": 19130, "train": 7, "operation": 305 },{ "time": 19296, "train": 8, "operation": 368 },{ "time": 19311, "train": 8, "operation": 372 },{ "time": 19804, "train": 8, "operation": 376 },{ "time": 19819, "train": 8, "operation": 380 },{ "time": 19863, "train": 7, "operation": 307 },{ "time": 19883, "train": 7, "operation": 310 },{ "time": 19977, "train": 8, "operation": 384 },{ "time": 19993, "train": 8, "operation": 388 },{ "time": 20091, "train": 8, "operation": 394 },{ "time": 20110, "train": 8, "operation": 417 },{ "time": 20133, "train": 8, "operation": 446 },{ "time": 20384, "train": 8, "operation": 453 },{ "time": 20421, "train": 8, "operation": 467 },{ "time": 20464, "train": 8, "operation": 499 },{ "time": 20541, "train": 7, "operation": 320 },{ "time": 20562, "train": 7, "operation": 324 },{ "time": 20617, "train": 8, "operation": 534 },{ "time": 20651, "train": 8, "operation": 544 },{ "time": 21108, "train": 7, "operation": 329 },{ "time": 21113, "train": 7, "operation": 332 },{ "time": 21188, "train": 8, "operation": 548 },{ "time": 21188, "train": 8, "operation": 549 },{ "time": 21227, "train": 7, "operation": 333 },{ "time": 21256, "train": 7, "operation": 335 },{ "time": 21797, "train": 7, "operation": 337 },{ "time": 21819, "train": 7, "operation": 341 },{ "time": 22528, "train": 7, "operation": 345 },{ "time": 22549, "train": 7, "operation": 347 },{ "time": 23290, "train": 7, "operation": 349 },{ "time": 23310, "train": 7, "operation": 351 },{ "time": 23980, "train": 7, "operation": 353 },{ "time": 24001, "train": 7, "operation": 357 },{ "time": 24740, "train": 7, "operation": 361 },{ "time": 24760, "train": 7, "operation": 365 },{ "time": 25480, "train": 7, "operation": 369 },{ "time": 25501, "train": 7, "operation": 373 },{ "time": 26191, "train": 7, "operation": 377 },{ "time": 26212, "train": 7, "operation": 381 },{ "time": 26433, "train": 7, "operation": 387 },{ "time": 26455, "train": 7, "operation": 391 },{ "time": 26592, "train": 7, "operation": 398 },{ "time": 26618, "train": 7, "operation": 421 },{ "time": 26650, "train": 7, "operation": 450 },{ "time": 26901, "train": 7, "operation": 457 },{ "time": 26938, "train": 7, "operation": 471 },{ "time": 26981, "train": 7, "operation": 503 },{ "time": 27134, "train": 7, "operation": 537 },{ "time": 27168, "train": 7, "operation": 542 },{ "time": 27705, "train": 7, "operation": 546 },{ "time": 27705, "train": 7, "operation": 547 }],"objective_value": 314}
