{"events":[{ "time": 0, "train": 0, "operation": 0 },{ "time": 0, "train": 1, "operation": 0 },{ "time": 0, "train": 2, "operation": 0 },{ "time": 0, "train": 3, "operation": 0 },{ "time": 0, "train": 4, "operation": 0 },{ "time": 0, "train": 5, "operation": 0 },{ "time": 0, "train": 6, "operation": 0 },{ "time": 467, "train": 2, "operation": 1 },{ "time": 468, "train": 6, "operation": 1 },{ "time": 474, "train": 2, "operation": 2 },{ "time": 486, "train": 6, "operation": 2 },{ "time": 611, "train": 2, "operation": 3 },{ "time": 618, "train": 2, "operation": 4 },{ "time": 819, "train": 2, "operation": 5 },{ "time": 827, "train": 2, "operation": 6 },{ "time": 1053, "train": 6, "operation": 3 },{ "time": 1066, "train": 6, "operation": 5 },{ "time": 1179, "train": 2, "operation": 7 },{ "time": 1192, "train": 2, "operation": 8 },{ "time": 1522, "train": 2, "operation": 9 },{ "time": 1528, "train": 2, "operation": 10 },{ "time": 1584, "train": 2, "operation": 11 },{ "time": 1595, "train": 2, "operation": 12 },{ "time": 1679, "train": 2, "operation": 14 },{ "time": 1692, "train": 2, "operation": 16 },{ "time": 1759, "train": 2, "operation": 18 },{ "time": 1768, "train": 2, "operation": 20 },{ "time": 1903, "train": 2, "operation": 22 },{ "time": 1916, "train": 2, "operation": 24 },{ "time": 1972, "train": 6, "operation": 7 },{ "time": 2008, "train": 2, "operation": 26 },{ "time": 2020, "train": 2, "operation": 28 },{ "time": 2470, "train": 2, "operation": 29 },{ "time": 2479, "train": 2, "operation": 30 },{ "time": 2590, "train": 2, "operation": 31 },{ "time": 2597, "train": 2, "operation": 32 },{ "time": 3321, "train": 2, "operation": 33 },{ "time": 3327, "train": 2, "operation": 35 },{ "time": 3441, "train": 2, "operation": 37 },{ "time": 3450, "train": 2, "operation": 39 },{ "time": 4146, "train": 2, "operation": 41 },{ "time": 4157, "train": 2, "operation": 43 },{ "time": 4683, "train": 2, "operation": 45 },{ "time": 4691, "train": 2, "operation": 47 },{ "time": 4790, "train": 1, "operation": 1 },{ "time": 4816, "train": 1, "operation": 2 },{ "time": 4816, "train": 4, "operation": 1 },{ "time": 4827, "train": 4, "operation": 2 },{ "time": 4827, "train": 0, "operation": 2 },{ "time": 5346, "train": 2, "operation": 49 },{ "time": 5353, "train": 2, "operation": 51 },{ "time": 5442, "train": 4, "operation": 4 },{ "time": 5452, "train": 4, "operation": 6 },{ "time": 5452, "train": 0, "operation": 4 },{ "time": 5465, "train": 2, "operation": 53 },{ "time": 5472, "train": 2, "operation": 55 },{ "time": 5630, "train": 1, "operation": 3 },{ "time": 5630, "train": 1, "operation": 4 },{ "time": 5630, "train": 6, "operation": 11 },{ "time": 6073, "train": 0, "operation": 7 },{ "time": 6095, "train": 0, "operation": 11 },{ "time": 6099, "train": 4, "operation": 10 },{ "time": 6109, "train": 4, "operation": 14 },{ "time": 6113, "train": 2, "operation": 57 },{ "time": 6119, "train": 2, "operation": 58 },{ "time": 6230, "train": 2, "operation": 59 },{ "time": 6239, "train": 2, "operation": 60 },{ "time": 6396, "train": 2, "operation": 61 },{ "time": 6401, "train": 2, "operation": 63 },{ "time": 6514, "train": 4, "operation": 18 },{ "time": 6527, "train": 4, "operation": 22 },{ "time": 6535, "train": 2, "operation": 65 },{ "time": 6541, "train": 2, "operation": 67 },{ "time": 6742, "train": 0, "operation": 13 },{ "time": 6752, "train": 0, "operation": 17 },{ "time": 6959, "train": 2, "operation": 69 },{ "time": 6965, "train": 2, "operation": 71 },{ "time": 7039, "train": 4, "operation": 26 },{ "time": 7050, "train": 4, "operation": 31 },{ "time": 7080, "train": 2, "operation": 73 },{ "time": 7088, "train": 2, "operation": 75 },{ "time": 7101, "train": 4, "operation": 39 },{ "time": 7126, "train": 4, "operation": 48 },{ "time": 7146, "train": 4, "operation": 60 },{ "time": 7157, "train": 0, "operation": 21 },{ "time": 7158, "train": 4, "operation": 74 },{ "time": 7170, "train": 0, "operation": 25 },{ "time": 7213, "train": 4, "operation": 82 },{ "time": 7229, "train": 4, "operation": 90 },{ "time": 7613, "train": 4, "operation": 95 },{ "time": 7618, "train": 4, "operation": 97 },{ "time": 7694, "train": 0, "operation": 31 },{ "time": 7700, "train": 0, "operation": 36 },{ "time": 7716, "train": 4, "operation": 99 },{ "time": 7721, "train": 4, "operation": 101 },{ "time": 7742, "train": 2, "operation": 77 },{ "time": 7749, "train": 2, "operation": 78 },{ "time": 7756, "train": 0, "operation": 41 },{ "time": 7786, "train": 0, "operation": 46 },{ "time": 7837, "train": 0, "operation": 51 },{ "time": 7843, "train": 0, "operation": 56 },{ "time": 7862, "train": 2, "operation": 79 },{ "time": 7864, "train": 4, "operation": 104 },{ "time": 7870, "train": 4, "operation": 106 },{ "time": 7871, "train": 2, "operation": 80 },{ "time": 8045, "train": 3, "operation": 2 },{ "time": 8069, "train": 3, "operation": 4 },{ "time": 8069, "train": 6, "operation": 15 },{ "time": 8085, "train": 6, "operation": 17 },{ "time": 8122, "train": 4, "operation": 110 },{ "time": 8131, "train": 4, "operation": 114 },{ "time": 8348, "train": 2, "operation": 81 },{ "time": 8355, "train": 2, "operation": 83 },{ "time": 8396, "train": 4, "operation": 116 },{ "time": 8402, "train": 4, "operation": 118 },{ "time": 8458, "train": 4, "operation": 122 },{ "time": 8469, "train": 4, "operation": 126 },{ "time": 8553, "train": 4, "operation": 129 },{ "time": 8562, "train": 4, "operation": 132 },{ "time": 8563, "train": 2, "operation": 85 },{ "time": 8571, "train": 2, "operation": 88 },{ "time": 8610, "train": 4, "operation": 135 },{ "time": 8617, "train": 4, "operation": 138 },{ "time": 8687, "train": 6, "operation": 19 },{ "time": 8687, "train": 5, "operation": 1 },{ "time": 8687, "train": 6, "operation": 20 },{ "time": 8703, "train": 5, "operation": 2 },{ "time": 8721, "train": 0, "operation": 59 },{ "time": 8726, "train": 0, "operation": 61 },{ "time": 8728, "train": 2, "operation": 91 },{ "time": 8739, "train": 4, "operation": 140 },{ "time": 8745, "train": 2, "operation": 94 },{ "time": 8752, "train": 4, "operation": 142 },{ "time": 8797, "train": 0, "operation": 63 },{ "time": 8803, "train": 0, "operation": 65 },{ "time": 8844, "train": 4, "operation": 144 },{ "time": 8856, "train": 2, "operation": 97 },{ "time": 8856, "train": 4, "operation": 146 },{ "time": 8868, "train": 2, "operation": 100 },{ "time": 8883, "train": 2, "operation": 103 },{ "time": 8884, "train": 3, "operation": 8 },{ "time": 8898, "train": 3, "operation": 12 },{ "time": 8906, "train": 2, "operation": 105 },{ "time": 9178, "train": 4, "operation": 147 },{ "time": 9184, "train": 4, "operation": 148 },{ "time": 9264, "train": 4, "operation": 149 },{ "time": 9269, "train": 4, "operation": 150 },{ "time": 9344, "train": 0, "operation": 67 },{ "time": 9350, "train": 0, "operation": 68 },{ "time": 9401, "train": 2, "operation": 107 },{ "time": 9406, "train": 2, "operation": 109 },{ "time": 9517, "train": 5, "operation": 3 },{ "time": 9530, "train": 5, "operation": 5 },{ "time": 9541, "train": 2, "operation": 111 },{ "time": 9547, "train": 2, "operation": 113 },{ "time": 9786, "train": 4, "operation": 151 },{ "time": 9791, "train": 4, "operation": 153 },{ "time": 9803, "train": 3, "operation": 16 },{ "time": 9816, "train": 3, "operation": 20 },{ "time": 9861, "train": 0, "operation": 69 },{ "time": 9866, "train": 0, "operation": 70 },{ "time": 9866, "train": 2, "operation": 115 },{ "time": 9872, "train": 4, "operation": 155 },{ "time": 9873, "train": 2, "operation": 117 },{ "time": 9879, "train": 4, "operation": 157 },{ "time": 9882, "train": 0, "operation": 71 },{ "time": 9886, "train": 0, "operation": 73 },{ "time": 9976, "train": 0, "operation": 75 },{ "time": 9981, "train": 0, "operation": 77 },{ "time": 9998, "train": 2, "operation": 119 },{ "time": 10004, "train": 2, "operation": 121 },{ "time": 10376, "train": 4, "operation": 159 },{ "time": 10383, "train": 3, "operation": 24 },{ "time": 10384, "train": 4, "operation": 161 },{ "time": 10401, "train": 3, "operation": 28 },{ "time": 10436, "train": 5, "operation": 7 },{ "time": 10449, "train": 5, "operation": 11 },{ "time": 10561, "train": 0, "operation": 79 },{ "time": 10565, "train": 0, "operation": 81 },{ "time": 10662, "train": 0, "operation": 83 },{ "time": 10663, "train": 2, "operation": 123 },{ "time": 10668, "train": 0, "operation": 85 },{ "time": 10674, "train": 2, "operation": 125 },{ "time": 10676, "train": 0, "operation": 87 },{ "time": 10694, "train": 0, "operation": 89 },{ "time": 10846, "train": 2, "operation": 127 },{ "time": 10861, "train": 2, "operation": 129 },{ "time": 10886, "train": 4, "operation": 163 },{ "time": 10892, "train": 4, "operation": 165 },{ "time": 10910, "train": 2, "operation": 131 },{ "time": 10928, "train": 2, "operation": 135 },{ "time": 11013, "train": 3, "operation": 32 },{ "time": 11016, "train": 5, "operation": 15 },{ "time": 11028, "train": 3, "operation": 37 },{ "time": 11034, "train": 5, "operation": 19 },{ "time": 11040, "train": 2, "operation": 139 },{ "time": 11063, "train": 2, "operation": 142 },{ "time": 11100, "train": 3, "operation": 45 },{ "time": 11125, "train": 3, "operation": 54 },{ "time": 11131, "train": 2, "operation": 144 },{ "time": 11131, "train": 2, "operation": 145 },{ "time": 11145, "train": 3, "operation": 66 },{ "time": 11162, "train": 3, "operation": 80 },{ "time": 11238, "train": 3, "operation": 93 },{ "time": 11254, "train": 3, "operation": 106 },{ "time": 11361, "train": 4, "operation": 167 },{ "time": 11366, "train": 4, "operation": 169 },{ "time": 11446, "train": 4, "operation": 171 },{ "time": 11451, "train": 4, "operation": 173 },{ "time": 11646, "train": 5, "operation": 25 },{ "time": 11654, "train": 5, "operation": 30 },{ "time": 11733, "train": 5, "operation": 35 },{ "time": 11763, "train": 5, "operation": 40 },{ "time": 11791, "train": 3, "operation": 111 },{ "time": 11798, "train": 3, "operation": 113 },{ "time": 11806, "train": 0, "operation": 91 },{ "time": 11811, "train": 0, "operation": 93 },{ "time": 11814, "train": 5, "operation": 45 },{ "time": 11820, "train": 5, "operation": 50 },{ "time": 11899, "train": 0, "operation": 95 },{ "time": 11904, "train": 0, "operation": 97 },{ "time": 11910, "train": 4, "operation": 175 },{ "time": 11915, "train": 4, "operation": 176 },{ "time": 11935, "train": 3, "operation": 115 },{ "time": 11942, "train": 3, "operation": 117 },{ "time": 11994, "train": 4, "operation": 177 },{ "time": 12001, "train": 4, "operation": 178 },{ "time": 12113, "train": 4, "operation": 179 },{ "time": 12117, "train": 4, "operation": 181 },{ "time": 12143, "train": 3, "operation": 120 },{ "time": 12151, "train": 3, "operation": 122 },{ "time": 12212, "train": 4, "operation": 183 },{ "time": 12216, "train": 4, "operation": 185 },{ "time": 12503, "train": 3, "operation": 126 },{ "time": 12515, "train": 4, "operation": 187 },{ "time": 12516, "train": 3, "operation": 130 },{ "time": 12520, "train": 4, "operation": 189 },{ "time": 12529, "train": 0, "operation": 99 },{ "time": 12533, "train": 0, "operation": 101 },{ "time": 12602, "train": 4, "operation": 191 },{ "time": 12608, "train": 4, "operation": 193 },{ "time": 12646, "train": 0, "operation": 103 },{ "time": 12651, "train": 0, "operation": 105 },{ "time": 12800, "train": 5, "operation": 53 },{ "time": 12806, "train": 5, "operation": 55 },{ "time": 12815, "train": 0, "operation": 107 },{ "time": 12835, "train": 0, "operation": 108 },{ "time": 12846, "train": 3, "operation": 132 },{ "time": 12852, "train": 3, "operation": 134 },{ "time": 12891, "train": 5, "operation": 57 },{ "time": 12898, "train": 5, "operation": 59 },{ "time": 12908, "train": 3, "operation": 138 },{ "time": 12919, "train": 3, "operation": 142 },{ "time": 12933, "train": 0, "operation": 109 },{ "time": 12933, "train": 0, "operation": 110 },{ "time": 13003, "train": 3, "operation": 148 },{ "time": 13016, "train": 3, "operation": 154 },{ "time": 13083, "train": 3, "operation": 157 },{ "time": 13092, "train": 3, "operation": 160 },{ "time": 13098, "train": 4, "operation": 195 },{ "time": 13103, "train": 4, "operation": 196 },{ "time": 13184, "train": 4, "operation": 197 },{ "time": 13191, "train": 4, "operation": 198 },{ "time": 13227, "train": 3, "operation": 164 },{ "time": 13240, "train": 3, "operation": 168 },{ "time": 13332, "train": 3, "operation": 170 },{ "time": 13344, "train": 3, "operation": 172 },{ "time": 13532, "train": 4, "operation": 199 },{ "time": 13537, "train": 4, "operation": 201 },{ "time": 13547, "train": 5, "operation": 61 },{ "time": 13554, "train": 5, "operation": 62 },{ "time": 13707, "train": 4, "operation": 203 },{ "time": 13713, "train": 4, "operation": 206 },{ "time": 13794, "train": 3, "operation": 173 },{ "time": 13803, "train": 3, "operation": 174 },{ "time": 13825, "train": 4, "operation": 209 },{ "time": 13837, "train": 4, "operation": 212 },{ "time": 13914, "train": 3, "operation": 175 },{ "time": 13916, "train": 4, "operation": 215 },{ "time": 13921, "train": 3, "operation": 176 },{ "time": 13928, "train": 4, "operation": 217 },{ "time": 13943, "train": 4, "operation": 219 },{ "time": 13966, "train": 4, "operation": 221 },{ "time": 14168, "train": 5, "operation": 63 },{ "time": 14174, "train": 5, "operation": 64 },{ "time": 14193, "train": 5, "operation": 65 },{ "time": 14197, "train": 5, "operation": 67 },{ "time": 14306, "train": 5, "operation": 69 },{ "time": 14312, "train": 5, "operation": 71 },{ "time": 14420, "train": 4, "operation": 223 },{ "time": 14424, "train": 4, "operation": 225 },{ "time": 14520, "train": 4, "operation": 227 },{ "time": 14524, "train": 4, "operation": 229 },{ "time": 14645, "train": 3, "operation": 177 },{ "time": 14651, "train": 3, "operation": 179 },{ "time": 14752, "train": 4, "operation": 231 },{ "time": 14757, "train": 4, "operation": 233 },{ "time": 14765, "train": 3, "operation": 181 },{ "time": 14774, "train": 3, "operation": 183 },{ "time": 14847, "train": 4, "operation": 235 },{ "time": 14852, "train": 4, "operation": 237 },{ "time": 15008, "train": 5, "operation": 73 },{ "time": 15013, "train": 5, "operation": 75 },{ "time": 15129, "train": 5, "operation": 77 },{ "time": 15136, "train": 5, "operation": 79 },{ "time": 15146, "train": 5, "operation": 81 },{ "time": 15164, "train": 5, "operation": 83 },{ "time": 15323, "train": 4, "operation": 240 },{ "time": 15334, "train": 4, "operation": 242 },{ "time": 15470, "train": 3, "operation": 185 },{ "time": 15481, "train": 3, "operation": 187 },{ "time": 15506, "train": 4, "operation": 244 },{ "time": 15521, "train": 4, "operation": 246 },{ "time": 15570, "train": 4, "operation": 249 },{ "time": 15588, "train": 4, "operation": 253 },{ "time": 15700, "train": 4, "operation": 256 },{ "time": 15723, "train": 4, "operation": 258 },{ "time": 15780, "train": 4, "operation": 259 },{ "time": 15780, "train": 4, "operation": 260 },{ "time": 16033, "train": 3, "operation": 189 },{ "time": 16041, "train": 3, "operation": 191 },{ "time": 16389, "train": 5, "operation": 85 },{ "time": 16395, "train": 5, "operation": 87 },{ "time": 16500, "train": 5, "operation": 89 },{ "time": 16506, "train": 5, "operation": 91 },{ "time": 16696, "train": 3, "operation": 193 },{ "time": 16703, "train": 3, "operation": 195 },{ "time": 16815, "train": 3, "operation": 197 },{ "time": 16822, "train": 3, "operation": 199 },{ "time": 17256, "train": 5, "operation": 93 },{ "time": 17261, "train": 5, "operation": 95 },{ "time": 17396, "train": 5, "operation": 97 },{ "time": 17402, "train": 5, "operation": 99 },{ "time": 17463, "train": 3, "operation": 201 },{ "time": 17469, "train": 3, "operation": 202 },{ "time": 17580, "train": 3, "operation": 203 },{ "time": 17589, "train": 3, "operation": 204 },{ "time": 17598, "train": 5, "operation": 101 },{ "time": 17622, "train": 5, "operation": 102 },{ "time": 17740, "train": 5, "operation": 103 },{ "time": 17746, "train": 3, "operation": 205 },{ "time": 17751, "train": 3, "operation": 207 },{ "time": 17759, "train": 5, "operation": 104 },{ "time": 17885, "train": 3, "operation": 209 },{ "time": 17891, "train": 3, "operation": 211 },{ "time": 17986, "train": 5, "operation": 105 },{ "time": 17992, "train": 5, "operation": 106 },{ "time": 18309, "train": 3, "operation": 213 },{ "time": 18315, "train": 3, "operation": 215 },{ "time": 18430, "train": 3, "operation": 217 },{ "time": 18438, "train": 3, "operation": 219 },{ "time": 18455, "train": 5, "operation": 107 },{ "time": 18477, "train": 5, "operation": 109 },{ "time": 18541, "train": 5, "operation": 111 },{ "time": 18566, "train": 5, "operation": 113 },{ "time": 18637, "train": 5, "operation": 115 },{ "time": 18656, "train": 5, "operation": 119 },{ "time": 18835, "train": 5, "operation": 123 },{ "time": 18853, "train": 5, "operation": 127 },{ "time": 18877, "train": 5, "operation": 131 },{ "time": 18885, "train": 5, "operation": 135 },{ "time": 18903, "train": 5, "operation": 139 },{ "time": 18912, "train": 5, "operation": 143 },{ "time": 18943, "train": 5, "operation": 147 },{ "time": 18983, "train": 5, "operation": 153 },{ "time": 19019, "train": 5, "operation": 159 },{ "time": 19019, "train": 5, "operation": 164 },{ "time": 19092, "train": 3, "operation": 221 },{ "time": 19099, "train": 3, "operation": 222 },{ "time": 19212, "train": 3, "operation": 223 },{ "time": 19221, "train": 3, "operation": 224 },{ "time": 19698, "train": 3, "operation": 225 },{ "time": 19705, "train": 3, "operation": 227 },{ "time": 19913, "train": 3, "operation": 229 },{ "time": 19921, "train": 3, "operation": 232 },{ "time": 20078, "train": 3, "operation": 235 },{ "time": 20078, "train": 3, "operation": 238 }],"objective_value": 21034}
