{"events":[{ "time": 0, "train": 0, "operation": 0 },{ "time": 0, "train": 1, "operation": 0 },{ "time": 0, "train": 2, "operation": 0 },{ "time": 0, "train": 3, "operation": 0 },{ "time": 0, "train": 4, "operation": 0 },{ "time": 0, "train": 5, "operation": 0 },{ "time": 0, "train": 6, "operation": 0 },{ "time": 0, "train": 7, "operation": 0 },{ "time": 0, "train": 8, "operation": 0 },{ "time": 0, "train": 9, "operation": 0 },{ "time": 0, "train": 10, "operation": 0 },{ "time": 0, "train": 11, "operation": 0 },{ "time": 0, "train": 12, "operation": 0 },{ "time": 0, "train": 13, "operation": 0 },{ "time": 0, "train": 14, "operation": 0 },{ "time": 0, "train": 15, "operation": 0 },{ "time": 0, "train": 16, "operation": 0 },{ "time": 0, "train": 17, "operation": 0 },{ "time": 0, "train": 18, "operation": 0 },{ "time": 0, "train": 19, "operation": 0 },{ "time": 0, "train": 20, "operation": 0 },{ "time": 0, "train": 21, "operation": 0 },{ "time": 0, "train": 22, "operation": 0 },{ "time": 0, "train": 23, "operation": 0 },{ "time": 0, "train": 24, "operation": 0 },{ "time": 0, "train": 25, "operation": 0 },{ "time": 0, "train": 26, "operation": 0 },{ "time": 0, "train": 27, "operation": 0 },{ "time": 0, "train": 28, "operation": 0 },{ "time": 0, "train": 29, "operation": 0 },{ "time": 0, "train": 30, "operation": 0 },{ "time": 0, "train": 31, "operation": 0 },{ "time": 0, "train": 32, "operation": 0 },{ "time": 0, "train": 33, "operation": 0 },{ "time": 0, "train": 34, "operation": 0 },{ "time": 0, "train": 35, "operation": 0 },{ "time": 0, "train": 36, "operation": 0 },{ "time": 0, "train": 37, "operation": 0 },{ "time": 0, "train": 38, "operation": 0 },{ "time": 0, "train": 39, "operation": 0 },{ "time": 0, "train": 40, "operation": 0 },{ "time": 0, "train": 41, "operation": 0 },{ "time": 0, "train": 42, "operation": 0 },{ "time": 0, "train": 43, "operation": 0 },{ "time": 0, "train": 44, "operation": 0 },{ "time": 0, "train": 45, "operation": 0 },{ "time": 0, "train": 46, "operation": 0 },{ "time": 0, "train": 47, "operation": 0 },{ "time": 0, "train": 48, "operation": 0 },{ "time": 0, "train": 49, "operation": 0 },{ "time": 0, "train": 50, "operation": 0 },{ "time": 0, "train": 51, "operation": 0 },{ "time": 0, "train": 52, "operation": 0 },{ "time": 0, "train": 53, "operation": 0 },{ "time": 0, "train": 54, "operation": 0 },{ "time": 0, "train": 55, "operation": 0 },{ "time": 50637, "train": 6, "operation": 1 },{ "time": 50656, "train": 15, "operation": 1 },{ "time": 50697, "train": 5, "operation": 1 },{ "time": 50697, "train": 10, "operation": 1 },{ "time": 50697, "train": 12, "operation": 1 },{ "time": 50707, "train": 4, "operation": 1 },{ "time": 50757, "train": 3, "operation": 1 },{ "time": 50757, "train": 18, "operation": 1 },{ "time": 50775, "train": 10, "operation": 2 },{ "time": 50787, "train": 6, "operation": 2 },{ "time": 50817, "train": 6, "operation": 4 },{ "time": 50817, "train": 15, "operation": 3 },{ "time": 50847, "train": 5, "operation": 2 },{ "time": 50877, "train": 5, "operation": 4 },{ "time": 50907, "train": 12, "operation": 2 },{ "time": 50927, "train": 5, "operation": 5 },{ "time": 50927, "train": 5, "operation": 7 },{ "time": 50937, "train": 3, "operation": 2 },{ "time": 50937, "train": 3, "operation": 3 },{ "time": 50937, "train": 12, "operation": 5 },{ "time": 50997, "train": 8, "operation": 1 },{ "time": 50997, "train": 8, "operation": 6 },{ "time": 50997, "train": 18, "operation": 2 },{ "time": 51027, "train": 5, "operation": 8 },{ "time": 51027, "train": 6, "operation": 5 },{ "time": 51057, "train": 5, "operation": 10 },{ "time": 51057, "train": 6, "operation": 7 },{ "time": 51057, "train": 18, "operation": 4 },{ "time": 51087, "train": 8, "operation": 7 },{ "time": 51117, "train": 3, "operation": 4 },{ "time": 51117, "train": 8, "operation": 9 },{ "time": 51147, "train": 18, "operation": 5 },{ "time": 51177, "train": 12, "operation": 6 },{ "time": 51177, "train": 18, "operation": 9 },{ "time": 51207, "train": 5, "operation": 11 },{ "time": 51237, "train": 5, "operation": 13 },{ "time": 51267, "train": 6, "operation": 9 },{ "time": 51267, "train": 8, "operation": 10 },{ "time": 51297, "train": 6, "operation": 10 },{ "time": 51297, "train": 8, "operation": 12 },{ "time": 51297, "train": 12, "operation": 8 },{ "time": 51357, "train": 5, "operation": 14 },{ "time": 51397, "train": 8, "operation": 13 },{ "time": 51397, "train": 8, "operation": 15 },{ "time": 51417, "train": 3, "operation": 6 },{ "time": 51447, "train": 8, "operation": 16 },{ "time": 51452, "train": 4, "operation": 2 },{ "time": 51452, "train": 4, "operation": 4 },{ "time": 51477, "train": 5, "operation": 19 },{ "time": 51477, "train": 8, "operation": 18 },{ "time": 51507, "train": 12, "operation": 9 },{ "time": 51537, "train": 12, "operation": 11 },{ "time": 51567, "train": 6, "operation": 11 },{ "time": 51597, "train": 6, "operation": 14 },{ "time": 51602, "train": 10, "operation": 3 },{ "time": 51626, "train": 3, "operation": 7 },{ "time": 51627, "train": 8, "operation": 19 },{ "time": 51657, "train": 8, "operation": 21 },{ "time": 51687, "train": 12, "operation": 12 },{ "time": 51717, "train": 12, "operation": 14 },{ "time": 51717, "train": 20, "operation": 1 },{ "time": 51717, "train": 20, "operation": 5 },{ "time": 51727, "train": 10, "operation": 4 },{ "time": 51727, "train": 15, "operation": 4 },{ "time": 51727, "train": 18, "operation": 11 },{ "time": 51757, "train": 10, "operation": 6 },{ "time": 51767, "train": 4, "operation": 5 },{ "time": 51767, "train": 4, "operation": 7 },{ "time": 51807, "train": 6, "operation": 15 },{ "time": 51837, "train": 6, "operation": 18 },{ "time": 51857, "train": 15, "operation": 5 },{ "time": 51857, "train": 15, "operation": 6 },{ "time": 51867, "train": 12, "operation": 15 },{ "time": 51895, "train": 15, "operation": 7 },{ "time": 51895, "train": 15, "operation": 8 },{ "time": 51897, "train": 8, "operation": 22 },{ "time": 51897, "train": 12, "operation": 16 },{ "time": 51897, "train": 16, "operation": 1 },{ "time": 51897, "train": 16, "operation": 6 },{ "time": 51923, "train": 20, "operation": 6 },{ "time": 51923, "train": 20, "operation": 7 },{ "time": 51955, "train": 15, "operation": 10 },{ "time": 51955, "train": 3, "operation": 10 },{ "time": 51955, "train": 15, "operation": 12 },{ "time": 51957, "train": 8, "operation": 24 },{ "time": 51957, "train": 10, "operation": 7 },{ "time": 51987, "train": 6, "operation": 19 },{ "time": 51987, "train": 6, "operation": 20 },{ "time": 51987, "train": 10, "operation": 11 },{ "time": 51987, "train": 12, "operation": 17 },{ "time": 51987, "train": 12, "operation": 18 },{ "time": 51987, "train": 16, "operation": 7 },{ "time": 52017, "train": 16, "operation": 9 },{ "time": 52044, "train": 10, "operation": 12 },{ "time": 52049, "train": 3, "operation": 11 },{ "time": 52049, "train": 3, "operation": 12 },{ "time": 52077, "train": 8, "operation": 25 },{ "time": 52077, "train": 13, "operation": 2 },{ "time": 52077, "train": 13, "operation": 5 },{ "time": 52077, "train": 20, "operation": 8 },{ "time": 52104, "train": 10, "operation": 14 },{ "time": 52108, "train": 3, "operation": 13 },{ "time": 52108, "train": 3, "operation": 14 },{ "time": 52126, "train": 15, "operation": 14 },{ "time": 52137, "train": 6, "operation": 21 },{ "time": 52137, "train": 13, "operation": 6 },{ "time": 52167, "train": 12, "operation": 20 },{ "time": 52167, "train": 16, "operation": 10 },{ "time": 52186, "train": 15, "operation": 15 },{ "time": 52197, "train": 6, "operation": 23 },{ "time": 52197, "train": 8, "operation": 29 },{ "time": 52197, "train": 12, "operation": 21 },{ "time": 52197, "train": 16, "operation": 12 },{ "time": 52197, "train": 20, "operation": 10 },{ "time": 52240, "train": 3, "operation": 15 },{ "time": 52240, "train": 3, "operation": 17 },{ "time": 52240, "train": 18, "operation": 12 },{ "time": 52297, "train": 16, "operation": 13 },{ "time": 52297, "train": 16, "operation": 15 },{ "time": 52328, "train": 15, "operation": 16 },{ "time": 52328, "train": 15, "operation": 17 },{ "time": 52347, "train": 16, "operation": 16 },{ "time": 52350, "train": 4, "operation": 8 },{ "time": 52350, "train": 4, "operation": 10 },{ "time": 52351, "train": 12, "operation": 22 },{ "time": 52351, "train": 12, "operation": 23 },{ "time": 52354, "train": 3, "operation": 18 },{ "time": 52354, "train": 3, "operation": 22 },{ "time": 52360, "train": 10, "operation": 15 },{ "time": 52360, "train": 13, "operation": 8 },{ "time": 52369, "train": 18, "operation": 13 },{ "time": 52369, "train": 18, "operation": 14 },{ "time": 52377, "train": 16, "operation": 18 },{ "time": 52377, "train": 20, "operation": 11 },{ "time": 52377, "train": 20, "operation": 12 },{ "time": 52390, "train": 10, "operation": 17 },{ "time": 52407, "train": 6, "operation": 24 },{ "time": 52411, "train": 3, "operation": 24 },{ "time": 52439, "train": 18, "operation": 15 },{ "time": 52467, "train": 20, "operation": 13 },{ "time": 52469, "train": 18, "operation": 16 },{ "time": 52470, "train": 15, "operation": 19 },{ "time": 52497, "train": 20, "operation": 14 },{ "time": 52527, "train": 16, "operation": 19 },{ "time": 52532, "train": 10, "operation": 18 },{ "time": 52557, "train": 12, "operation": 24 },{ "time": 52557, "train": 16, "operation": 21 },{ "time": 52562, "train": 10, "operation": 20 },{ "time": 52590, "train": 15, "operation": 21 },{ "time": 52610, "train": 10, "operation": 21 },{ "time": 52610, "train": 10, "operation": 23 },{ "time": 52611, "train": 18, "operation": 19 },{ "time": 52611, "train": 6, "operation": 27 },{ "time": 52616, "train": 13, "operation": 9 },{ "time": 52616, "train": 3, "operation": 25 },{ "time": 52641, "train": 18, "operation": 20 },{ "time": 52646, "train": 13, "operation": 11 },{ "time": 52647, "train": 20, "operation": 15 },{ "time": 52677, "train": 12, "operation": 28 },{ "time": 52677, "train": 20, "operation": 17 },{ "time": 52705, "train": 10, "operation": 24 },{ "time": 52735, "train": 10, "operation": 26 },{ "time": 52738, "train": 30, "operation": 1 },{ "time": 52753, "train": 6, "operation": 28 },{ "time": 52772, "train": 15, "operation": 22 },{ "time": 52772, "train": 15, "operation": 25 },{ "time": 52783, "train": 6, "operation": 29 },{ "time": 52788, "train": 13, "operation": 12 },{ "time": 52797, "train": 11, "operation": 1 },{ "time": 52797, "train": 11, "operation": 6 },{ "time": 52797, "train": 16, "operation": 22 },{ "time": 52797, "train": 30, "operation": 4 },{ "time": 52818, "train": 13, "operation": 14 },{ "time": 52827, "train": 20, "operation": 18 },{ "time": 52832, "train": 6, "operation": 30 },{ "time": 52832, "train": 6, "operation": 31 },{ "time": 52857, "train": 16, "operation": 24 },{ "time": 52857, "train": 20, "operation": 20 },{ "time": 52866, "train": 13, "operation": 15 },{ "time": 52866, "train": 13, "operation": 17 },{ "time": 52869, "train": 18, "operation": 22 },{ "time": 52877, "train": 10, "operation": 27 },{ "time": 52887, "train": 11, "operation": 8 },{ "time": 52907, "train": 10, "operation": 29 },{ "time": 52914, "train": 3, "operation": 26 },{ "time": 52914, "train": 3, "operation": 28 },{ "time": 52917, "train": 11, "operation": 9 },{ "time": 52925, "train": 6, "operation": 32 },{ "time": 52941, "train": 15, "operation": 26 },{ "time": 52947, "train": 16, "operation": 25 },{ "time": 52955, "train": 6, "operation": 34 },{ "time": 52961, "train": 13, "operation": 18 },{ "time": 52979, "train": 4, "operation": 11 },{ "time": 52979, "train": 4, "operation": 15 },{ "time": 52989, "train": 18, "operation": 23 },{ "time": 52991, "train": 13, "operation": 20 },{ "time": 53016, "train": 3, "operation": 29 },{ "time": 53021, "train": 10, "operation": 30 },{ "time": 53067, "train": 11, "operation": 10 },{ "time": 53067, "train": 20, "operation": 22 },{ "time": 53067, "train": 15, "operation": 28 },{ "time": 53075, "train": 3, "operation": 31 },{ "time": 53097, "train": 6, "operation": 36 },{ "time": 53097, "train": 11, "operation": 12 },{ "time": 53097, "train": 16, "operation": 29 },{ "time": 53097, "train": 20, "operation": 23 },{ "time": 53127, "train": 6, "operation": 39 },{ "time": 53133, "train": 13, "operation": 21 },{ "time": 53141, "train": 3, "operation": 32 },{ "time": 53141, "train": 3, "operation": 34 },{ "time": 53141, "train": 10, "operation": 35 },{ "time": 53146, "train": 18, "operation": 24 },{ "time": 53146, "train": 18, "operation": 25 },{ "time": 53152, "train": 4, "operation": 16 },{ "time": 53152, "train": 4, "operation": 17 },{ "time": 53163, "train": 13, "operation": 23 },{ "time": 53184, "train": 6, "operation": 40 },{ "time": 53197, "train": 11, "operation": 13 },{ "time": 53197, "train": 11, "operation": 15 },{ "time": 53214, "train": 15, "operation": 30 },{ "time": 53214, "train": 15, "operation": 31 },{ "time": 53239, "train": 16, "operation": 30 },{ "time": 53244, "train": 6, "operation": 42 },{ "time": 53247, "train": 11, "operation": 16 },{ "time": 53269, "train": 16, "operation": 32 },{ "time": 53274, "train": 3, "operation": 35 },{ "time": 53274, "train": 3, "operation": 37 },{ "time": 53277, "train": 11, "operation": 18 },{ "time": 53277, "train": 13, "operation": 24 },{ "time": 53281, "train": 4, "operation": 18 },{ "time": 53281, "train": 4, "operation": 20 },{ "time": 53303, "train": 18, "operation": 26 },{ "time": 53333, "train": 18, "operation": 29 },{ "time": 53367, "train": 20, "operation": 24 },{ "time": 53371, "train": 15, "operation": 33 },{ "time": 53387, "train": 3, "operation": 38 },{ "time": 53387, "train": 3, "operation": 40 },{ "time": 53397, "train": 13, "operation": 29 },{ "time": 53413, "train": 16, "operation": 33 },{ "time": 53413, "train": 16, "operation": 34 },{ "time": 53427, "train": 11, "operation": 19 },{ "time": 53456, "train": 4, "operation": 21 },{ "time": 53456, "train": 4, "operation": 22 },{ "time": 53457, "train": 11, "operation": 21 },{ "time": 53468, "train": 16, "operation": 35 },{ "time": 53473, "train": 3, "operation": 42 },{ "time": 53498, "train": 16, "operation": 36 },{ "time": 53500, "train": 6, "operation": 44 },{ "time": 53502, "train": 30, "operation": 5 },{ "time": 53502, "train": 30, "operation": 7 },{ "time": 53530, "train": 6, "operation": 45 },{ "time": 53533, "train": 18, "operation": 31 },{ "time": 53533, "train": 20, "operation": 27 },{ "time": 53544, "train": 4, "operation": 23 },{ "time": 53544, "train": 4, "operation": 24 },{ "time": 53563, "train": 18, "operation": 33 },{ "time": 53640, "train": 16, "operation": 37 },{ "time": 53670, "train": 16, "operation": 40 },{ "time": 53672, "train": 6, "operation": 46 },{ "time": 53676, "train": 4, "operation": 25 },{ "time": 53676, "train": 4, "operation": 27 },{ "time": 53676, "train": 15, "operation": 34 },{ "time": 53697, "train": 11, "operation": 22 },{ "time": 53697, "train": 14, "operation": 1 },{ "time": 53697, "train": 14, "operation": 6 },{ "time": 53702, "train": 6, "operation": 48 },{ "time": 53733, "train": 20, "operation": 29 },{ "time": 53750, "train": 6, "operation": 49 },{ "time": 53750, "train": 6, "operation": 51 },{ "time": 53757, "train": 11, "operation": 24 },{ "time": 53763, "train": 20, "operation": 31 },{ "time": 53771, "train": 15, "operation": 35 },{ "time": 53771, "train": 15, "operation": 36 },{ "time": 53778, "train": 30, "operation": 8 },{ "time": 53778, "train": 30, "operation": 10 },{ "time": 53787, "train": 14, "operation": 7 },{ "time": 53791, "train": 18, "operation": 34 },{ "time": 53817, "train": 14, "operation": 9 },{ "time": 53845, "train": 6, "operation": 52 },{ "time": 53849, "train": 15, "operation": 37 },{ "time": 53849, "train": 15, "operation": 38 },{ "time": 53875, "train": 4, "operation": 28 },{ "time": 53875, "train": 4, "operation": 30 },{ "time": 53875, "train": 6, "operation": 54 },{ "time": 53877, "train": 11, "operation": 25 },{ "time": 53877, "train": 19, "operation": 2 },{ "time": 53877, "train": 19, "operation": 5 },{ "time": 53898, "train": 16, "operation": 41 },{ "time": 53905, "train": 20, "operation": 32 },{ "time": 53905, "train": 20, "operation": 33 },{ "time": 53937, "train": 19, "operation": 6 },{ "time": 53967, "train": 14, "operation": 10 },{ "time": 53997, "train": 11, "operation": 29 },{ "time": 53997, "train": 14, "operation": 12 },{ "time": 53997, "train": 19, "operation": 8 },{ "time": 54004, "train": 15, "operation": 40 },{ "time": 54017, "train": 6, "operation": 55 },{ "time": 54047, "train": 6, "operation": 57 },{ "time": 54047, "train": 20, "operation": 35 },{ "time": 54047, "train": 16, "operation": 43 },{ "time": 54087, "train": 4, "operation": 32 },{ "time": 54087, "train": 4, "operation": 33 },{ "time": 54087, "train": 18, "operation": 36 },{ "time": 54097, "train": 14, "operation": 13 },{ "time": 54097, "train": 14, "operation": 15 },{ "time": 54107, "train": 20, "operation": 36 },{ "time": 54147, "train": 14, "operation": 16 },{ "time": 54161, "train": 6, "operation": 58 },{ "time": 54177, "train": 14, "operation": 18 },{ "time": 54247, "train": 16, "operation": 44 },{ "time": 54247, "train": 16, "operation": 45 },{ "time": 54249, "train": 15, "operation": 41 },{ "time": 54267, "train": 19, "operation": 9 },{ "time": 54281, "train": 6, "operation": 63 },{ "time": 54287, "train": 18, "operation": 38 },{ "time": 54297, "train": 19, "operation": 11 },{ "time": 54307, "train": 20, "operation": 37 },{ "time": 54307, "train": 30, "operation": 11 },{ "time": 54307, "train": 30, "operation": 13 },{ "time": 54317, "train": 18, "operation": 39 },{ "time": 54327, "train": 14, "operation": 19 },{ "time": 54337, "train": 20, "operation": 40 },{ "time": 54357, "train": 14, "operation": 21 },{ "time": 54361, "train": 4, "operation": 34 },{ "time": 54361, "train": 4, "operation": 37 },{ "time": 54363, "train": 15, "operation": 42 },{ "time": 54363, "train": 15, "operation": 43 },{ "time": 54423, "train": 20, "operation": 41 },{ "time": 54447, "train": 16, "operation": 46 },{ "time": 54447, "train": 19, "operation": 12 },{ "time": 54453, "train": 20, "operation": 42 },{ "time": 54477, "train": 19, "operation": 14 },{ "time": 54488, "train": 18, "operation": 41 },{ "time": 54515, "train": 15, "operation": 44 },{ "time": 54527, "train": 19, "operation": 15 },{ "time": 54527, "train": 19, "operation": 17 },{ "time": 54527, "train": 20, "operation": 43 },{ "time": 54527, "train": 20, "operation": 44 },{ "time": 54567, "train": 16, "operation": 49 },{ "time": 54594, "train": 4, "operation": 38 },{ "time": 54594, "train": 4, "operation": 41 },{ "time": 54597, "train": 9, "operation": 1 },{ "time": 54597, "train": 9, "operation": 6 },{ "time": 54597, "train": 14, "operation": 22 },{ "time": 54627, "train": 19, "operation": 18 },{ "time": 54652, "train": 20, "operation": 45 },{ "time": 54657, "train": 14, "operation": 24 },{ "time": 54657, "train": 19, "operation": 20 },{ "time": 54668, "train": 18, "operation": 42 },{ "time": 54682, "train": 20, "operation": 47 },{ "time": 54687, "train": 9, "operation": 7 },{ "time": 54717, "train": 9, "operation": 9 },{ "time": 54747, "train": 14, "operation": 25 },{ "time": 54767, "train": 4, "operation": 42 },{ "time": 54767, "train": 4, "operation": 43 },{ "time": 54807, "train": 19, "operation": 21 },{ "time": 54810, "train": 18, "operation": 43 },{ "time": 54824, "train": 20, "operation": 49 },{ "time": 54824, "train": 14, "operation": 29 },{ "time": 54837, "train": 19, "operation": 23 },{ "time": 54840, "train": 18, "operation": 44 },{ "time": 54854, "train": 20, "operation": 52 },{ "time": 54867, "train": 9, "operation": 10 },{ "time": 54897, "train": 9, "operation": 12 },{ "time": 54906, "train": 30, "operation": 15 },{ "time": 54906, "train": 15, "operation": 48 },{ "time": 54911, "train": 20, "operation": 53 },{ "time": 54926, "train": 18, "operation": 45 },{ "time": 54926, "train": 18, "operation": 46 },{ "time": 54939, "train": 4, "operation": 44 },{ "time": 54939, "train": 4, "operation": 46 },{ "time": 54957, "train": 19, "operation": 24 },{ "time": 54966, "train": 14, "operation": 30 },{ "time": 54966, "train": 30, "operation": 18 },{ "time": 54971, "train": 20, "operation": 55 },{ "time": 54996, "train": 14, "operation": 32 },{ "time": 54997, "train": 9, "operation": 13 },{ "time": 54997, "train": 9, "operation": 15 },{ "time": 55047, "train": 9, "operation": 16 },{ "time": 55077, "train": 9, "operation": 18 },{ "time": 55077, "train": 19, "operation": 29 },{ "time": 55093, "train": 3, "operation": 46 },{ "time": 55097, "train": 18, "operation": 47 },{ "time": 55124, "train": 30, "operation": 19 },{ "time": 55124, "train": 30, "operation": 20 },{ "time": 55130, "train": 14, "operation": 33 },{ "time": 55130, "train": 14, "operation": 34 },{ "time": 55182, "train": 4, "operation": 47 },{ "time": 55196, "train": 14, "operation": 35 },{ "time": 55197, "train": 17, "operation": 1 },{ "time": 55197, "train": 17, "operation": 4 },{ "time": 55197, "train": 26, "operation": 1 },{ "time": 55197, "train": 26, "operation": 5 },{ "time": 55226, "train": 14, "operation": 36 },{ "time": 55227, "train": 9, "operation": 19 },{ "time": 55227, "train": 20, "operation": 57 },{ "time": 55242, "train": 30, "operation": 22 },{ "time": 55242, "train": 30, "operation": 23 },{ "time": 55257, "train": 9, "operation": 21 },{ "time": 55257, "train": 20, "operation": 58 },{ "time": 55355, "train": 17, "operation": 5 },{ "time": 55355, "train": 17, "operation": 6 },{ "time": 55368, "train": 14, "operation": 38 },{ "time": 55377, "train": 4, "operation": 50 },{ "time": 55386, "train": 26, "operation": 6 },{ "time": 55386, "train": 26, "operation": 7 },{ "time": 55389, "train": 30, "operation": 24 },{ "time": 55389, "train": 30, "operation": 25 },{ "time": 55398, "train": 14, "operation": 40 },{ "time": 55399, "train": 20, "operation": 59 },{ "time": 55429, "train": 20, "operation": 61 },{ "time": 55447, "train": 15, "operation": 50 },{ "time": 55462, "train": 30, "operation": 26 },{ "time": 55462, "train": 30, "operation": 27 },{ "time": 55477, "train": 20, "operation": 62 },{ "time": 55477, "train": 20, "operation": 64 },{ "time": 55497, "train": 9, "operation": 22 },{ "time": 55497, "train": 24, "operation": 1 },{ "time": 55497, "train": 24, "operation": 6 },{ "time": 55512, "train": 17, "operation": 7 },{ "time": 55516, "train": 4, "operation": 51 },{ "time": 55516, "train": 4, "operation": 52 },{ "time": 55527, "train": 26, "operation": 9 },{ "time": 55527, "train": 18, "operation": 49 },{ "time": 55557, "train": 9, "operation": 24 },{ "time": 55557, "train": 26, "operation": 10 },{ "time": 55557, "train": 30, "operation": 28 },{ "time": 55557, "train": 30, "operation": 30 },{ "time": 55567, "train": 15, "operation": 51 },{ "time": 55572, "train": 20, "operation": 65 },{ "time": 55587, "train": 24, "operation": 7 },{ "time": 55602, "train": 20, "operation": 67 },{ "time": 55617, "train": 24, "operation": 9 },{ "time": 55626, "train": 14, "operation": 42 },{ "time": 55673, "train": 18, "operation": 50 },{ "time": 55673, "train": 18, "operation": 51 },{ "time": 55677, "train": 9, "operation": 25 },{ "time": 55677, "train": 21, "operation": 2 },{ "time": 55677, "train": 21, "operation": 5 },{ "time": 55677, "train": 30, "operation": 31 },{ "time": 55677, "train": 30, "operation": 33 },{ "time": 55686, "train": 14, "operation": 43 },{ "time": 55737, "train": 17, "operation": 9 },{ "time": 55737, "train": 21, "operation": 6 },{ "time": 55737, "train": 26, "operation": 11 },{ "time": 55737, "train": 26, "operation": 12 },{ "time": 55744, "train": 20, "operation": 68 },{ "time": 55767, "train": 24, "operation": 10 },{ "time": 55774, "train": 20, "operation": 70 },{ "time": 55797, "train": 4, "operation": 53 },{ "time": 55797, "train": 9, "operation": 29 },{ "time": 55797, "train": 21, "operation": 8 },{ "time": 55797, "train": 24, "operation": 12 },{ "time": 55827, "train": 26, "operation": 13 },{ "time": 55837, "train": 30, "operation": 34 },{ "time": 55837, "train": 30, "operation": 36 },{ "time": 55843, "train": 14, "operation": 44 },{ "time": 55843, "train": 14, "operation": 45 },{ "time": 55857, "train": 26, "operation": 14 },{ "time": 55869, "train": 18, "operation": 53 },{ "time": 55888, "train": 20, "operation": 71 },{ "time": 55897, "train": 24, "operation": 13 },{ "time": 55897, "train": 24, "operation": 15 },{ "time": 55917, "train": 4, "operation": 54 },{ "time": 55947, "train": 17, "operation": 10 },{ "time": 55947, "train": 24, "operation": 16 },{ "time": 55977, "train": 17, "operation": 13 },{ "time": 55977, "train": 24, "operation": 18 },{ "time": 55989, "train": 18, "operation": 56 },{ "time": 56007, "train": 14, "operation": 46 },{ "time": 56007, "train": 26, "operation": 15 },{ "time": 56008, "train": 20, "operation": 76 },{ "time": 56037, "train": 14, "operation": 49 },{ "time": 56037, "train": 26, "operation": 17 },{ "time": 56058, "train": 15, "operation": 52 },{ "time": 56058, "train": 15, "operation": 54 },{ "time": 56067, "train": 21, "operation": 9 },{ "time": 56082, "train": 30, "operation": 37 },{ "time": 56097, "train": 21, "operation": 11 },{ "time": 56127, "train": 17, "operation": 14 },{ "time": 56127, "train": 24, "operation": 19 },{ "time": 56157, "train": 17, "operation": 15 },{ "time": 56157, "train": 24, "operation": 21 },{ "time": 56187, "train": 26, "operation": 18 },{ "time": 56217, "train": 26, "operation": 20 },{ "time": 56237, "train": 17, "operation": 16 },{ "time": 56237, "train": 17, "operation": 17 },{ "time": 56247, "train": 14, "operation": 51 },{ "time": 56247, "train": 21, "operation": 12 },{ "time": 56262, "train": 30, "operation": 40 },{ "time": 56277, "train": 14, "operation": 53 },{ "time": 56277, "train": 21, "operation": 14 },{ "time": 56305, "train": 15, "operation": 55 },{ "time": 56305, "train": 15, "operation": 57 },{ "time": 56327, "train": 21, "operation": 15 },{ "time": 56327, "train": 21, "operation": 17 },{ "time": 56337, "train": 1, "operation": 1 },{ "time": 56337, "train": 1, "operation": 2 },{ "time": 56367, "train": 17, "operation": 18 },{ "time": 56397, "train": 17, "operation": 20 },{ "time": 56397, "train": 22, "operation": 1 },{ "time": 56397, "train": 22, "operation": 6 },{ "time": 56397, "train": 24, "operation": 22 },{ "time": 56427, "train": 21, "operation": 18 },{ "time": 56427, "train": 26, "operation": 21 },{ "time": 56457, "train": 21, "operation": 20 },{ "time": 56457, "train": 24, "operation": 24 },{ "time": 56461, "train": 30, "operation": 41 },{ "time": 56461, "train": 30, "operation": 44 },{ "time": 56487, "train": 22, "operation": 7 },{ "time": 56517, "train": 22, "operation": 9 },{ "time": 56547, "train": 14, "operation": 55 },{ "time": 56547, "train": 17, "operation": 21 },{ "time": 56547, "train": 24, "operation": 26 },{ "time": 56553, "train": 1, "operation": 3 },{ "time": 56553, "train": 1, "operation": 4 },{ "time": 56577, "train": 14, "operation": 56 },{ "time": 56577, "train": 17, "operation": 25 },{ "time": 56577, "train": 24, "operation": 29 },{ "time": 56577, "train": 26, "operation": 23 },{ "time": 56604, "train": 30, "operation": 45 },{ "time": 56604, "train": 30, "operation": 46 },{ "time": 56607, "train": 21, "operation": 21 },{ "time": 56637, "train": 17, "operation": 26 },{ "time": 56637, "train": 21, "operation": 23 },{ "time": 56649, "train": 1, "operation": 5 },{ "time": 56649, "train": 1, "operation": 8 },{ "time": 56667, "train": 22, "operation": 10 },{ "time": 56697, "train": 17, "operation": 28 },{ "time": 56697, "train": 22, "operation": 12 },{ "time": 56727, "train": 24, "operation": 30 },{ "time": 56747, "train": 30, "operation": 47 },{ "time": 56757, "train": 21, "operation": 24 },{ "time": 56757, "train": 24, "operation": 32 },{ "time": 56787, "train": 14, "operation": 57 },{ "time": 56797, "train": 22, "operation": 13 },{ "time": 56797, "train": 22, "operation": 15 },{ "time": 56817, "train": 14, "operation": 59 },{ "time": 56847, "train": 22, "operation": 16 },{ "time": 56847, "train": 26, "operation": 24 },{ "time": 56862, "train": 1, "operation": 10 },{ "time": 56862, "train": 1, "operation": 11 },{ "time": 56877, "train": 21, "operation": 29 },{ "time": 56877, "train": 22, "operation": 18 },{ "time": 56877, "train": 26, "operation": 27 },{ "time": 56897, "train": 30, "operation": 49 },{ "time": 56937, "train": 24, "operation": 33 },{ "time": 56937, "train": 24, "operation": 34 },{ "time": 56967, "train": 17, "operation": 29 },{ "time": 56997, "train": 17, "operation": 31 },{ "time": 57027, "train": 14, "operation": 60 },{ "time": 57027, "train": 22, "operation": 19 },{ "time": 57027, "train": 24, "operation": 35 },{ "time": 57037, "train": 1, "operation": 12 },{ "time": 57037, "train": 1, "operation": 13 },{ "time": 57057, "train": 14, "operation": 62 },{ "time": 57057, "train": 22, "operation": 21 },{ "time": 57057, "train": 24, "operation": 36 },{ "time": 57079, "train": 15, "operation": 58 },{ "time": 57112, "train": 26, "operation": 28 },{ "time": 57117, "train": 30, "operation": 50 },{ "time": 57138, "train": 15, "operation": 61 },{ "time": 57147, "train": 17, "operation": 32 },{ "time": 57177, "train": 17, "operation": 34 },{ "time": 57207, "train": 14, "operation": 63 },{ "time": 57207, "train": 24, "operation": 38 },{ "time": 57212, "train": 1, "operation": 15 },{ "time": 57212, "train": 1, "operation": 17 },{ "time": 57227, "train": 17, "operation": 35 },{ "time": 57227, "train": 17, "operation": 37 },{ "time": 57237, "train": 14, "operation": 64 },{ "time": 57237, "train": 24, "operation": 40 },{ "time": 57237, "train": 26, "operation": 31 },{ "time": 57297, "train": 22, "operation": 22 },{ "time": 57297, "train": 28, "operation": 1 },{ "time": 57297, "train": 28, "operation": 6 },{ "time": 57297, "train": 30, "operation": 53 },{ "time": 57327, "train": 14, "operation": 65 },{ "time": 57327, "train": 14, "operation": 66 },{ "time": 57327, "train": 17, "operation": 38 },{ "time": 57357, "train": 17, "operation": 40 },{ "time": 57357, "train": 22, "operation": 24 },{ "time": 57387, "train": 28, "operation": 7 },{ "time": 57397, "train": 30, "operation": 54 },{ "time": 57397, "train": 30, "operation": 55 },{ "time": 57402, "train": 26, "operation": 32 },{ "time": 57402, "train": 26, "operation": 33 },{ "time": 57417, "train": 28, "operation": 9 },{ "time": 57457, "train": 24, "operation": 41 },{ "time": 57474, "train": 30, "operation": 56 },{ "time": 57474, "train": 30, "operation": 57 },{ "time": 57477, "train": 1, "operation": 18 },{ "time": 57477, "train": 1, "operation": 21 },{ "time": 57477, "train": 22, "operation": 25 },{ "time": 57477, "train": 23, "operation": 2 },{ "time": 57477, "train": 23, "operation": 5 },{ "time": 57507, "train": 14, "operation": 67 },{ "time": 57507, "train": 17, "operation": 41 },{ "time": 57537, "train": 14, "operation": 69 },{ "time": 57537, "train": 17, "operation": 43 },{ "time": 57537, "train": 23, "operation": 6 },{ "time": 57567, "train": 26, "operation": 35 },{ "time": 57567, "train": 28, "operation": 10 },{ "time": 57597, "train": 22, "operation": 29 },{ "time": 57597, "train": 23, "operation": 8 },{ "time": 57597, "train": 24, "operation": 43 },{ "time": 57597, "train": 26, "operation": 36 },{ "time": 57597, "train": 28, "operation": 12 },{ "time": 57597, "train": 30, "operation": 58 },{ "time": 57597, "train": 30, "operation": 60 },{ "time": 57657, "train": 17, "operation": 44 },{ "time": 57691, "train": 14, "operation": 70 },{ "time": 57691, "train": 14, "operation": 71 },{ "time": 57697, "train": 28, "operation": 13 },{ "time": 57697, "train": 28, "operation": 15 },{ "time": 57717, "train": 30, "operation": 61 },{ "time": 57717, "train": 30, "operation": 65 },{ "time": 57741, "train": 1, "operation": 22 },{ "time": 57741, "train": 1, "operation": 24 },{ "time": 57747, "train": 28, "operation": 16 },{ "time": 57777, "train": 17, "operation": 49 },{ "time": 57777, "train": 24, "operation": 44 },{ "time": 57777, "train": 24, "operation": 45 },{ "time": 57777, "train": 28, "operation": 18 },{ "time": 57777, "train": 30, "operation": 66 },{ "time": 57807, "train": 26, "operation": 37 },{ "time": 57837, "train": 26, "operation": 40 },{ "time": 57867, "train": 23, "operation": 9 },{ "time": 57897, "train": 14, "operation": 72 },{ "time": 57897, "train": 23, "operation": 11 },{ "time": 57897, "train": 30, "operation": 68 },{ "time": 57927, "train": 26, "operation": 41 },{ "time": 57927, "train": 28, "operation": 19 },{ "time": 57957, "train": 1, "operation": 25 },{ "time": 57957, "train": 1, "operation": 27 },{ "time": 57957, "train": 24, "operation": 46 },{ "time": 57957, "train": 26, "operation": 42 },{ "time": 57957, "train": 28, "operation": 21 },{ "time": 58017, "train": 14, "operation": 76 },{ "time": 58035, "train": 26, "operation": 43 },{ "time": 58035, "train": 26, "operation": 44 },{ "time": 58047, "train": 23, "operation": 12 },{ "time": 58077, "train": 23, "operation": 14 },{ "time": 58077, "train": 24, "operation": 49 },{ "time": 58127, "train": 23, "operation": 15 },{ "time": 58127, "train": 23, "operation": 17 },{ "time": 58128, "train": 1, "operation": 28 },{ "time": 58128, "train": 1, "operation": 30 },{ "time": 58167, "train": 26, "operation": 45 },{ "time": 58197, "train": 25, "operation": 1 },{ "time": 58197, "train": 25, "operation": 6 },{ "time": 58197, "train": 26, "operation": 47 },{ "time": 58197, "train": 28, "operation": 23 },{ "time": 58211, "train": 30, "operation": 69 },{ "time": 58211, "train": 30, "operation": 71 },{ "time": 58217, "train": 1, "operation": 31 },{ "time": 58217, "train": 1, "operation": 32 },{ "time": 58227, "train": 23, "operation": 18 },{ "time": 58257, "train": 23, "operation": 20 },{ "time": 58257, "train": 28, "operation": 24 },{ "time": 58287, "train": 25, "operation": 7 },{ "time": 58311, "train": 1, "operation": 33 },{ "time": 58311, "train": 1, "operation": 34 },{ "time": 58317, "train": 25, "operation": 9 },{ "time": 58318, "train": 30, "operation": 72 },{ "time": 58347, "train": 26, "operation": 48 },{ "time": 58347, "train": 28, "operation": 26 },{ "time": 58377, "train": 26, "operation": 52 },{ "time": 58377, "train": 28, "operation": 29 },{ "time": 58377, "train": 30, "operation": 74 },{ "time": 58407, "train": 23, "operation": 21 },{ "time": 58437, "train": 23, "operation": 23 },{ "time": 58437, "train": 26, "operation": 53 },{ "time": 58442, "train": 30, "operation": 75 },{ "time": 58442, "train": 30, "operation": 77 },{ "time": 58467, "train": 25, "operation": 10 },{ "time": 58497, "train": 25, "operation": 12 },{ "time": 58497, "train": 26, "operation": 55 },{ "time": 58499, "train": 1, "operation": 35 },{ "time": 58499, "train": 1, "operation": 37 },{ "time": 58527, "train": 28, "operation": 30 },{ "time": 58557, "train": 23, "operation": 24 },{ "time": 58557, "train": 28, "operation": 32 },{ "time": 58572, "train": 30, "operation": 78 },{ "time": 58572, "train": 30, "operation": 80 },{ "time": 58597, "train": 25, "operation": 13 },{ "time": 58597, "train": 25, "operation": 15 },{ "time": 58633, "train": 1, "operation": 38 },{ "time": 58633, "train": 1, "operation": 39 },{ "time": 58647, "train": 25, "operation": 16 },{ "time": 58677, "train": 23, "operation": 29 },{ "time": 58677, "train": 25, "operation": 18 },{ "time": 58683, "train": 30, "operation": 81 },{ "time": 58683, "train": 30, "operation": 83 },{ "time": 58699, "train": 28, "operation": 33 },{ "time": 58699, "train": 28, "operation": 34 },{ "time": 58767, "train": 26, "operation": 56 },{ "time": 58767, "train": 28, "operation": 35 },{ "time": 58797, "train": 26, "operation": 58 },{ "time": 58797, "train": 28, "operation": 36 },{ "time": 58797, "train": 30, "operation": 84 },{ "time": 58812, "train": 1, "operation": 40 },{ "time": 58812, "train": 1, "operation": 44 },{ "time": 58827, "train": 25, "operation": 19 },{ "time": 58857, "train": 25, "operation": 21 },{ "time": 58857, "train": 35, "operation": 1 },{ "time": 58857, "train": 35, "operation": 5 },{ "time": 58917, "train": 30, "operation": 89 },{ "time": 58947, "train": 26, "operation": 59 },{ "time": 58947, "train": 28, "operation": 37 },{ "time": 58977, "train": 26, "operation": 61 },{ "time": 58977, "train": 28, "operation": 40 },{ "time": 58977, "train": 29, "operation": 1 },{ "time": 58977, "train": 29, "operation": 4 },{ "time": 59027, "train": 26, "operation": 62 },{ "time": 59027, "train": 26, "operation": 64 },{ "time": 59046, "train": 35, "operation": 6 },{ "time": 59046, "train": 35, "operation": 7 },{ "time": 59097, "train": 25, "operation": 22 },{ "time": 59097, "train": 34, "operation": 1 },{ "time": 59097, "train": 34, "operation": 6 },{ "time": 59127, "train": 26, "operation": 65 },{ "time": 59127, "train": 29, "operation": 5 },{ "time": 59127, "train": 29, "operation": 6 },{ "time": 59157, "train": 25, "operation": 24 },{ "time": 59157, "train": 26, "operation": 67 },{ "time": 59187, "train": 28, "operation": 41 },{ "time": 59187, "train": 34, "operation": 7 },{ "time": 59187, "train": 35, "operation": 8 },{ "time": 59217, "train": 34, "operation": 9 },{ "time": 59217, "train": 35, "operation": 10 },{ "time": 59227, "train": 45, "operation": 1 },{ "time": 59277, "train": 25, "operation": 25 },{ "time": 59277, "train": 27, "operation": 2 },{ "time": 59277, "train": 27, "operation": 5 },{ "time": 59277, "train": 29, "operation": 8 },{ "time": 59277, "train": 45, "operation": 4 },{ "time": 59307, "train": 26, "operation": 68 },{ "time": 59337, "train": 26, "operation": 70 },{ "time": 59337, "train": 27, "operation": 6 },{ "time": 59337, "train": 28, "operation": 43 },{ "time": 59367, "train": 34, "operation": 10 },{ "time": 59397, "train": 25, "operation": 29 },{ "time": 59397, "train": 27, "operation": 8 },{ "time": 59397, "train": 29, "operation": 9 },{ "time": 59397, "train": 34, "operation": 12 },{ "time": 59397, "train": 35, "operation": 11 },{ "time": 59397, "train": 35, "operation": 12 },{ "time": 59457, "train": 1, "operation": 45 },{ "time": 59457, "train": 1, "operation": 47 },{ "time": 59457, "train": 26, "operation": 71 },{ "time": 59487, "train": 35, "operation": 13 },{ "time": 59497, "train": 34, "operation": 13 },{ "time": 59497, "train": 34, "operation": 15 },{ "time": 59502, "train": 28, "operation": 44 },{ "time": 59502, "train": 28, "operation": 45 },{ "time": 59517, "train": 35, "operation": 14 },{ "time": 59547, "train": 34, "operation": 16 },{ "time": 59577, "train": 26, "operation": 76 },{ "time": 59577, "train": 34, "operation": 18 },{ "time": 59607, "train": 29, "operation": 10 },{ "time": 59637, "train": 29, "operation": 13 },{ "time": 59667, "train": 27, "operation": 9 },{ "time": 59667, "train": 28, "operation": 46 },{ "time": 59667, "train": 35, "operation": 15 },{ "time": 59697, "train": 27, "operation": 11 },{ "time": 59697, "train": 28, "operation": 49 },{ "time": 59697, "train": 35, "operation": 17 },{ "time": 59727, "train": 29, "operation": 14 },{ "time": 59727, "train": 34, "operation": 19 },{ "time": 59757, "train": 29, "operation": 15 },{ "time": 59757, "train": 34, "operation": 21 },{ "time": 59817, "train": 43, "operation": 1 },{ "time": 59817, "train": 43, "operation": 6 },{ "time": 59837, "train": 29, "operation": 16 },{ "time": 59837, "train": 29, "operation": 17 },{ "time": 59847, "train": 27, "operation": 12 },{ "time": 59847, "train": 35, "operation": 18 },{ "time": 59877, "train": 27, "operation": 14 },{ "time": 59877, "train": 35, "operation": 20 },{ "time": 59907, "train": 28, "operation": 50 },{ "time": 59907, "train": 43, "operation": 7 },{ "time": 59907, "train": 43, "operation": 9 },{ "time": 59927, "train": 27, "operation": 15 },{ "time": 59927, "train": 27, "operation": 17 },{ "time": 59937, "train": 28, "operation": 53 },{ "time": 59953, "train": 45, "operation": 5 },{ "time": 59953, "train": 45, "operation": 7 },{ "time": 59967, "train": 29, "operation": 18 },{ "time": 59997, "train": 29, "operation": 20 },{ "time": 59997, "train": 33, "operation": 1 },{ "time": 59997, "train": 33, "operation": 6 },{ "time": 59997, "train": 34, "operation": 22 },{ "time": 60025, "train": 43, "operation": 10 },{ "time": 60025, "train": 43, "operation": 12 },{ "time": 60027, "train": 27, "operation": 18 },{ "time": 60057, "train": 27, "operation": 20 },{ "time": 60057, "train": 34, "operation": 24 },{ "time": 60087, "train": 33, "operation": 7 },{ "time": 60097, "train": 35, "operation": 21 },{ "time": 60117, "train": 1, "operation": 48 },{ "time": 60117, "train": 33, "operation": 9 },{ "time": 60127, "train": 43, "operation": 13 },{ "time": 60127, "train": 43, "operation": 15 },{ "time": 60147, "train": 29, "operation": 21 },{ "time": 60147, "train": 34, "operation": 26 },{ "time": 60177, "train": 29, "operation": 25 },{ "time": 60177, "train": 34, "operation": 29 },{ "time": 60178, "train": 43, "operation": 16 },{ "time": 60207, "train": 27, "operation": 21 },{ "time": 60207, "train": 28, "operation": 55 },{ "time": 60237, "train": 27, "operation": 23 },{ "time": 60237, "train": 28, "operation": 56 },{ "time": 60237, "train": 29, "operation": 26 },{ "time": 60237, "train": 35, "operation": 23 },{ "time": 60237, "train": 43, "operation": 18 },{ "time": 60237, "train": 45, "operation": 9 },{ "time": 60237, "train": 45, "operation": 10 },{ "time": 60267, "train": 33, "operation": 10 },{ "time": 60297, "train": 1, "operation": 50 },{ "time": 60297, "train": 29, "operation": 28 },{ "time": 60297, "train": 33, "operation": 12 },{ "time": 60327, "train": 34, "operation": 30 },{ "time": 60329, "train": 43, "operation": 19 },{ "time": 60329, "train": 43, "operation": 21 },{ "time": 60357, "train": 27, "operation": 24 },{ "time": 60357, "train": 34, "operation": 32 },{ "time": 60397, "train": 33, "operation": 13 },{ "time": 60397, "train": 33, "operation": 15 },{ "time": 60447, "train": 28, "operation": 57 },{ "time": 60447, "train": 33, "operation": 16 },{ "time": 60477, "train": 27, "operation": 29 },{ "time": 60477, "train": 28, "operation": 59 },{ "time": 60477, "train": 33, "operation": 18 },{ "time": 60507, "train": 35, "operation": 24 },{ "time": 60509, "train": 34, "operation": 33 },{ "time": 60509, "train": 34, "operation": 34 },{ "time": 60537, "train": 35, "operation": 27 },{ "time": 60567, "train": 29, "operation": 29 },{ "time": 60567, "train": 34, "operation": 35 },{ "time": 60597, "train": 29, "operation": 31 },{ "time": 60597, "train": 34, "operation": 36 },{ "time": 60597, "train": 43, "operation": 22 },{ "time": 60627, "train": 33, "operation": 19 },{ "time": 60657, "train": 33, "operation": 21 },{ "time": 60687, "train": 28, "operation": 60 },{ "time": 60717, "train": 1, "operation": 51 },{ "time": 60717, "train": 1, "operation": 53 },{ "time": 60717, "train": 28, "operation": 62 },{ "time": 60717, "train": 43, "operation": 24 },{ "time": 60747, "train": 29, "operation": 32 },{ "time": 60747, "train": 34, "operation": 37 },{ "time": 60747, "train": 35, "operation": 28 },{ "time": 60777, "train": 29, "operation": 34 },{ "time": 60777, "train": 34, "operation": 40 },{ "time": 60777, "train": 35, "operation": 31 },{ "time": 60777, "train": 45, "operation": 11 },{ "time": 60777, "train": 45, "operation": 13 },{ "time": 60796, "train": 43, "operation": 25 },{ "time": 60796, "train": 43, "operation": 29 },{ "time": 60827, "train": 29, "operation": 35 },{ "time": 60827, "train": 29, "operation": 37 },{ "time": 60867, "train": 28, "operation": 63 },{ "time": 60897, "train": 28, "operation": 64 },{ "time": 60897, "train": 33, "operation": 22 },{ "time": 60897, "train": 38, "operation": 1 },{ "time": 60897, "train": 38, "operation": 6 },{ "time": 60926, "train": 43, "operation": 30 },{ "time": 60926, "train": 43, "operation": 32 },{ "time": 60927, "train": 29, "operation": 38 },{ "time": 60927, "train": 35, "operation": 32 },{ "time": 60927, "train": 35, "operation": 33 },{ "time": 60957, "train": 29, "operation": 40 },{ "time": 60957, "train": 33, "operation": 24 },{ "time": 60983, "train": 34, "operation": 41 },{ "time": 60987, "train": 28, "operation": 65 },{ "time": 60987, "train": 28, "operation": 66 },{ "time": 60987, "train": 38, "operation": 7 },{ "time": 61017, "train": 38, "operation": 9 },{ "time": 61037, "train": 43, "operation": 33 },{ "time": 61037, "train": 43, "operation": 34 },{ "time": 61074, "train": 43, "operation": 35 },{ "time": 61074, "train": 43, "operation": 36 },{ "time": 61077, "train": 32, "operation": 1 },{ "time": 61077, "train": 32, "operation": 5 },{ "time": 61077, "train": 33, "operation": 26 },{ "time": 61077, "train": 35, "operation": 35 },{ "time": 61107, "train": 29, "operation": 41 },{ "time": 61137, "train": 29, "operation": 43 },{ "time": 61137, "train": 32, "operation": 6 },{ "time": 61137, "train": 34, "operation": 43 },{ "time": 61137, "train": 35, "operation": 36 },{ "time": 61167, "train": 28, "operation": 67 },{ "time": 61167, "train": 38, "operation": 10 },{ "time": 61182, "train": 43, "operation": 37 },{ "time": 61197, "train": 28, "operation": 69 },{ "time": 61197, "train": 32, "operation": 8 },{ "time": 61197, "train": 33, "operation": 29 },{ "time": 61197, "train": 38, "operation": 12 },{ "time": 61257, "train": 29, "operation": 44 },{ "time": 61297, "train": 38, "operation": 13 },{ "time": 61297, "train": 38, "operation": 15 },{ "time": 61347, "train": 34, "operation": 44 },{ "time": 61347, "train": 34, "operation": 45 },{ "time": 61347, "train": 35, "operation": 38 },{ "time": 61347, "train": 38, "operation": 16 },{ "time": 61351, "train": 28, "operation": 70 },{ "time": 61351, "train": 28, "operation": 71 },{ "time": 61362, "train": 43, "operation": 40 },{ "time": 61377, "train": 29, "operation": 49 },{ "time": 61377, "train": 35, "operation": 40 },{ "time": 61377, "train": 38, "operation": 18 },{ "time": 61437, "train": 45, "operation": 14 },{ "time": 61467, "train": 32, "operation": 9 },{ "time": 61497, "train": 32, "operation": 11 },{ "time": 61527, "train": 35, "operation": 41 },{ "time": 61527, "train": 38, "operation": 19 },{ "time": 61557, "train": 28, "operation": 73 },{ "time": 61557, "train": 34, "operation": 46 },{ "time": 61557, "train": 35, "operation": 42 },{ "time": 61557, "train": 38, "operation": 21 },{ "time": 61557, "train": 43, "operation": 41 },{ "time": 61617, "train": 43, "operation": 43 },{ "time": 61617, "train": 45, "operation": 18 },{ "time": 61635, "train": 35, "operation": 43 },{ "time": 61635, "train": 35, "operation": 44 },{ "time": 61647, "train": 32, "operation": 12 },{ "time": 61677, "train": 28, "operation": 76 },{ "time": 61677, "train": 32, "operation": 14 },{ "time": 61677, "train": 34, "operation": 49 },{ "time": 61677, "train": 48, "operation": 1 },{ "time": 61677, "train": 48, "operation": 2 },{ "time": 61706, "train": 1, "operation": 54 },{ "time": 61706, "train": 1, "operation": 57 },{ "time": 61727, "train": 32, "operation": 15 },{ "time": 61727, "train": 32, "operation": 17 },{ "time": 61753, "train": 43, "operation": 44 },{ "time": 61753, "train": 43, "operation": 45 },{ "time": 61767, "train": 35, "operation": 45 },{ "time": 61770, "train": 45, "operation": 19 },{ "time": 61770, "train": 45, "operation": 20 },{ "time": 61797, "train": 35, "operation": 47 },{ "time": 61797, "train": 38, "operation": 22 },{ "time": 61827, "train": 32, "operation": 18 },{ "time": 61839, "train": 48, "operation": 3 },{ "time": 61839, "train": 48, "operation": 4 },{ "time": 61857, "train": 32, "operation": 20 },{ "time": 61857, "train": 38, "operation": 24 },{ "time": 61885, "train": 45, "operation": 21 },{ "time": 61885, "train": 45, "operation": 23 },{ "time": 61888, "train": 43, "operation": 46 },{ "time": 61888, "train": 43, "operation": 49 },{ "time": 61930, "train": 48, "operation": 5 },{ "time": 61930, "train": 48, "operation": 8 },{ "time": 61947, "train": 35, "operation": 48 },{ "time": 61947, "train": 38, "operation": 26 },{ "time": 61977, "train": 35, "operation": 52 },{ "time": 61977, "train": 38, "operation": 29 },{ "time": 62007, "train": 32, "operation": 21 },{ "time": 62026, "train": 45, "operation": 24 },{ "time": 62026, "train": 45, "operation": 25 },{ "time": 62037, "train": 32, "operation": 23 },{ "time": 62037, "train": 35, "operation": 53 },{ "time": 62047, "train": 43, "operation": 50 },{ "time": 62047, "train": 43, "operation": 53 },{ "time": 62096, "train": 45, "operation": 26 },{ "time": 62096, "train": 45, "operation": 27 },{ "time": 62097, "train": 35, "operation": 55 },{ "time": 62127, "train": 38, "operation": 30 },{ "time": 62140, "train": 48, "operation": 9 },{ "time": 62140, "train": 48, "operation": 11 },{ "time": 62157, "train": 32, "operation": 24 },{ "time": 62157, "train": 38, "operation": 32 },{ "time": 62217, "train": 45, "operation": 28 },{ "time": 62227, "train": 43, "operation": 54 },{ "time": 62227, "train": 43, "operation": 56 },{ "time": 62277, "train": 32, "operation": 29 },{ "time": 62305, "train": 48, "operation": 12 },{ "time": 62305, "train": 48, "operation": 13 },{ "time": 62309, "train": 38, "operation": 33 },{ "time": 62309, "train": 38, "operation": 34 },{ "time": 62337, "train": 42, "operation": 1 },{ "time": 62337, "train": 42, "operation": 5 },{ "time": 62367, "train": 35, "operation": 56 },{ "time": 62367, "train": 38, "operation": 35 },{ "time": 62377, "train": 43, "operation": 57 },{ "time": 62377, "train": 43, "operation": 59 },{ "time": 62397, "train": 35, "operation": 58 },{ "time": 62397, "train": 38, "operation": 36 },{ "time": 62469, "train": 48, "operation": 14 },{ "time": 62469, "train": 48, "operation": 17 },{ "time": 62497, "train": 43, "operation": 61 },{ "time": 62497, "train": 43, "operation": 62 },{ "time": 62512, "train": 45, "operation": 30 },{ "time": 62526, "train": 42, "operation": 6 },{ "time": 62526, "train": 42, "operation": 7 },{ "time": 62547, "train": 35, "operation": 59 },{ "time": 62547, "train": 38, "operation": 37 },{ "time": 62577, "train": 35, "operation": 61 },{ "time": 62577, "train": 38, "operation": 40 },{ "time": 62577, "train": 40, "operation": 1 },{ "time": 62577, "train": 40, "operation": 4 },{ "time": 62577, "train": 43, "operation": 63 },{ "time": 62577, "train": 43, "operation": 64 },{ "time": 62627, "train": 35, "operation": 62 },{ "time": 62627, "train": 35, "operation": 64 },{ "time": 62652, "train": 43, "operation": 65 },{ "time": 62652, "train": 43, "operation": 66 },{ "time": 62661, "train": 45, "operation": 31 },{ "time": 62661, "train": 45, "operation": 33 },{ "time": 62667, "train": 42, "operation": 8 },{ "time": 62697, "train": 36, "operation": 1 },{ "time": 62697, "train": 36, "operation": 6 },{ "time": 62697, "train": 48, "operation": 18 },{ "time": 62697, "train": 48, "operation": 21 },{ "time": 62727, "train": 35, "operation": 65 },{ "time": 62742, "train": 40, "operation": 5 },{ "time": 62742, "train": 40, "operation": 6 },{ "time": 62757, "train": 35, "operation": 67 },{ "time": 62787, "train": 36, "operation": 7 },{ "time": 62802, "train": 43, "operation": 68 },{ "time": 62802, "train": 43, "operation": 69 },{ "time": 62817, "train": 36, "operation": 9 },{ "time": 62817, "train": 38, "operation": 41 },{ "time": 62817, "train": 42, "operation": 10 },{ "time": 62845, "train": 45, "operation": 34 },{ "time": 62877, "train": 37, "operation": 1 },{ "time": 62877, "train": 37, "operation": 5 },{ "time": 62907, "train": 35, "operation": 68 },{ "time": 62907, "train": 40, "operation": 8 },{ "time": 62937, "train": 35, "operation": 70 },{ "time": 62937, "train": 37, "operation": 6 },{ "time": 62937, "train": 38, "operation": 43 },{ "time": 62937, "train": 40, "operation": 9 },{ "time": 62937, "train": 43, "operation": 70 },{ "time": 62937, "train": 43, "operation": 71 },{ "time": 62954, "train": 48, "operation": 23 },{ "time": 62954, "train": 48, "operation": 24 },{ "time": 62967, "train": 36, "operation": 10 },{ "time": 62997, "train": 36, "operation": 12 },{ "time": 62997, "train": 37, "operation": 8 },{ "time": 62997, "train": 42, "operation": 11 },{ "time": 62997, "train": 42, "operation": 12 },{ "time": 63057, "train": 35, "operation": 71 },{ "time": 63057, "train": 45, "operation": 36 },{ "time": 63087, "train": 42, "operation": 13 },{ "time": 63097, "train": 36, "operation": 13 },{ "time": 63097, "train": 36, "operation": 15 },{ "time": 63102, "train": 38, "operation": 44 },{ "time": 63102, "train": 38, "operation": 45 },{ "time": 63117, "train": 42, "operation": 14 },{ "time": 63117, "train": 43, "operation": 72 },{ "time": 63147, "train": 36, "operation": 16 },{ "time": 63147, "train": 40, "operation": 10 },{ "time": 63164, "train": 48, "operation": 25 },{ "time": 63164, "train": 48, "operation": 27 },{ "time": 63177, "train": 35, "operation": 76 },{ "time": 63177, "train": 36, "operation": 18 },{ "time": 63177, "train": 40, "operation": 13 },{ "time": 63177, "train": 43, "operation": 76 },{ "time": 63237, "train": 42, "operation": 15 },{ "time": 63267, "train": 37, "operation": 9 },{ "time": 63267, "train": 38, "operation": 46 },{ "time": 63297, "train": 37, "operation": 11 },{ "time": 63297, "train": 38, "operation": 49 },{ "time": 63327, "train": 36, "operation": 19 },{ "time": 63327, "train": 40, "operation": 14 },{ "time": 63337, "train": 45, "operation": 37 },{ "time": 63356, "train": 48, "operation": 29 },{ "time": 63356, "train": 48, "operation": 30 },{ "time": 63357, "train": 36, "operation": 21 },{ "time": 63357, "train": 40, "operation": 15 },{ "time": 63417, "train": 42, "operation": 17 },{ "time": 63437, "train": 40, "operation": 16 },{ "time": 63437, "train": 40, "operation": 17 },{ "time": 63447, "train": 37, "operation": 12 },{ "time": 63477, "train": 37, "operation": 14 },{ "time": 63487, "train": 48, "operation": 31 },{ "time": 63487, "train": 48, "operation": 32 },{ "time": 63507, "train": 38, "operation": 51 },{ "time": 63522, "train": 45, "operation": 40 },{ "time": 63527, "train": 37, "operation": 15 },{ "time": 63527, "train": 37, "operation": 17 },{ "time": 63537, "train": 38, "operation": 53 },{ "time": 63567, "train": 40, "operation": 18 },{ "time": 63576, "train": 48, "operation": 33 },{ "time": 63576, "train": 48, "operation": 34 },{ "time": 63597, "train": 36, "operation": 22 },{ "time": 63597, "train": 40, "operation": 20 },{ "time": 63627, "train": 37, "operation": 18 },{ "time": 63627, "train": 42, "operation": 18 },{ "time": 63657, "train": 36, "operation": 24 },{ "time": 63657, "train": 37, "operation": 20 },{ "time": 63657, "train": 42, "operation": 20 },{ "time": 63747, "train": 36, "operation": 25 },{ "time": 63747, "train": 40, "operation": 22 },{ "time": 63753, "train": 48, "operation": 35 },{ "time": 63753, "train": 48, "operation": 37 },{ "time": 63757, "train": 45, "operation": 41 },{ "time": 63777, "train": 36, "operation": 29 },{ "time": 63777, "train": 38, "operation": 54 },{ "time": 63777, "train": 40, "operation": 25 },{ "time": 63777, "train": 43, "operation": 77 },{ "time": 63777, "train": 43, "operation": 79 },{ "time": 63807, "train": 37, "operation": 21 },{ "time": 63837, "train": 37, "operation": 23 },{ "time": 63837, "train": 40, "operation": 26 },{ "time": 63867, "train": 42, "operation": 22 },{ "time": 63883, "train": 48, "operation": 38 },{ "time": 63883, "train": 48, "operation": 39 },{ "time": 63897, "train": 38, "operation": 56 },{ "time": 63897, "train": 40, "operation": 28 },{ "time": 63897, "train": 42, "operation": 23 },{ "time": 63927, "train": 36, "operation": 30 },{ "time": 63957, "train": 36, "operation": 32 },{ "time": 63957, "train": 37, "operation": 24 },{ "time": 63957, "train": 45, "operation": 44 },{ "time": 64057, "train": 48, "operation": 40 },{ "time": 64057, "train": 48, "operation": 44 },{ "time": 64077, "train": 37, "operation": 29 },{ "time": 64107, "train": 38, "operation": 57 },{ "time": 64107, "train": 42, "operation": 24 },{ "time": 64107, "train": 45, "operation": 45 },{ "time": 64107, "train": 45, "operation": 46 },{ "time": 64109, "train": 36, "operation": 33 },{ "time": 64109, "train": 36, "operation": 34 },{ "time": 64137, "train": 38, "operation": 59 },{ "time": 64137, "train": 42, "operation": 27 },{ "time": 64167, "train": 36, "operation": 35 },{ "time": 64167, "train": 40, "operation": 29 },{ "time": 64197, "train": 36, "operation": 36 },{ "time": 64197, "train": 40, "operation": 31 },{ "time": 64257, "train": 45, "operation": 47 },{ "time": 64317, "train": 43, "operation": 80 },{ "time": 64317, "train": 43, "operation": 82 },{ "time": 64317, "train": 45, "operation": 49 },{ "time": 64347, "train": 36, "operation": 37 },{ "time": 64347, "train": 38, "operation": 60 },{ "time": 64347, "train": 40, "operation": 32 },{ "time": 64347, "train": 42, "operation": 28 },{ "time": 64377, "train": 38, "operation": 62 },{ "time": 64377, "train": 40, "operation": 34 },{ "time": 64377, "train": 42, "operation": 31 },{ "time": 64427, "train": 40, "operation": 35 },{ "time": 64427, "train": 40, "operation": 37 },{ "time": 64492, "train": 45, "operation": 51 },{ "time": 64492, "train": 45, "operation": 53 },{ "time": 64497, "train": 36, "operation": 40 },{ "time": 64497, "train": 39, "operation": 1 },{ "time": 64497, "train": 39, "operation": 6 },{ "time": 64527, "train": 38, "operation": 63 },{ "time": 64527, "train": 40, "operation": 38 },{ "time": 64527, "train": 42, "operation": 32 },{ "time": 64527, "train": 42, "operation": 33 },{ "time": 64557, "train": 38, "operation": 64 },{ "time": 64557, "train": 40, "operation": 40 },{ "time": 64557, "train": 43, "operation": 83 },{ "time": 64557, "train": 43, "operation": 85 },{ "time": 64564, "train": 45, "operation": 54 },{ "time": 64564, "train": 45, "operation": 55 },{ "time": 64587, "train": 39, "operation": 7 },{ "time": 64617, "train": 39, "operation": 9 },{ "time": 64617, "train": 45, "operation": 56 },{ "time": 64617, "train": 45, "operation": 57 },{ "time": 64647, "train": 38, "operation": 65 },{ "time": 64647, "train": 38, "operation": 66 },{ "time": 64677, "train": 42, "operation": 34 },{ "time": 64695, "train": 48, "operation": 45 },{ "time": 64695, "train": 48, "operation": 47 },{ "time": 64707, "train": 40, "operation": 41 },{ "time": 64717, "train": 45, "operation": 58 },{ "time": 64717, "train": 45, "operation": 60 },{ "time": 64737, "train": 36, "operation": 42 },{ "time": 64737, "train": 40, "operation": 43 },{ "time": 64737, "train": 42, "operation": 36 },{ "time": 64767, "train": 39, "operation": 10 },{ "time": 64797, "train": 36, "operation": 43 },{ "time": 64797, "train": 39, "operation": 12 },{ "time": 64811, "train": 45, "operation": 61 },{ "time": 64811, "train": 45, "operation": 65 },{ "time": 64827, "train": 38, "operation": 67 },{ "time": 64857, "train": 38, "operation": 69 },{ "time": 64857, "train": 40, "operation": 44 },{ "time": 64857, "train": 45, "operation": 66 },{ "time": 64897, "train": 39, "operation": 13 },{ "time": 64897, "train": 39, "operation": 15 },{ "time": 64917, "train": 45, "operation": 68 },{ "time": 64947, "train": 39, "operation": 16 },{ "time": 64947, "train": 42, "operation": 37 },{ "time": 64977, "train": 36, "operation": 44 },{ "time": 64977, "train": 36, "operation": 45 },{ "time": 64977, "train": 39, "operation": 18 },{ "time": 64977, "train": 40, "operation": 49 },{ "time": 64977, "train": 42, "operation": 40 },{ "time": 65011, "train": 38, "operation": 70 },{ "time": 65011, "train": 38, "operation": 71 },{ "time": 65127, "train": 39, "operation": 19 },{ "time": 65127, "train": 42, "operation": 41 },{ "time": 65157, "train": 36, "operation": 46 },{ "time": 65157, "train": 39, "operation": 21 },{ "time": 65157, "train": 42, "operation": 42 },{ "time": 65187, "train": 45, "operation": 69 },{ "time": 65187, "train": 45, "operation": 71 },{ "time": 65211, "train": 42, "operation": 43 },{ "time": 65211, "train": 42, "operation": 44 },{ "time": 65217, "train": 38, "operation": 72 },{ "time": 65277, "train": 36, "operation": 49 },{ "time": 65278, "train": 45, "operation": 72 },{ "time": 65301, "train": 48, "operation": 48 },{ "time": 65301, "train": 48, "operation": 50 },{ "time": 65337, "train": 38, "operation": 76 },{ "time": 65337, "train": 45, "operation": 74 },{ "time": 65367, "train": 42, "operation": 45 },{ "time": 65387, "train": 45, "operation": 75 },{ "time": 65387, "train": 45, "operation": 77 },{ "time": 65397, "train": 39, "operation": 22 },{ "time": 65397, "train": 42, "operation": 47 },{ "time": 65407, "train": 43, "operation": 86 },{ "time": 65457, "train": 39, "operation": 24 },{ "time": 65457, "train": 43, "operation": 89 },{ "time": 65487, "train": 45, "operation": 78 },{ "time": 65487, "train": 45, "operation": 80 },{ "time": 65547, "train": 39, "operation": 25 },{ "time": 65547, "train": 42, "operation": 49 },{ "time": 65577, "train": 39, "operation": 29 },{ "time": 65577, "train": 42, "operation": 52 },{ "time": 65599, "train": 48, "operation": 51 },{ "time": 65599, "train": 48, "operation": 53 },{ "time": 65608, "train": 45, "operation": 81 },{ "time": 65608, "train": 45, "operation": 83 },{ "time": 65637, "train": 42, "operation": 53 },{ "time": 65697, "train": 42, "operation": 55 },{ "time": 65697, "train": 45, "operation": 84 },{ "time": 65727, "train": 39, "operation": 30 },{ "time": 65757, "train": 39, "operation": 32 },{ "time": 65909, "train": 39, "operation": 33 },{ "time": 65909, "train": 39, "operation": 34 },{ "time": 65967, "train": 39, "operation": 35 },{ "time": 65967, "train": 42, "operation": 56 },{ "time": 65997, "train": 39, "operation": 36 },{ "time": 65997, "train": 42, "operation": 58 },{ "time": 66147, "train": 39, "operation": 37 },{ "time": 66147, "train": 42, "operation": 59 },{ "time": 66177, "train": 39, "operation": 40 },{ "time": 66177, "train": 42, "operation": 61 },{ "time": 66177, "train": 44, "operation": 1 },{ "time": 66177, "train": 44, "operation": 4 },{ "time": 66177, "train": 46, "operation": 1 },{ "time": 66177, "train": 46, "operation": 5 },{ "time": 66227, "train": 42, "operation": 62 },{ "time": 66227, "train": 42, "operation": 64 },{ "time": 66297, "train": 41, "operation": 2 },{ "time": 66297, "train": 41, "operation": 6 },{ "time": 66327, "train": 42, "operation": 65 },{ "time": 66327, "train": 44, "operation": 5 },{ "time": 66327, "train": 44, "operation": 6 },{ "time": 66357, "train": 42, "operation": 67 },{ "time": 66366, "train": 46, "operation": 6 },{ "time": 66366, "train": 46, "operation": 7 },{ "time": 66387, "train": 41, "operation": 7 },{ "time": 66397, "train": 39, "operation": 41 },{ "time": 66417, "train": 41, "operation": 9 },{ "time": 66477, "train": 44, "operation": 8 },{ "time": 66507, "train": 42, "operation": 68 },{ "time": 66507, "train": 46, "operation": 8 },{ "time": 66537, "train": 39, "operation": 43 },{ "time": 66537, "train": 42, "operation": 70 },{ "time": 66537, "train": 44, "operation": 9 },{ "time": 66537, "train": 46, "operation": 10 },{ "time": 66567, "train": 41, "operation": 10 },{ "time": 66567, "train": 48, "operation": 54 },{ "time": 66567, "train": 48, "operation": 57 },{ "time": 66597, "train": 41, "operation": 12 },{ "time": 66657, "train": 42, "operation": 72 },{ "time": 66697, "train": 41, "operation": 13 },{ "time": 66697, "train": 41, "operation": 15 },{ "time": 66702, "train": 39, "operation": 44 },{ "time": 66702, "train": 39, "operation": 45 },{ "time": 66717, "train": 46, "operation": 11 },{ "time": 66717, "train": 46, "operation": 12 },{ "time": 66747, "train": 41, "operation": 16 },{ "time": 66747, "train": 44, "operation": 10 },{ "time": 66777, "train": 41, "operation": 18 },{ "time": 66777, "train": 42, "operation": 76 },{ "time": 66777, "train": 44, "operation": 13 },{ "time": 66807, "train": 46, "operation": 13 },{ "time": 66837, "train": 46, "operation": 14 },{ "time": 66867, "train": 39, "operation": 46 },{ "time": 66897, "train": 39, "operation": 49 },{ "time": 66927, "train": 41, "operation": 19 },{ "time": 66927, "train": 44, "operation": 14 },{ "time": 66957, "train": 41, "operation": 21 },{ "time": 66957, "train": 44, "operation": 15 },{ "time": 66987, "train": 46, "operation": 15 },{ "time": 67017, "train": 46, "operation": 17 },{ "time": 67037, "train": 44, "operation": 16 },{ "time": 67037, "train": 44, "operation": 17 },{ "time": 67107, "train": 39, "operation": 50 },{ "time": 67137, "train": 39, "operation": 53 },{ "time": 67167, "train": 44, "operation": 18 },{ "time": 67197, "train": 41, "operation": 22 },{ "time": 67197, "train": 44, "operation": 20 },{ "time": 67197, "train": 45, "operation": 89 },{ "time": 67227, "train": 46, "operation": 18 },{ "time": 67257, "train": 41, "operation": 24 },{ "time": 67257, "train": 46, "operation": 20 },{ "time": 67327, "train": 7, "operation": 1 },{ "time": 67347, "train": 41, "operation": 25 },{ "time": 67347, "train": 44, "operation": 22 },{ "time": 67377, "train": 7, "operation": 4 },{ "time": 67377, "train": 39, "operation": 54 },{ "time": 67377, "train": 41, "operation": 29 },{ "time": 67377, "train": 44, "operation": 25 },{ "time": 67437, "train": 44, "operation": 26 },{ "time": 67467, "train": 46, "operation": 22 },{ "time": 67497, "train": 39, "operation": 56 },{ "time": 67497, "train": 44, "operation": 28 },{ "time": 67497, "train": 46, "operation": 23 },{ "time": 67527, "train": 41, "operation": 30 },{ "time": 67557, "train": 41, "operation": 32 },{ "time": 67707, "train": 39, "operation": 57 },{ "time": 67707, "train": 41, "operation": 33 },{ "time": 67707, "train": 41, "operation": 34 },{ "time": 67707, "train": 46, "operation": 24 },{ "time": 67737, "train": 39, "operation": 59 },{ "time": 67737, "train": 46, "operation": 27 },{ "time": 67767, "train": 41, "operation": 35 },{ "time": 67767, "train": 44, "operation": 29 },{ "time": 67797, "train": 41, "operation": 36 },{ "time": 67797, "train": 44, "operation": 31 },{ "time": 67887, "train": 39, "operation": 60 },{ "time": 67917, "train": 39, "operation": 62 },{ "time": 67947, "train": 41, "operation": 37 },{ "time": 67947, "train": 44, "operation": 32 },{ "time": 67947, "train": 46, "operation": 28 },{ "time": 67977, "train": 41, "operation": 40 },{ "time": 67977, "train": 44, "operation": 34 },{ "time": 67977, "train": 46, "operation": 31 },{ "time": 68027, "train": 44, "operation": 35 },{ "time": 68027, "train": 44, "operation": 37 },{ "time": 68053, "train": 7, "operation": 5 },{ "time": 68053, "train": 7, "operation": 7 },{ "time": 68067, "train": 39, "operation": 63 },{ "time": 68097, "train": 39, "operation": 64 },{ "time": 68097, "train": 50, "operation": 1 },{ "time": 68097, "train": 50, "operation": 6 },{ "time": 68127, "train": 44, "operation": 38 },{ "time": 68127, "train": 46, "operation": 32 },{ "time": 68127, "train": 46, "operation": 33 },{ "time": 68157, "train": 44, "operation": 40 },{ "time": 68187, "train": 39, "operation": 65 },{ "time": 68187, "train": 39, "operation": 66 },{ "time": 68187, "train": 50, "operation": 7 },{ "time": 68217, "train": 41, "operation": 41 },{ "time": 68217, "train": 50, "operation": 9 },{ "time": 68277, "train": 46, "operation": 35 },{ "time": 68306, "train": 7, "operation": 8 },{ "time": 68306, "train": 7, "operation": 10 },{ "time": 68307, "train": 44, "operation": 41 },{ "time": 68337, "train": 41, "operation": 43 },{ "time": 68337, "train": 44, "operation": 43 },{ "time": 68337, "train": 46, "operation": 36 },{ "time": 68367, "train": 39, "operation": 67 },{ "time": 68367, "train": 50, "operation": 10 },{ "time": 68397, "train": 39, "operation": 69 },{ "time": 68397, "train": 50, "operation": 12 },{ "time": 68456, "train": 44, "operation": 44 },{ "time": 68497, "train": 50, "operation": 13 },{ "time": 68497, "train": 50, "operation": 15 },{ "time": 68547, "train": 41, "operation": 44 },{ "time": 68547, "train": 41, "operation": 45 },{ "time": 68547, "train": 46, "operation": 37 },{ "time": 68547, "train": 50, "operation": 16 },{ "time": 68551, "train": 39, "operation": 70 },{ "time": 68551, "train": 39, "operation": 71 },{ "time": 68576, "train": 44, "operation": 49 },{ "time": 68577, "train": 46, "operation": 40 },{ "time": 68577, "train": 50, "operation": 18 },{ "time": 68727, "train": 46, "operation": 41 },{ "time": 68727, "train": 50, "operation": 19 },{ "time": 68757, "train": 39, "operation": 72 },{ "time": 68757, "train": 41, "operation": 46 },{ "time": 68757, "train": 46, "operation": 42 },{ "time": 68757, "train": 50, "operation": 21 },{ "time": 68790, "train": 7, "operation": 11 },{ "time": 68790, "train": 7, "operation": 13 },{ "time": 68847, "train": 46, "operation": 43 },{ "time": 68847, "train": 46, "operation": 44 },{ "time": 68877, "train": 39, "operation": 76 },{ "time": 68877, "train": 41, "operation": 49 },{ "time": 68967, "train": 46, "operation": 45 },{ "time": 68997, "train": 0, "operation": 1 },{ "time": 68997, "train": 0, "operation": 6 },{ "time": 68997, "train": 46, "operation": 47 },{ "time": 68997, "train": 50, "operation": 22 },{ "time": 69057, "train": 2, "operation": 1 },{ "time": 69057, "train": 50, "operation": 24 },{ "time": 69079, "train": 0, "operation": 7 },{ "time": 69079, "train": 0, "operation": 9 },{ "time": 69147, "train": 46, "operation": 48 },{ "time": 69147, "train": 50, "operation": 26 },{ "time": 69173, "train": 0, "operation": 10 },{ "time": 69173, "train": 0, "operation": 12 },{ "time": 69177, "train": 46, "operation": 52 },{ "time": 69177, "train": 50, "operation": 29 },{ "time": 69237, "train": 46, "operation": 53 },{ "time": 69244, "train": 0, "operation": 13 },{ "time": 69244, "train": 0, "operation": 15 },{ "time": 69280, "train": 0, "operation": 16 },{ "time": 69280, "train": 0, "operation": 18 },{ "time": 69297, "train": 46, "operation": 55 },{ "time": 69327, "train": 50, "operation": 30 },{ "time": 69338, "train": 0, "operation": 19 },{ "time": 69338, "train": 0, "operation": 21 },{ "time": 69357, "train": 7, "operation": 14 },{ "time": 69357, "train": 50, "operation": 32 },{ "time": 69477, "train": 7, "operation": 18 },{ "time": 69499, "train": 50, "operation": 33 },{ "time": 69499, "train": 50, "operation": 34 },{ "time": 69539, "train": 0, "operation": 22 },{ "time": 69539, "train": 0, "operation": 24 },{ "time": 69567, "train": 46, "operation": 56 },{ "time": 69567, "train": 50, "operation": 35 },{ "time": 69597, "train": 46, "operation": 58 },{ "time": 69597, "train": 50, "operation": 36 },{ "time": 69603, "train": 0, "operation": 25 },{ "time": 69603, "train": 0, "operation": 29 },{ "time": 69617, "train": 7, "operation": 19 },{ "time": 69617, "train": 7, "operation": 20 },{ "time": 69717, "train": 47, "operation": 1 },{ "time": 69717, "train": 47, "operation": 4 },{ "time": 69717, "train": 52, "operation": 1 },{ "time": 69717, "train": 52, "operation": 5 },{ "time": 69720, "train": 0, "operation": 30 },{ "time": 69720, "train": 0, "operation": 32 },{ "time": 69722, "train": 7, "operation": 21 },{ "time": 69722, "train": 7, "operation": 23 },{ "time": 69747, "train": 46, "operation": 59 },{ "time": 69747, "train": 50, "operation": 37 },{ "time": 69777, "train": 46, "operation": 61 },{ "time": 69777, "train": 50, "operation": 40 },{ "time": 69818, "train": 0, "operation": 33 },{ "time": 69818, "train": 0, "operation": 34 },{ "time": 69827, "train": 46, "operation": 62 },{ "time": 69827, "train": 46, "operation": 64 },{ "time": 69851, "train": 0, "operation": 35 },{ "time": 69851, "train": 0, "operation": 36 },{ "time": 69853, "train": 7, "operation": 24 },{ "time": 69853, "train": 7, "operation": 25 },{ "time": 69867, "train": 47, "operation": 5 },{ "time": 69867, "train": 47, "operation": 6 },{ "time": 69897, "train": 51, "operation": 2 },{ "time": 69897, "train": 51, "operation": 6 },{ "time": 69906, "train": 52, "operation": 6 },{ "time": 69906, "train": 52, "operation": 7 },{ "time": 69919, "train": 7, "operation": 26 },{ "time": 69919, "train": 7, "operation": 27 },{ "time": 69927, "train": 46, "operation": 65 },{ "time": 69932, "train": 0, "operation": 37 },{ "time": 69957, "train": 46, "operation": 67 },{ "time": 69957, "train": 50, "operation": 41 },{ "time": 69987, "train": 51, "operation": 7 },{ "time": 69997, "train": 7, "operation": 28 },{ "time": 69997, "train": 7, "operation": 30 },{ "time": 70017, "train": 47, "operation": 8 },{ "time": 70017, "train": 51, "operation": 9 },{ "time": 70047, "train": 52, "operation": 8 },{ "time": 70077, "train": 47, "operation": 9 },{ "time": 70077, "train": 50, "operation": 43 },{ "time": 70077, "train": 52, "operation": 10 },{ "time": 70107, "train": 46, "operation": 68 },{ "time": 70117, "train": 7, "operation": 31 },{ "time": 70117, "train": 7, "operation": 33 },{ "time": 70137, "train": 46, "operation": 70 },{ "time": 70167, "train": 51, "operation": 10 },{ "time": 70197, "train": 51, "operation": 12 },{ "time": 70242, "train": 50, "operation": 44 },{ "time": 70242, "train": 50, "operation": 45 },{ "time": 70257, "train": 7, "operation": 34 },{ "time": 70257, "train": 7, "operation": 36 },{ "time": 70257, "train": 46, "operation": 72 },{ "time": 70257, "train": 52, "operation": 11 },{ "time": 70257, "train": 52, "operation": 12 },{ "time": 70287, "train": 47, "operation": 11 },{ "time": 70297, "train": 51, "operation": 13 },{ "time": 70297, "train": 51, "operation": 15 },{ "time": 70317, "train": 47, "operation": 13 },{ "time": 70346, "train": 0, "operation": 40 },{ "time": 70347, "train": 51, "operation": 16 },{ "time": 70347, "train": 52, "operation": 13 },{ "time": 70377, "train": 46, "operation": 76 },{ "time": 70377, "train": 51, "operation": 18 },{ "time": 70377, "train": 52, "operation": 14 },{ "time": 70407, "train": 50, "operation": 46 },{ "time": 70437, "train": 50, "operation": 49 },{ "time": 70467, "train": 47, "operation": 14 },{ "time": 70492, "train": 7, "operation": 37 },{ "time": 70497, "train": 47, "operation": 15 },{ "time": 70527, "train": 51, "operation": 19 },{ "time": 70527, "train": 52, "operation": 15 },{ "time": 70557, "train": 2, "operation": 6 },{ "time": 70557, "train": 51, "operation": 21 },{ "time": 70557, "train": 52, "operation": 17 },{ "time": 70561, "train": 47, "operation": 16 },{ "time": 70561, "train": 47, "operation": 17 },{ "time": 70562, "train": 0, "operation": 41 },{ "time": 70647, "train": 50, "operation": 51 },{ "time": 70655, "train": 2, "operation": 7 },{ "time": 70655, "train": 2, "operation": 9 },{ "time": 70677, "train": 7, "operation": 40 },{ "time": 70677, "train": 50, "operation": 53 },{ "time": 70767, "train": 47, "operation": 18 },{ "time": 70767, "train": 52, "operation": 18 },{ "time": 70769, "train": 2, "operation": 10 },{ "time": 70769, "train": 2, "operation": 12 },{ "time": 70797, "train": 47, "operation": 20 },{ "time": 70797, "train": 51, "operation": 22 },{ "time": 70797, "train": 52, "operation": 20 },{ "time": 70857, "train": 51, "operation": 24 },{ "time": 70868, "train": 2, "operation": 13 },{ "time": 70868, "train": 2, "operation": 15 },{ "time": 70877, "train": 7, "operation": 41 },{ "time": 70877, "train": 7, "operation": 44 },{ "time": 70917, "train": 50, "operation": 54 },{ "time": 70918, "train": 2, "operation": 16 },{ "time": 70947, "train": 47, "operation": 21 },{ "time": 70947, "train": 51, "operation": 26 },{ "time": 70977, "train": 2, "operation": 18 },{ "time": 70977, "train": 47, "operation": 25 },{ "time": 70977, "train": 51, "operation": 29 },{ "time": 71007, "train": 52, "operation": 22 },{ "time": 71017, "train": 7, "operation": 45 },{ "time": 71017, "train": 7, "operation": 46 },{ "time": 71037, "train": 47, "operation": 26 },{ "time": 71037, "train": 50, "operation": 56 },{ "time": 71037, "train": 52, "operation": 23 },{ "time": 71072, "train": 2, "operation": 19 },{ "time": 71072, "train": 2, "operation": 21 },{ "time": 71097, "train": 47, "operation": 28 },{ "time": 71127, "train": 51, "operation": 30 },{ "time": 71157, "train": 7, "operation": 48 },{ "time": 71157, "train": 0, "operation": 43 },{ "time": 71157, "train": 51, "operation": 32 },{ "time": 71217, "train": 7, "operation": 49 },{ "time": 71247, "train": 50, "operation": 57 },{ "time": 71277, "train": 50, "operation": 59 },{ "time": 71307, "train": 52, "operation": 24 },{ "time": 71309, "train": 51, "operation": 33 },{ "time": 71309, "train": 51, "operation": 34 },{ "time": 71314, "train": 0, "operation": 44 },{ "time": 71314, "train": 0, "operation": 45 },{ "time": 71337, "train": 2, "operation": 22 },{ "time": 71337, "train": 52, "operation": 27 },{ "time": 71367, "train": 47, "operation": 29 },{ "time": 71367, "train": 51, "operation": 35 },{ "time": 71397, "train": 47, "operation": 31 },{ "time": 71397, "train": 51, "operation": 36 },{ "time": 71417, "train": 7, "operation": 50 },{ "time": 71427, "train": 50, "operation": 60 },{ "time": 71457, "train": 2, "operation": 24 },{ "time": 71457, "train": 50, "operation": 62 },{ "time": 71470, "train": 0, "operation": 46 },{ "time": 71547, "train": 2, "operation": 25 },{ "time": 71547, "train": 2, "operation": 29 },{ "time": 71547, "train": 47, "operation": 32 },{ "time": 71547, "train": 51, "operation": 38 },{ "time": 71547, "train": 52, "operation": 29 },{ "time": 71577, "train": 7, "operation": 53 },{ "time": 71577, "train": 47, "operation": 34 },{ "time": 71577, "train": 51, "operation": 40 },{ "time": 71577, "train": 52, "operation": 31 },{ "time": 71606, "train": 0, "operation": 49 },{ "time": 71607, "train": 50, "operation": 63 },{ "time": 71627, "train": 47, "operation": 35 },{ "time": 71627, "train": 47, "operation": 37 },{ "time": 71637, "train": 50, "operation": 64 },{ "time": 71682, "train": 7, "operation": 54 },{ "time": 71682, "train": 7, "operation": 55 },{ "time": 71697, "train": 49, "operation": 1 },{ "time": 71697, "train": 49, "operation": 6 },{ "time": 71722, "train": 2, "operation": 30 },{ "time": 71727, "train": 47, "operation": 38 },{ "time": 71727, "train": 50, "operation": 65 },{ "time": 71727, "train": 50, "operation": 66 },{ "time": 71727, "train": 52, "operation": 32 },{ "time": 71727, "train": 52, "operation": 33 },{ "time": 71747, "train": 7, "operation": 56 },{ "time": 71747, "train": 7, "operation": 57 },{ "time": 71757, "train": 47, "operation": 40 },{ "time": 71787, "train": 49, "operation": 7 },{ "time": 71813, "train": 0, "operation": 50 },{ "time": 71813, "train": 0, "operation": 53 },{ "time": 71817, "train": 49, "operation": 9 },{ "time": 71817, "train": 51, "operation": 41 },{ "time": 71847, "train": 7, "operation": 59 },{ "time": 71847, "train": 7, "operation": 60 },{ "time": 71877, "train": 52, "operation": 35 },{ "time": 71902, "train": 2, "operation": 32 },{ "time": 71907, "train": 47, "operation": 41 },{ "time": 71907, "train": 50, "operation": 67 },{ "time": 71937, "train": 7, "operation": 61 },{ "time": 71937, "train": 7, "operation": 65 },{ "time": 71937, "train": 47, "operation": 43 },{ "time": 71937, "train": 50, "operation": 69 },{ "time": 71937, "train": 51, "operation": 43 },{ "time": 71937, "train": 52, "operation": 36 },{ "time": 71967, "train": 49, "operation": 10 },{ "time": 71997, "train": 7, "operation": 66 },{ "time": 71997, "train": 49, "operation": 12 },{ "time": 72007, "train": 0, "operation": 54 },{ "time": 72007, "train": 0, "operation": 56 },{ "time": 72056, "train": 47, "operation": 44 },{ "time": 72057, "train": 7, "operation": 68 },{ "time": 72077, "train": 2, "operation": 33 },{ "time": 72077, "train": 2, "operation": 34 },{ "time": 72091, "train": 50, "operation": 70 },{ "time": 72091, "train": 50, "operation": 71 },{ "time": 72097, "train": 49, "operation": 13 },{ "time": 72097, "train": 49, "operation": 15 },{ "time": 72117, "train": 2, "operation": 35 },{ "time": 72117, "train": 2, "operation": 36 },{ "time": 72146, "train": 52, "operation": 37 },{ "time": 72147, "train": 49, "operation": 16 },{ "time": 72147, "train": 51, "operation": 44 },{ "time": 72147, "train": 51, "operation": 45 },{ "time": 72171, "train": 0, "operation": 57 },{ "time": 72171, "train": 0, "operation": 59 },{ "time": 72176, "train": 47, "operation": 49 },{ "time": 72177, "train": 49, "operation": 18 },{ "time": 72227, "train": 2, "operation": 38 },{ "time": 72227, "train": 2, "operation": 40 },{ "time": 72257, "train": 52, "operation": 40 },{ "time": 72295, "train": 0, "operation": 60 },{ "time": 72295, "train": 0, "operation": 62 },{ "time": 72297, "train": 50, "operation": 72 },{ "time": 72327, "train": 7, "operation": 69 },{ "time": 72327, "train": 7, "operation": 71 },{ "time": 72327, "train": 49, "operation": 20 },{ "time": 72357, "train": 49, "operation": 21 },{ "time": 72357, "train": 51, "operation": 46 },{ "time": 72358, "train": 0, "operation": 63 },{ "time": 72358, "train": 0, "operation": 64 },{ "time": 72387, "train": 52, "operation": 41 },{ "time": 72417, "train": 2, "operation": 41 },{ "time": 72417, "train": 50, "operation": 76 },{ "time": 72417, "train": 52, "operation": 42 },{ "time": 72418, "train": 7, "operation": 72 },{ "time": 72425, "train": 0, "operation": 65 },{ "time": 72425, "train": 0, "operation": 66 },{ "time": 72469, "train": 52, "operation": 43 },{ "time": 72469, "train": 52, "operation": 44 },{ "time": 72477, "train": 2, "operation": 43 },{ "time": 72477, "train": 7, "operation": 74 },{ "time": 72477, "train": 51, "operation": 49 },{ "time": 72527, "train": 7, "operation": 75 },{ "time": 72527, "train": 7, "operation": 77 },{ "time": 72560, "train": 0, "operation": 67 },{ "time": 72560, "train": 0, "operation": 69 },{ "time": 72567, "train": 52, "operation": 45 },{ "time": 72597, "train": 49, "operation": 22 },{ "time": 72597, "train": 52, "operation": 47 },{ "time": 72615, "train": 2, "operation": 44 },{ "time": 72615, "train": 2, "operation": 45 },{ "time": 72627, "train": 7, "operation": 78 },{ "time": 72627, "train": 7, "operation": 80 },{ "time": 72657, "train": 49, "operation": 24 },{ "time": 72664, "train": 0, "operation": 70 },{ "time": 72664, "train": 0, "operation": 71 },{ "time": 72747, "train": 49, "operation": 25 },{ "time": 72747, "train": 52, "operation": 49 },{ "time": 72748, "train": 7, "operation": 81 },{ "time": 72748, "train": 7, "operation": 83 },{ "time": 72753, "train": 2, "operation": 46 },{ "time": 72753, "train": 2, "operation": 49 },{ "time": 72777, "train": 49, "operation": 29 },{ "time": 72777, "train": 52, "operation": 52 },{ "time": 72803, "train": 0, "operation": 72 },{ "time": 72803, "train": 0, "operation": 76 },{ "time": 72837, "train": 7, "operation": 84 },{ "time": 72837, "train": 52, "operation": 53 },{ "time": 72897, "train": 52, "operation": 55 },{ "time": 72910, "train": 2, "operation": 50 },{ "time": 72910, "train": 2, "operation": 53 },{ "time": 72927, "train": 49, "operation": 30 },{ "time": 72957, "train": 49, "operation": 32 },{ "time": 73087, "train": 2, "operation": 54 },{ "time": 73087, "train": 2, "operation": 56 },{ "time": 73109, "train": 49, "operation": 33 },{ "time": 73109, "train": 49, "operation": 34 },{ "time": 73167, "train": 49, "operation": 35 },{ "time": 73167, "train": 52, "operation": 56 },{ "time": 73197, "train": 49, "operation": 36 },{ "time": 73197, "train": 52, "operation": 58 },{ "time": 73237, "train": 2, "operation": 57 },{ "time": 73237, "train": 2, "operation": 59 },{ "time": 73257, "train": 54, "operation": 1 },{ "time": 73257, "train": 54, "operation": 5 },{ "time": 73305, "train": 0, "operation": 77 },{ "time": 73305, "train": 0, "operation": 79 },{ "time": 73347, "train": 49, "operation": 37 },{ "time": 73347, "train": 52, "operation": 59 },{ "time": 73355, "train": 2, "operation": 60 },{ "time": 73355, "train": 2, "operation": 62 },{ "time": 73377, "train": 49, "operation": 40 },{ "time": 73377, "train": 52, "operation": 61 },{ "time": 73377, "train": 55, "operation": 1 },{ "time": 73377, "train": 55, "operation": 4 },{ "time": 73427, "train": 52, "operation": 62 },{ "time": 73427, "train": 52, "operation": 64 },{ "time": 73428, "train": 2, "operation": 63 },{ "time": 73428, "train": 2, "operation": 64 },{ "time": 73428, "train": 54, "operation": 6 },{ "time": 73428, "train": 54, "operation": 7 },{ "time": 73512, "train": 2, "operation": 65 },{ "time": 73512, "train": 2, "operation": 66 },{ "time": 73527, "train": 52, "operation": 65 },{ "time": 73542, "train": 55, "operation": 5 },{ "time": 73542, "train": 55, "operation": 6 },{ "time": 73557, "train": 52, "operation": 67 },{ "time": 73557, "train": 54, "operation": 8 },{ "time": 73617, "train": 49, "operation": 41 },{ "time": 73681, "train": 2, "operation": 68 },{ "time": 73681, "train": 2, "operation": 69 },{ "time": 73707, "train": 52, "operation": 68 },{ "time": 73707, "train": 55, "operation": 8 },{ "time": 73737, "train": 49, "operation": 43 },{ "time": 73737, "train": 52, "operation": 70 },{ "time": 73737, "train": 54, "operation": 10 },{ "time": 73737, "train": 55, "operation": 9 },{ "time": 73779, "train": 0, "operation": 80 },{ "time": 73779, "train": 0, "operation": 82 },{ "time": 73810, "train": 2, "operation": 70 },{ "time": 73810, "train": 2, "operation": 71 },{ "time": 73857, "train": 52, "operation": 72 },{ "time": 73902, "train": 49, "operation": 44 },{ "time": 73902, "train": 49, "operation": 45 },{ "time": 73917, "train": 54, "operation": 11 },{ "time": 73917, "train": 54, "operation": 12 },{ "time": 73947, "train": 55, "operation": 10 },{ "time": 73977, "train": 52, "operation": 76 },{ "time": 73977, "train": 55, "operation": 13 },{ "time": 73982, "train": 2, "operation": 72 },{ "time": 74007, "train": 54, "operation": 13 },{ "time": 74015, "train": 0, "operation": 83 },{ "time": 74015, "train": 0, "operation": 85 },{ "time": 74037, "train": 54, "operation": 14 },{ "time": 74067, "train": 49, "operation": 46 },{ "time": 74067, "train": 55, "operation": 14 },{ "time": 74097, "train": 2, "operation": 76 },{ "time": 74097, "train": 49, "operation": 49 },{ "time": 74097, "train": 55, "operation": 15 },{ "time": 74187, "train": 54, "operation": 15 },{ "time": 74217, "train": 54, "operation": 17 },{ "time": 74217, "train": 55, "operation": 16 },{ "time": 74217, "train": 55, "operation": 17 },{ "time": 74307, "train": 49, "operation": 50 },{ "time": 74337, "train": 7, "operation": 89 },{ "time": 74337, "train": 49, "operation": 53 },{ "time": 74367, "train": 55, "operation": 18 },{ "time": 74397, "train": 55, "operation": 20 },{ "time": 74398, "train": 54, "operation": 18 },{ "time": 74457, "train": 54, "operation": 20 },{ "time": 74547, "train": 55, "operation": 21 },{ "time": 74577, "train": 49, "operation": 54 },{ "time": 74577, "train": 55, "operation": 25 },{ "time": 74637, "train": 55, "operation": 26 },{ "time": 74667, "train": 54, "operation": 22 },{ "time": 74697, "train": 49, "operation": 56 },{ "time": 74697, "train": 54, "operation": 23 },{ "time": 74697, "train": 55, "operation": 28 },{ "time": 74718, "train": 2, "operation": 77 },{ "time": 74718, "train": 2, "operation": 79 },{ "time": 74778, "train": 0, "operation": 86 },{ "time": 74778, "train": 0, "operation": 89 },{ "time": 74907, "train": 49, "operation": 57 },{ "time": 74937, "train": 49, "operation": 59 },{ "time": 74967, "train": 54, "operation": 24 },{ "time": 74967, "train": 55, "operation": 29 },{ "time": 74997, "train": 54, "operation": 27 },{ "time": 74997, "train": 55, "operation": 31 },{ "time": 75147, "train": 49, "operation": 60 },{ "time": 75147, "train": 55, "operation": 32 },{ "time": 75177, "train": 49, "operation": 62 },{ "time": 75177, "train": 55, "operation": 34 },{ "time": 75207, "train": 54, "operation": 28 },{ "time": 75227, "train": 55, "operation": 35 },{ "time": 75227, "train": 55, "operation": 37 },{ "time": 75237, "train": 54, "operation": 31 },{ "time": 75268, "train": 2, "operation": 80 },{ "time": 75268, "train": 2, "operation": 82 },{ "time": 75297, "train": 53, "operation": 1 },{ "time": 75297, "train": 53, "operation": 6 },{ "time": 75327, "train": 49, "operation": 63 },{ "time": 75327, "train": 55, "operation": 38 },{ "time": 75357, "train": 49, "operation": 64 },{ "time": 75357, "train": 55, "operation": 40 },{ "time": 75387, "train": 53, "operation": 7 },{ "time": 75387, "train": 54, "operation": 32 },{ "time": 75387, "train": 54, "operation": 33 },{ "time": 75417, "train": 53, "operation": 9 },{ "time": 75447, "train": 49, "operation": 65 },{ "time": 75447, "train": 49, "operation": 66 },{ "time": 75507, "train": 55, "operation": 41 },{ "time": 75537, "train": 2, "operation": 83 },{ "time": 75537, "train": 2, "operation": 85 },{ "time": 75537, "train": 54, "operation": 34 },{ "time": 75537, "train": 55, "operation": 43 },{ "time": 75567, "train": 53, "operation": 10 },{ "time": 75597, "train": 53, "operation": 12 },{ "time": 75597, "train": 54, "operation": 36 },{ "time": 75627, "train": 49, "operation": 67 },{ "time": 75656, "train": 55, "operation": 44 },{ "time": 75657, "train": 49, "operation": 69 },{ "time": 75697, "train": 53, "operation": 13 },{ "time": 75697, "train": 53, "operation": 15 },{ "time": 75747, "train": 53, "operation": 16 },{ "time": 75776, "train": 55, "operation": 49 },{ "time": 75777, "train": 53, "operation": 18 },{ "time": 75807, "train": 54, "operation": 37 },{ "time": 75811, "train": 49, "operation": 70 },{ "time": 75811, "train": 49, "operation": 71 },{ "time": 75837, "train": 54, "operation": 40 },{ "time": 75927, "train": 53, "operation": 19 },{ "time": 75927, "train": 54, "operation": 41 },{ "time": 75957, "train": 53, "operation": 21 },{ "time": 75957, "train": 54, "operation": 42 },{ "time": 76017, "train": 49, "operation": 72 },{ "time": 76037, "train": 54, "operation": 43 },{ "time": 76037, "train": 54, "operation": 44 },{ "time": 76137, "train": 49, "operation": 76 },{ "time": 76167, "train": 54, "operation": 45 },{ "time": 76197, "train": 53, "operation": 22 },{ "time": 76197, "train": 54, "operation": 47 },{ "time": 76257, "train": 53, "operation": 24 },{ "time": 76347, "train": 53, "operation": 25 },{ "time": 76347, "train": 54, "operation": 49 },{ "time": 76377, "train": 53, "operation": 29 },{ "time": 76377, "train": 54, "operation": 52 },{ "time": 76437, "train": 54, "operation": 53 },{ "time": 76438, "train": 2, "operation": 86 },{ "time": 76497, "train": 2, "operation": 89 },{ "time": 76497, "train": 54, "operation": 55 },{ "time": 76527, "train": 53, "operation": 30 },{ "time": 76557, "train": 53, "operation": 32 },{ "time": 76709, "train": 53, "operation": 33 },{ "time": 76709, "train": 53, "operation": 34 },{ "time": 76767, "train": 53, "operation": 35 },{ "time": 76767, "train": 54, "operation": 56 },{ "time": 76797, "train": 53, "operation": 36 },{ "time": 76797, "train": 54, "operation": 58 },{ "time": 76947, "train": 53, "operation": 37 },{ "time": 76947, "train": 54, "operation": 59 },{ "time": 76977, "train": 53, "operation": 40 },{ "time": 76977, "train": 54, "operation": 61 },{ "time": 77027, "train": 54, "operation": 62 },{ "time": 77027, "train": 54, "operation": 64 },{ "time": 77127, "train": 54, "operation": 65 },{ "time": 77157, "train": 54, "operation": 67 },{ "time": 77187, "train": 53, "operation": 41 },{ "time": 77277, "train": 53, "operation": 43 },{ "time": 77307, "train": 54, "operation": 68 },{ "time": 77337, "train": 54, "operation": 70 },{ "time": 77397, "train": 31, "operation": 1 },{ "time": 77397, "train": 31, "operation": 4 },{ "time": 77442, "train": 53, "operation": 44 },{ "time": 77442, "train": 53, "operation": 45 },{ "time": 77457, "train": 54, "operation": 71 },{ "time": 77577, "train": 54, "operation": 76 },{ "time": 77607, "train": 53, "operation": 46 },{ "time": 77637, "train": 53, "operation": 49 },{ "time": 77907, "train": 53, "operation": 50 },{ "time": 77937, "train": 53, "operation": 53 },{ "time": 78152, "train": 31, "operation": 5 },{ "time": 78152, "train": 31, "operation": 7 },{ "time": 78207, "train": 53, "operation": 54 },{ "time": 78237, "train": 53, "operation": 56 },{ "time": 78447, "train": 53, "operation": 57 },{ "time": 78472, "train": 31, "operation": 8 },{ "time": 78472, "train": 31, "operation": 10 },{ "time": 78477, "train": 53, "operation": 59 },{ "time": 78687, "train": 53, "operation": 60 },{ "time": 78742, "train": 53, "operation": 62 },{ "time": 78867, "train": 53, "operation": 63 },{ "time": 78897, "train": 53, "operation": 64 },{ "time": 78987, "train": 53, "operation": 65 },{ "time": 78987, "train": 53, "operation": 66 },{ "time": 79057, "train": 31, "operation": 11 },{ "time": 79057, "train": 31, "operation": 13 },{ "time": 79167, "train": 53, "operation": 67 },{ "time": 79197, "train": 53, "operation": 69 },{ "time": 79351, "train": 53, "operation": 70 },{ "time": 79351, "train": 53, "operation": 71 },{ "time": 79557, "train": 53, "operation": 72 },{ "time": 79677, "train": 53, "operation": 76 },{ "time": 79692, "train": 31, "operation": 14 },{ "time": 79692, "train": 31, "operation": 18 },{ "time": 79868, "train": 31, "operation": 19 },{ "time": 79868, "train": 31, "operation": 20 },{ "time": 80000, "train": 31, "operation": 21 },{ "time": 80000, "train": 31, "operation": 23 },{ "time": 80181, "train": 31, "operation": 24 },{ "time": 80181, "train": 31, "operation": 25 },{ "time": 80271, "train": 31, "operation": 26 },{ "time": 80271, "train": 31, "operation": 27 },{ "time": 80367, "train": 31, "operation": 28 },{ "time": 80367, "train": 31, "operation": 30 },{ "time": 80542, "train": 31, "operation": 31 },{ "time": 80542, "train": 31, "operation": 33 },{ "time": 80764, "train": 31, "operation": 34 },{ "time": 80764, "train": 31, "operation": 36 },{ "time": 81034, "train": 31, "operation": 37 },{ "time": 81034, "train": 31, "operation": 40 },{ "time": 81282, "train": 31, "operation": 41 },{ "time": 81282, "train": 31, "operation": 44 },{ "time": 81453, "train": 31, "operation": 45 },{ "time": 81453, "train": 31, "operation": 46 },{ "time": 81624, "train": 31, "operation": 47 },{ "time": 81624, "train": 31, "operation": 49 },{ "time": 81828, "train": 31, "operation": 50 },{ "time": 81828, "train": 31, "operation": 53 },{ "time": 81917, "train": 31, "operation": 54 },{ "time": 81917, "train": 31, "operation": 55 },{ "time": 82197, "train": 31, "operation": 56 },{ "time": 82317, "train": 31, "operation": 57 }],"objective_value": 3678}
