{"events":[{ "time": 0, "train": 0, "operation": 0 },{ "time": 0, "train": 1, "operation": 0 },{ "time": 0, "train": 2, "operation": 0 },{ "time": 0, "train": 3, "operation": 0 },{ "time": 0, "train": 4, "operation": 0 },{ "time": 0, "train": 5, "operation": 0 },{ "time": 0, "train": 6, "operation": 0 },{ "time": 0, "train": 7, "operation": 0 },{ "time": 0, "train": 8, "operation": 0 },{ "time": 0, "train": 9, "operation": 0 },{ "time": 0, "train": 10, "operation": 0 },{ "time": 0, "train": 11, "operation": 0 },{ "time": 0, "train": 12, "operation": 0 },{ "time": 0, "train": 13, "operation": 0 },{ "time": 0, "train": 14, "operation": 0 },{ "time": 0, "train": 15, "operation": 0 },{ "time": 0, "train": 16, "operation": 0 },{ "time": 0, "train": 17, "operation": 0 },{ "time": 0, "train": 18, "operation": 0 },{ "time": 0, "train": 19, "operation": 0 },{ "time": 0, "train": 20, "operation": 0 },{ "time": 0, "train": 21, "operation": 0 },{ "time": 0, "train": 22, "operation": 0 },{ "time": 0, "train": 23, "operation": 0 },{ "time": 0, "train": 24, "operation": 0 },{ "time": 0, "train": 25, "operation": 0 },{ "time": 0, "train": 26, "operation": 0 },{ "time": 0, "train": 27, "operation": 0 },{ "time": 0, "train": 28, "operation": 0 },{ "time": 0, "train": 29, "operation": 0 },{ "time": 0, "train": 30, "operation": 0 },{ "time": 0, "train": 31, "operation": 0 },{ "time": 0, "train": 32, "operation": 0 },{ "time": 0, "train": 33, "operation": 0 },{ "time": 0, "train": 34, "operation": 0 },{ "time": 0, "train": 35, "operation": 0 },{ "time": 0, "train": 36, "operation": 0 },{ "time": 0, "train": 37, "operation": 0 },{ "time": 0, "train": 38, "operation": 0 },{ "time": 0, "train": 39, "operation": 0 },{ "time": 57212, "train": 1, "operation": 1 },{ "time": 57327, "train": 4, "operation": 1 },{ "time": 57357, "train": 5, "operation": 1 },{ "time": 57357, "train": 6, "operation": 1 },{ "time": 57402, "train": 10, "operation": 1 },{ "time": 57417, "train": 12, "operation": 1 },{ "time": 57474, "train": 14, "operation": 1 },{ "time": 57477, "train": 1, "operation": 2 },{ "time": 57477, "train": 6, "operation": 2 },{ "time": 57477, "train": 7, "operation": 2 },{ "time": 57507, "train": 4, "operation": 2 },{ "time": 57507, "train": 5, "operation": 2 },{ "time": 57567, "train": 10, "operation": 2 },{ "time": 57567, "train": 12, "operation": 2 },{ "time": 57597, "train": 8, "operation": 1 },{ "time": 57597, "train": 14, "operation": 2 },{ "time": 57777, "train": 8, "operation": 2 },{ "time": 57777, "train": 8, "operation": 3 },{ "time": 57957, "train": 8, "operation": 4 },{ "time": 58060, "train": 4, "operation": 4 },{ "time": 58077, "train": 8, "operation": 7 },{ "time": 58083, "train": 7, "operation": 5 },{ "time": 58123, "train": 6, "operation": 6 },{ "time": 58140, "train": 7, "operation": 6 },{ "time": 58179, "train": 14, "operation": 4 },{ "time": 58182, "train": 1, "operation": 5 },{ "time": 58197, "train": 9, "operation": 1 },{ "time": 58197, "train": 9, "operation": 6 },{ "time": 58200, "train": 7, "operation": 8 },{ "time": 58201, "train": 5, "operation": 4 },{ "time": 58206, "train": 4, "operation": 5 },{ "time": 58206, "train": 4, "operation": 6 },{ "time": 58287, "train": 9, "operation": 7 },{ "time": 58293, "train": 14, "operation": 5 },{ "time": 58293, "train": 14, "operation": 9 },{ "time": 58315, "train": 5, "operation": 5 },{ "time": 58317, "train": 9, "operation": 9 },{ "time": 58350, "train": 14, "operation": 10 },{ "time": 58402, "train": 4, "operation": 7 },{ "time": 58433, "train": 1, "operation": 6 },{ "time": 58433, "train": 1, "operation": 8 },{ "time": 58435, "train": 5, "operation": 10 },{ "time": 58456, "train": 7, "operation": 9 },{ "time": 58467, "train": 9, "operation": 11 },{ "time": 58470, "train": 14, "operation": 12 },{ "time": 58476, "train": 10, "operation": 4 },{ "time": 58485, "train": 12, "operation": 4 },{ "time": 58486, "train": 7, "operation": 11 },{ "time": 58522, "train": 4, "operation": 11 },{ "time": 58580, "train": 12, "operation": 5 },{ "time": 58580, "train": 9, "operation": 12 },{ "time": 58580, "train": 12, "operation": 7 },{ "time": 58628, "train": 7, "operation": 12 },{ "time": 58628, "train": 12, "operation": 9 },{ "time": 58638, "train": 1, "operation": 9 },{ "time": 58638, "train": 1, "operation": 11 },{ "time": 58658, "train": 7, "operation": 14 },{ "time": 58658, "train": 12, "operation": 10 },{ "time": 58675, "train": 9, "operation": 13 },{ "time": 58675, "train": 9, "operation": 15 },{ "time": 58676, "train": 10, "operation": 5 },{ "time": 58706, "train": 7, "operation": 15 },{ "time": 58706, "train": 7, "operation": 17 },{ "time": 58706, "train": 10, "operation": 8 },{ "time": 58723, "train": 9, "operation": 17 },{ "time": 58768, "train": 14, "operation": 13 },{ "time": 58768, "train": 14, "operation": 15 },{ "time": 58792, "train": 10, "operation": 9 },{ "time": 58800, "train": 1, "operation": 12 },{ "time": 58800, "train": 1, "operation": 14 },{ "time": 58800, "train": 12, "operation": 11 },{ "time": 58800, "train": 9, "operation": 18 },{ "time": 58801, "train": 7, "operation": 18 },{ "time": 58822, "train": 10, "operation": 10 },{ "time": 58830, "train": 12, "operation": 13 },{ "time": 58831, "train": 7, "operation": 20 },{ "time": 58857, "train": 19, "operation": 1 },{ "time": 58857, "train": 19, "operation": 5 },{ "time": 58870, "train": 14, "operation": 16 },{ "time": 58885, "train": 1, "operation": 15 },{ "time": 58885, "train": 1, "operation": 16 },{ "time": 58896, "train": 10, "operation": 11 },{ "time": 58896, "train": 10, "operation": 12 },{ "time": 58929, "train": 14, "operation": 18 },{ "time": 58942, "train": 9, "operation": 20 },{ "time": 58973, "train": 7, "operation": 21 },{ "time": 58974, "train": 1, "operation": 17 },{ "time": 58974, "train": 1, "operation": 18 },{ "time": 58977, "train": 13, "operation": 1 },{ "time": 58977, "train": 13, "operation": 4 },{ "time": 58991, "train": 14, "operation": 19 },{ "time": 58991, "train": 14, "operation": 21 },{ "time": 59003, "train": 7, "operation": 23 },{ "time": 59021, "train": 10, "operation": 13 },{ "time": 59046, "train": 19, "operation": 6 },{ "time": 59046, "train": 19, "operation": 7 },{ "time": 59051, "train": 10, "operation": 15 },{ "time": 59058, "train": 12, "operation": 14 },{ "time": 59058, "train": 9, "operation": 21 },{ "time": 59097, "train": 18, "operation": 1 },{ "time": 59097, "train": 18, "operation": 6 },{ "time": 59115, "train": 14, "operation": 22 },{ "time": 59115, "train": 14, "operation": 24 },{ "time": 59117, "train": 7, "operation": 24 },{ "time": 59118, "train": 12, "operation": 16 },{ "time": 59127, "train": 13, "operation": 5 },{ "time": 59127, "train": 13, "operation": 6 },{ "time": 59153, "train": 1, "operation": 19 },{ "time": 59187, "train": 18, "operation": 7 },{ "time": 59187, "train": 19, "operation": 9 },{ "time": 59187, "train": 1, "operation": 21 },{ "time": 59193, "train": 10, "operation": 16 },{ "time": 59204, "train": 12, "operation": 18 },{ "time": 59217, "train": 18, "operation": 9 },{ "time": 59217, "train": 19, "operation": 10 },{ "time": 59220, "train": 14, "operation": 25 },{ "time": 59220, "train": 14, "operation": 27 },{ "time": 59223, "train": 10, "operation": 20 },{ "time": 59227, "train": 29, "operation": 1 },{ "time": 59234, "train": 12, "operation": 21 },{ "time": 59237, "train": 7, "operation": 29 },{ "time": 59277, "train": 11, "operation": 1 },{ "time": 59277, "train": 13, "operation": 7 },{ "time": 59277, "train": 29, "operation": 4 },{ "time": 59280, "train": 10, "operation": 21 },{ "time": 59280, "train": 11, "operation": 5 },{ "time": 59286, "train": 9, "operation": 23 },{ "time": 59314, "train": 1, "operation": 22 },{ "time": 59314, "train": 1, "operation": 23 },{ "time": 59328, "train": 14, "operation": 28 },{ "time": 59340, "train": 10, "operation": 23 },{ "time": 59346, "train": 9, "operation": 24 },{ "time": 59346, "train": 11, "operation": 7 },{ "time": 59367, "train": 18, "operation": 10 },{ "time": 59376, "train": 12, "operation": 22 },{ "time": 59397, "train": 13, "operation": 9 },{ "time": 59397, "train": 18, "operation": 12 },{ "time": 59397, "train": 19, "operation": 11 },{ "time": 59397, "train": 19, "operation": 12 },{ "time": 59406, "train": 12, "operation": 24 },{ "time": 59448, "train": 14, "operation": 33 },{ "time": 59460, "train": 9, "operation": 26 },{ "time": 59484, "train": 1, "operation": 24 },{ "time": 59484, "train": 1, "operation": 28 },{ "time": 59487, "train": 19, "operation": 13 },{ "time": 59497, "train": 18, "operation": 13 },{ "time": 59497, "train": 18, "operation": 15 },{ "time": 59517, "train": 19, "operation": 14 },{ "time": 59541, "train": 12, "operation": 25 },{ "time": 59541, "train": 12, "operation": 26 },{ "time": 59547, "train": 18, "operation": 16 },{ "time": 59577, "train": 18, "operation": 18 },{ "time": 59580, "train": 9, "operation": 29 },{ "time": 59596, "train": 10, "operation": 24 },{ "time": 59596, "train": 11, "operation": 8 },{ "time": 59606, "train": 12, "operation": 27 },{ "time": 59607, "train": 13, "operation": 10 },{ "time": 59626, "train": 10, "operation": 26 },{ "time": 59636, "train": 12, "operation": 28 },{ "time": 59667, "train": 19, "operation": 15 },{ "time": 59697, "train": 19, "operation": 17 },{ "time": 59727, "train": 18, "operation": 19 },{ "time": 59757, "train": 18, "operation": 21 },{ "time": 59768, "train": 10, "operation": 27 },{ "time": 59778, "train": 12, "operation": 30 },{ "time": 59778, "train": 13, "operation": 13 },{ "time": 59798, "train": 10, "operation": 29 },{ "time": 59808, "train": 12, "operation": 32 },{ "time": 59817, "train": 27, "operation": 1 },{ "time": 59817, "train": 27, "operation": 6 },{ "time": 59846, "train": 10, "operation": 30 },{ "time": 59846, "train": 10, "operation": 32 },{ "time": 59847, "train": 19, "operation": 18 },{ "time": 59852, "train": 11, "operation": 9 },{ "time": 59864, "train": 13, "operation": 14 },{ "time": 59877, "train": 19, "operation": 20 },{ "time": 59882, "train": 11, "operation": 11 },{ "time": 59894, "train": 13, "operation": 15 },{ "time": 59907, "train": 27, "operation": 7 },{ "time": 59907, "train": 27, "operation": 9 },{ "time": 59941, "train": 10, "operation": 33 },{ "time": 59953, "train": 29, "operation": 5 },{ "time": 59953, "train": 29, "operation": 7 },{ "time": 59970, "train": 13, "operation": 16 },{ "time": 59970, "train": 13, "operation": 17 },{ "time": 59971, "train": 10, "operation": 35 },{ "time": 59997, "train": 17, "operation": 1 },{ "time": 59997, "train": 17, "operation": 6 },{ "time": 59997, "train": 18, "operation": 22 },{ "time": 60008, "train": 12, "operation": 33 },{ "time": 60024, "train": 11, "operation": 12 },{ "time": 60025, "train": 27, "operation": 10 },{ "time": 60025, "train": 27, "operation": 12 },{ "time": 60054, "train": 11, "operation": 14 },{ "time": 60057, "train": 18, "operation": 24 },{ "time": 60087, "train": 17, "operation": 7 },{ "time": 60094, "train": 13, "operation": 18 },{ "time": 60097, "train": 1, "operation": 29 },{ "time": 60097, "train": 1, "operation": 31 },{ "time": 60097, "train": 19, "operation": 21 },{ "time": 60102, "train": 11, "operation": 15 },{ "time": 60102, "train": 11, "operation": 17 },{ "time": 60113, "train": 10, "operation": 37 },{ "time": 60117, "train": 17, "operation": 9 },{ "time": 60124, "train": 13, "operation": 20 },{ "time": 60127, "train": 27, "operation": 13 },{ "time": 60127, "train": 27, "operation": 15 },{ "time": 60143, "train": 10, "operation": 38 },{ "time": 60147, "train": 18, "operation": 25 },{ "time": 60158, "train": 12, "operation": 35 },{ "time": 60178, "train": 27, "operation": 16 },{ "time": 60197, "train": 11, "operation": 18 },{ "time": 60227, "train": 11, "operation": 20 },{ "time": 60237, "train": 19, "operation": 23 },{ "time": 60237, "train": 27, "operation": 18 },{ "time": 60237, "train": 29, "operation": 8 },{ "time": 60257, "train": 10, "operation": 39 },{ "time": 60266, "train": 13, "operation": 22 },{ "time": 60266, "train": 18, "operation": 29 },{ "time": 60267, "train": 17, "operation": 10 },{ "time": 60296, "train": 13, "operation": 25 },{ "time": 60297, "train": 17, "operation": 12 },{ "time": 60315, "train": 12, "operation": 36 },{ "time": 60315, "train": 12, "operation": 37 },{ "time": 60329, "train": 27, "operation": 19 },{ "time": 60329, "train": 27, "operation": 21 },{ "time": 60353, "train": 13, "operation": 26 },{ "time": 60369, "train": 11, "operation": 21 },{ "time": 60377, "train": 10, "operation": 44 },{ "time": 60397, "train": 17, "operation": 13 },{ "time": 60397, "train": 17, "operation": 15 },{ "time": 60399, "train": 11, "operation": 23 },{ "time": 60408, "train": 18, "operation": 30 },{ "time": 60413, "train": 13, "operation": 28 },{ "time": 60438, "train": 18, "operation": 32 },{ "time": 60447, "train": 17, "operation": 16 },{ "time": 60472, "train": 12, "operation": 38 },{ "time": 60477, "train": 17, "operation": 18 },{ "time": 60502, "train": 12, "operation": 41 },{ "time": 60507, "train": 19, "operation": 24 },{ "time": 60513, "train": 11, "operation": 25 },{ "time": 60582, "train": 18, "operation": 33 },{ "time": 60582, "train": 18, "operation": 34 },{ "time": 60597, "train": 27, "operation": 22 },{ "time": 60627, "train": 17, "operation": 19 },{ "time": 60633, "train": 11, "operation": 29 },{ "time": 60637, "train": 18, "operation": 35 },{ "time": 60657, "train": 17, "operation": 21 },{ "time": 60667, "train": 18, "operation": 36 },{ "time": 60669, "train": 13, "operation": 29 },{ "time": 60699, "train": 13, "operation": 31 },{ "time": 60702, "train": 12, "operation": 43 },{ "time": 60702, "train": 19, "operation": 27 },{ "time": 60717, "train": 27, "operation": 24 },{ "time": 60724, "train": 1, "operation": 33 },{ "time": 60724, "train": 29, "operation": 10 },{ "time": 60732, "train": 12, "operation": 45 },{ "time": 60796, "train": 27, "operation": 25 },{ "time": 60796, "train": 27, "operation": 29 },{ "time": 60809, "train": 18, "operation": 37 },{ "time": 60839, "train": 18, "operation": 40 },{ "time": 60841, "train": 13, "operation": 32 },{ "time": 60871, "train": 13, "operation": 34 },{ "time": 60897, "train": 17, "operation": 22 },{ "time": 60897, "train": 22, "operation": 1 },{ "time": 60897, "train": 22, "operation": 6 },{ "time": 60902, "train": 19, "operation": 28 },{ "time": 60904, "train": 1, "operation": 34 },{ "time": 60919, "train": 13, "operation": 35 },{ "time": 60919, "train": 13, "operation": 37 },{ "time": 60926, "train": 27, "operation": 30 },{ "time": 60926, "train": 27, "operation": 32 },{ "time": 60932, "train": 19, "operation": 31 },{ "time": 60957, "train": 17, "operation": 24 },{ "time": 60987, "train": 22, "operation": 7 },{ "time": 60988, "train": 12, "operation": 46 },{ "time": 61014, "train": 13, "operation": 38 },{ "time": 61017, "train": 22, "operation": 9 },{ "time": 61018, "train": 12, "operation": 48 },{ "time": 61035, "train": 18, "operation": 41 },{ "time": 61037, "train": 27, "operation": 33 },{ "time": 61037, "train": 27, "operation": 34 },{ "time": 61044, "train": 13, "operation": 40 },{ "time": 61074, "train": 19, "operation": 32 },{ "time": 61074, "train": 19, "operation": 33 },{ "time": 61074, "train": 27, "operation": 35 },{ "time": 61074, "train": 27, "operation": 36 },{ "time": 61077, "train": 16, "operation": 1 },{ "time": 61077, "train": 16, "operation": 5 },{ "time": 61077, "train": 17, "operation": 26 },{ "time": 61137, "train": 16, "operation": 6 },{ "time": 61167, "train": 22, "operation": 10 },{ "time": 61182, "train": 27, "operation": 37 },{ "time": 61186, "train": 13, "operation": 41 },{ "time": 61197, "train": 16, "operation": 8 },{ "time": 61197, "train": 17, "operation": 29 },{ "time": 61197, "train": 22, "operation": 12 },{ "time": 61216, "train": 13, "operation": 43 },{ "time": 61216, "train": 19, "operation": 35 },{ "time": 61216, "train": 18, "operation": 43 },{ "time": 61218, "train": 12, "operation": 49 },{ "time": 61237, "train": 29, "operation": 11 },{ "time": 61237, "train": 29, "operation": 13 },{ "time": 61248, "train": 12, "operation": 51 },{ "time": 61276, "train": 19, "operation": 36 },{ "time": 61297, "train": 22, "operation": 13 },{ "time": 61297, "train": 22, "operation": 15 },{ "time": 61303, "train": 1, "operation": 35 },{ "time": 61303, "train": 1, "operation": 37 },{ "time": 61330, "train": 13, "operation": 44 },{ "time": 61347, "train": 22, "operation": 16 },{ "time": 61377, "train": 22, "operation": 18 },{ "time": 61416, "train": 18, "operation": 44 },{ "time": 61416, "train": 18, "operation": 45 },{ "time": 61448, "train": 12, "operation": 52 },{ "time": 61450, "train": 13, "operation": 49 },{ "time": 61467, "train": 16, "operation": 9 },{ "time": 61476, "train": 19, "operation": 38 },{ "time": 61476, "train": 27, "operation": 40 },{ "time": 61478, "train": 12, "operation": 54 },{ "time": 61497, "train": 16, "operation": 11 },{ "time": 61506, "train": 19, "operation": 40 },{ "time": 61527, "train": 22, "operation": 19 },{ "time": 61557, "train": 22, "operation": 21 },{ "time": 61616, "train": 18, "operation": 46 },{ "time": 61620, "train": 12, "operation": 55 },{ "time": 61647, "train": 16, "operation": 12 },{ "time": 61648, "train": 19, "operation": 41 },{ "time": 61650, "train": 12, "operation": 56 },{ "time": 61661, "train": 27, "operation": 41 },{ "time": 61677, "train": 16, "operation": 14 },{ "time": 61678, "train": 19, "operation": 42 },{ "time": 61721, "train": 27, "operation": 43 },{ "time": 61727, "train": 16, "operation": 15 },{ "time": 61727, "train": 16, "operation": 17 },{ "time": 61736, "train": 12, "operation": 57 },{ "time": 61736, "train": 12, "operation": 58 },{ "time": 61736, "train": 18, "operation": 49 },{ "time": 61752, "train": 19, "operation": 43 },{ "time": 61752, "train": 19, "operation": 44 },{ "time": 61752, "train": 32, "operation": 1 },{ "time": 61752, "train": 32, "operation": 2 },{ "time": 61797, "train": 22, "operation": 22 },{ "time": 61827, "train": 16, "operation": 18 },{ "time": 61850, "train": 27, "operation": 44 },{ "time": 61850, "train": 27, "operation": 45 },{ "time": 61857, "train": 16, "operation": 20 },{ "time": 61857, "train": 22, "operation": 24 },{ "time": 61864, "train": 29, "operation": 14 },{ "time": 61877, "train": 19, "operation": 45 },{ "time": 61906, "train": 32, "operation": 3 },{ "time": 61906, "train": 32, "operation": 4 },{ "time": 61907, "train": 12, "operation": 59 },{ "time": 61907, "train": 19, "operation": 47 },{ "time": 61937, "train": 12, "operation": 61 },{ "time": 61947, "train": 22, "operation": 25 },{ "time": 61978, "train": 27, "operation": 46 },{ "time": 61978, "train": 27, "operation": 49 },{ "time": 61992, "train": 32, "operation": 5 },{ "time": 61992, "train": 32, "operation": 8 },{ "time": 62007, "train": 16, "operation": 21 },{ "time": 62037, "train": 16, "operation": 23 },{ "time": 62049, "train": 19, "operation": 49 },{ "time": 62049, "train": 22, "operation": 29 },{ "time": 62079, "train": 19, "operation": 52 },{ "time": 62083, "train": 12, "operation": 62 },{ "time": 62083, "train": 12, "operation": 63 },{ "time": 62129, "train": 27, "operation": 50 },{ "time": 62129, "train": 27, "operation": 53 },{ "time": 62136, "train": 19, "operation": 53 },{ "time": 62157, "train": 16, "operation": 24 },{ "time": 62191, "train": 22, "operation": 31 },{ "time": 62192, "train": 32, "operation": 9 },{ "time": 62192, "train": 32, "operation": 11 },{ "time": 62196, "train": 19, "operation": 55 },{ "time": 62221, "train": 22, "operation": 32 },{ "time": 62243, "train": 1, "operation": 38 },{ "time": 62243, "train": 1, "operation": 41 },{ "time": 62277, "train": 16, "operation": 29 },{ "time": 62279, "train": 12, "operation": 65 },{ "time": 62279, "train": 29, "operation": 18 },{ "time": 62300, "train": 27, "operation": 54 },{ "time": 62300, "train": 27, "operation": 56 },{ "time": 62337, "train": 26, "operation": 1 },{ "time": 62349, "train": 32, "operation": 12 },{ "time": 62349, "train": 32, "operation": 13 },{ "time": 62365, "train": 22, "operation": 33 },{ "time": 62365, "train": 22, "operation": 34 },{ "time": 62399, "train": 12, "operation": 68 },{ "time": 62420, "train": 22, "operation": 35 },{ "time": 62424, "train": 29, "operation": 19 },{ "time": 62424, "train": 26, "operation": 5 },{ "time": 62424, "train": 29, "operation": 20 },{ "time": 62442, "train": 27, "operation": 57 },{ "time": 62442, "train": 27, "operation": 59 },{ "time": 62450, "train": 22, "operation": 36 },{ "time": 62452, "train": 19, "operation": 56 },{ "time": 62482, "train": 19, "operation": 58 },{ "time": 62505, "train": 32, "operation": 14 },{ "time": 62505, "train": 32, "operation": 17 },{ "time": 62533, "train": 29, "operation": 21 },{ "time": 62533, "train": 29, "operation": 23 },{ "time": 62556, "train": 27, "operation": 60 },{ "time": 62577, "train": 24, "operation": 1 },{ "time": 62577, "train": 24, "operation": 4 },{ "time": 62592, "train": 22, "operation": 37 },{ "time": 62604, "train": 26, "operation": 6 },{ "time": 62604, "train": 26, "operation": 7 },{ "time": 62622, "train": 22, "operation": 40 },{ "time": 62624, "train": 19, "operation": 59 },{ "time": 62654, "train": 19, "operation": 61 },{ "time": 62667, "train": 29, "operation": 24 },{ "time": 62667, "train": 29, "operation": 25 },{ "time": 62697, "train": 20, "operation": 1 },{ "time": 62697, "train": 20, "operation": 6 },{ "time": 62702, "train": 19, "operation": 62 },{ "time": 62702, "train": 19, "operation": 64 },{ "time": 62722, "train": 32, "operation": 18 },{ "time": 62722, "train": 32, "operation": 21 },{ "time": 62733, "train": 29, "operation": 26 },{ "time": 62733, "train": 29, "operation": 27 },{ "time": 62738, "train": 26, "operation": 9 },{ "time": 62742, "train": 24, "operation": 5 },{ "time": 62742, "train": 24, "operation": 6 },{ "time": 62787, "train": 20, "operation": 7 },{ "time": 62797, "train": 19, "operation": 65 },{ "time": 62817, "train": 20, "operation": 9 },{ "time": 62827, "train": 19, "operation": 67 },{ "time": 62848, "train": 29, "operation": 29 },{ "time": 62848, "train": 27, "operation": 62 },{ "time": 62850, "train": 22, "operation": 41 },{ "time": 62877, "train": 21, "operation": 1 },{ "time": 62877, "train": 21, "operation": 5 },{ "time": 62907, "train": 24, "operation": 8 },{ "time": 62924, "train": 27, "operation": 63 },{ "time": 62924, "train": 27, "operation": 64 },{ "time": 62937, "train": 21, "operation": 6 },{ "time": 62937, "train": 24, "operation": 9 },{ "time": 62966, "train": 32, "operation": 22 },{ "time": 62966, "train": 32, "operation": 24 },{ "time": 62967, "train": 20, "operation": 10 },{ "time": 62969, "train": 19, "operation": 68 },{ "time": 62970, "train": 22, "operation": 43 },{ "time": 62995, "train": 27, "operation": 65 },{ "time": 62995, "train": 27, "operation": 66 },{ "time": 62997, "train": 20, "operation": 12 },{ "time": 62997, "train": 21, "operation": 8 },{ "time": 62999, "train": 19, "operation": 70 },{ "time": 63097, "train": 20, "operation": 13 },{ "time": 63097, "train": 20, "operation": 15 },{ "time": 63113, "train": 19, "operation": 71 },{ "time": 63127, "train": 22, "operation": 44 },{ "time": 63127, "train": 22, "operation": 45 },{ "time": 63137, "train": 27, "operation": 67 },{ "time": 63137, "train": 26, "operation": 10 },{ "time": 63137, "train": 27, "operation": 69 },{ "time": 63143, "train": 29, "operation": 30 },{ "time": 63147, "train": 20, "operation": 16 },{ "time": 63147, "train": 24, "operation": 10 },{ "time": 63166, "train": 32, "operation": 25 },{ "time": 63177, "train": 20, "operation": 18 },{ "time": 63177, "train": 24, "operation": 13 },{ "time": 63233, "train": 19, "operation": 76 },{ "time": 63265, "train": 27, "operation": 70 },{ "time": 63265, "train": 27, "operation": 71 },{ "time": 63267, "train": 21, "operation": 9 },{ "time": 63284, "train": 22, "operation": 46 },{ "time": 63285, "train": 29, "operation": 32 },{ "time": 63285, "train": 29, "operation": 33 },{ "time": 63285, "train": 32, "operation": 27 },{ "time": 63297, "train": 21, "operation": 11 },{ "time": 63308, "train": 26, "operation": 11 },{ "time": 63308, "train": 26, "operation": 12 },{ "time": 63314, "train": 22, "operation": 49 },{ "time": 63327, "train": 20, "operation": 19 },{ "time": 63327, "train": 24, "operation": 14 },{ "time": 63357, "train": 20, "operation": 21 },{ "time": 63357, "train": 24, "operation": 15 },{ "time": 63394, "train": 26, "operation": 13 },{ "time": 63424, "train": 26, "operation": 14 },{ "time": 63436, "train": 27, "operation": 72 },{ "time": 63437, "train": 24, "operation": 16 },{ "time": 63437, "train": 24, "operation": 17 },{ "time": 63447, "train": 21, "operation": 12 },{ "time": 63460, "train": 29, "operation": 35 },{ "time": 63467, "train": 32, "operation": 28 },{ "time": 63477, "train": 21, "operation": 14 },{ "time": 63496, "train": 27, "operation": 76 },{ "time": 63514, "train": 22, "operation": 50 },{ "time": 63527, "train": 21, "operation": 15 },{ "time": 63527, "train": 21, "operation": 17 },{ "time": 63538, "train": 26, "operation": 16 },{ "time": 63538, "train": 32, "operation": 30 },{ "time": 63544, "train": 22, "operation": 53 },{ "time": 63567, "train": 24, "operation": 18 },{ "time": 63597, "train": 20, "operation": 22 },{ "time": 63597, "train": 24, "operation": 20 },{ "time": 63627, "train": 21, "operation": 18 },{ "time": 63657, "train": 20, "operation": 24 },{ "time": 63657, "train": 21, "operation": 20 },{ "time": 63662, "train": 32, "operation": 31 },{ "time": 63662, "train": 32, "operation": 32 },{ "time": 63718, "train": 26, "operation": 17 },{ "time": 63747, "train": 20, "operation": 25 },{ "time": 63747, "train": 24, "operation": 22 },{ "time": 63747, "train": 32, "operation": 33 },{ "time": 63747, "train": 32, "operation": 34 },{ "time": 63777, "train": 20, "operation": 29 },{ "time": 63777, "train": 22, "operation": 54 },{ "time": 63777, "train": 24, "operation": 25 },{ "time": 63777, "train": 29, "operation": 36 },{ "time": 63807, "train": 21, "operation": 21 },{ "time": 63837, "train": 21, "operation": 23 },{ "time": 63837, "train": 24, "operation": 26 },{ "time": 63897, "train": 22, "operation": 56 },{ "time": 63897, "train": 24, "operation": 28 },{ "time": 63915, "train": 32, "operation": 35 },{ "time": 63915, "train": 32, "operation": 37 },{ "time": 63918, "train": 26, "operation": 18 },{ "time": 63927, "train": 20, "operation": 30 },{ "time": 63957, "train": 20, "operation": 32 },{ "time": 63957, "train": 21, "operation": 24 },{ "time": 64039, "train": 32, "operation": 38 },{ "time": 64039, "train": 32, "operation": 39 },{ "time": 64043, "train": 29, "operation": 38 },{ "time": 64066, "train": 27, "operation": 77 },{ "time": 64066, "train": 27, "operation": 79 },{ "time": 64077, "train": 21, "operation": 29 },{ "time": 64107, "train": 22, "operation": 58 },{ "time": 64107, "train": 26, "operation": 20 },{ "time": 64109, "train": 20, "operation": 33 },{ "time": 64109, "train": 20, "operation": 34 },{ "time": 64137, "train": 22, "operation": 59 },{ "time": 64167, "train": 20, "operation": 35 },{ "time": 64167, "train": 24, "operation": 29 },{ "time": 64197, "train": 20, "operation": 36 },{ "time": 64197, "train": 24, "operation": 31 },{ "time": 64204, "train": 32, "operation": 40 },{ "time": 64204, "train": 32, "operation": 44 },{ "time": 64228, "train": 29, "operation": 40 },{ "time": 64307, "train": 26, "operation": 22 },{ "time": 64337, "train": 26, "operation": 23 },{ "time": 64347, "train": 20, "operation": 37 },{ "time": 64347, "train": 22, "operation": 60 },{ "time": 64347, "train": 24, "operation": 32 },{ "time": 64377, "train": 22, "operation": 62 },{ "time": 64377, "train": 24, "operation": 34 },{ "time": 64427, "train": 24, "operation": 35 },{ "time": 64427, "train": 24, "operation": 37 },{ "time": 64451, "train": 29, "operation": 41 },{ "time": 64497, "train": 20, "operation": 40 },{ "time": 64497, "train": 23, "operation": 1 },{ "time": 64497, "train": 23, "operation": 6 },{ "time": 64527, "train": 22, "operation": 63 },{ "time": 64527, "train": 24, "operation": 38 },{ "time": 64537, "train": 26, "operation": 24 },{ "time": 64557, "train": 22, "operation": 64 },{ "time": 64557, "train": 24, "operation": 40 },{ "time": 64567, "train": 26, "operation": 27 },{ "time": 64579, "train": 27, "operation": 80 },{ "time": 64579, "train": 27, "operation": 82 },{ "time": 64587, "train": 23, "operation": 7 },{ "time": 64617, "train": 23, "operation": 9 },{ "time": 64647, "train": 22, "operation": 65 },{ "time": 64647, "train": 22, "operation": 66 },{ "time": 64651, "train": 29, "operation": 44 },{ "time": 64707, "train": 24, "operation": 41 },{ "time": 64737, "train": 20, "operation": 41 },{ "time": 64737, "train": 24, "operation": 43 },{ "time": 64767, "train": 23, "operation": 10 },{ "time": 64767, "train": 26, "operation": 28 },{ "time": 64793, "train": 29, "operation": 45 },{ "time": 64793, "train": 29, "operation": 46 },{ "time": 64797, "train": 23, "operation": 12 },{ "time": 64797, "train": 26, "operation": 31 },{ "time": 64807, "train": 27, "operation": 83 },{ "time": 64807, "train": 27, "operation": 85 },{ "time": 64810, "train": 32, "operation": 45 },{ "time": 64810, "train": 32, "operation": 47 },{ "time": 64827, "train": 22, "operation": 67 },{ "time": 64857, "train": 22, "operation": 69 },{ "time": 64857, "train": 24, "operation": 44 },{ "time": 64897, "train": 23, "operation": 13 },{ "time": 64897, "train": 23, "operation": 15 },{ "time": 64935, "train": 29, "operation": 48 },{ "time": 64939, "train": 26, "operation": 32 },{ "time": 64939, "train": 26, "operation": 33 },{ "time": 64947, "train": 23, "operation": 16 },{ "time": 64977, "train": 23, "operation": 18 },{ "time": 64977, "train": 24, "operation": 49 },{ "time": 64995, "train": 29, "operation": 49 },{ "time": 65011, "train": 22, "operation": 70 },{ "time": 65011, "train": 22, "operation": 71 },{ "time": 65081, "train": 26, "operation": 35 },{ "time": 65081, "train": 20, "operation": 43 },{ "time": 65127, "train": 23, "operation": 19 },{ "time": 65157, "train": 23, "operation": 21 },{ "time": 65161, "train": 29, "operation": 51 },{ "time": 65161, "train": 26, "operation": 36 },{ "time": 65161, "train": 29, "operation": 53 },{ "time": 65217, "train": 22, "operation": 72 },{ "time": 65229, "train": 29, "operation": 54 },{ "time": 65229, "train": 29, "operation": 55 },{ "time": 65252, "train": 20, "operation": 44 },{ "time": 65252, "train": 20, "operation": 45 },{ "time": 65279, "train": 29, "operation": 56 },{ "time": 65279, "train": 29, "operation": 57 },{ "time": 65337, "train": 22, "operation": 76 },{ "time": 65361, "train": 26, "operation": 37 },{ "time": 65374, "train": 29, "operation": 58 },{ "time": 65374, "train": 29, "operation": 60 },{ "time": 65386, "train": 32, "operation": 48 },{ "time": 65386, "train": 32, "operation": 50 },{ "time": 65391, "train": 26, "operation": 40 },{ "time": 65397, "train": 23, "operation": 22 },{ "time": 65423, "train": 20, "operation": 47 },{ "time": 65457, "train": 23, "operation": 24 },{ "time": 65463, "train": 29, "operation": 61 },{ "time": 65463, "train": 29, "operation": 65 },{ "time": 65507, "train": 29, "operation": 66 },{ "time": 65533, "train": 26, "operation": 41 },{ "time": 65543, "train": 20, "operation": 49 },{ "time": 65547, "train": 23, "operation": 25 },{ "time": 65563, "train": 26, "operation": 42 },{ "time": 65567, "train": 29, "operation": 68 },{ "time": 65577, "train": 23, "operation": 29 },{ "time": 65614, "train": 26, "operation": 43 },{ "time": 65614, "train": 26, "operation": 44 },{ "time": 65615, "train": 27, "operation": 86 },{ "time": 65665, "train": 27, "operation": 89 },{ "time": 65669, "train": 32, "operation": 51 },{ "time": 65669, "train": 32, "operation": 53 },{ "time": 65727, "train": 23, "operation": 30 },{ "time": 65762, "train": 26, "operation": 46 },{ "time": 65762, "train": 23, "operation": 32 },{ "time": 65792, "train": 26, "operation": 47 },{ "time": 65823, "train": 29, "operation": 69 },{ "time": 65823, "train": 29, "operation": 71 },{ "time": 65909, "train": 23, "operation": 33 },{ "time": 65909, "train": 23, "operation": 34 },{ "time": 65909, "train": 29, "operation": 72 },{ "time": 65934, "train": 26, "operation": 49 },{ "time": 65964, "train": 26, "operation": 52 },{ "time": 65967, "train": 23, "operation": 35 },{ "time": 65968, "train": 29, "operation": 74 },{ "time": 65997, "train": 23, "operation": 36 },{ "time": 66016, "train": 29, "operation": 75 },{ "time": 66016, "train": 29, "operation": 77 },{ "time": 66021, "train": 26, "operation": 53 },{ "time": 66081, "train": 26, "operation": 55 },{ "time": 66111, "train": 29, "operation": 78 },{ "time": 66111, "train": 29, "operation": 80 },{ "time": 66147, "train": 23, "operation": 37 },{ "time": 66177, "train": 23, "operation": 40 },{ "time": 66177, "train": 28, "operation": 1 },{ "time": 66177, "train": 28, "operation": 4 },{ "time": 66177, "train": 30, "operation": 1 },{ "time": 66177, "train": 30, "operation": 5 },{ "time": 66226, "train": 29, "operation": 81 },{ "time": 66226, "train": 29, "operation": 83 },{ "time": 66297, "train": 25, "operation": 1 },{ "time": 66297, "train": 25, "operation": 6 },{ "time": 66311, "train": 29, "operation": 85 },{ "time": 66327, "train": 28, "operation": 5 },{ "time": 66327, "train": 28, "operation": 6 },{ "time": 66337, "train": 26, "operation": 56 },{ "time": 66366, "train": 30, "operation": 6 },{ "time": 66366, "train": 30, "operation": 7 },{ "time": 66367, "train": 26, "operation": 58 },{ "time": 66387, "train": 25, "operation": 7 },{ "time": 66397, "train": 23, "operation": 41 },{ "time": 66417, "train": 25, "operation": 9 },{ "time": 66477, "train": 28, "operation": 8 },{ "time": 66507, "train": 30, "operation": 8 },{ "time": 66509, "train": 26, "operation": 59 },{ "time": 66537, "train": 23, "operation": 43 },{ "time": 66537, "train": 28, "operation": 9 },{ "time": 66537, "train": 30, "operation": 10 },{ "time": 66539, "train": 26, "operation": 61 },{ "time": 66567, "train": 25, "operation": 10 },{ "time": 66587, "train": 26, "operation": 62 },{ "time": 66587, "train": 26, "operation": 64 },{ "time": 66589, "train": 32, "operation": 54 },{ "time": 66589, "train": 32, "operation": 57 },{ "time": 66597, "train": 25, "operation": 12 },{ "time": 66682, "train": 26, "operation": 65 },{ "time": 66697, "train": 25, "operation": 13 },{ "time": 66697, "train": 25, "operation": 15 },{ "time": 66702, "train": 23, "operation": 44 },{ "time": 66702, "train": 23, "operation": 45 },{ "time": 66712, "train": 26, "operation": 67 },{ "time": 66717, "train": 30, "operation": 11 },{ "time": 66717, "train": 30, "operation": 12 },{ "time": 66747, "train": 25, "operation": 16 },{ "time": 66747, "train": 28, "operation": 10 },{ "time": 66777, "train": 25, "operation": 18 },{ "time": 66777, "train": 28, "operation": 13 },{ "time": 66807, "train": 30, "operation": 13 },{ "time": 66837, "train": 30, "operation": 14 },{ "time": 66854, "train": 26, "operation": 68 },{ "time": 66867, "train": 23, "operation": 46 },{ "time": 66884, "train": 26, "operation": 70 },{ "time": 66897, "train": 23, "operation": 49 },{ "time": 66927, "train": 25, "operation": 19 },{ "time": 66927, "train": 28, "operation": 14 },{ "time": 66957, "train": 25, "operation": 21 },{ "time": 66957, "train": 28, "operation": 15 },{ "time": 66987, "train": 30, "operation": 15 },{ "time": 66998, "train": 26, "operation": 71 },{ "time": 67017, "train": 30, "operation": 17 },{ "time": 67037, "train": 28, "operation": 16 },{ "time": 67037, "train": 28, "operation": 17 },{ "time": 67107, "train": 23, "operation": 50 },{ "time": 67118, "train": 26, "operation": 76 },{ "time": 67137, "train": 23, "operation": 53 },{ "time": 67167, "train": 28, "operation": 18 },{ "time": 67197, "train": 25, "operation": 22 },{ "time": 67197, "train": 28, "operation": 20 },{ "time": 67227, "train": 30, "operation": 18 },{ "time": 67257, "train": 25, "operation": 24 },{ "time": 67257, "train": 30, "operation": 20 },{ "time": 67327, "train": 3, "operation": 1 },{ "time": 67347, "train": 25, "operation": 25 },{ "time": 67347, "train": 28, "operation": 22 },{ "time": 67377, "train": 3, "operation": 4 },{ "time": 67377, "train": 23, "operation": 54 },{ "time": 67377, "train": 25, "operation": 29 },{ "time": 67377, "train": 28, "operation": 25 },{ "time": 67437, "train": 28, "operation": 26 },{ "time": 67467, "train": 30, "operation": 22 },{ "time": 67497, "train": 23, "operation": 56 },{ "time": 67497, "train": 28, "operation": 28 },{ "time": 67497, "train": 30, "operation": 23 },{ "time": 67527, "train": 25, "operation": 30 },{ "time": 67557, "train": 25, "operation": 32 },{ "time": 67707, "train": 23, "operation": 57 },{ "time": 67707, "train": 25, "operation": 33 },{ "time": 67707, "train": 25, "operation": 34 },{ "time": 67707, "train": 30, "operation": 24 },{ "time": 67737, "train": 23, "operation": 59 },{ "time": 67737, "train": 30, "operation": 27 },{ "time": 67767, "train": 25, "operation": 35 },{ "time": 67767, "train": 28, "operation": 29 },{ "time": 67797, "train": 25, "operation": 36 },{ "time": 67797, "train": 28, "operation": 31 },{ "time": 67811, "train": 29, "operation": 89 },{ "time": 67887, "train": 23, "operation": 60 },{ "time": 67917, "train": 23, "operation": 62 },{ "time": 67947, "train": 25, "operation": 37 },{ "time": 67947, "train": 28, "operation": 32 },{ "time": 67947, "train": 30, "operation": 28 },{ "time": 67977, "train": 25, "operation": 40 },{ "time": 67977, "train": 28, "operation": 34 },{ "time": 67977, "train": 30, "operation": 31 },{ "time": 68027, "train": 28, "operation": 35 },{ "time": 68027, "train": 28, "operation": 37 },{ "time": 68053, "train": 3, "operation": 5 },{ "time": 68053, "train": 3, "operation": 7 },{ "time": 68067, "train": 23, "operation": 63 },{ "time": 68097, "train": 23, "operation": 64 },{ "time": 68097, "train": 34, "operation": 1 },{ "time": 68097, "train": 34, "operation": 6 },{ "time": 68127, "train": 28, "operation": 38 },{ "time": 68127, "train": 30, "operation": 32 },{ "time": 68127, "train": 30, "operation": 33 },{ "time": 68157, "train": 28, "operation": 40 },{ "time": 68187, "train": 23, "operation": 65 },{ "time": 68187, "train": 23, "operation": 66 },{ "time": 68187, "train": 34, "operation": 7 },{ "time": 68217, "train": 25, "operation": 41 },{ "time": 68217, "train": 34, "operation": 9 },{ "time": 68277, "train": 30, "operation": 35 },{ "time": 68306, "train": 3, "operation": 8 },{ "time": 68306, "train": 3, "operation": 10 },{ "time": 68307, "train": 28, "operation": 41 },{ "time": 68337, "train": 25, "operation": 43 },{ "time": 68337, "train": 28, "operation": 43 },{ "time": 68337, "train": 30, "operation": 36 },{ "time": 68367, "train": 23, "operation": 67 },{ "time": 68367, "train": 34, "operation": 10 },{ "time": 68397, "train": 23, "operation": 69 },{ "time": 68397, "train": 34, "operation": 12 },{ "time": 68456, "train": 28, "operation": 44 },{ "time": 68497, "train": 34, "operation": 13 },{ "time": 68497, "train": 34, "operation": 15 },{ "time": 68547, "train": 25, "operation": 44 },{ "time": 68547, "train": 25, "operation": 45 },{ "time": 68547, "train": 30, "operation": 37 },{ "time": 68547, "train": 34, "operation": 16 },{ "time": 68551, "train": 23, "operation": 70 },{ "time": 68551, "train": 23, "operation": 71 },{ "time": 68576, "train": 28, "operation": 49 },{ "time": 68577, "train": 30, "operation": 40 },{ "time": 68577, "train": 34, "operation": 18 },{ "time": 68727, "train": 30, "operation": 41 },{ "time": 68727, "train": 34, "operation": 19 },{ "time": 68757, "train": 23, "operation": 72 },{ "time": 68757, "train": 25, "operation": 46 },{ "time": 68757, "train": 30, "operation": 42 },{ "time": 68757, "train": 34, "operation": 21 },{ "time": 68790, "train": 3, "operation": 11 },{ "time": 68790, "train": 3, "operation": 13 },{ "time": 68847, "train": 30, "operation": 43 },{ "time": 68847, "train": 30, "operation": 44 },{ "time": 68877, "train": 23, "operation": 76 },{ "time": 68877, "train": 25, "operation": 49 },{ "time": 68967, "train": 30, "operation": 45 },{ "time": 68997, "train": 0, "operation": 1 },{ "time": 68997, "train": 0, "operation": 6 },{ "time": 68997, "train": 30, "operation": 47 },{ "time": 68997, "train": 34, "operation": 22 },{ "time": 69057, "train": 2, "operation": 1 },{ "time": 69057, "train": 34, "operation": 24 },{ "time": 69079, "train": 0, "operation": 7 },{ "time": 69079, "train": 0, "operation": 9 },{ "time": 69147, "train": 30, "operation": 48 },{ "time": 69147, "train": 34, "operation": 26 },{ "time": 69173, "train": 0, "operation": 10 },{ "time": 69173, "train": 0, "operation": 12 },{ "time": 69177, "train": 30, "operation": 52 },{ "time": 69177, "train": 34, "operation": 29 },{ "time": 69237, "train": 30, "operation": 53 },{ "time": 69244, "train": 0, "operation": 13 },{ "time": 69244, "train": 0, "operation": 15 },{ "time": 69280, "train": 0, "operation": 16 },{ "time": 69280, "train": 0, "operation": 18 },{ "time": 69297, "train": 30, "operation": 55 },{ "time": 69327, "train": 34, "operation": 30 },{ "time": 69338, "train": 0, "operation": 19 },{ "time": 69338, "train": 0, "operation": 21 },{ "time": 69357, "train": 3, "operation": 14 },{ "time": 69357, "train": 34, "operation": 32 },{ "time": 69477, "train": 3, "operation": 18 },{ "time": 69499, "train": 34, "operation": 33 },{ "time": 69499, "train": 34, "operation": 34 },{ "time": 69539, "train": 0, "operation": 22 },{ "time": 69539, "train": 0, "operation": 24 },{ "time": 69567, "train": 30, "operation": 56 },{ "time": 69567, "train": 34, "operation": 35 },{ "time": 69597, "train": 30, "operation": 58 },{ "time": 69597, "train": 34, "operation": 36 },{ "time": 69603, "train": 0, "operation": 25 },{ "time": 69603, "train": 0, "operation": 29 },{ "time": 69617, "train": 3, "operation": 19 },{ "time": 69617, "train": 3, "operation": 20 },{ "time": 69717, "train": 31, "operation": 1 },{ "time": 69717, "train": 31, "operation": 4 },{ "time": 69717, "train": 36, "operation": 1 },{ "time": 69717, "train": 36, "operation": 5 },{ "time": 69720, "train": 0, "operation": 30 },{ "time": 69720, "train": 0, "operation": 32 },{ "time": 69722, "train": 3, "operation": 21 },{ "time": 69722, "train": 3, "operation": 23 },{ "time": 69747, "train": 30, "operation": 59 },{ "time": 69747, "train": 34, "operation": 37 },{ "time": 69777, "train": 30, "operation": 61 },{ "time": 69777, "train": 34, "operation": 40 },{ "time": 69818, "train": 0, "operation": 33 },{ "time": 69818, "train": 0, "operation": 34 },{ "time": 69827, "train": 30, "operation": 62 },{ "time": 69827, "train": 30, "operation": 64 },{ "time": 69851, "train": 0, "operation": 35 },{ "time": 69851, "train": 0, "operation": 36 },{ "time": 69853, "train": 3, "operation": 24 },{ "time": 69853, "train": 3, "operation": 25 },{ "time": 69867, "train": 31, "operation": 5 },{ "time": 69867, "train": 31, "operation": 6 },{ "time": 69897, "train": 35, "operation": 2 },{ "time": 69897, "train": 35, "operation": 6 },{ "time": 69906, "train": 36, "operation": 6 },{ "time": 69906, "train": 36, "operation": 7 },{ "time": 69919, "train": 3, "operation": 26 },{ "time": 69919, "train": 3, "operation": 27 },{ "time": 69927, "train": 30, "operation": 65 },{ "time": 69932, "train": 0, "operation": 37 },{ "time": 69957, "train": 30, "operation": 67 },{ "time": 69957, "train": 34, "operation": 41 },{ "time": 69987, "train": 35, "operation": 7 },{ "time": 69997, "train": 3, "operation": 28 },{ "time": 69997, "train": 3, "operation": 30 },{ "time": 70017, "train": 31, "operation": 8 },{ "time": 70017, "train": 35, "operation": 9 },{ "time": 70047, "train": 36, "operation": 8 },{ "time": 70077, "train": 31, "operation": 9 },{ "time": 70077, "train": 34, "operation": 43 },{ "time": 70077, "train": 36, "operation": 10 },{ "time": 70107, "train": 30, "operation": 68 },{ "time": 70117, "train": 3, "operation": 31 },{ "time": 70117, "train": 3, "operation": 33 },{ "time": 70137, "train": 30, "operation": 70 },{ "time": 70167, "train": 35, "operation": 10 },{ "time": 70197, "train": 35, "operation": 12 },{ "time": 70242, "train": 34, "operation": 44 },{ "time": 70242, "train": 34, "operation": 45 },{ "time": 70257, "train": 3, "operation": 34 },{ "time": 70257, "train": 3, "operation": 36 },{ "time": 70257, "train": 30, "operation": 72 },{ "time": 70257, "train": 36, "operation": 11 },{ "time": 70257, "train": 36, "operation": 12 },{ "time": 70287, "train": 31, "operation": 11 },{ "time": 70297, "train": 35, "operation": 13 },{ "time": 70297, "train": 35, "operation": 15 },{ "time": 70317, "train": 31, "operation": 13 },{ "time": 70346, "train": 0, "operation": 40 },{ "time": 70347, "train": 35, "operation": 16 },{ "time": 70347, "train": 36, "operation": 13 },{ "time": 70377, "train": 30, "operation": 76 },{ "time": 70377, "train": 35, "operation": 18 },{ "time": 70377, "train": 36, "operation": 14 },{ "time": 70407, "train": 34, "operation": 46 },{ "time": 70437, "train": 34, "operation": 49 },{ "time": 70467, "train": 31, "operation": 14 },{ "time": 70492, "train": 3, "operation": 37 },{ "time": 70497, "train": 31, "operation": 15 },{ "time": 70527, "train": 35, "operation": 19 },{ "time": 70527, "train": 36, "operation": 15 },{ "time": 70557, "train": 2, "operation": 6 },{ "time": 70557, "train": 35, "operation": 21 },{ "time": 70557, "train": 36, "operation": 17 },{ "time": 70561, "train": 31, "operation": 16 },{ "time": 70561, "train": 31, "operation": 17 },{ "time": 70562, "train": 0, "operation": 41 },{ "time": 70647, "train": 34, "operation": 51 },{ "time": 70655, "train": 2, "operation": 7 },{ "time": 70655, "train": 2, "operation": 9 },{ "time": 70677, "train": 3, "operation": 40 },{ "time": 70677, "train": 34, "operation": 53 },{ "time": 70767, "train": 31, "operation": 18 },{ "time": 70767, "train": 36, "operation": 18 },{ "time": 70769, "train": 2, "operation": 10 },{ "time": 70769, "train": 2, "operation": 12 },{ "time": 70797, "train": 31, "operation": 20 },{ "time": 70797, "train": 35, "operation": 22 },{ "time": 70797, "train": 36, "operation": 20 },{ "time": 70857, "train": 35, "operation": 24 },{ "time": 70868, "train": 2, "operation": 13 },{ "time": 70868, "train": 2, "operation": 15 },{ "time": 70877, "train": 3, "operation": 41 },{ "time": 70877, "train": 3, "operation": 44 },{ "time": 70917, "train": 34, "operation": 54 },{ "time": 70918, "train": 2, "operation": 16 },{ "time": 70947, "train": 31, "operation": 21 },{ "time": 70947, "train": 35, "operation": 26 },{ "time": 70977, "train": 2, "operation": 18 },{ "time": 70977, "train": 31, "operation": 25 },{ "time": 70977, "train": 35, "operation": 29 },{ "time": 71007, "train": 36, "operation": 22 },{ "time": 71017, "train": 3, "operation": 45 },{ "time": 71017, "train": 3, "operation": 46 },{ "time": 71037, "train": 31, "operation": 26 },{ "time": 71037, "train": 34, "operation": 56 },{ "time": 71037, "train": 36, "operation": 23 },{ "time": 71072, "train": 2, "operation": 19 },{ "time": 71072, "train": 2, "operation": 21 },{ "time": 71097, "train": 31, "operation": 28 },{ "time": 71127, "train": 35, "operation": 30 },{ "time": 71157, "train": 3, "operation": 48 },{ "time": 71157, "train": 0, "operation": 43 },{ "time": 71157, "train": 35, "operation": 32 },{ "time": 71217, "train": 3, "operation": 49 },{ "time": 71247, "train": 34, "operation": 57 },{ "time": 71277, "train": 34, "operation": 59 },{ "time": 71307, "train": 36, "operation": 24 },{ "time": 71309, "train": 35, "operation": 33 },{ "time": 71309, "train": 35, "operation": 34 },{ "time": 71314, "train": 0, "operation": 44 },{ "time": 71314, "train": 0, "operation": 45 },{ "time": 71337, "train": 2, "operation": 22 },{ "time": 71337, "train": 36, "operation": 27 },{ "time": 71367, "train": 31, "operation": 29 },{ "time": 71367, "train": 35, "operation": 35 },{ "time": 71397, "train": 31, "operation": 31 },{ "time": 71397, "train": 35, "operation": 36 },{ "time": 71417, "train": 3, "operation": 50 },{ "time": 71427, "train": 34, "operation": 60 },{ "time": 71457, "train": 2, "operation": 24 },{ "time": 71457, "train": 34, "operation": 62 },{ "time": 71470, "train": 0, "operation": 46 },{ "time": 71547, "train": 2, "operation": 25 },{ "time": 71547, "train": 2, "operation": 29 },{ "time": 71547, "train": 31, "operation": 32 },{ "time": 71547, "train": 35, "operation": 38 },{ "time": 71547, "train": 36, "operation": 29 },{ "time": 71577, "train": 3, "operation": 53 },{ "time": 71577, "train": 31, "operation": 34 },{ "time": 71577, "train": 35, "operation": 40 },{ "time": 71577, "train": 36, "operation": 31 },{ "time": 71606, "train": 0, "operation": 49 },{ "time": 71607, "train": 34, "operation": 63 },{ "time": 71627, "train": 31, "operation": 35 },{ "time": 71627, "train": 31, "operation": 37 },{ "time": 71637, "train": 34, "operation": 64 },{ "time": 71682, "train": 3, "operation": 54 },{ "time": 71682, "train": 3, "operation": 55 },{ "time": 71697, "train": 33, "operation": 1 },{ "time": 71697, "train": 33, "operation": 6 },{ "time": 71722, "train": 2, "operation": 30 },{ "time": 71727, "train": 31, "operation": 38 },{ "time": 71727, "train": 34, "operation": 65 },{ "time": 71727, "train": 34, "operation": 66 },{ "time": 71727, "train": 36, "operation": 32 },{ "time": 71727, "train": 36, "operation": 33 },{ "time": 71747, "train": 3, "operation": 56 },{ "time": 71747, "train": 3, "operation": 57 },{ "time": 71757, "train": 31, "operation": 40 },{ "time": 71787, "train": 33, "operation": 7 },{ "time": 71813, "train": 0, "operation": 50 },{ "time": 71813, "train": 0, "operation": 53 },{ "time": 71817, "train": 33, "operation": 9 },{ "time": 71817, "train": 35, "operation": 41 },{ "time": 71847, "train": 3, "operation": 59 },{ "time": 71847, "train": 3, "operation": 60 },{ "time": 71877, "train": 36, "operation": 35 },{ "time": 71902, "train": 2, "operation": 32 },{ "time": 71907, "train": 31, "operation": 41 },{ "time": 71907, "train": 34, "operation": 67 },{ "time": 71937, "train": 3, "operation": 61 },{ "time": 71937, "train": 3, "operation": 65 },{ "time": 71937, "train": 31, "operation": 43 },{ "time": 71937, "train": 34, "operation": 69 },{ "time": 71937, "train": 35, "operation": 43 },{ "time": 71937, "train": 36, "operation": 36 },{ "time": 71967, "train": 33, "operation": 10 },{ "time": 71997, "train": 3, "operation": 66 },{ "time": 71997, "train": 33, "operation": 12 },{ "time": 72007, "train": 0, "operation": 54 },{ "time": 72007, "train": 0, "operation": 56 },{ "time": 72056, "train": 31, "operation": 44 },{ "time": 72057, "train": 3, "operation": 68 },{ "time": 72077, "train": 2, "operation": 33 },{ "time": 72077, "train": 2, "operation": 34 },{ "time": 72091, "train": 34, "operation": 70 },{ "time": 72091, "train": 34, "operation": 71 },{ "time": 72097, "train": 33, "operation": 13 },{ "time": 72097, "train": 33, "operation": 15 },{ "time": 72117, "train": 2, "operation": 35 },{ "time": 72117, "train": 2, "operation": 36 },{ "time": 72146, "train": 36, "operation": 37 },{ "time": 72147, "train": 33, "operation": 16 },{ "time": 72147, "train": 35, "operation": 44 },{ "time": 72147, "train": 35, "operation": 45 },{ "time": 72171, "train": 0, "operation": 57 },{ "time": 72171, "train": 0, "operation": 59 },{ "time": 72176, "train": 31, "operation": 49 },{ "time": 72177, "train": 33, "operation": 18 },{ "time": 72227, "train": 2, "operation": 38 },{ "time": 72227, "train": 2, "operation": 40 },{ "time": 72257, "train": 36, "operation": 40 },{ "time": 72295, "train": 0, "operation": 60 },{ "time": 72295, "train": 0, "operation": 62 },{ "time": 72297, "train": 34, "operation": 72 },{ "time": 72327, "train": 3, "operation": 69 },{ "time": 72327, "train": 3, "operation": 71 },{ "time": 72327, "train": 33, "operation": 20 },{ "time": 72357, "train": 33, "operation": 21 },{ "time": 72357, "train": 35, "operation": 46 },{ "time": 72358, "train": 0, "operation": 63 },{ "time": 72358, "train": 0, "operation": 64 },{ "time": 72387, "train": 36, "operation": 41 },{ "time": 72417, "train": 2, "operation": 41 },{ "time": 72417, "train": 34, "operation": 76 },{ "time": 72417, "train": 36, "operation": 42 },{ "time": 72418, "train": 3, "operation": 72 },{ "time": 72425, "train": 0, "operation": 65 },{ "time": 72425, "train": 0, "operation": 66 },{ "time": 72469, "train": 36, "operation": 43 },{ "time": 72469, "train": 36, "operation": 44 },{ "time": 72477, "train": 2, "operation": 43 },{ "time": 72477, "train": 3, "operation": 74 },{ "time": 72477, "train": 35, "operation": 49 },{ "time": 72527, "train": 3, "operation": 75 },{ "time": 72527, "train": 3, "operation": 77 },{ "time": 72560, "train": 0, "operation": 67 },{ "time": 72560, "train": 0, "operation": 69 },{ "time": 72567, "train": 36, "operation": 45 },{ "time": 72597, "train": 33, "operation": 22 },{ "time": 72597, "train": 36, "operation": 47 },{ "time": 72615, "train": 2, "operation": 44 },{ "time": 72615, "train": 2, "operation": 45 },{ "time": 72627, "train": 3, "operation": 78 },{ "time": 72627, "train": 3, "operation": 80 },{ "time": 72657, "train": 33, "operation": 24 },{ "time": 72664, "train": 0, "operation": 70 },{ "time": 72664, "train": 0, "operation": 71 },{ "time": 72747, "train": 33, "operation": 25 },{ "time": 72747, "train": 36, "operation": 49 },{ "time": 72748, "train": 3, "operation": 81 },{ "time": 72748, "train": 3, "operation": 83 },{ "time": 72753, "train": 2, "operation": 46 },{ "time": 72753, "train": 2, "operation": 49 },{ "time": 72777, "train": 33, "operation": 29 },{ "time": 72777, "train": 36, "operation": 52 },{ "time": 72803, "train": 0, "operation": 72 },{ "time": 72803, "train": 0, "operation": 76 },{ "time": 72837, "train": 3, "operation": 84 },{ "time": 72837, "train": 36, "operation": 53 },{ "time": 72897, "train": 36, "operation": 55 },{ "time": 72910, "train": 2, "operation": 50 },{ "time": 72910, "train": 2, "operation": 53 },{ "time": 72927, "train": 33, "operation": 30 },{ "time": 72957, "train": 33, "operation": 32 },{ "time": 73087, "train": 2, "operation": 54 },{ "time": 73087, "train": 2, "operation": 56 },{ "time": 73109, "train": 33, "operation": 33 },{ "time": 73109, "train": 33, "operation": 34 },{ "time": 73167, "train": 33, "operation": 35 },{ "time": 73167, "train": 36, "operation": 56 },{ "time": 73197, "train": 33, "operation": 36 },{ "time": 73197, "train": 36, "operation": 58 },{ "time": 73237, "train": 2, "operation": 57 },{ "time": 73237, "train": 2, "operation": 59 },{ "time": 73257, "train": 38, "operation": 1 },{ "time": 73257, "train": 38, "operation": 5 },{ "time": 73305, "train": 0, "operation": 77 },{ "time": 73305, "train": 0, "operation": 79 },{ "time": 73347, "train": 33, "operation": 37 },{ "time": 73347, "train": 36, "operation": 59 },{ "time": 73355, "train": 2, "operation": 60 },{ "time": 73355, "train": 2, "operation": 62 },{ "time": 73377, "train": 33, "operation": 40 },{ "time": 73377, "train": 36, "operation": 61 },{ "time": 73377, "train": 39, "operation": 1 },{ "time": 73377, "train": 39, "operation": 4 },{ "time": 73427, "train": 36, "operation": 62 },{ "time": 73427, "train": 36, "operation": 64 },{ "time": 73428, "train": 2, "operation": 63 },{ "time": 73428, "train": 2, "operation": 64 },{ "time": 73428, "train": 38, "operation": 6 },{ "time": 73428, "train": 38, "operation": 7 },{ "time": 73512, "train": 2, "operation": 65 },{ "time": 73512, "train": 2, "operation": 66 },{ "time": 73527, "train": 36, "operation": 65 },{ "time": 73542, "train": 39, "operation": 5 },{ "time": 73542, "train": 39, "operation": 6 },{ "time": 73557, "train": 36, "operation": 67 },{ "time": 73557, "train": 38, "operation": 8 },{ "time": 73617, "train": 33, "operation": 41 },{ "time": 73681, "train": 2, "operation": 68 },{ "time": 73681, "train": 2, "operation": 69 },{ "time": 73707, "train": 36, "operation": 68 },{ "time": 73707, "train": 39, "operation": 8 },{ "time": 73737, "train": 33, "operation": 43 },{ "time": 73737, "train": 36, "operation": 70 },{ "time": 73737, "train": 38, "operation": 10 },{ "time": 73737, "train": 39, "operation": 9 },{ "time": 73779, "train": 0, "operation": 80 },{ "time": 73779, "train": 0, "operation": 82 },{ "time": 73810, "train": 2, "operation": 70 },{ "time": 73810, "train": 2, "operation": 71 },{ "time": 73857, "train": 36, "operation": 72 },{ "time": 73902, "train": 33, "operation": 44 },{ "time": 73902, "train": 33, "operation": 45 },{ "time": 73917, "train": 38, "operation": 11 },{ "time": 73917, "train": 38, "operation": 12 },{ "time": 73947, "train": 39, "operation": 10 },{ "time": 73977, "train": 36, "operation": 76 },{ "time": 73977, "train": 39, "operation": 13 },{ "time": 73982, "train": 2, "operation": 72 },{ "time": 74007, "train": 38, "operation": 13 },{ "time": 74015, "train": 0, "operation": 83 },{ "time": 74015, "train": 0, "operation": 85 },{ "time": 74037, "train": 38, "operation": 14 },{ "time": 74067, "train": 33, "operation": 46 },{ "time": 74067, "train": 39, "operation": 14 },{ "time": 74097, "train": 2, "operation": 76 },{ "time": 74097, "train": 33, "operation": 49 },{ "time": 74097, "train": 39, "operation": 15 },{ "time": 74187, "train": 38, "operation": 15 },{ "time": 74217, "train": 38, "operation": 17 },{ "time": 74217, "train": 39, "operation": 16 },{ "time": 74217, "train": 39, "operation": 17 },{ "time": 74307, "train": 33, "operation": 50 },{ "time": 74337, "train": 3, "operation": 89 },{ "time": 74337, "train": 33, "operation": 53 },{ "time": 74367, "train": 39, "operation": 18 },{ "time": 74397, "train": 39, "operation": 20 },{ "time": 74398, "train": 38, "operation": 18 },{ "time": 74457, "train": 38, "operation": 20 },{ "time": 74547, "train": 39, "operation": 21 },{ "time": 74577, "train": 33, "operation": 54 },{ "time": 74577, "train": 39, "operation": 25 },{ "time": 74637, "train": 39, "operation": 26 },{ "time": 74667, "train": 38, "operation": 22 },{ "time": 74697, "train": 33, "operation": 56 },{ "time": 74697, "train": 38, "operation": 23 },{ "time": 74697, "train": 39, "operation": 28 },{ "time": 74718, "train": 2, "operation": 77 },{ "time": 74718, "train": 2, "operation": 79 },{ "time": 74778, "train": 0, "operation": 86 },{ "time": 74778, "train": 0, "operation": 89 },{ "time": 74907, "train": 33, "operation": 57 },{ "time": 74937, "train": 33, "operation": 59 },{ "time": 74967, "train": 38, "operation": 24 },{ "time": 74967, "train": 39, "operation": 29 },{ "time": 74997, "train": 38, "operation": 27 },{ "time": 74997, "train": 39, "operation": 31 },{ "time": 75147, "train": 33, "operation": 60 },{ "time": 75147, "train": 39, "operation": 32 },{ "time": 75177, "train": 33, "operation": 62 },{ "time": 75177, "train": 39, "operation": 34 },{ "time": 75207, "train": 38, "operation": 28 },{ "time": 75227, "train": 39, "operation": 35 },{ "time": 75227, "train": 39, "operation": 37 },{ "time": 75237, "train": 38, "operation": 31 },{ "time": 75268, "train": 2, "operation": 80 },{ "time": 75268, "train": 2, "operation": 82 },{ "time": 75297, "train": 37, "operation": 1 },{ "time": 75297, "train": 37, "operation": 6 },{ "time": 75327, "train": 33, "operation": 63 },{ "time": 75327, "train": 39, "operation": 38 },{ "time": 75357, "train": 33, "operation": 64 },{ "time": 75357, "train": 39, "operation": 40 },{ "time": 75387, "train": 37, "operation": 7 },{ "time": 75387, "train": 38, "operation": 32 },{ "time": 75387, "train": 38, "operation": 33 },{ "time": 75417, "train": 37, "operation": 9 },{ "time": 75447, "train": 33, "operation": 65 },{ "time": 75447, "train": 33, "operation": 66 },{ "time": 75507, "train": 39, "operation": 41 },{ "time": 75537, "train": 2, "operation": 83 },{ "time": 75537, "train": 2, "operation": 85 },{ "time": 75537, "train": 38, "operation": 34 },{ "time": 75537, "train": 39, "operation": 43 },{ "time": 75567, "train": 37, "operation": 10 },{ "time": 75597, "train": 37, "operation": 12 },{ "time": 75597, "train": 38, "operation": 36 },{ "time": 75627, "train": 33, "operation": 67 },{ "time": 75656, "train": 39, "operation": 44 },{ "time": 75657, "train": 33, "operation": 69 },{ "time": 75697, "train": 37, "operation": 13 },{ "time": 75697, "train": 37, "operation": 15 },{ "time": 75747, "train": 37, "operation": 16 },{ "time": 75776, "train": 39, "operation": 49 },{ "time": 75777, "train": 37, "operation": 18 },{ "time": 75807, "train": 38, "operation": 37 },{ "time": 75811, "train": 33, "operation": 70 },{ "time": 75811, "train": 33, "operation": 71 },{ "time": 75837, "train": 38, "operation": 40 },{ "time": 75927, "train": 37, "operation": 19 },{ "time": 75927, "train": 38, "operation": 41 },{ "time": 75957, "train": 37, "operation": 21 },{ "time": 75957, "train": 38, "operation": 42 },{ "time": 76017, "train": 33, "operation": 72 },{ "time": 76037, "train": 38, "operation": 43 },{ "time": 76037, "train": 38, "operation": 44 },{ "time": 76137, "train": 33, "operation": 76 },{ "time": 76167, "train": 38, "operation": 45 },{ "time": 76197, "train": 37, "operation": 22 },{ "time": 76197, "train": 38, "operation": 47 },{ "time": 76257, "train": 37, "operation": 24 },{ "time": 76347, "train": 37, "operation": 25 },{ "time": 76347, "train": 38, "operation": 49 },{ "time": 76377, "train": 37, "operation": 29 },{ "time": 76377, "train": 38, "operation": 52 },{ "time": 76437, "train": 38, "operation": 53 },{ "time": 76438, "train": 2, "operation": 86 },{ "time": 76497, "train": 2, "operation": 89 },{ "time": 76497, "train": 38, "operation": 55 },{ "time": 76527, "train": 37, "operation": 30 },{ "time": 76557, "train": 37, "operation": 32 },{ "time": 76709, "train": 37, "operation": 33 },{ "time": 76709, "train": 37, "operation": 34 },{ "time": 76767, "train": 37, "operation": 35 },{ "time": 76767, "train": 38, "operation": 56 },{ "time": 76797, "train": 37, "operation": 36 },{ "time": 76797, "train": 38, "operation": 58 },{ "time": 76947, "train": 37, "operation": 37 },{ "time": 76947, "train": 38, "operation": 59 },{ "time": 76977, "train": 37, "operation": 40 },{ "time": 76977, "train": 38, "operation": 61 },{ "time": 77027, "train": 38, "operation": 62 },{ "time": 77027, "train": 38, "operation": 64 },{ "time": 77127, "train": 38, "operation": 65 },{ "time": 77157, "train": 38, "operation": 67 },{ "time": 77187, "train": 37, "operation": 41 },{ "time": 77277, "train": 37, "operation": 43 },{ "time": 77307, "train": 38, "operation": 68 },{ "time": 77337, "train": 38, "operation": 70 },{ "time": 77397, "train": 15, "operation": 1 },{ "time": 77397, "train": 15, "operation": 4 },{ "time": 77442, "train": 37, "operation": 44 },{ "time": 77442, "train": 37, "operation": 45 },{ "time": 77457, "train": 38, "operation": 71 },{ "time": 77577, "train": 38, "operation": 76 },{ "time": 77607, "train": 37, "operation": 46 },{ "time": 77637, "train": 37, "operation": 49 },{ "time": 77907, "train": 37, "operation": 50 },{ "time": 77937, "train": 37, "operation": 53 },{ "time": 78152, "train": 15, "operation": 5 },{ "time": 78152, "train": 15, "operation": 7 },{ "time": 78207, "train": 37, "operation": 54 },{ "time": 78237, "train": 37, "operation": 56 },{ "time": 78447, "train": 37, "operation": 57 },{ "time": 78472, "train": 15, "operation": 8 },{ "time": 78472, "train": 15, "operation": 10 },{ "time": 78477, "train": 37, "operation": 59 },{ "time": 78687, "train": 37, "operation": 60 },{ "time": 78742, "train": 37, "operation": 62 },{ "time": 78867, "train": 37, "operation": 63 },{ "time": 78897, "train": 37, "operation": 64 },{ "time": 78987, "train": 37, "operation": 65 },{ "time": 78987, "train": 37, "operation": 66 },{ "time": 79057, "train": 15, "operation": 11 },{ "time": 79057, "train": 15, "operation": 13 },{ "time": 79167, "train": 37, "operation": 67 },{ "time": 79197, "train": 37, "operation": 69 },{ "time": 79351, "train": 37, "operation": 70 },{ "time": 79351, "train": 37, "operation": 71 },{ "time": 79557, "train": 37, "operation": 72 },{ "time": 79677, "train": 37, "operation": 76 },{ "time": 79692, "train": 15, "operation": 14 },{ "time": 79692, "train": 15, "operation": 18 },{ "time": 79868, "train": 15, "operation": 19 },{ "time": 79868, "train": 15, "operation": 20 },{ "time": 80000, "train": 15, "operation": 21 },{ "time": 80000, "train": 15, "operation": 23 },{ "time": 80181, "train": 15, "operation": 24 },{ "time": 80181, "train": 15, "operation": 25 },{ "time": 80271, "train": 15, "operation": 26 },{ "time": 80271, "train": 15, "operation": 27 },{ "time": 80367, "train": 15, "operation": 28 },{ "time": 80367, "train": 15, "operation": 30 },{ "time": 80542, "train": 15, "operation": 31 },{ "time": 80542, "train": 15, "operation": 33 },{ "time": 80764, "train": 15, "operation": 34 },{ "time": 80764, "train": 15, "operation": 36 },{ "time": 81034, "train": 15, "operation": 37 },{ "time": 81034, "train": 15, "operation": 40 },{ "time": 81282, "train": 15, "operation": 41 },{ "time": 81282, "train": 15, "operation": 44 },{ "time": 81453, "train": 15, "operation": 45 },{ "time": 81453, "train": 15, "operation": 46 },{ "time": 81624, "train": 15, "operation": 47 },{ "time": 81624, "train": 15, "operation": 49 },{ "time": 81828, "train": 15, "operation": 50 },{ "time": 81828, "train": 15, "operation": 53 },{ "time": 81917, "train": 15, "operation": 54 },{ "time": 81917, "train": 15, "operation": 55 },{ "time": 82197, "train": 15, "operation": 56 },{ "time": 82317, "train": 15, "operation": 57 }],"objective_value": 6817}
