{"events":[{ "time": 0, "train": 0, "operation": 0 },{ "time": 0, "train": 1, "operation": 0 },{ "time": 0, "train": 1, "operation": 1 },{ "time": 0, "train": 2, "operation": 0 },{ "time": 0, "train": 3, "operation": 0 },{ "time": 0, "train": 4, "operation": 0 },{ "time": 0, "train": 5, "operation": 0 },{ "time": 12, "train": 1, "operation": 2 },{ "time": 154, "train": 5, "operation": 1 },{ "time": 270, "train": 3, "operation": 1 },{ "time": 270, "train": 3, "operation": 2 },{ "time": 346, "train": 4, "operation": 1 },{ "time": 393, "train": 4, "operation": 2 },{ "time": 477, "train": 1, "operation": 3 },{ "time": 489, "train": 1, "operation": 4 },{ "time": 515, "train": 2, "operation": 1 },{ "time": 558, "train": 2, "operation": 2 },{ "time": 601, "train": 4, "operation": 3 },{ "time": 623, "train": 4, "operation": 5 },{ "time": 657, "train": 4, "operation": 8 },{ "time": 690, "train": 4, "operation": 11 },{ "time": 863, "train": 2, "operation": 3 },{ "time": 886, "train": 2, "operation": 5 },{ "time": 927, "train": 1, "operation": 5 },{ "time": 940, "train": 1, "operation": 6 },{ "time": 1129, "train": 4, "operation": 19 },{ "time": 1144, "train": 0, "operation": 1 },{ "time": 1156, "train": 0, "operation": 2 },{ "time": 1158, "train": 4, "operation": 25 },{ "time": 1192, "train": 3, "operation": 3 },{ "time": 1206, "train": 3, "operation": 4 },{ "time": 1365, "train": 5, "operation": 2 },{ "time": 1633, "train": 3, "operation": 6 },{ "time": 1654, "train": 1, "operation": 7 },{ "time": 1656, "train": 3, "operation": 8 },{ "time": 1668, "train": 1, "operation": 8 },{ "time": 1788, "train": 0, "operation": 3 },{ "time": 1788, "train": 0, "operation": 4 },{ "time": 1810, "train": 4, "operation": 31 },{ "time": 1830, "train": 5, "operation": 3 },{ "time": 1831, "train": 4, "operation": 37 },{ "time": 1997, "train": 5, "operation": 5 },{ "time": 2027, "train": 4, "operation": 46 },{ "time": 2033, "train": 4, "operation": 50 },{ "time": 2084, "train": 3, "operation": 14 },{ "time": 2119, "train": 3, "operation": 20 },{ "time": 2147, "train": 4, "operation": 52 },{ "time": 2153, "train": 4, "operation": 54 },{ "time": 2213, "train": 1, "operation": 9 },{ "time": 2228, "train": 1, "operation": 10 },{ "time": 2276, "train": 3, "operation": 30 },{ "time": 2293, "train": 3, "operation": 40 },{ "time": 2327, "train": 3, "operation": 56 },{ "time": 2360, "train": 3, "operation": 76 },{ "time": 2447, "train": 2, "operation": 7 },{ "time": 2447, "train": 2, "operation": 9 },{ "time": 2501, "train": 4, "operation": 56 },{ "time": 2522, "train": 4, "operation": 58 },{ "time": 2595, "train": 0, "operation": 5 },{ "time": 2607, "train": 0, "operation": 6 },{ "time": 2618, "train": 5, "operation": 7 },{ "time": 2799, "train": 3, "operation": 88 },{ "time": 2816, "train": 5, "operation": 9 },{ "time": 2828, "train": 3, "operation": 94 },{ "time": 2963, "train": 0, "operation": 8 },{ "time": 2982, "train": 0, "operation": 10 },{ "time": 3060, "train": 1, "operation": 12 },{ "time": 3078, "train": 1, "operation": 14 },{ "time": 3120, "train": 4, "operation": 61 },{ "time": 3150, "train": 4, "operation": 65 },{ "time": 3256, "train": 4, "operation": 68 },{ "time": 3263, "train": 4, "operation": 71 },{ "time": 3362, "train": 0, "operation": 16 },{ "time": 3380, "train": 2, "operation": 12 },{ "time": 3392, "train": 2, "operation": 16 },{ "time": 3397, "train": 0, "operation": 22 },{ "time": 3480, "train": 3, "operation": 100 },{ "time": 3501, "train": 3, "operation": 106 },{ "time": 3554, "train": 0, "operation": 32 },{ "time": 3571, "train": 0, "operation": 42 },{ "time": 3605, "train": 0, "operation": 58 },{ "time": 3619, "train": 5, "operation": 11 },{ "time": 3631, "train": 5, "operation": 13 },{ "time": 3638, "train": 0, "operation": 78 },{ "time": 3697, "train": 3, "operation": 115 },{ "time": 3703, "train": 3, "operation": 119 },{ "time": 3727, "train": 1, "operation": 18 },{ "time": 3745, "train": 1, "operation": 22 },{ "time": 3804, "train": 4, "operation": 84 },{ "time": 3817, "train": 3, "operation": 121 },{ "time": 3823, "train": 3, "operation": 123 },{ "time": 3826, "train": 4, "operation": 86 },{ "time": 3857, "train": 2, "operation": 22 },{ "time": 3869, "train": 2, "operation": 26 },{ "time": 3987, "train": 5, "operation": 16 },{ "time": 4006, "train": 5, "operation": 18 },{ "time": 4069, "train": 0, "operation": 90 },{ "time": 4093, "train": 0, "operation": 96 },{ "time": 4104, "train": 4, "operation": 88 },{ "time": 4119, "train": 4, "operation": 91 },{ "time": 4171, "train": 3, "operation": 126 },{ "time": 4192, "train": 3, "operation": 128 },{ "time": 4228, "train": 4, "operation": 94 },{ "time": 4256, "train": 1, "operation": 25 },{ "time": 4270, "train": 4, "operation": 97 },{ "time": 4274, "train": 1, "operation": 28 },{ "time": 4307, "train": 2, "operation": 30 },{ "time": 4319, "train": 4, "operation": 100 },{ "time": 4320, "train": 2, "operation": 34 },{ "time": 4326, "train": 3, "operation": 131 },{ "time": 4332, "train": 3, "operation": 135 },{ "time": 4332, "train": 4, "operation": 103 },{ "time": 4386, "train": 5, "operation": 24 },{ "time": 4421, "train": 5, "operation": 30 },{ "time": 4446, "train": 3, "operation": 138 },{ "time": 4452, "train": 3, "operation": 141 },{ "time": 4453, "train": 4, "operation": 106 },{ "time": 4453, "train": 4, "operation": 107 },{ "time": 4578, "train": 5, "operation": 40 },{ "time": 4595, "train": 5, "operation": 50 },{ "time": 4629, "train": 5, "operation": 65 },{ "time": 4636, "train": 0, "operation": 102 },{ "time": 4654, "train": 0, "operation": 108 },{ "time": 4673, "train": 5, "operation": 79 },{ "time": 4688, "train": 1, "operation": 32 },{ "time": 4705, "train": 1, "operation": 36 },{ "time": 4791, "train": 3, "operation": 143 },{ "time": 4817, "train": 0, "operation": 117 },{ "time": 4821, "train": 3, "operation": 145 },{ "time": 4822, "train": 0, "operation": 121 },{ "time": 4917, "train": 0, "operation": 123 },{ "time": 4922, "train": 0, "operation": 125 },{ "time": 5034, "train": 2, "operation": 38 },{ "time": 5048, "train": 2, "operation": 42 },{ "time": 5093, "train": 5, "operation": 87 },{ "time": 5148, "train": 5, "operation": 93 },{ "time": 5179, "train": 1, "operation": 40 },{ "time": 5197, "train": 1, "operation": 46 },{ "time": 5212, "train": 0, "operation": 128 },{ "time": 5230, "train": 0, "operation": 130 },{ "time": 5342, "train": 0, "operation": 133 },{ "time": 5347, "train": 0, "operation": 137 },{ "time": 5372, "train": 5, "operation": 98 },{ "time": 5383, "train": 5, "operation": 104 },{ "time": 5442, "train": 0, "operation": 140 },{ "time": 5447, "train": 0, "operation": 143 },{ "time": 5474, "train": 3, "operation": 147 },{ "time": 5510, "train": 3, "operation": 150 },{ "time": 5551, "train": 4, "operation": 108 },{ "time": 5551, "train": 4, "operation": 109 },{ "time": 5551, "train": 4, "operation": 110 },{ "time": 5593, "train": 2, "operation": 46 },{ "time": 5608, "train": 2, "operation": 50 },{ "time": 5730, "train": 0, "operation": 145 },{ "time": 5755, "train": 0, "operation": 147 },{ "time": 5788, "train": 3, "operation": 157 },{ "time": 5803, "train": 3, "operation": 160 },{ "time": 5827, "train": 5, "operation": 110 },{ "time": 5848, "train": 5, "operation": 112 },{ "time": 5912, "train": 3, "operation": 163 },{ "time": 5938, "train": 3, "operation": 169 },{ "time": 5941, "train": 1, "operation": 51 },{ "time": 5962, "train": 1, "operation": 57 },{ "time": 5962, "train": 3, "operation": 175 },{ "time": 5968, "train": 3, "operation": 180 },{ "time": 6011, "train": 5, "operation": 116 },{ "time": 6022, "train": 5, "operation": 120 },{ "time": 6028, "train": 3, "operation": 186 },{ "time": 6043, "train": 3, "operation": 188 },{ "time": 6211, "train": 5, "operation": 122 },{ "time": 6221, "train": 5, "operation": 124 },{ "time": 6299, "train": 0, "operation": 150 },{ "time": 6317, "train": 0, "operation": 153 },{ "time": 6443, "train": 2, "operation": 54 },{ "time": 6458, "train": 2, "operation": 58 },{ "time": 6511, "train": 5, "operation": 126 },{ "time": 6529, "train": 5, "operation": 128 },{ "time": 6549, "train": 0, "operation": 160 },{ "time": 6562, "train": 0, "operation": 163 },{ "time": 6641, "train": 5, "operation": 132 },{ "time": 6643, "train": 3, "operation": 190 },{ "time": 6651, "train": 5, "operation": 136 },{ "time": 6652, "train": 1, "operation": 66 },{ "time": 6653, "train": 0, "operation": 168 },{ "time": 6661, "train": 1, "operation": 70 },{ "time": 6674, "train": 0, "operation": 174 },{ "time": 6749, "train": 0, "operation": 179 },{ "time": 6761, "train": 0, "operation": 185 },{ "time": 6841, "train": 5, "operation": 139 },{ "time": 6850, "train": 5, "operation": 142 },{ "time": 7015, "train": 2, "operation": 62 },{ "time": 7030, "train": 2, "operation": 66 },{ "time": 7040, "train": 1, "operation": 76 },{ "time": 7054, "train": 1, "operation": 80 },{ "time": 7133, "train": 5, "operation": 144 },{ "time": 7180, "train": 5, "operation": 146 },{ "time": 7261, "train": 0, "operation": 193 },{ "time": 7281, "train": 0, "operation": 195 },{ "time": 7351, "train": 5, "operation": 149 },{ "time": 7357, "train": 5, "operation": 152 },{ "time": 7359, "train": 1, "operation": 82 },{ "time": 7370, "train": 1, "operation": 85 },{ "time": 7468, "train": 2, "operation": 69 },{ "time": 7484, "train": 2, "operation": 72 },{ "time": 7808, "train": 5, "operation": 154 },{ "time": 7844, "train": 5, "operation": 156 },{ "time": 7889, "train": 2, "operation": 75 },{ "time": 7910, "train": 2, "operation": 79 },{ "time": 7923, "train": 0, "operation": 196 },{ "time": 7935, "train": 1, "operation": 87 },{ "time": 7944, "train": 0, "operation": 197 },{ "time": 7952, "train": 1, "operation": 91 },{ "time": 8050, "train": 1, "operation": 95 },{ "time": 8055, "train": 1, "operation": 98 },{ "time": 8076, "train": 5, "operation": 159 },{ "time": 8100, "train": 5, "operation": 162 },{ "time": 8150, "train": 1, "operation": 101 },{ "time": 8153, "train": 3, "operation": 192 },{ "time": 8155, "train": 1, "operation": 104 },{ "time": 8273, "train": 5, "operation": 167 },{ "time": 8294, "train": 5, "operation": 173 },{ "time": 8314, "train": 5, "operation": 177 },{ "time": 8319, "train": 5, "operation": 181 },{ "time": 8355, "train": 2, "operation": 82 },{ "time": 8369, "train": 5, "operation": 184 },{ "time": 8370, "train": 2, "operation": 88 },{ "time": 8387, "train": 1, "operation": 107 },{ "time": 8393, "train": 5, "operation": 186 },{ "time": 8411, "train": 1, "operation": 109 },{ "time": 8449, "train": 2, "operation": 93 },{ "time": 8459, "train": 2, "operation": 99 },{ "time": 8471, "train": 1, "operation": 111 },{ "time": 8475, "train": 1, "operation": 115 },{ "time": 8600, "train": 1, "operation": 119 },{ "time": 8605, "train": 1, "operation": 122 },{ "time": 8614, "train": 0, "operation": 198 },{ "time": 8631, "train": 0, "operation": 199 },{ "time": 8893, "train": 5, "operation": 188 },{ "time": 8896, "train": 3, "operation": 194 },{ "time": 8921, "train": 3, "operation": 195 },{ "time": 9008, "train": 2, "operation": 105 },{ "time": 9023, "train": 2, "operation": 107 },{ "time": 9061, "train": 0, "operation": 200 },{ "time": 9078, "train": 0, "operation": 201 },{ "time": 9111, "train": 1, "operation": 125 },{ "time": 9133, "train": 1, "operation": 127 },{ "time": 9133, "train": 5, "operation": 190 },{ "time": 9615, "train": 2, "operation": 110 },{ "time": 9623, "train": 2, "operation": 114 },{ "time": 9725, "train": 3, "operation": 196 },{ "time": 9735, "train": 5, "operation": 191 },{ "time": 9745, "train": 3, "operation": 197 },{ "time": 9756, "train": 0, "operation": 202 },{ "time": 9773, "train": 0, "operation": 203 },{ "time": 9792, "train": 1, "operation": 129 },{ "time": 9809, "train": 1, "operation": 132 },{ "time": 9957, "train": 5, "operation": 192 },{ "time": 9964, "train": 0, "operation": 204 },{ "time": 9968, "train": 0, "operation": 205 },{ "time": 10002, "train": 2, "operation": 120 },{ "time": 10016, "train": 2, "operation": 124 },{ "time": 10063, "train": 0, "operation": 206 },{ "time": 10069, "train": 0, "operation": 207 },{ "time": 10262, "train": 3, "operation": 198 },{ "time": 10282, "train": 3, "operation": 199 },{ "time": 10321, "train": 2, "operation": 126 },{ "time": 10332, "train": 2, "operation": 129 },{ "time": 10415, "train": 0, "operation": 208 },{ "time": 10420, "train": 1, "operation": 139 },{ "time": 10432, "train": 0, "operation": 209 },{ "time": 10437, "train": 1, "operation": 142 },{ "time": 10627, "train": 5, "operation": 193 },{ "time": 10644, "train": 5, "operation": 194 },{ "time": 10772, "train": 0, "operation": 210 },{ "time": 10777, "train": 0, "operation": 211 },{ "time": 10852, "train": 2, "operation": 131 },{ "time": 10867, "train": 2, "operation": 135 },{ "time": 10902, "train": 0, "operation": 212 },{ "time": 10908, "train": 0, "operation": 213 },{ "time": 10951, "train": 2, "operation": 139 },{ "time": 10955, "train": 2, "operation": 142 },{ "time": 10986, "train": 1, "operation": 145 },{ "time": 11004, "train": 1, "operation": 148 },{ "time": 11037, "train": 2, "operation": 145 },{ "time": 11041, "train": 2, "operation": 148 },{ "time": 11074, "train": 5, "operation": 195 },{ "time": 11096, "train": 3, "operation": 200 },{ "time": 11117, "train": 3, "operation": 201 },{ "time": 11161, "train": 0, "operation": 214 },{ "time": 11166, "train": 0, "operation": 216 },{ "time": 11241, "train": 2, "operation": 151 },{ "time": 11262, "train": 2, "operation": 153 },{ "time": 11314, "train": 2, "operation": 155 },{ "time": 11318, "train": 2, "operation": 159 },{ "time": 11329, "train": 5, "operation": 196 },{ "time": 11343, "train": 0, "operation": 218 },{ "time": 11346, "train": 3, "operation": 202 },{ "time": 11348, "train": 0, "operation": 220 },{ "time": 11351, "train": 3, "operation": 203 },{ "time": 11424, "train": 2, "operation": 163 },{ "time": 11429, "train": 2, "operation": 166 },{ "time": 11465, "train": 3, "operation": 204 },{ "time": 11472, "train": 3, "operation": 205 },{ "time": 11566, "train": 1, "operation": 152 },{ "time": 11583, "train": 1, "operation": 155 },{ "time": 11626, "train": 0, "operation": 222 },{ "time": 11630, "train": 0, "operation": 224 },{ "time": 11825, "train": 0, "operation": 226 },{ "time": 11830, "train": 0, "operation": 228 },{ "time": 11863, "train": 2, "operation": 169 },{ "time": 11882, "train": 2, "operation": 171 },{ "time": 11887, "train": 3, "operation": 206 },{ "time": 11908, "train": 3, "operation": 207 },{ "time": 12007, "train": 5, "operation": 197 },{ "time": 12024, "train": 5, "operation": 198 },{ "time": 12034, "train": 1, "operation": 167 },{ "time": 12052, "train": 1, "operation": 171 },{ "time": 12215, "train": 5, "operation": 199 },{ "time": 12219, "train": 5, "operation": 200 },{ "time": 12256, "train": 0, "operation": 230 },{ "time": 12260, "train": 0, "operation": 232 },{ "time": 12293, "train": 3, "operation": 208 },{ "time": 12298, "train": 3, "operation": 209 },{ "time": 12314, "train": 5, "operation": 201 },{ "time": 12314, "train": 5, "operation": 202 },{ "time": 12355, "train": 0, "operation": 234 },{ "time": 12360, "train": 0, "operation": 236 },{ "time": 12423, "train": 3, "operation": 210 },{ "time": 12429, "train": 3, "operation": 211 },{ "time": 12447, "train": 2, "operation": 173 },{ "time": 12462, "train": 2, "operation": 176 },{ "time": 12617, "train": 0, "operation": 238 },{ "time": 12621, "train": 0, "operation": 240 },{ "time": 12643, "train": 1, "operation": 173 },{ "time": 12660, "train": 1, "operation": 176 },{ "time": 12683, "train": 3, "operation": 212 },{ "time": 12689, "train": 3, "operation": 214 },{ "time": 12799, "train": 0, "operation": 242 },{ "time": 12804, "train": 0, "operation": 244 },{ "time": 12901, "train": 3, "operation": 216 },{ "time": 12907, "train": 3, "operation": 218 },{ "time": 12986, "train": 2, "operation": 183 },{ "time": 13000, "train": 2, "operation": 186 },{ "time": 13197, "train": 0, "operation": 247 },{ "time": 13212, "train": 0, "operation": 249 },{ "time": 13241, "train": 3, "operation": 220 },{ "time": 13246, "train": 3, "operation": 222 },{ "time": 13278, "train": 1, "operation": 179 },{ "time": 13294, "train": 1, "operation": 183 },{ "time": 13470, "train": 2, "operation": 189 },{ "time": 13480, "train": 3, "operation": 224 },{ "time": 13485, "train": 2, "operation": 192 },{ "time": 13486, "train": 3, "operation": 226 },{ "time": 13535, "train": 0, "operation": 251 },{ "time": 13555, "train": 0, "operation": 253 },{ "time": 13852, "train": 1, "operation": 187 },{ "time": 13869, "train": 1, "operation": 190 },{ "time": 13968, "train": 2, "operation": 196 },{ "time": 13983, "train": 2, "operation": 199 },{ "time": 13987, "train": 0, "operation": 255 },{ "time": 13997, "train": 3, "operation": 228 },{ "time": 14001, "train": 3, "operation": 230 },{ "time": 14002, "train": 0, "operation": 257 },{ "time": 14116, "train": 3, "operation": 232 },{ "time": 14122, "train": 3, "operation": 234 },{ "time": 14370, "train": 2, "operation": 211 },{ "time": 14386, "train": 2, "operation": 215 },{ "time": 14389, "train": 0, "operation": 258 },{ "time": 14393, "train": 0, "operation": 260 },{ "time": 14431, "train": 3, "operation": 236 },{ "time": 14436, "train": 3, "operation": 238 },{ "time": 14485, "train": 1, "operation": 193 },{ "time": 14502, "train": 1, "operation": 196 },{ "time": 14564, "train": 0, "operation": 262 },{ "time": 14569, "train": 0, "operation": 264 },{ "time": 14649, "train": 3, "operation": 240 },{ "time": 14655, "train": 3, "operation": 242 },{ "time": 14893, "train": 2, "operation": 217 },{ "time": 14908, "train": 2, "operation": 220 },{ "time": 15020, "train": 0, "operation": 266 },{ "time": 15024, "train": 0, "operation": 268 },{ "time": 15102, "train": 1, "operation": 199 },{ "time": 15119, "train": 0, "operation": 270 },{ "time": 15119, "train": 1, "operation": 203 },{ "time": 15124, "train": 0, "operation": 272 },{ "time": 15126, "train": 3, "operation": 245 },{ "time": 15144, "train": 3, "operation": 247 },{ "time": 15359, "train": 0, "operation": 275 },{ "time": 15375, "train": 0, "operation": 277 },{ "time": 15438, "train": 2, "operation": 223 },{ "time": 15452, "train": 2, "operation": 227 },{ "time": 15532, "train": 3, "operation": 249 },{ "time": 15556, "train": 3, "operation": 251 },{ "time": 15694, "train": 1, "operation": 207 },{ "time": 15711, "train": 1, "operation": 211 },{ "time": 15894, "train": 1, "operation": 215 },{ "time": 15913, "train": 1, "operation": 219 },{ "time": 15931, "train": 2, "operation": 231 },{ "time": 15946, "train": 2, "operation": 234 },{ "time": 16008, "train": 3, "operation": 253 },{ "time": 16026, "train": 3, "operation": 255 },{ "time": 16027, "train": 1, "operation": 223 },{ "time": 16049, "train": 1, "operation": 231 },{ "time": 16076, "train": 1, "operation": 257 },{ "time": 16084, "train": 0, "operation": 279 },{ "time": 16106, "train": 0, "operation": 281 },{ "time": 16203, "train": 0, "operation": 283 },{ "time": 16208, "train": 0, "operation": 285 },{ "time": 16326, "train": 1, "operation": 291 },{ "time": 16363, "train": 1, "operation": 315 },{ "time": 16406, "train": 1, "operation": 341 },{ "time": 16474, "train": 2, "operation": 237 },{ "time": 16488, "train": 2, "operation": 240 },{ "time": 16490, "train": 3, "operation": 256 },{ "time": 16495, "train": 3, "operation": 258 },{ "time": 16549, "train": 0, "operation": 286 },{ "time": 16554, "train": 0, "operation": 288 },{ "time": 16559, "train": 1, "operation": 344 },{ "time": 16593, "train": 1, "operation": 349 },{ "time": 16649, "train": 0, "operation": 290 },{ "time": 16654, "train": 0, "operation": 292 },{ "time": 16700, "train": 3, "operation": 260 },{ "time": 16706, "train": 3, "operation": 262 },{ "time": 16960, "train": 0, "operation": 295 },{ "time": 16980, "train": 0, "operation": 297 },{ "time": 17002, "train": 2, "operation": 243 },{ "time": 17017, "train": 2, "operation": 247 },{ "time": 17130, "train": 1, "operation": 354 },{ "time": 17130, "train": 1, "operation": 356 },{ "time": 17131, "train": 0, "operation": 301 },{ "time": 17139, "train": 0, "operation": 305 },{ "time": 17247, "train": 3, "operation": 264 },{ "time": 17252, "train": 3, "operation": 266 },{ "time": 17366, "train": 3, "operation": 268 },{ "time": 17372, "train": 3, "operation": 270 },{ "time": 17510, "train": 2, "operation": 251 },{ "time": 17525, "train": 2, "operation": 255 },{ "time": 17653, "train": 3, "operation": 272 },{ "time": 17672, "train": 3, "operation": 274 },{ "time": 17683, "train": 2, "operation": 259 },{ "time": 17699, "train": 2, "operation": 263 },{ "time": 17797, "train": 2, "operation": 267 },{ "time": 17816, "train": 2, "operation": 275 },{ "time": 17840, "train": 2, "operation": 301 },{ "time": 18090, "train": 2, "operation": 335 },{ "time": 18127, "train": 2, "operation": 359 },{ "time": 18170, "train": 2, "operation": 385 },{ "time": 18226, "train": 0, "operation": 307 },{ "time": 18237, "train": 0, "operation": 309 },{ "time": 18323, "train": 2, "operation": 388 },{ "time": 18357, "train": 2, "operation": 393 },{ "time": 18453, "train": 0, "operation": 310 },{ "time": 18460, "train": 3, "operation": 276 },{ "time": 18461, "train": 0, "operation": 312 },{ "time": 18487, "train": 3, "operation": 278 },{ "time": 18603, "train": 3, "operation": 280 },{ "time": 18609, "train": 3, "operation": 282 },{ "time": 18626, "train": 0, "operation": 314 },{ "time": 18635, "train": 0, "operation": 316 },{ "time": 18894, "train": 2, "operation": 398 },{ "time": 18894, "train": 2, "operation": 400 },{ "time": 18909, "train": 0, "operation": 318 },{ "time": 18926, "train": 0, "operation": 320 },{ "time": 19018, "train": 3, "operation": 284 },{ "time": 19024, "train": 3, "operation": 286 },{ "time": 19138, "train": 3, "operation": 288 },{ "time": 19139, "train": 0, "operation": 322 },{ "time": 19144, "train": 0, "operation": 324 },{ "time": 19144, "train": 3, "operation": 290 },{ "time": 19466, "train": 0, "operation": 326 },{ "time": 19472, "train": 0, "operation": 328 },{ "time": 19498, "train": 3, "operation": 293 },{ "time": 19518, "train": 3, "operation": 295 },{ "time": 19586, "train": 0, "operation": 330 },{ "time": 19614, "train": 0, "operation": 332 },{ "time": 19699, "train": 3, "operation": 299 },{ "time": 19709, "train": 3, "operation": 303 },{ "time": 19885, "train": 0, "operation": 335 },{ "time": 19956, "train": 0, "operation": 337 },{ "time": 20599, "train": 0, "operation": 341 },{ "time": 20623, "train": 0, "operation": 345 },{ "time": 20854, "train": 3, "operation": 305 },{ "time": 20865, "train": 3, "operation": 307 },{ "time": 21081, "train": 3, "operation": 308 },{ "time": 21089, "train": 3, "operation": 310 },{ "time": 21184, "train": 0, "operation": 347 },{ "time": 21201, "train": 0, "operation": 349 },{ "time": 21254, "train": 3, "operation": 312 },{ "time": 21263, "train": 3, "operation": 314 },{ "time": 21540, "train": 3, "operation": 316 },{ "time": 21561, "train": 3, "operation": 318 },{ "time": 21612, "train": 0, "operation": 350 },{ "time": 21616, "train": 0, "operation": 352 },{ "time": 21789, "train": 0, "operation": 354 },{ "time": 21794, "train": 0, "operation": 356 },{ "time": 21816, "train": 3, "operation": 320 },{ "time": 21822, "train": 3, "operation": 322 },{ "time": 22165, "train": 0, "operation": 358 },{ "time": 22175, "train": 0, "operation": 359 },{ "time": 22208, "train": 3, "operation": 324 },{ "time": 22214, "train": 3, "operation": 326 },{ "time": 22267, "train": 0, "operation": 360 },{ "time": 22294, "train": 0, "operation": 361 },{ "time": 22328, "train": 3, "operation": 328 },{ "time": 22356, "train": 3, "operation": 330 },{ "time": 22627, "train": 3, "operation": 333 },{ "time": 22698, "train": 3, "operation": 335 },{ "time": 22855, "train": 0, "operation": 362 },{ "time": 22871, "train": 0, "operation": 363 },{ "time": 23344, "train": 3, "operation": 338 },{ "time": 23368, "train": 3, "operation": 342 },{ "time": 23520, "train": 0, "operation": 364 },{ "time": 23536, "train": 0, "operation": 365 },{ "time": 24001, "train": 3, "operation": 344 },{ "time": 24009, "train": 0, "operation": 366 },{ "time": 24022, "train": 3, "operation": 346 },{ "time": 24117, "train": 0, "operation": 367 },{ "time": 24157, "train": 0, "operation": 368 },{ "time": 24183, "train": 0, "operation": 369 },{ "time": 24515, "train": 3, "operation": 348 },{ "time": 24520, "train": 3, "operation": 350 },{ "time": 24728, "train": 3, "operation": 352 },{ "time": 24734, "train": 3, "operation": 354 },{ "time": 24939, "train": 0, "operation": 370 },{ "time": 24939, "train": 0, "operation": 371 },{ "time": 24939, "train": 0, "operation": 372 },{ "time": 25178, "train": 3, "operation": 357 },{ "time": 25188, "train": 3, "operation": 359 },{ "time": 25298, "train": 3, "operation": 362 },{ "time": 25331, "train": 3, "operation": 365 },{ "time": 26004, "train": 3, "operation": 368 },{ "time": 26023, "train": 3, "operation": 371 },{ "time": 26802, "train": 3, "operation": 374 },{ "time": 26821, "train": 3, "operation": 377 },{ "time": 27388, "train": 3, "operation": 379 },{ "time": 27410, "train": 3, "operation": 381 },{ "time": 27442, "train": 3, "operation": 383 },{ "time": 27453, "train": 3, "operation": 386 },{ "time": 27567, "train": 3, "operation": 389 },{ "time": 27596, "train": 3, "operation": 393 },{ "time": 28243, "train": 3, "operation": 398 },{ "time": 28264, "train": 3, "operation": 401 },{ "time": 28965, "train": 3, "operation": 404 },{ "time": 28993, "train": 3, "operation": 407 },{ "time": 29108, "train": 3, "operation": 409 },{ "time": 29114, "train": 3, "operation": 411 },{ "time": 29753, "train": 3, "operation": 412 },{ "time": 29774, "train": 3, "operation": 413 },{ "time": 29943, "train": 3, "operation": 414 },{ "time": 29948, "train": 3, "operation": 416 },{ "time": 30063, "train": 3, "operation": 418 },{ "time": 30069, "train": 3, "operation": 420 },{ "time": 30501, "train": 3, "operation": 422 },{ "time": 30506, "train": 3, "operation": 424 },{ "time": 30703, "train": 3, "operation": 426 },{ "time": 30710, "train": 3, "operation": 428 },{ "time": 30981, "train": 3, "operation": 430 },{ "time": 30991, "train": 3, "operation": 432 },{ "time": 31447, "train": 3, "operation": 435 },{ "time": 31468, "train": 3, "operation": 439 },{ "time": 32198, "train": 3, "operation": 444 },{ "time": 32218, "train": 3, "operation": 447 },{ "time": 32702, "train": 3, "operation": 450 },{ "time": 32724, "train": 3, "operation": 453 },{ "time": 33336, "train": 3, "operation": 455 },{ "time": 33369, "train": 3, "operation": 458 },{ "time": 34001, "train": 3, "operation": 470 },{ "time": 34024, "train": 3, "operation": 473 },{ "time": 34678, "train": 3, "operation": 476 },{ "time": 34703, "train": 3, "operation": 478 },{ "time": 35199, "train": 3, "operation": 480 },{ "time": 35223, "train": 3, "operation": 483 },{ "time": 35781, "train": 3, "operation": 486 },{ "time": 35806, "train": 3, "operation": 489 },{ "time": 36247, "train": 3, "operation": 492 },{ "time": 36270, "train": 3, "operation": 495 },{ "time": 37026, "train": 3, "operation": 498 },{ "time": 37049, "train": 3, "operation": 502 },{ "time": 37644, "train": 3, "operation": 506 },{ "time": 37644, "train": 3, "operation": 508 }],"objective_value": 5513}
