{"events":[{ "time": 0, "train": 0, "operation": 0 },{ "time": 0, "train": 1, "operation": 0 },{ "time": 0, "train": 1, "operation": 2 },{ "time": 0, "train": 2, "operation": 0 },{ "time": 0, "train": 2, "operation": 1 },{ "time": 0, "train": 3, "operation": 0 },{ "time": 0, "train": 4, "operation": 0 },{ "time": 0, "train": 4, "operation": 1 },{ "time": 0, "train": 5, "operation": 0 },{ "time": 17, "train": 4, "operation": 2 },{ "time": 24, "train": 1, "operation": 4 },{ "time": 33, "train": 2, "operation": 2 },{ "time": 51, "train": 4, "operation": 3 },{ "time": 162, "train": 5, "operation": 1 },{ "time": 183, "train": 0, "operation": 1 },{ "time": 198, "train": 0, "operation": 2 },{ "time": 198, "train": 5, "operation": 3 },{ "time": 340, "train": 3, "operation": 2 },{ "time": 356, "train": 3, "operation": 4 },{ "time": 490, "train": 2, "operation": 3 },{ "time": 519, "train": 2, "operation": 6 },{ "time": 519, "train": 4, "operation": 5 },{ "time": 519, "train": 1, "operation": 6 },{ "time": 563, "train": 1, "operation": 8 },{ "time": 674, "train": 0, "operation": 3 },{ "time": 689, "train": 0, "operation": 5 },{ "time": 712, "train": 3, "operation": 6 },{ "time": 712, "train": 3, "operation": 7 },{ "time": 731, "train": 5, "operation": 5 },{ "time": 737, "train": 5, "operation": 8 },{ "time": 785, "train": 1, "operation": 11 },{ "time": 804, "train": 1, "operation": 13 },{ "time": 853, "train": 5, "operation": 11 },{ "time": 881, "train": 5, "operation": 13 },{ "time": 961, "train": 4, "operation": 8 },{ "time": 988, "train": 4, "operation": 14 },{ "time": 1047, "train": 2, "operation": 9 },{ "time": 1068, "train": 2, "operation": 12 },{ "time": 1104, "train": 4, "operation": 19 },{ "time": 1111, "train": 4, "operation": 24 },{ "time": 1117, "train": 0, "operation": 7 },{ "time": 1138, "train": 0, "operation": 10 },{ "time": 1214, "train": 0, "operation": 13 },{ "time": 1219, "train": 0, "operation": 16 },{ "time": 1268, "train": 1, "operation": 16 },{ "time": 1291, "train": 1, "operation": 20 },{ "time": 1291, "train": 5, "operation": 15 },{ "time": 1291, "train": 5, "operation": 16 },{ "time": 1544, "train": 2, "operation": 18 },{ "time": 1565, "train": 2, "operation": 20 },{ "time": 1596, "train": 1, "operation": 25 },{ "time": 1606, "train": 0, "operation": 23 },{ "time": 1606, "train": 1, "operation": 28 },{ "time": 1622, "train": 0, "operation": 25 },{ "time": 1644, "train": 4, "operation": 29 },{ "time": 1661, "train": 2, "operation": 23 },{ "time": 1665, "train": 2, "operation": 27 },{ "time": 1665, "train": 4, "operation": 30 },{ "time": 1747, "train": 2, "operation": 30 },{ "time": 1751, "train": 2, "operation": 33 },{ "time": 1820, "train": 0, "operation": 27 },{ "time": 1831, "train": 0, "operation": 30 },{ "time": 1909, "train": 0, "operation": 33 },{ "time": 1927, "train": 0, "operation": 39 },{ "time": 1944, "train": 0, "operation": 45 },{ "time": 1949, "train": 0, "operation": 51 },{ "time": 1992, "train": 0, "operation": 57 },{ "time": 1994, "train": 2, "operation": 35 },{ "time": 2003, "train": 0, "operation": 63 },{ "time": 2016, "train": 2, "operation": 37 },{ "time": 2331, "train": 4, "operation": 32 },{ "time": 2352, "train": 4, "operation": 34 },{ "time": 2385, "train": 1, "operation": 34 },{ "time": 2385, "train": 1, "operation": 36 },{ "time": 2432, "train": 0, "operation": 70 },{ "time": 2452, "train": 0, "operation": 74 },{ "time": 2482, "train": 2, "operation": 40 },{ "time": 2486, "train": 4, "operation": 37 },{ "time": 2492, "train": 4, "operation": 41 },{ "time": 2498, "train": 2, "operation": 43 },{ "time": 2606, "train": 4, "operation": 44 },{ "time": 2612, "train": 4, "operation": 47 },{ "time": 2696, "train": 2, "operation": 50 },{ "time": 2707, "train": 2, "operation": 53 },{ "time": 2785, "train": 2, "operation": 58 },{ "time": 2803, "train": 2, "operation": 64 },{ "time": 2867, "train": 2, "operation": 70 },{ "time": 2878, "train": 2, "operation": 76 },{ "time": 2905, "train": 0, "operation": 79 },{ "time": 2929, "train": 0, "operation": 82 },{ "time": 2951, "train": 4, "operation": 49 },{ "time": 2971, "train": 1, "operation": 39 },{ "time": 2981, "train": 4, "operation": 51 },{ "time": 2983, "train": 1, "operation": 43 },{ "time": 3307, "train": 2, "operation": 94 },{ "time": 3321, "train": 2, "operation": 98 },{ "time": 3448, "train": 1, "operation": 45 },{ "time": 3460, "train": 1, "operation": 47 },{ "time": 3498, "train": 0, "operation": 85 },{ "time": 3513, "train": 0, "operation": 88 },{ "time": 3621, "train": 0, "operation": 90 },{ "time": 3628, "train": 0, "operation": 92 },{ "time": 3634, "train": 4, "operation": 54 },{ "time": 3656, "train": 4, "operation": 57 },{ "time": 3774, "train": 2, "operation": 101 },{ "time": 3798, "train": 2, "operation": 104 },{ "time": 3883, "train": 0, "operation": 94 },{ "time": 3898, "train": 0, "operation": 96 },{ "time": 3899, "train": 1, "operation": 49 },{ "time": 3911, "train": 1, "operation": 51 },{ "time": 3934, "train": 4, "operation": 64 },{ "time": 3949, "train": 4, "operation": 67 },{ "time": 4058, "train": 4, "operation": 70 },{ "time": 4100, "train": 4, "operation": 73 },{ "time": 4149, "train": 4, "operation": 76 },{ "time": 4162, "train": 4, "operation": 79 },{ "time": 4283, "train": 4, "operation": 81 },{ "time": 4283, "train": 4, "operation": 82 },{ "time": 4367, "train": 2, "operation": 107 },{ "time": 4382, "train": 2, "operation": 110 },{ "time": 4479, "train": 0, "operation": 99 },{ "time": 4490, "train": 2, "operation": 112 },{ "time": 4494, "train": 0, "operation": 102 },{ "time": 4497, "train": 2, "operation": 114 },{ "time": 4625, "train": 1, "operation": 53 },{ "time": 4643, "train": 1, "operation": 55 },{ "time": 4752, "train": 2, "operation": 116 },{ "time": 4767, "train": 2, "operation": 118 },{ "time": 5043, "train": 0, "operation": 104 },{ "time": 5064, "train": 0, "operation": 106 },{ "time": 5188, "train": 1, "operation": 58 },{ "time": 5203, "train": 1, "operation": 60 },{ "time": 5348, "train": 2, "operation": 121 },{ "time": 5363, "train": 2, "operation": 124 },{ "time": 5381, "train": 4, "operation": 83 },{ "time": 5381, "train": 4, "operation": 84 },{ "time": 5381, "train": 4, "operation": 85 },{ "time": 5400, "train": 0, "operation": 111 },{ "time": 5405, "train": 0, "operation": 112 },{ "time": 5530, "train": 0, "operation": 113 },{ "time": 5536, "train": 0, "operation": 114 },{ "time": 5790, "train": 0, "operation": 115 },{ "time": 5795, "train": 0, "operation": 117 },{ "time": 5912, "train": 2, "operation": 126 },{ "time": 5933, "train": 2, "operation": 128 },{ "time": 5958, "train": 0, "operation": 119 },{ "time": 5962, "train": 0, "operation": 121 },{ "time": 6074, "train": 1, "operation": 64 },{ "time": 6089, "train": 1, "operation": 68 },{ "time": 6219, "train": 0, "operation": 123 },{ "time": 6223, "train": 0, "operation": 125 },{ "time": 6269, "train": 2, "operation": 133 },{ "time": 6274, "train": 2, "operation": 134 },{ "time": 6399, "train": 2, "operation": 135 },{ "time": 6403, "train": 0, "operation": 127 },{ "time": 6405, "train": 2, "operation": 136 },{ "time": 6407, "train": 0, "operation": 129 },{ "time": 6646, "train": 1, "operation": 72 },{ "time": 6659, "train": 2, "operation": 137 },{ "time": 6661, "train": 1, "operation": 76 },{ "time": 6664, "train": 2, "operation": 139 },{ "time": 6800, "train": 0, "operation": 131 },{ "time": 6803, "train": 0, "operation": 133 },{ "time": 6827, "train": 2, "operation": 141 },{ "time": 6831, "train": 2, "operation": 143 },{ "time": 6891, "train": 0, "operation": 135 },{ "time": 6895, "train": 0, "operation": 137 },{ "time": 7088, "train": 2, "operation": 145 },{ "time": 7092, "train": 2, "operation": 147 },{ "time": 7099, "train": 1, "operation": 80 },{ "time": 7115, "train": 1, "operation": 84 },{ "time": 7133, "train": 0, "operation": 139 },{ "time": 7137, "train": 0, "operation": 141 },{ "time": 7272, "train": 2, "operation": 149 },{ "time": 7276, "train": 2, "operation": 151 },{ "time": 7301, "train": 0, "operation": 143 },{ "time": 7305, "train": 0, "operation": 145 },{ "time": 7520, "train": 1, "operation": 88 },{ "time": 7537, "train": 1, "operation": 92 },{ "time": 7657, "train": 0, "operation": 147 },{ "time": 7669, "train": 2, "operation": 153 },{ "time": 7670, "train": 0, "operation": 148 },{ "time": 7672, "train": 2, "operation": 155 },{ "time": 7760, "train": 2, "operation": 157 },{ "time": 7764, "train": 2, "operation": 159 },{ "time": 7947, "train": 0, "operation": 149 },{ "time": 7964, "train": 0, "operation": 150 },{ "time": 7991, "train": 1, "operation": 95 },{ "time": 8002, "train": 2, "operation": 161 },{ "time": 8006, "train": 1, "operation": 99 },{ "time": 8006, "train": 2, "operation": 163 },{ "time": 8170, "train": 2, "operation": 165 },{ "time": 8174, "train": 2, "operation": 167 },{ "time": 8412, "train": 0, "operation": 151 },{ "time": 8426, "train": 0, "operation": 152 },{ "time": 8526, "train": 2, "operation": 169 },{ "time": 8539, "train": 2, "operation": 170 },{ "time": 8644, "train": 1, "operation": 103 },{ "time": 8659, "train": 1, "operation": 107 },{ "time": 8784, "train": 0, "operation": 153 },{ "time": 8788, "train": 0, "operation": 155 },{ "time": 8816, "train": 2, "operation": 171 },{ "time": 8833, "train": 2, "operation": 172 },{ "time": 8946, "train": 0, "operation": 157 },{ "time": 8950, "train": 0, "operation": 159 },{ "time": 9250, "train": 1, "operation": 115 },{ "time": 9259, "train": 1, "operation": 119 },{ "time": 9283, "train": 2, "operation": 173 },{ "time": 9297, "train": 2, "operation": 174 },{ "time": 9366, "train": 0, "operation": 161 },{ "time": 9370, "train": 0, "operation": 163 },{ "time": 9458, "train": 0, "operation": 165 },{ "time": 9462, "train": 0, "operation": 167 },{ "time": 9637, "train": 1, "operation": 121 },{ "time": 9652, "train": 1, "operation": 125 },{ "time": 9655, "train": 2, "operation": 175 },{ "time": 9659, "train": 2, "operation": 177 },{ "time": 9678, "train": 0, "operation": 170 },{ "time": 9693, "train": 0, "operation": 172 },{ "time": 9817, "train": 2, "operation": 179 },{ "time": 9821, "train": 2, "operation": 181 },{ "time": 9956, "train": 1, "operation": 130 },{ "time": 9969, "train": 1, "operation": 134 },{ "time": 10237, "train": 2, "operation": 183 },{ "time": 10241, "train": 2, "operation": 185 },{ "time": 10329, "train": 2, "operation": 187 },{ "time": 10333, "train": 2, "operation": 189 },{ "time": 10399, "train": 0, "operation": 174 },{ "time": 10420, "train": 0, "operation": 176 },{ "time": 10509, "train": 0, "operation": 178 },{ "time": 10512, "train": 1, "operation": 140 },{ "time": 10513, "train": 0, "operation": 180 },{ "time": 10527, "train": 1, "operation": 144 },{ "time": 10549, "train": 2, "operation": 192 },{ "time": 10564, "train": 2, "operation": 194 },{ "time": 10828, "train": 0, "operation": 181 },{ "time": 10832, "train": 0, "operation": 182 },{ "time": 10899, "train": 1, "operation": 148 },{ "time": 10920, "train": 1, "operation": 152 },{ "time": 10921, "train": 0, "operation": 183 },{ "time": 10925, "train": 0, "operation": 184 },{ "time": 11216, "train": 0, "operation": 186 },{ "time": 11236, "train": 0, "operation": 188 },{ "time": 11274, "train": 2, "operation": 196 },{ "time": 11295, "train": 2, "operation": 198 },{ "time": 11384, "train": 2, "operation": 200 },{ "time": 11387, "train": 0, "operation": 192 },{ "time": 11388, "train": 2, "operation": 202 },{ "time": 11395, "train": 0, "operation": 196 },{ "time": 11521, "train": 1, "operation": 163 },{ "time": 11540, "train": 1, "operation": 166 },{ "time": 11622, "train": 1, "operation": 168 },{ "time": 11626, "train": 1, "operation": 170 },{ "time": 11703, "train": 2, "operation": 203 },{ "time": 11707, "train": 2, "operation": 204 },{ "time": 11796, "train": 2, "operation": 205 },{ "time": 11800, "train": 2, "operation": 206 },{ "time": 12091, "train": 2, "operation": 207 },{ "time": 12105, "train": 1, "operation": 182 },{ "time": 12111, "train": 2, "operation": 209 },{ "time": 12120, "train": 1, "operation": 184 },{ "time": 12262, "train": 2, "operation": 211 },{ "time": 12270, "train": 2, "operation": 215 },{ "time": 12450, "train": 1, "operation": 187 },{ "time": 12454, "train": 1, "operation": 190 },{ "time": 12482, "train": 0, "operation": 198 },{ "time": 12493, "train": 0, "operation": 200 },{ "time": 12535, "train": 1, "operation": 191 },{ "time": 12540, "train": 1, "operation": 192 },{ "time": 12646, "train": 1, "operation": 194 },{ "time": 12660, "train": 1, "operation": 196 },{ "time": 12709, "train": 0, "operation": 203 },{ "time": 12717, "train": 0, "operation": 207 },{ "time": 12882, "train": 0, "operation": 209 },{ "time": 12891, "train": 0, "operation": 211 },{ "time": 13130, "train": 1, "operation": 200 },{ "time": 13145, "train": 1, "operation": 204 },{ "time": 13170, "train": 0, "operation": 213 },{ "time": 13186, "train": 0, "operation": 215 },{ "time": 13358, "train": 2, "operation": 219 },{ "time": 13370, "train": 2, "operation": 221 },{ "time": 13382, "train": 0, "operation": 217 },{ "time": 13386, "train": 0, "operation": 219 },{ "time": 13536, "train": 1, "operation": 207 },{ "time": 13540, "train": 1, "operation": 210 },{ "time": 13586, "train": 2, "operation": 223 },{ "time": 13594, "train": 2, "operation": 227 },{ "time": 13621, "train": 1, "operation": 211 },{ "time": 13642, "train": 1, "operation": 213 },{ "time": 13662, "train": 0, "operation": 221 },{ "time": 13668, "train": 0, "operation": 223 },{ "time": 13759, "train": 2, "operation": 231 },{ "time": 13768, "train": 2, "operation": 233 },{ "time": 13782, "train": 0, "operation": 225 },{ "time": 13810, "train": 0, "operation": 227 },{ "time": 14029, "train": 1, "operation": 216 },{ "time": 14045, "train": 1, "operation": 220 },{ "time": 14047, "train": 2, "operation": 235 },{ "time": 14063, "train": 2, "operation": 239 },{ "time": 14081, "train": 0, "operation": 230 },{ "time": 14152, "train": 0, "operation": 232 },{ "time": 14259, "train": 2, "operation": 241 },{ "time": 14263, "train": 2, "operation": 243 },{ "time": 14539, "train": 2, "operation": 245 },{ "time": 14545, "train": 2, "operation": 247 },{ "time": 14552, "train": 1, "operation": 226 },{ "time": 14567, "train": 1, "operation": 230 },{ "time": 14659, "train": 2, "operation": 249 },{ "time": 14687, "train": 2, "operation": 251 },{ "time": 14819, "train": 0, "operation": 236 },{ "time": 14843, "train": 0, "operation": 240 },{ "time": 14958, "train": 2, "operation": 254 },{ "time": 15029, "train": 2, "operation": 256 },{ "time": 15097, "train": 1, "operation": 234 },{ "time": 15111, "train": 1, "operation": 238 },{ "time": 15400, "train": 0, "operation": 242 },{ "time": 15415, "train": 0, "operation": 244 },{ "time": 15590, "train": 1, "operation": 242 },{ "time": 15605, "train": 1, "operation": 246 },{ "time": 15699, "train": 2, "operation": 260 },{ "time": 15723, "train": 2, "operation": 264 },{ "time": 15795, "train": 0, "operation": 245 },{ "time": 15799, "train": 0, "operation": 247 },{ "time": 15959, "train": 0, "operation": 249 },{ "time": 15964, "train": 0, "operation": 251 },{ "time": 16133, "train": 1, "operation": 250 },{ "time": 16147, "train": 1, "operation": 254 },{ "time": 16286, "train": 2, "operation": 266 },{ "time": 16301, "train": 2, "operation": 268 },{ "time": 16306, "train": 0, "operation": 253 },{ "time": 16313, "train": 0, "operation": 255 },{ "time": 16398, "train": 0, "operation": 257 },{ "time": 16423, "train": 0, "operation": 260 },{ "time": 16661, "train": 1, "operation": 258 },{ "time": 16676, "train": 1, "operation": 262 },{ "time": 16681, "train": 2, "operation": 269 },{ "time": 16685, "train": 2, "operation": 271 },{ "time": 16845, "train": 2, "operation": 273 },{ "time": 16850, "train": 2, "operation": 275 },{ "time": 16904, "train": 0, "operation": 263 },{ "time": 16917, "train": 0, "operation": 266 },{ "time": 17169, "train": 1, "operation": 266 },{ "time": 17184, "train": 1, "operation": 270 },{ "time": 17192, "train": 2, "operation": 277 },{ "time": 17199, "train": 2, "operation": 279 },{ "time": 17284, "train": 2, "operation": 281 },{ "time": 17309, "train": 2, "operation": 284 },{ "time": 17342, "train": 1, "operation": 274 },{ "time": 17358, "train": 1, "operation": 278 },{ "time": 17456, "train": 1, "operation": 285 },{ "time": 17474, "train": 0, "operation": 269 },{ "time": 17475, "train": 1, "operation": 312 },{ "time": 17488, "train": 0, "operation": 272 },{ "time": 17498, "train": 1, "operation": 338 },{ "time": 17749, "train": 1, "operation": 374 },{ "time": 17786, "train": 1, "operation": 395 },{ "time": 17790, "train": 2, "operation": 287 },{ "time": 17803, "train": 2, "operation": 290 },{ "time": 17829, "train": 1, "operation": 415 },{ "time": 17893, "train": 0, "operation": 275 },{ "time": 17909, "train": 0, "operation": 277 },{ "time": 17982, "train": 1, "operation": 435 },{ "time": 18016, "train": 1, "operation": 455 },{ "time": 18020, "train": 0, "operation": 279 },{ "time": 18041, "train": 0, "operation": 281 },{ "time": 18360, "train": 2, "operation": 293 },{ "time": 18374, "train": 2, "operation": 296 },{ "time": 18553, "train": 1, "operation": 475 },{ "time": 18553, "train": 1, "operation": 476 },{ "time": 18719, "train": 0, "operation": 287 },{ "time": 18734, "train": 0, "operation": 290 },{ "time": 18779, "train": 2, "operation": 299 },{ "time": 18795, "train": 2, "operation": 301 },{ "time": 18906, "train": 2, "operation": 303 },{ "time": 18927, "train": 2, "operation": 305 },{ "time": 19235, "train": 0, "operation": 293 },{ "time": 19249, "train": 0, "operation": 296 },{ "time": 19614, "train": 2, "operation": 311 },{ "time": 19629, "train": 2, "operation": 314 },{ "time": 19799, "train": 0, "operation": 299 },{ "time": 19820, "train": 0, "operation": 301 },{ "time": 19952, "train": 0, "operation": 303 },{ "time": 19956, "train": 0, "operation": 306 },{ "time": 20052, "train": 0, "operation": 313 },{ "time": 20057, "train": 0, "operation": 315 },{ "time": 20130, "train": 2, "operation": 317 },{ "time": 20144, "train": 2, "operation": 320 },{ "time": 20389, "train": 0, "operation": 317 },{ "time": 20393, "train": 0, "operation": 319 },{ "time": 20545, "train": 0, "operation": 321 },{ "time": 20550, "train": 0, "operation": 323 },{ "time": 20694, "train": 2, "operation": 323 },{ "time": 20715, "train": 2, "operation": 325 },{ "time": 20759, "train": 0, "operation": 326 },{ "time": 20769, "train": 0, "operation": 328 },{ "time": 20847, "train": 2, "operation": 327 },{ "time": 20851, "train": 2, "operation": 330 },{ "time": 20947, "train": 2, "operation": 337 },{ "time": 20952, "train": 2, "operation": 339 },{ "time": 21272, "train": 0, "operation": 331 },{ "time": 21284, "train": 2, "operation": 341 },{ "time": 21287, "train": 0, "operation": 334 },{ "time": 21288, "train": 2, "operation": 343 },{ "time": 21440, "train": 2, "operation": 345 },{ "time": 21445, "train": 2, "operation": 347 },{ "time": 21654, "train": 2, "operation": 350 },{ "time": 21664, "train": 2, "operation": 352 },{ "time": 21808, "train": 0, "operation": 337 },{ "time": 21822, "train": 0, "operation": 340 },{ "time": 22168, "train": 0, "operation": 343 },{ "time": 22179, "train": 2, "operation": 355 },{ "time": 22184, "train": 0, "operation": 346 },{ "time": 22194, "train": 2, "operation": 358 },{ "time": 22651, "train": 0, "operation": 349 },{ "time": 22684, "train": 0, "operation": 352 },{ "time": 22715, "train": 2, "operation": 361 },{ "time": 22729, "train": 2, "operation": 364 },{ "time": 22761, "train": 0, "operation": 354 },{ "time": 22769, "train": 0, "operation": 356 },{ "time": 23075, "train": 2, "operation": 367 },{ "time": 23091, "train": 2, "operation": 370 },{ "time": 23320, "train": 0, "operation": 359 },{ "time": 23343, "train": 0, "operation": 362 },{ "time": 23558, "train": 2, "operation": 373 },{ "time": 23591, "train": 2, "operation": 376 },{ "time": 23668, "train": 2, "operation": 378 },{ "time": 23676, "train": 2, "operation": 380 },{ "time": 23997, "train": 0, "operation": 365 },{ "time": 24022, "train": 0, "operation": 368 },{ "time": 24219, "train": 0, "operation": 370 },{ "time": 24226, "train": 0, "operation": 372 },{ "time": 24227, "train": 2, "operation": 383 },{ "time": 24250, "train": 2, "operation": 386 },{ "time": 24520, "train": 0, "operation": 374 },{ "time": 24544, "train": 0, "operation": 377 },{ "time": 24904, "train": 2, "operation": 389 },{ "time": 24929, "train": 2, "operation": 392 },{ "time": 25102, "train": 0, "operation": 379 },{ "time": 25126, "train": 2, "operation": 394 },{ "time": 25127, "train": 0, "operation": 382 },{ "time": 25133, "train": 2, "operation": 396 },{ "time": 25427, "train": 2, "operation": 398 },{ "time": 25451, "train": 2, "operation": 401 },{ "time": 25568, "train": 0, "operation": 385 },{ "time": 25591, "train": 0, "operation": 388 },{ "time": 26009, "train": 2, "operation": 403 },{ "time": 26034, "train": 2, "operation": 406 },{ "time": 26347, "train": 0, "operation": 391 },{ "time": 26370, "train": 0, "operation": 395 },{ "time": 26475, "train": 2, "operation": 409 },{ "time": 26498, "train": 2, "operation": 412 },{ "time": 26965, "train": 0, "operation": 399 },{ "time": 26965, "train": 0, "operation": 401 },{ "time": 27254, "train": 2, "operation": 415 },{ "time": 27277, "train": 2, "operation": 419 },{ "time": 27872, "train": 2, "operation": 423 },{ "time": 27872, "train": 2, "operation": 425 }],"objective_value": 582}
