{"events":[{ "time": 0, "train": 0, "operation": 0 },{ "time": 0, "train": 1, "operation": 0 },{ "time": 0, "train": 2, "operation": 0 },{ "time": 0, "train": 3, "operation": 0 },{ "time": 0, "train": 4, "operation": 0 },{ "time": 0, "train": 4, "operation": 1 },{ "time": 28, "train": 4, "operation": 2 },{ "time": 155, "train": 2, "operation": 1 },{ "time": 163, "train": 2, "operation": 2 },{ "time": 198, "train": 0, "operation": 1 },{ "time": 212, "train": 0, "operation": 2 },{ "time": 299, "train": 4, "operation": 3 },{ "time": 356, "train": 2, "operation": 3 },{ "time": 370, "train": 4, "operation": 4 },{ "time": 488, "train": 0, "operation": 3 },{ "time": 492, "train": 0, "operation": 5 },{ "time": 574, "train": 1, "operation": 1 },{ "time": 694, "train": 1, "operation": 2 },{ "time": 702, "train": 3, "operation": 1 },{ "time": 704, "train": 0, "operation": 7 },{ "time": 712, "train": 3, "operation": 2 },{ "time": 720, "train": 0, "operation": 9 },{ "time": 893, "train": 3, "operation": 3 },{ "time": 913, "train": 3, "operation": 4 },{ "time": 938, "train": 0, "operation": 11 },{ "time": 946, "train": 0, "operation": 13 },{ "time": 970, "train": 1, "operation": 3 },{ "time": 976, "train": 1, "operation": 5 },{ "time": 1030, "train": 4, "operation": 5 },{ "time": 1054, "train": 4, "operation": 6 },{ "time": 1090, "train": 1, "operation": 7 },{ "time": 1111, "train": 0, "operation": 15 },{ "time": 1118, "train": 1, "operation": 9 },{ "time": 1120, "train": 0, "operation": 17 },{ "time": 1148, "train": 2, "operation": 4 },{ "time": 1311, "train": 3, "operation": 5 },{ "time": 1316, "train": 3, "operation": 6 },{ "time": 1336, "train": 0, "operation": 20 },{ "time": 1347, "train": 0, "operation": 22 },{ "time": 1389, "train": 1, "operation": 11 },{ "time": 1425, "train": 2, "operation": 5 },{ "time": 1431, "train": 3, "operation": 7 },{ "time": 1437, "train": 3, "operation": 8 },{ "time": 1441, "train": 2, "operation": 7 },{ "time": 1460, "train": 1, "operation": 13 },{ "time": 1602, "train": 4, "operation": 7 },{ "time": 1617, "train": 4, "operation": 8 },{ "time": 1637, "train": 2, "operation": 9 },{ "time": 1641, "train": 2, "operation": 11 },{ "time": 1846, "train": 3, "operation": 9 },{ "time": 1851, "train": 3, "operation": 10 },{ "time": 1917, "train": 2, "operation": 14 },{ "time": 1926, "train": 2, "operation": 16 },{ "time": 1967, "train": 3, "operation": 11 },{ "time": 1994, "train": 3, "operation": 12 },{ "time": 1997, "train": 4, "operation": 9 },{ "time": 2001, "train": 4, "operation": 10 },{ "time": 2041, "train": 2, "operation": 18 },{ "time": 2069, "train": 2, "operation": 20 },{ "time": 2123, "train": 1, "operation": 15 },{ "time": 2147, "train": 1, "operation": 19 },{ "time": 2161, "train": 4, "operation": 11 },{ "time": 2166, "train": 4, "operation": 12 },{ "time": 2340, "train": 2, "operation": 21 },{ "time": 2411, "train": 2, "operation": 23 },{ "time": 2506, "train": 0, "operation": 26 },{ "time": 2508, "train": 4, "operation": 13 },{ "time": 2514, "train": 0, "operation": 30 },{ "time": 2515, "train": 4, "operation": 14 },{ "time": 2600, "train": 4, "operation": 15 },{ "time": 2625, "train": 4, "operation": 16 },{ "time": 2665, "train": 0, "operation": 32 },{ "time": 2673, "train": 1, "operation": 23 },{ "time": 2685, "train": 0, "operation": 34 },{ "time": 2694, "train": 1, "operation": 25 },{ "time": 2782, "train": 3, "operation": 13 },{ "time": 2801, "train": 3, "operation": 14 },{ "time": 3039, "train": 0, "operation": 35 },{ "time": 3043, "train": 0, "operation": 37 },{ "time": 3074, "train": 1, "operation": 28 },{ "time": 3074, "train": 2, "operation": 25 },{ "time": 3082, "train": 1, "operation": 30 },{ "time": 3082, "train": 3, "operation": 15 },{ "time": 3087, "train": 3, "operation": 16 },{ "time": 3098, "train": 2, "operation": 29 },{ "time": 3106, "train": 4, "operation": 17 },{ "time": 3119, "train": 4, "operation": 18 },{ "time": 3131, "train": 0, "operation": 39 },{ "time": 3136, "train": 0, "operation": 41 },{ "time": 3201, "train": 3, "operation": 17 },{ "time": 3207, "train": 3, "operation": 18 },{ "time": 3428, "train": 1, "operation": 32 },{ "time": 3438, "train": 1, "operation": 34 },{ "time": 3451, "train": 0, "operation": 43 },{ "time": 3455, "train": 0, "operation": 44 },{ "time": 3545, "train": 0, "operation": 45 },{ "time": 3566, "train": 0, "operation": 47 },{ "time": 3624, "train": 2, "operation": 33 },{ "time": 3645, "train": 2, "operation": 35 },{ "time": 3676, "train": 4, "operation": 19 },{ "time": 3690, "train": 4, "operation": 20 },{ "time": 3748, "train": 3, "operation": 19 },{ "time": 3753, "train": 3, "operation": 20 },{ "time": 3780, "train": 1, "operation": 36 },{ "time": 3790, "train": 1, "operation": 38 },{ "time": 3875, "train": 1, "operation": 41 },{ "time": 3900, "train": 1, "operation": 44 },{ "time": 3958, "train": 3, "operation": 21 },{ "time": 3964, "train": 3, "operation": 22 },{ "time": 4025, "train": 2, "operation": 38 },{ "time": 4033, "train": 2, "operation": 40 },{ "time": 4238, "train": 0, "operation": 49 },{ "time": 4253, "train": 0, "operation": 51 },{ "time": 4379, "train": 2, "operation": 42 },{ "time": 4381, "train": 1, "operation": 47 },{ "time": 4389, "train": 2, "operation": 44 },{ "time": 4395, "train": 1, "operation": 50 },{ "time": 4428, "train": 3, "operation": 23 },{ "time": 4446, "train": 3, "operation": 24 },{ "time": 4454, "train": 4, "operation": 21 },{ "time": 4469, "train": 0, "operation": 53 },{ "time": 4470, "train": 4, "operation": 22 },{ "time": 4473, "train": 0, "operation": 55 },{ "time": 4561, "train": 0, "operation": 57 },{ "time": 4565, "train": 0, "operation": 59 },{ "time": 4581, "train": 4, "operation": 23 },{ "time": 4602, "train": 4, "operation": 24 },{ "time": 4731, "train": 2, "operation": 45 },{ "time": 4738, "train": 2, "operation": 47 },{ "time": 4823, "train": 2, "operation": 49 },{ "time": 4848, "train": 2, "operation": 52 },{ "time": 4898, "train": 3, "operation": 25 },{ "time": 4922, "train": 3, "operation": 26 },{ "time": 4952, "train": 1, "operation": 53 },{ "time": 4966, "train": 1, "operation": 56 },{ "time": 4981, "train": 0, "operation": 61 },{ "time": 4985, "train": 0, "operation": 63 },{ "time": 5143, "train": 0, "operation": 65 },{ "time": 5147, "train": 0, "operation": 67 },{ "time": 5259, "train": 4, "operation": 25 },{ "time": 5274, "train": 4, "operation": 26 },{ "time": 5310, "train": 3, "operation": 27 },{ "time": 5328, "train": 3, "operation": 28 },{ "time": 5329, "train": 2, "operation": 55 },{ "time": 5342, "train": 2, "operation": 58 },{ "time": 5371, "train": 1, "operation": 58 },{ "time": 5387, "train": 1, "operation": 60 },{ "time": 5410, "train": 1, "operation": 62 },{ "time": 5418, "train": 1, "operation": 65 },{ "time": 5500, "train": 1, "operation": 68 },{ "time": 5505, "train": 0, "operation": 69 },{ "time": 5521, "train": 1, "operation": 72 },{ "time": 5528, "train": 0, "operation": 71 },{ "time": 5775, "train": 4, "operation": 27 },{ "time": 5789, "train": 4, "operation": 28 },{ "time": 5799, "train": 3, "operation": 29 },{ "time": 5804, "train": 3, "operation": 31 },{ "time": 5899, "train": 2, "operation": 61 },{ "time": 5913, "train": 2, "operation": 64 },{ "time": 5923, "train": 0, "operation": 73 },{ "time": 5940, "train": 0, "operation": 75 },{ "time": 6017, "train": 3, "operation": 33 },{ "time": 6023, "train": 3, "operation": 35 },{ "time": 6130, "train": 1, "operation": 77 },{ "time": 6145, "train": 1, "operation": 80 },{ "time": 6217, "train": 0, "operation": 77 },{ "time": 6240, "train": 0, "operation": 79 },{ "time": 6332, "train": 3, "operation": 37 },{ "time": 6337, "train": 3, "operation": 39 },{ "time": 6339, "train": 4, "operation": 29 },{ "time": 6360, "train": 4, "operation": 30 },{ "time": 6451, "train": 3, "operation": 41 },{ "time": 6456, "train": 3, "operation": 43 },{ "time": 6492, "train": 4, "operation": 31 },{ "time": 6496, "train": 4, "operation": 33 },{ "time": 6581, "train": 0, "operation": 81 },{ "time": 6585, "train": 0, "operation": 83 },{ "time": 6592, "train": 4, "operation": 35 },{ "time": 6597, "train": 4, "operation": 37 },{ "time": 6620, "train": 2, "operation": 67 },{ "time": 6636, "train": 2, "operation": 69 },{ "time": 6646, "train": 1, "operation": 83 },{ "time": 6666, "train": 1, "operation": 86 },{ "time": 6747, "train": 2, "operation": 71 },{ "time": 6748, "train": 1, "operation": 88 },{ "time": 6749, "train": 0, "operation": 85 },{ "time": 6753, "train": 0, "operation": 87 },{ "time": 6753, "train": 1, "operation": 90 },{ "time": 6768, "train": 2, "operation": 74 },{ "time": 6929, "train": 4, "operation": 39 },{ "time": 6933, "train": 4, "operation": 41 },{ "time": 6967, "train": 3, "operation": 45 },{ "time": 6972, "train": 3, "operation": 47 },{ "time": 6991, "train": 0, "operation": 89 },{ "time": 6995, "train": 0, "operation": 91 },{ "time": 7083, "train": 0, "operation": 93 },{ "time": 7085, "train": 4, "operation": 43 },{ "time": 7090, "train": 4, "operation": 45 },{ "time": 7187, "train": 0, "operation": 95 },{ "time": 7206, "train": 3, "operation": 49 },{ "time": 7210, "train": 1, "operation": 91 },{ "time": 7212, "train": 3, "operation": 51 },{ "time": 7226, "train": 1, "operation": 92 },{ "time": 7299, "train": 4, "operation": 48 },{ "time": 7309, "train": 4, "operation": 50 },{ "time": 7358, "train": 1, "operation": 93 },{ "time": 7362, "train": 1, "operation": 95 },{ "time": 7378, "train": 2, "operation": 85 },{ "time": 7393, "train": 2, "operation": 88 },{ "time": 7458, "train": 1, "operation": 97 },{ "time": 7463, "train": 1, "operation": 99 },{ "time": 7546, "train": 3, "operation": 53 },{ "time": 7551, "train": 3, "operation": 55 },{ "time": 7580, "train": 0, "operation": 97 },{ "time": 7584, "train": 0, "operation": 99 },{ "time": 7763, "train": 3, "operation": 57 },{ "time": 7764, "train": 0, "operation": 101 },{ "time": 7768, "train": 0, "operation": 103 },{ "time": 7770, "train": 3, "operation": 59 },{ "time": 7789, "train": 4, "operation": 54 },{ "time": 7795, "train": 1, "operation": 101 },{ "time": 7799, "train": 1, "operation": 103 },{ "time": 7804, "train": 4, "operation": 58 },{ "time": 7894, "train": 2, "operation": 91 },{ "time": 7908, "train": 2, "operation": 94 },{ "time": 7951, "train": 1, "operation": 105 },{ "time": 7956, "train": 1, "operation": 107 },{ "time": 8024, "train": 3, "operation": 61 },{ "time": 8025, "train": 0, "operation": 105 },{ "time": 8029, "train": 0, "operation": 107 },{ "time": 8029, "train": 3, "operation": 62 },{ "time": 8154, "train": 3, "operation": 63 },{ "time": 8160, "train": 3, "operation": 64 },{ "time": 8165, "train": 1, "operation": 109 },{ "time": 8175, "train": 1, "operation": 111 },{ "time": 8202, "train": 0, "operation": 109 },{ "time": 8325, "train": 4, "operation": 61 },{ "time": 8339, "train": 4, "operation": 64 },{ "time": 8372, "train": 0, "operation": 111 },{ "time": 8458, "train": 2, "operation": 97 },{ "time": 8479, "train": 2, "operation": 99 },{ "time": 8545, "train": 3, "operation": 65 },{ "time": 8566, "train": 3, "operation": 66 },{ "time": 8603, "train": 0, "operation": 113 },{ "time": 8605, "train": 1, "operation": 113 },{ "time": 8608, "train": 0, "operation": 114 },{ "time": 8611, "train": 2, "operation": 103 },{ "time": 8615, "train": 2, "operation": 105 },{ "time": 8620, "train": 1, "operation": 117 },{ "time": 8685, "train": 4, "operation": 67 },{ "time": 8701, "train": 4, "operation": 70 },{ "time": 8711, "train": 2, "operation": 107 },{ "time": 8716, "train": 2, "operation": 109 },{ "time": 8733, "train": 0, "operation": 115 },{ "time": 8778, "train": 0, "operation": 116 },{ "time": 8981, "train": 3, "operation": 67 },{ "time": 8988, "train": 3, "operation": 68 },{ "time": 9048, "train": 2, "operation": 111 },{ "time": 9052, "train": 2, "operation": 113 },{ "time": 9102, "train": 3, "operation": 69 },{ "time": 9108, "train": 3, "operation": 70 },{ "time": 9138, "train": 0, "operation": 117 },{ "time": 9141, "train": 1, "operation": 121 },{ "time": 9155, "train": 1, "operation": 124 },{ "time": 9168, "train": 4, "operation": 72 },{ "time": 9201, "train": 4, "operation": 75 },{ "time": 9204, "train": 2, "operation": 115 },{ "time": 9209, "train": 2, "operation": 117 },{ "time": 9320, "train": 0, "operation": 118 },{ "time": 9337, "train": 3, "operation": 71 },{ "time": 9358, "train": 3, "operation": 72 },{ "time": 9418, "train": 2, "operation": 119 },{ "time": 9428, "train": 2, "operation": 121 },{ "time": 9501, "train": 1, "operation": 127 },{ "time": 9517, "train": 1, "operation": 130 },{ "time": 9617, "train": 0, "operation": 119 },{ "time": 9622, "train": 0, "operation": 120 },{ "time": 9703, "train": 0, "operation": 121 },{ "time": 9707, "train": 0, "operation": 122 },{ "time": 9799, "train": 1, "operation": 133 },{ "time": 9804, "train": 1, "operation": 136 },{ "time": 9833, "train": 4, "operation": 87 },{ "time": 9856, "train": 4, "operation": 90 },{ "time": 9858, "train": 2, "operation": 123 },{ "time": 9870, "train": 1, "operation": 139 },{ "time": 9871, "train": 0, "operation": 123 },{ "time": 9873, "train": 2, "operation": 127 },{ "time": 9875, "train": 1, "operation": 141 },{ "time": 9985, "train": 1, "operation": 143 },{ "time": 10040, "train": 1, "operation": 146 },{ "time": 10172, "train": 3, "operation": 73 },{ "time": 10192, "train": 3, "operation": 74 },{ "time": 10394, "train": 2, "operation": 131 },{ "time": 10404, "train": 0, "operation": 124 },{ "time": 10408, "train": 2, "operation": 134 },{ "time": 10510, "train": 4, "operation": 93 },{ "time": 10535, "train": 4, "operation": 95 },{ "time": 10672, "train": 1, "operation": 149 },{ "time": 10709, "train": 3, "operation": 75 },{ "time": 10719, "train": 1, "operation": 152 },{ "time": 10729, "train": 3, "operation": 76 },{ "time": 10754, "train": 2, "operation": 137 },{ "time": 10770, "train": 2, "operation": 140 },{ "time": 10997, "train": 0, "operation": 125 },{ "time": 11011, "train": 0, "operation": 126 },{ "time": 11031, "train": 4, "operation": 97 },{ "time": 11052, "train": 2, "operation": 143 },{ "time": 11055, "train": 4, "operation": 100 },{ "time": 11057, "train": 2, "operation": 146 },{ "time": 11123, "train": 2, "operation": 149 },{ "time": 11128, "train": 2, "operation": 151 },{ "time": 11238, "train": 2, "operation": 153 },{ "time": 11271, "train": 2, "operation": 156 },{ "time": 11373, "train": 1, "operation": 155 },{ "time": 11380, "train": 0, "operation": 127 },{ "time": 11398, "train": 1, "operation": 157 },{ "time": 11533, "train": 3, "operation": 77 },{ "time": 11558, "train": 3, "operation": 78 },{ "time": 11613, "train": 4, "operation": 103 },{ "time": 11638, "train": 4, "operation": 106 },{ "time": 11770, "train": 0, "operation": 128 },{ "time": 11894, "train": 1, "operation": 159 },{ "time": 11903, "train": 2, "operation": 159 },{ "time": 11918, "train": 1, "operation": 162 },{ "time": 11926, "train": 2, "operation": 162 },{ "time": 12079, "train": 4, "operation": 109 },{ "time": 12102, "train": 4, "operation": 112 },{ "time": 12230, "train": 3, "operation": 80 },{ "time": 12250, "train": 3, "operation": 82 },{ "time": 12345, "train": 0, "operation": 129 },{ "time": 12462, "train": 0, "operation": 130 },{ "time": 12476, "train": 1, "operation": 165 },{ "time": 12501, "train": 1, "operation": 168 },{ "time": 12580, "train": 2, "operation": 165 },{ "time": 12605, "train": 2, "operation": 167 },{ "time": 12850, "train": 3, "operation": 85 },{ "time": 12858, "train": 4, "operation": 115 },{ "time": 12865, "train": 3, "operation": 88 },{ "time": 12881, "train": 4, "operation": 119 },{ "time": 12942, "train": 1, "operation": 171 },{ "time": 12955, "train": 3, "operation": 91 },{ "time": 12964, "train": 0, "operation": 131 },{ "time": 12980, "train": 3, "operation": 95 },{ "time": 13003, "train": 0, "operation": 133 },{ "time": 13065, "train": 1, "operation": 174 },{ "time": 13089, "train": 3, "operation": 101 },{ "time": 13101, "train": 2, "operation": 169 },{ "time": 13105, "train": 3, "operation": 108 },{ "time": 13125, "train": 2, "operation": 172 },{ "time": 13383, "train": 3, "operation": 120 },{ "time": 13405, "train": 3, "operation": 124 },{ "time": 13432, "train": 0, "operation": 135 },{ "time": 13443, "train": 0, "operation": 138 },{ "time": 13476, "train": 4, "operation": 123 },{ "time": 13476, "train": 4, "operation": 125 },{ "time": 13486, "train": 0, "operation": 141 },{ "time": 13491, "train": 0, "operation": 145 },{ "time": 13508, "train": 0, "operation": 150 },{ "time": 13526, "train": 0, "operation": 157 },{ "time": 13604, "train": 0, "operation": 162 },{ "time": 13615, "train": 0, "operation": 165 },{ "time": 13683, "train": 2, "operation": 175 },{ "time": 13708, "train": 2, "operation": 178 },{ "time": 13813, "train": 0, "operation": 167 },{ "time": 13821, "train": 1, "operation": 178 },{ "time": 13829, "train": 0, "operation": 171 },{ "time": 13844, "train": 1, "operation": 182 },{ "time": 14058, "train": 3, "operation": 127 },{ "time": 14088, "train": 3, "operation": 130 },{ "time": 14149, "train": 2, "operation": 181 },{ "time": 14172, "train": 2, "operation": 184 },{ "time": 14216, "train": 0, "operation": 175 },{ "time": 14221, "train": 0, "operation": 178 },{ "time": 14297, "train": 0, "operation": 181 },{ "time": 14319, "train": 0, "operation": 183 },{ "time": 14427, "train": 3, "operation": 138 },{ "time": 14435, "train": 3, "operation": 142 },{ "time": 14439, "train": 1, "operation": 186 },{ "time": 14439, "train": 1, "operation": 187 },{ "time": 14626, "train": 3, "operation": 144 },{ "time": 14636, "train": 3, "operation": 146 },{ "time": 14747, "train": 0, "operation": 186 },{ "time": 14768, "train": 0, "operation": 190 },{ "time": 14898, "train": 3, "operation": 149 },{ "time": 14919, "train": 3, "operation": 151 },{ "time": 14928, "train": 2, "operation": 188 },{ "time": 14951, "train": 2, "operation": 192 },{ "time": 15017, "train": 0, "operation": 203 },{ "time": 15021, "train": 0, "operation": 207 },{ "time": 15102, "train": 0, "operation": 209 },{ "time": 15107, "train": 0, "operation": 211 },{ "time": 15247, "train": 0, "operation": 213 },{ "time": 15268, "train": 0, "operation": 215 },{ "time": 15546, "train": 2, "operation": 196 },{ "time": 15546, "train": 2, "operation": 197 },{ "time": 15671, "train": 0, "operation": 217 },{ "time": 15676, "train": 0, "operation": 221 },{ "time": 15697, "train": 3, "operation": 154 },{ "time": 15718, "train": 3, "operation": 158 },{ "time": 15773, "train": 0, "operation": 225 },{ "time": 15796, "train": 0, "operation": 229 },{ "time": 16180, "train": 0, "operation": 234 },{ "time": 16224, "train": 0, "operation": 238 },{ "time": 16258, "train": 0, "operation": 244 },{ "time": 16274, "train": 0, "operation": 253 },{ "time": 16370, "train": 3, "operation": 172 },{ "time": 16399, "train": 3, "operation": 176 },{ "time": 16431, "train": 0, "operation": 267 },{ "time": 16478, "train": 0, "operation": 277 },{ "time": 16809, "train": 3, "operation": 188 },{ "time": 16842, "train": 3, "operation": 192 },{ "time": 16876, "train": 3, "operation": 200 },{ "time": 16892, "train": 3, "operation": 210 },{ "time": 16900, "train": 0, "operation": 283 },{ "time": 16923, "train": 0, "operation": 285 },{ "time": 17049, "train": 3, "operation": 220 },{ "time": 17085, "train": 3, "operation": 230 },{ "time": 17228, "train": 0, "operation": 288 },{ "time": 17238, "train": 0, "operation": 290 },{ "time": 17556, "train": 3, "operation": 236 },{ "time": 17579, "train": 3, "operation": 238 },{ "time": 18003, "train": 0, "operation": 292 },{ "time": 18003, "train": 0, "operation": 294 },{ "time": 18006, "train": 3, "operation": 239 },{ "time": 18029, "train": 3, "operation": 241 },{ "time": 18589, "train": 0, "operation": 297 },{ "time": 18601, "train": 0, "operation": 301 },{ "time": 19066, "train": 0, "operation": 303 },{ "time": 19078, "train": 0, "operation": 307 },{ "time": 19517, "train": 0, "operation": 311 },{ "time": 19529, "train": 0, "operation": 315 },{ "time": 19649, "train": 3, "operation": 243 },{ "time": 19649, "train": 3, "operation": 245 },{ "time": 20243, "train": 0, "operation": 319 },{ "time": 20257, "train": 0, "operation": 323 },{ "time": 20623, "train": 3, "operation": 248 },{ "time": 20635, "train": 3, "operation": 252 },{ "time": 20803, "train": 0, "operation": 327 },{ "time": 20816, "train": 0, "operation": 331 },{ "time": 21100, "train": 3, "operation": 258 },{ "time": 21112, "train": 3, "operation": 262 },{ "time": 21550, "train": 3, "operation": 266 },{ "time": 21563, "train": 3, "operation": 270 },{ "time": 21651, "train": 0, "operation": 335 },{ "time": 21667, "train": 0, "operation": 339 },{ "time": 22224, "train": 0, "operation": 343 },{ "time": 22239, "train": 0, "operation": 347 },{ "time": 22277, "train": 3, "operation": 274 },{ "time": 22291, "train": 3, "operation": 278 },{ "time": 22678, "train": 0, "operation": 351 },{ "time": 22693, "train": 0, "operation": 354 },{ "time": 22836, "train": 3, "operation": 282 },{ "time": 22851, "train": 3, "operation": 286 },{ "time": 23099, "train": 0, "operation": 358 },{ "time": 23119, "train": 0, "operation": 362 },{ "time": 23564, "train": 0, "operation": 368 },{ "time": 23579, "train": 0, "operation": 374 },{ "time": 23717, "train": 3, "operation": 290 },{ "time": 23738, "train": 3, "operation": 294 },{ "time": 24217, "train": 0, "operation": 380 },{ "time": 24232, "train": 0, "operation": 386 },{ "time": 24517, "train": 3, "operation": 297 },{ "time": 24538, "train": 3, "operation": 301 },{ "time": 24823, "train": 0, "operation": 395 },{ "time": 24832, "train": 0, "operation": 399 },{ "time": 25151, "train": 3, "operation": 303 },{ "time": 25172, "train": 3, "operation": 306 },{ "time": 25210, "train": 0, "operation": 401 },{ "time": 25225, "train": 0, "operation": 405 },{ "time": 25529, "train": 0, "operation": 409 },{ "time": 25542, "train": 0, "operation": 412 },{ "time": 25670, "train": 3, "operation": 310 },{ "time": 25690, "train": 3, "operation": 314 },{ "time": 26061, "train": 0, "operation": 418 },{ "time": 26076, "train": 0, "operation": 422 },{ "time": 26258, "train": 3, "operation": 320 },{ "time": 26279, "train": 3, "operation": 326 },{ "time": 26448, "train": 0, "operation": 425 },{ "time": 26469, "train": 0, "operation": 428 },{ "time": 27070, "train": 0, "operation": 442 },{ "time": 27089, "train": 0, "operation": 446 },{ "time": 27171, "train": 0, "operation": 449 },{ "time": 27172, "train": 3, "operation": 331 },{ "time": 27175, "train": 0, "operation": 452 },{ "time": 27193, "train": 3, "operation": 337 },{ "time": 27654, "train": 0, "operation": 464 },{ "time": 27669, "train": 0, "operation": 466 },{ "time": 27999, "train": 0, "operation": 469 },{ "time": 28003, "train": 0, "operation": 472 },{ "time": 28021, "train": 3, "operation": 346 },{ "time": 28032, "train": 3, "operation": 350 },{ "time": 28084, "train": 0, "operation": 475 },{ "time": 28089, "train": 0, "operation": 478 },{ "time": 28195, "train": 0, "operation": 481 },{ "time": 28209, "train": 0, "operation": 484 },{ "time": 28413, "train": 3, "operation": 356 },{ "time": 28427, "train": 3, "operation": 360 },{ "time": 28679, "train": 0, "operation": 485 },{ "time": 28694, "train": 0, "operation": 486 },{ "time": 28732, "train": 3, "operation": 362 },{ "time": 28743, "train": 3, "operation": 365 },{ "time": 29085, "train": 0, "operation": 487 },{ "time": 29089, "train": 0, "operation": 488 },{ "time": 29170, "train": 0, "operation": 489 },{ "time": 29191, "train": 0, "operation": 491 },{ "time": 29390, "train": 3, "operation": 368 },{ "time": 29411, "train": 3, "operation": 372 },{ "time": 29578, "train": 0, "operation": 494 },{ "time": 29594, "train": 0, "operation": 498 },{ "time": 29931, "train": 3, "operation": 378 },{ "time": 29960, "train": 3, "operation": 382 },{ "time": 30101, "train": 0, "operation": 503 },{ "time": 30116, "train": 0, "operation": 506 },{ "time": 30646, "train": 0, "operation": 510 },{ "time": 30660, "train": 0, "operation": 514 },{ "time": 30802, "train": 3, "operation": 396 },{ "time": 30828, "train": 3, "operation": 400 },{ "time": 30943, "train": 3, "operation": 403 },{ "time": 30949, "train": 3, "operation": 406 },{ "time": 31139, "train": 0, "operation": 517 },{ "time": 31154, "train": 0, "operation": 520 },{ "time": 31620, "train": 3, "operation": 417 },{ "time": 31641, "train": 3, "operation": 419 },{ "time": 31682, "train": 0, "operation": 523 },{ "time": 31696, "train": 0, "operation": 526 },{ "time": 32210, "train": 0, "operation": 530 },{ "time": 32225, "train": 0, "operation": 534 },{ "time": 32374, "train": 3, "operation": 421 },{ "time": 32394, "train": 3, "operation": 424 },{ "time": 32718, "train": 0, "operation": 538 },{ "time": 32733, "train": 0, "operation": 542 },{ "time": 32891, "train": 0, "operation": 546 },{ "time": 32907, "train": 0, "operation": 550 },{ "time": 33005, "train": 0, "operation": 556 },{ "time": 33024, "train": 0, "operation": 577 },{ "time": 33047, "train": 0, "operation": 603 },{ "time": 33052, "train": 3, "operation": 428 },{ "time": 33073, "train": 3, "operation": 431 },{ "time": 33298, "train": 0, "operation": 609 },{ "time": 33335, "train": 0, "operation": 620 },{ "time": 33378, "train": 0, "operation": 646 },{ "time": 33531, "train": 0, "operation": 674 },{ "time": 33565, "train": 0, "operation": 679 },{ "time": 33619, "train": 3, "operation": 441 },{ "time": 33624, "train": 3, "operation": 442 },{ "time": 33738, "train": 3, "operation": 443 },{ "time": 33767, "train": 3, "operation": 445 },{ "time": 34102, "train": 0, "operation": 683 },{ "time": 34102, "train": 0, "operation": 684 },{ "time": 34308, "train": 3, "operation": 447 },{ "time": 34330, "train": 3, "operation": 451 },{ "time": 35039, "train": 3, "operation": 455 },{ "time": 35060, "train": 3, "operation": 458 },{ "time": 35802, "train": 3, "operation": 461 },{ "time": 35821, "train": 3, "operation": 465 },{ "time": 36491, "train": 3, "operation": 469 },{ "time": 36512, "train": 3, "operation": 472 },{ "time": 37251, "train": 3, "operation": 475 },{ "time": 37271, "train": 3, "operation": 478 },{ "time": 37991, "train": 3, "operation": 481 },{ "time": 38012, "train": 3, "operation": 485 },{ "time": 38702, "train": 3, "operation": 489 },{ "time": 38723, "train": 3, "operation": 493 },{ "time": 38944, "train": 3, "operation": 499 },{ "time": 38966, "train": 3, "operation": 503 },{ "time": 39103, "train": 3, "operation": 510 },{ "time": 39129, "train": 3, "operation": 532 },{ "time": 39161, "train": 3, "operation": 558 },{ "time": 39412, "train": 3, "operation": 569 },{ "time": 39449, "train": 3, "operation": 580 },{ "time": 39492, "train": 3, "operation": 606 },{ "time": 39645, "train": 3, "operation": 635 },{ "time": 39679, "train": 3, "operation": 646 },{ "time": 40216, "train": 3, "operation": 655 },{ "time": 40216, "train": 3, "operation": 656 }],"objective_value": 5408}
