{"events":[{ "time": 0, "train": 0, "operation": 0 },{ "time": 0, "train": 1, "operation": 0 },{ "time": 0, "train": 2, "operation": 0 },{ "time": 0, "train": 3, "operation": 0 },{ "time": 0, "train": 4, "operation": 0 },{ "time": 0, "train": 5, "operation": 0 },{ "time": 0, "train": 6, "operation": 0 },{ "time": 0, "train": 7, "operation": 0 },{ "time": 0, "train": 8, "operation": 0 },{ "time": 0, "train": 9, "operation": 0 },{ "time": 0, "train": 10, "operation": 0 },{ "time": 0, "train": 11, "operation": 0 },{ "time": 12057, "train": 2, "operation": 1 },{ "time": 12117, "train": 10, "operation": 1 },{ "time": 12146, "train": 9, "operation": 1 },{ "time": 12177, "train": 1, "operation": 1 },{ "time": 12177, "train": 6, "operation": 1 },{ "time": 12227, "train": 0, "operation": 1 },{ "time": 12297, "train": 2, "operation": 2 },{ "time": 12297, "train": 3, "operation": 1 },{ "time": 12297, "train": 8, "operation": 1 },{ "time": 12319, "train": 9, "operation": 2 },{ "time": 12323, "train": 10, "operation": 2 },{ "time": 12327, "train": 0, "operation": 2 },{ "time": 12327, "train": 6, "operation": 2 },{ "time": 12387, "train": 1, "operation": 2 },{ "time": 12387, "train": 3, "operation": 2 },{ "time": 12387, "train": 3, "operation": 3 },{ "time": 12477, "train": 4, "operation": 1 },{ "time": 12477, "train": 4, "operation": 5 },{ "time": 12537, "train": 4, "operation": 7 },{ "time": 12567, "train": 3, "operation": 4 },{ "time": 12597, "train": 4, "operation": 8 },{ "time": 12812, "train": 10, "operation": 3 },{ "time": 12867, "train": 4, "operation": 9 },{ "time": 12897, "train": 4, "operation": 11 },{ "time": 12932, "train": 2, "operation": 4 },{ "time": 12938, "train": 9, "operation": 4 },{ "time": 12958, "train": 10, "operation": 5 },{ "time": 12958, "train": 3, "operation": 6 },{ "time": 13043, "train": 6, "operation": 3 },{ "time": 13046, "train": 2, "operation": 5 },{ "time": 13047, "train": 4, "operation": 12 },{ "time": 13077, "train": 4, "operation": 14 },{ "time": 13078, "train": 10, "operation": 6 },{ "time": 13104, "train": 3, "operation": 7 },{ "time": 13104, "train": 3, "operation": 8 },{ "time": 13124, "train": 8, "operation": 6 },{ "time": 13127, "train": 4, "operation": 15 },{ "time": 13127, "train": 4, "operation": 17 },{ "time": 13147, "train": 9, "operation": 5 },{ "time": 13147, "train": 9, "operation": 7 },{ "time": 13166, "train": 2, "operation": 9 },{ "time": 13185, "train": 6, "operation": 5 },{ "time": 13185, "train": 1, "operation": 4 },{ "time": 13197, "train": 5, "operation": 1 },{ "time": 13210, "train": 8, "operation": 7 },{ "time": 13210, "train": 5, "operation": 6 },{ "time": 13211, "train": 10, "operation": 7 },{ "time": 13211, "train": 10, "operation": 8 },{ "time": 13227, "train": 4, "operation": 19 },{ "time": 13240, "train": 8, "operation": 9 },{ "time": 13245, "train": 6, "operation": 6 },{ "time": 13255, "train": 0, "operation": 4 },{ "time": 13277, "train": 10, "operation": 9 },{ "time": 13296, "train": 5, "operation": 8 },{ "time": 13300, "train": 3, "operation": 9 },{ "time": 13307, "train": 10, "operation": 10 },{ "time": 13313, "train": 1, "operation": 5 },{ "time": 13313, "train": 1, "operation": 6 },{ "time": 13382, "train": 8, "operation": 10 },{ "time": 13382, "train": 5, "operation": 9 },{ "time": 13397, "train": 0, "operation": 6 },{ "time": 13397, "train": 4, "operation": 20 },{ "time": 13412, "train": 8, "operation": 12 },{ "time": 13420, "train": 3, "operation": 13 },{ "time": 13427, "train": 0, "operation": 7 },{ "time": 13430, "train": 9, "operation": 8 },{ "time": 13441, "train": 1, "operation": 7 },{ "time": 13445, "train": 6, "operation": 7 },{ "time": 13449, "train": 10, "operation": 11 },{ "time": 13471, "train": 1, "operation": 10 },{ "time": 13475, "train": 6, "operation": 10 },{ "time": 13479, "train": 10, "operation": 13 },{ "time": 13507, "train": 8, "operation": 13 },{ "time": 13507, "train": 8, "operation": 15 },{ "time": 13524, "train": 5, "operation": 10 },{ "time": 13539, "train": 4, "operation": 21 },{ "time": 13541, "train": 0, "operation": 8 },{ "time": 13554, "train": 5, "operation": 12 },{ "time": 13555, "train": 8, "operation": 16 },{ "time": 13569, "train": 4, "operation": 23 },{ "time": 13585, "train": 8, "operation": 18 },{ "time": 13617, "train": 6, "operation": 11 },{ "time": 13621, "train": 10, "operation": 14 },{ "time": 13647, "train": 6, "operation": 12 },{ "time": 13649, "train": 5, "operation": 13 },{ "time": 13649, "train": 5, "operation": 15 },{ "time": 13651, "train": 10, "operation": 16 },{ "time": 13661, "train": 0, "operation": 13 },{ "time": 13671, "train": 1, "operation": 12 },{ "time": 13671, "train": 9, "operation": 11 },{ "time": 13683, "train": 4, "operation": 25 },{ "time": 13697, "train": 5, "operation": 16 },{ "time": 13698, "train": 6, "operation": 13 },{ "time": 13698, "train": 6, "operation": 14 },{ "time": 13701, "train": 1, "operation": 14 },{ "time": 13727, "train": 8, "operation": 19 },{ "time": 13727, "train": 5, "operation": 18 },{ "time": 13757, "train": 8, "operation": 21 },{ "time": 13803, "train": 4, "operation": 29 },{ "time": 13846, "train": 6, "operation": 15 },{ "time": 13851, "train": 10, "operation": 17 },{ "time": 13857, "train": 11, "operation": 1 },{ "time": 13857, "train": 11, "operation": 5 },{ "time": 13864, "train": 9, "operation": 12 },{ "time": 13864, "train": 9, "operation": 15 },{ "time": 13869, "train": 5, "operation": 19 },{ "time": 13876, "train": 6, "operation": 17 },{ "time": 13929, "train": 1, "operation": 16 },{ "time": 13929, "train": 10, "operation": 19 },{ "time": 13985, "train": 8, "operation": 22 },{ "time": 13985, "train": 5, "operation": 21 },{ "time": 13996, "train": 9, "operation": 16 },{ "time": 13996, "train": 9, "operation": 17 },{ "time": 14018, "train": 6, "operation": 18 },{ "time": 14045, "train": 8, "operation": 24 },{ "time": 14046, "train": 11, "operation": 6 },{ "time": 14046, "train": 11, "operation": 7 },{ "time": 14048, "train": 6, "operation": 22 },{ "time": 14049, "train": 1, "operation": 17 },{ "time": 14105, "train": 6, "operation": 23 },{ "time": 14128, "train": 9, "operation": 18 },{ "time": 14131, "train": 8, "operation": 25 },{ "time": 14161, "train": 8, "operation": 29 },{ "time": 14165, "train": 6, "operation": 25 },{ "time": 14185, "train": 10, "operation": 20 },{ "time": 14187, "train": 9, "operation": 20 },{ "time": 14187, "train": 11, "operation": 8 },{ "time": 14213, "train": 5, "operation": 23 },{ "time": 14215, "train": 10, "operation": 23 },{ "time": 14249, "train": 1, "operation": 19 },{ "time": 14273, "train": 5, "operation": 24 },{ "time": 14279, "train": 1, "operation": 20 },{ "time": 14303, "train": 8, "operation": 30 },{ "time": 14333, "train": 8, "operation": 32 },{ "time": 14337, "train": 11, "operation": 10 },{ "time": 14387, "train": 5, "operation": 26 },{ "time": 14396, "train": 9, "operation": 21 },{ "time": 14415, "train": 10, "operation": 24 },{ "time": 14421, "train": 1, "operation": 21 },{ "time": 14421, "train": 6, "operation": 26 },{ "time": 14445, "train": 10, "operation": 27 },{ "time": 14451, "train": 6, "operation": 28 },{ "time": 14468, "train": 8, "operation": 33 },{ "time": 14468, "train": 8, "operation": 34 },{ "time": 14477, "train": 11, "operation": 11 },{ "time": 14477, "train": 11, "operation": 12 },{ "time": 14507, "train": 5, "operation": 29 },{ "time": 14533, "train": 8, "operation": 35 },{ "time": 14547, "train": 11, "operation": 13 },{ "time": 14563, "train": 8, "operation": 36 },{ "time": 14577, "train": 11, "operation": 14 },{ "time": 14587, "train": 10, "operation": 28 },{ "time": 14587, "train": 10, "operation": 29 },{ "time": 14593, "train": 6, "operation": 29 },{ "time": 14623, "train": 6, "operation": 31 },{ "time": 14671, "train": 6, "operation": 32 },{ "time": 14671, "train": 6, "operation": 34 },{ "time": 14705, "train": 8, "operation": 38 },{ "time": 14705, "train": 9, "operation": 24 },{ "time": 14727, "train": 11, "operation": 16 },{ "time": 14727, "train": 1, "operation": 23 },{ "time": 14729, "train": 10, "operation": 30 },{ "time": 14735, "train": 8, "operation": 40 },{ "time": 14757, "train": 11, "operation": 17 },{ "time": 14766, "train": 6, "operation": 35 },{ "time": 14796, "train": 6, "operation": 37 },{ "time": 14803, "train": 9, "operation": 25 },{ "time": 14803, "train": 9, "operation": 26 },{ "time": 14869, "train": 1, "operation": 24 },{ "time": 14873, "train": 9, "operation": 27 },{ "time": 14873, "train": 9, "operation": 28 },{ "time": 14899, "train": 1, "operation": 25 },{ "time": 14907, "train": 11, "operation": 18 },{ "time": 14935, "train": 8, "operation": 42 },{ "time": 14935, "train": 10, "operation": 32 },{ "time": 14937, "train": 11, "operation": 20 },{ "time": 14938, "train": 6, "operation": 38 },{ "time": 14968, "train": 6, "operation": 40 },{ "time": 14985, "train": 1, "operation": 26 },{ "time": 14985, "train": 1, "operation": 27 },{ "time": 14997, "train": 9, "operation": 29 },{ "time": 14997, "train": 9, "operation": 31 },{ "time": 15025, "train": 8, "operation": 43 },{ "time": 15082, "train": 6, "operation": 41 },{ "time": 15104, "train": 9, "operation": 32 },{ "time": 15104, "train": 9, "operation": 36 },{ "time": 15117, "train": 7, "operation": 1 },{ "time": 15135, "train": 10, "operation": 33 },{ "time": 15147, "train": 11, "operation": 21 },{ "time": 15156, "train": 1, "operation": 29 },{ "time": 15165, "train": 10, "operation": 36 },{ "time": 15177, "train": 11, "operation": 23 },{ "time": 15186, "train": 1, "operation": 30 },{ "time": 15196, "train": 8, "operation": 44 },{ "time": 15196, "train": 8, "operation": 45 },{ "time": 15202, "train": 6, "operation": 46 },{ "time": 15218, "train": 9, "operation": 37 },{ "time": 15251, "train": 10, "operation": 37 },{ "time": 15281, "train": 10, "operation": 38 },{ "time": 15320, "train": 1, "operation": 31 },{ "time": 15320, "train": 1, "operation": 32 },{ "time": 15338, "train": 9, "operation": 39 },{ "time": 15339, "train": 10, "operation": 39 },{ "time": 15339, "train": 10, "operation": 40 },{ "time": 15367, "train": 8, "operation": 47 },{ "time": 15367, "train": 7, "operation": 4 },{ "time": 15387, "train": 11, "operation": 24 },{ "time": 15417, "train": 11, "operation": 27 },{ "time": 15481, "train": 10, "operation": 41 },{ "time": 15487, "train": 8, "operation": 49 },{ "time": 15500, "train": 1, "operation": 33 },{ "time": 15508, "train": 7, "operation": 5 },{ "time": 15508, "train": 7, "operation": 6 },{ "time": 15540, "train": 10, "operation": 43 },{ "time": 15592, "train": 9, "operation": 40 },{ "time": 15592, "train": 9, "operation": 42 },{ "time": 15620, "train": 1, "operation": 37 },{ "time": 15648, "train": 7, "operation": 7 },{ "time": 15657, "train": 11, "operation": 29 },{ "time": 15678, "train": 7, "operation": 9 },{ "time": 15681, "train": 9, "operation": 43 },{ "time": 15712, "train": 10, "operation": 44 },{ "time": 15740, "train": 9, "operation": 45 },{ "time": 15742, "train": 10, "operation": 48 },{ "time": 15777, "train": 11, "operation": 31 },{ "time": 15799, "train": 10, "operation": 49 },{ "time": 15814, "train": 9, "operation": 46 },{ "time": 15814, "train": 9, "operation": 48 },{ "time": 15859, "train": 10, "operation": 51 },{ "time": 15882, "train": 7, "operation": 10 },{ "time": 15927, "train": 11, "operation": 32 },{ "time": 15927, "train": 11, "operation": 33 },{ "time": 15961, "train": 9, "operation": 49 },{ "time": 15961, "train": 9, "operation": 51 },{ "time": 16002, "train": 7, "operation": 13 },{ "time": 16077, "train": 11, "operation": 34 },{ "time": 16092, "train": 9, "operation": 52 },{ "time": 16092, "train": 9, "operation": 54 },{ "time": 16115, "train": 10, "operation": 52 },{ "time": 16137, "train": 11, "operation": 36 },{ "time": 16144, "train": 7, "operation": 14 },{ "time": 16145, "train": 10, "operation": 54 },{ "time": 16174, "train": 7, "operation": 15 },{ "time": 16251, "train": 7, "operation": 16 },{ "time": 16251, "train": 7, "operation": 17 },{ "time": 16253, "train": 9, "operation": 55 },{ "time": 16287, "train": 10, "operation": 55 },{ "time": 16317, "train": 10, "operation": 57 },{ "time": 16347, "train": 11, "operation": 37 },{ "time": 16365, "train": 10, "operation": 58 },{ "time": 16365, "train": 10, "operation": 60 },{ "time": 16374, "train": 7, "operation": 18 },{ "time": 16377, "train": 11, "operation": 40 },{ "time": 16404, "train": 7, "operation": 20 },{ "time": 16460, "train": 10, "operation": 61 },{ "time": 16490, "train": 10, "operation": 63 },{ "time": 16527, "train": 11, "operation": 41 },{ "time": 16546, "train": 7, "operation": 21 },{ "time": 16557, "train": 11, "operation": 42 },{ "time": 16576, "train": 7, "operation": 25 },{ "time": 16611, "train": 11, "operation": 43 },{ "time": 16611, "train": 11, "operation": 44 },{ "time": 16632, "train": 10, "operation": 64 },{ "time": 16633, "train": 7, "operation": 26 },{ "time": 16662, "train": 10, "operation": 66 },{ "time": 16693, "train": 7, "operation": 28 },{ "time": 16767, "train": 11, "operation": 45 },{ "time": 16776, "train": 10, "operation": 68 },{ "time": 16797, "train": 11, "operation": 47 },{ "time": 16896, "train": 10, "operation": 72 },{ "time": 16947, "train": 11, "operation": 48 },{ "time": 16949, "train": 7, "operation": 29 },{ "time": 16977, "train": 11, "operation": 52 },{ "time": 16979, "train": 7, "operation": 31 },{ "time": 17037, "train": 11, "operation": 53 },{ "time": 17097, "train": 11, "operation": 55 },{ "time": 17121, "train": 7, "operation": 32 },{ "time": 17151, "train": 7, "operation": 34 },{ "time": 17199, "train": 7, "operation": 35 },{ "time": 17199, "train": 7, "operation": 37 },{ "time": 17294, "train": 7, "operation": 38 },{ "time": 17324, "train": 7, "operation": 40 },{ "time": 17367, "train": 11, "operation": 56 },{ "time": 17397, "train": 11, "operation": 58 },{ "time": 17453, "train": 9, "operation": 60 },{ "time": 17466, "train": 7, "operation": 41 },{ "time": 17496, "train": 7, "operation": 43 },{ "time": 17547, "train": 11, "operation": 59 },{ "time": 17577, "train": 11, "operation": 61 },{ "time": 17610, "train": 7, "operation": 45 },{ "time": 17627, "train": 11, "operation": 62 },{ "time": 17627, "train": 11, "operation": 64 },{ "time": 17727, "train": 11, "operation": 65 },{ "time": 17730, "train": 7, "operation": 49 },{ "time": 17757, "train": 11, "operation": 67 },{ "time": 17907, "train": 11, "operation": 68 },{ "time": 17937, "train": 11, "operation": 70 },{ "time": 18057, "train": 11, "operation": 71 },{ "time": 18177, "train": 11, "operation": 76 }],"objective_value": 5488}
