{"events":[{"operation":0,"time":0,"train":0},{"operation":0,"time":0,"train":1},{"operation":1,"time":0,"train":0},{"operation":0,"time":0,"train":3},{"operation":0,"time":0,"train":4},{"operation":1,"time":0,"train":4},{"operation":0,"time":0,"train":5},{"operation":1,"time":0,"train":5},{"operation":0,"time":0,"train":2},{"operation":1,"time":0,"train":2},{"operation":2,"time":0,"train":2},{"operation":2,"time":5,"train":4},{"operation":2,"time":13,"train":0},{"operation":3,"time":147,"train":4},{"operation":4,"time":154,"train":4},{"operation":2,"time":217,"train":5},{"operation":1,"time":319,"train":3},{"operation":1,"time":546,"train":1},{"operation":3,"time":553,"train":0},{"operation":5,"time":732,"train":4},{"operation":2,"time":758,"train":1},{"operation":3,"time":858,"train":5},{"operation":5,"time":863,"train":5},{"operation":5,"time":881,"train":0},{"operation":6,"time":944,"train":4},{"operation":3,"time":970,"train":1},{"operation":4,"time":981,"train":1},{"operation":7,"time":1005,"train":5},{"operation":2,"time":1075,"train":3},{"operation":7,"time":1088,"train":0},{"operation":7,"time":1156,"train":4},{"operation":8,"time":1176,"train":4},{"operation":9,"time":1193,"train":0},{"operation":5,"time":1343,"train":1},{"operation":6,"time":1354,"train":1},{"operation":9,"time":1388,"train":4},{"operation":9,"time":1388,"train":5},{"operation":8,"time":1496,"train":1},{"operation":10,"time":1504,"train":1},{"operation":10,"time":1590,"train":4},{"operation":4,"time":1716,"train":3},{"operation":6,"time":1724,"train":3},{"operation":14,"time":1771,"train":1},{"operation":13,"time":1776,"train":0},{"operation":11,"time":1792,"train":4},{"operation":12,"time":1798,"train":4},{"operation":11,"time":1960,"train":5},{"operation":8,"time":1961,"train":3},{"operation":12,"time":1971,"train":5},{"operation":18,"time":1983,"train":1},{"operation":14,"time":1988,"train":0},{"operation":13,"time":2043,"train":5},{"operation":14,"time":2043,"train":5},{"operation":10,"time":2183,"train":3},{"operation":15,"time":2200,"train":0},{"operation":17,"time":2206,"train":0},{"operation":22,"time":2291,"train":1},{"operation":13,"time":2338,"train":4},{"operation":15,"time":2355,"train":4},{"operation":19,"time":2391,"train":0},{"operation":21,"time":2561,"train":0},{"operation":17,"time":2562,"train":4},{"operation":19,"time":2568,"train":4},{"operation":26,"time":2599,"train":1},{"operation":23,"time":2730,"train":0},{"operation":11,"time":2762,"train":3},{"operation":30,"time":2914,"train":1},{"operation":27,"time":2942,"train":0},{"operation":12,"time":2974,"train":3},{"operation":31,"time":3083,"train":0},{"operation":23,"time":3130,"train":4},{"operation":24,"time":3138,"train":4},{"operation":13,"time":3190,"train":3},{"operation":14,"time":3210,"train":3},{"operation":34,"time":3229,"train":1},{"operation":25,"time":3245,"train":4},{"operation":27,"time":3251,"train":4},{"operation":33,"time":3295,"train":0},{"operation":15,"time":3422,"train":3},{"operation":29,"time":3436,"train":4},{"operation":31,"time":3442,"train":4},{"operation":35,"time":3507,"train":0},{"operation":38,"time":3544,"train":1},{"operation":34,"time":3584,"train":4},{"operation":16,"time":3647,"train":3},{"operation":37,"time":3719,"train":0},{"operation":36,"time":3756,"train":4},{"operation":40,"time":3793,"train":1},{"operation":41,"time":3793,"train":1},{"operation":17,"time":3872,"train":3},{"operation":18,"time":3878,"train":3},{"operation":40,"time":4011,"train":4},{"operation":44,"time":4032,"train":4},{"operation":39,"time":4079,"train":0},{"operation":48,"time":4192,"train":4},{"operation":52,"time":4404,"train":4},{"operation":19,"time":4418,"train":3},{"operation":21,"time":4435,"train":3},{"operation":41,"time":4439,"train":0},{"operation":54,"time":4637,"train":4},{"operation":23,"time":4642,"train":3},{"operation":25,"time":4648,"train":3},{"operation":56,"time":4870,"train":4},{"operation":58,"time":4917,"train":4},{"operation":47,"time":5007,"train":0},{"operation":59,"time":5166,"train":4},{"operation":60,"time":5166,"train":4},{"operation":29,"time":5217,"train":3},{"operation":30,"time":5225,"train":3},{"operation":31,"time":5332,"train":3},{"operation":32,"time":5332,"train":3},{"operation":54,"time":5582,"train":0},{"operation":67,"time":6157,"train":0},{"operation":78,"time":6732,"train":0},{"operation":89,"time":7307,"train":0},{"operation":101,"time":7751,"train":0},{"operation":114,"time":8195,"train":0},{"operation":122,"time":8623,"train":0},{"operation":132,"time":9083,"train":0},{"operation":139,"time":9543,"train":0},{"operation":147,"time":10003,"train":0},{"operation":159,"time":10463,"train":0},{"operation":174,"time":10923,"train":0},{"operation":192,"time":10941,"train":0},{"operation":208,"time":11204,"train":0},{"operation":222,"time":11234,"train":0},{"operation":249,"time":11558,"train":0},{"operation":253,"time":11578,"train":0},{"operation":260,"time":11984,"train":0},{"operation":264,"time":12196,"train":0},{"operation":268,"time":12408,"train":0},{"operation":274,"time":12414,"train":0},{"operation":281,"time":12583,"train":0},{"operation":288,"time":12583,"train":0}],"objective_value":14512}