{"events":[{"operation":0,"time":0,"train":0},{"operation":0,"time":0,"train":1},{"operation":0,"time":0,"train":2},{"operation":0,"time":0,"train":3},{"operation":0,"time":0,"train":4},{"operation":0,"time":0,"train":5},{"operation":0,"time":0,"train":6},{"operation":0,"time":0,"train":7},{"operation":0,"time":0,"train":8},{"operation":0,"time":0,"train":9},{"operation":0,"time":0,"train":10},{"operation":0,"time":0,"train":11},{"operation":0,"time":0,"train":12},{"operation":0,"time":0,"train":13},{"operation":0,"time":0,"train":14},{"operation":0,"time":0,"train":15},{"operation":0,"time":0,"train":16},{"operation":0,"time":0,"train":17},{"operation":0,"time":0,"train":18},{"operation":0,"time":0,"train":19},{"operation":0,"time":0,"train":20},{"operation":0,"time":0,"train":21},{"operation":0,"time":0,"train":22},{"operation":0,"time":0,"train":23},{"operation":0,"time":0,"train":24},{"operation":0,"time":0,"train":25},{"operation":0,"time":0,"train":26},{"operation":0,"time":0,"train":27},{"operation":0,"time":0,"train":28},{"operation":0,"time":0,"train":29},{"operation":0,"time":0,"train":30},{"operation":0,"time":0,"train":31},{"operation":0,"time":0,"train":32},{"operation":0,"time":0,"train":33},{"operation":0,"time":0,"train":34},{"operation":0,"time":0,"train":35},{"operation":0,"time":0,"train":36},{"operation":0,"time":0,"train":37},{"operation":0,"time":0,"train":38},{"operation":0,"time":0,"train":39},{"operation":0,"time":0,"train":40},{"operation":0,"time":0,"train":41},{"operation":0,"time":0,"train":42},{"operation":0,"time":0,"train":43},{"operation":0,"time":0,"train":44},{"operation":0,"time":0,"train":45},{"operation":0,"time":0,"train":46},{"operation":0,"time":0,"train":47},{"operation":0,"time":0,"train":48},{"operation":0,"time":0,"train":49},{"operation":0,"time":0,"train":50},{"operation":0,"time":0,"train":51},{"operation":0,"time":0,"train":52},{"operation":0,"time":0,"train":53},{"operation":0,"time":0,"train":54},{"operation":0,"time":0,"train":55},{"operation":1,"time":50637,"train":6},{"operation":1,"time":50656,"train":15},{"operation":1,"time":50697,"train":5},{"operation":1,"time":50697,"train":12},{"operation":1,"time":50707,"train":4},{"operation":1,"time":50757,"train":18},{"operation":2,"time":50787,"train":6},{"operation":4,"time":50817,"train":6},{"operation":2,"time":50817,"train":15},{"operation":3,"time":50847,"train":5},{"operation":4,"time":50877,"train":5},{"operation":3,"time":50907,"train":12},{"operation":6,"time":50927,"train":5},{"operation":7,"time":50927,"train":5},{"operation":4,"time":50937,"train":15},{"operation":5,"time":50937,"train":12},{"operation":1,"time":50997,"train":8},{"operation":3,"time":50997,"train":18},{"operation":6,"time":50997,"train":8},{"operation":5,"time":51027,"train":6},{"operation":9,"time":51027,"train":5},{"operation":4,"time":51057,"train":18},{"operation":7,"time":51057,"train":6},{"operation":10,"time":51057,"train":5},{"operation":5,"time":51074,"train":15},{"operation":6,"time":51074,"train":15},{"operation":8,"time":51087,"train":8},{"operation":7,"time":51114,"train":15},{"operation":1,"time":51114,"train":10},{"operation":8,"time":51114,"train":15},{"operation":9,"time":51117,"train":8},{"operation":5,"time":51147,"train":18},{"operation":9,"time":51177,"train":15},{"operation":9,"time":51177,"train":18},{"operation":7,"time":51177,"train":12},{"operation":12,"time":51177,"train":15},{"operation":2,"time":51188,"train":10},{"operation":12,"time":51207,"train":5},{"operation":13,"time":51237,"train":5},{"operation":10,"time":51267,"train":8},{"operation":8,"time":51267,"train":6},{"operation":10,"time":51297,"train":6},{"operation":8,"time":51297,"train":12},{"operation":12,"time":51297,"train":8},{"operation":10,"time":51327,"train":18},{"operation":13,"time":51357,"train":15},{"operation":14,"time":51357,"train":5},{"operation":13,"time":51397,"train":8},{"operation":15,"time":51397,"train":8},{"operation":15,"time":51417,"train":15},{"operation":16,"time":51447,"train":8},{"operation":2,"time":51452,"train":4},{"operation":4,"time":51452,"train":4},{"operation":18,"time":51477,"train":8},{"operation":19,"time":51477,"train":5},{"operation":10,"time":51507,"train":12},{"operation":11,"time":51537,"train":12},{"operation":11,"time":51567,"train":6},{"operation":16,"time":51567,"train":15},{"operation":17,"time":51567,"train":15},{"operation":14,"time":51597,"train":6},{"operation":20,"time":51627,"train":8},{"operation":21,"time":51657,"train":8},{"operation":12,"time":51687,"train":12},{"operation":1,"time":51717,"train":20},{"operation":5,"time":51717,"train":20},{"operation":18,"time":51717,"train":15},{"operation":14,"time":51717,"train":12},{"operation":1,"time":51717,"train":3},{"operation":5,"time":51767,"train":4},{"operation":7,"time":51767,"train":4},{"operation":16,"time":51807,"train":6},{"operation":21,"time":51837,"train":15},{"operation":15,"time":51867,"train":12},{"operation":2,"time":51888,"train":3},{"operation":18,"time":51888,"train":6},{"operation":3,"time":51888,"train":3},{"operation":4,"time":51897,"train":16},{"operation":6,"time":51897,"train":16},{"operation":23,"time":51897,"train":8},{"operation":16,"time":51897,"train":12},{"operation":6,"time":51923,"train":20},{"operation":7,"time":51923,"train":20},{"operation":24,"time":51957,"train":8},{"operation":7,"time":51987,"train":16},{"operation":17,"time":51987,"train":12},{"operation":18,"time":51987,"train":12},{"operation":3,"time":52015,"train":10},{"operation":9,"time":52017,"train":16},{"operation":22,"time":52029,"train":15},{"operation":25,"time":52029,"train":15},{"operation":19,"time":52030,"train":6},{"operation":5,"time":52059,"train":3},{"operation":20,"time":52059,"train":6},{"operation":4,"time":52077,"train":13},{"operation":5,"time":52077,"train":13},{"operation":28,"time":52077,"train":8},{"operation":9,"time":52077,"train":20},{"operation":6,"time":52137,"train":13},{"operation":5,"time":52140,"train":10},{"operation":12,"time":52140,"train":18},{"operation":10,"time":52167,"train":16},{"operation":19,"time":52167,"train":12},{"operation":6,"time":52170,"train":10},{"operation":12,"time":52197,"train":16},{"operation":8,"time":52197,"train":13},{"operation":21,"time":52197,"train":12},{"operation":29,"time":52197,"train":8},{"operation":27,"time":52207,"train":15},{"operation":28,"time":52207,"train":15},{"operation":13,"time":52269,"train":18},{"operation":14,"time":52269,"train":18},{"operation":14,"time":52297,"train":16},{"operation":15,"time":52297,"train":16},{"operation":15,"time":52339,"train":18},{"operation":17,"time":52347,"train":16},{"operation":9,"time":52350,"train":4},{"operation":10,"time":52350,"train":4},{"operation":22,"time":52351,"train":12},{"operation":23,"time":52351,"train":12},{"operation":30,"time":52362,"train":15},{"operation":31,"time":52362,"train":15},{"operation":16,"time":52369,"train":18},{"operation":7,"time":52370,"train":10},{"operation":18,"time":52377,"train":16},{"operation":11,"time":52400,"train":10},{"operation":12,"time":52457,"train":10},{"operation":10,"time":52467,"train":13},{"operation":11,"time":52497,"train":13},{"operation":19,"time":52511,"train":18},{"operation":14,"time":52517,"train":10},{"operation":19,"time":52527,"train":16},{"operation":33,"time":52527,"train":15},{"operation":20,"time":52541,"train":18},{"operation":21,"time":52557,"train":16},{"operation":24,"time":52557,"train":12},{"operation":13,"time":52647,"train":13},{"operation":14,"time":52677,"train":13},{"operation":28,"time":52677,"train":12},{"operation":34,"time":52707,"train":15},{"operation":15,"time":52727,"train":13},{"operation":17,"time":52727,"train":13},{"operation":1,"time":52738,"train":30},{"operation":21,"time":52769,"train":18},{"operation":6,"time":52769,"train":3},{"operation":22,"time":52769,"train":6},{"operation":16,"time":52773,"train":10},{"operation":3,"time":52797,"train":11},{"operation":6,"time":52797,"train":11},{"operation":4,"time":52797,"train":30},{"operation":23,"time":52797,"train":16},{"operation":17,"time":52803,"train":10},{"operation":35,"time":52807,"train":15},{"operation":36,"time":52807,"train":15},{"operation":18,"time":52827,"train":13},{"operation":24,"time":52857,"train":16},{"operation":20,"time":52857,"train":13},{"operation":7,"time":52887,"train":11},{"operation":37,"time":52889,"train":15},{"operation":38,"time":52889,"train":15},{"operation":23,"time":52889,"train":18},{"operation":9,"time":52917,"train":11},{"operation":18,"time":52945,"train":10},{"operation":25,"time":52947,"train":16},{"operation":9,"time":52968,"train":3},{"operation":23,"time":52968,"train":6},{"operation":20,"time":52975,"train":10},{"operation":29,"time":52977,"train":16},{"operation":13,"time":52979,"train":4},{"operation":21,"time":53007,"train":13},{"operation":21,"time":53023,"train":10},{"operation":23,"time":53023,"train":10},{"operation":23,"time":53037,"train":13},{"operation":24,"time":53046,"train":18},{"operation":25,"time":53046,"train":18},{"operation":39,"time":53052,"train":15},{"operation":10,"time":53052,"train":20},{"operation":11,"time":53067,"train":11},{"operation":12,"time":53097,"train":11},{"operation":24,"time":53118,"train":10},{"operation":31,"time":53127,"train":16},{"operation":26,"time":53148,"train":10},{"operation":24,"time":53157,"train":13},{"operation":32,"time":53157,"train":16},{"operation":24,"time":53168,"train":6},{"operation":14,"time":53197,"train":11},{"operation":15,"time":53197,"train":11},{"operation":27,"time":53203,"train":18},{"operation":11,"time":53223,"train":20},{"operation":12,"time":53223,"train":20},{"operation":29,"time":53233,"train":18},{"operation":17,"time":53247,"train":11},{"operation":18,"time":53277,"train":11},{"operation":29,"time":53277,"train":13},{"operation":27,"time":53290,"train":10},{"operation":41,"time":53297,"train":15},{"operation":13,"time":53309,"train":20},{"operation":33,"time":53309,"train":16},{"operation":34,"time":53309,"train":16},{"operation":29,"time":53320,"train":10},{"operation":14,"time":53339,"train":20},{"operation":35,"time":53367,"train":16},{"operation":36,"time":53397,"train":16},{"operation":42,"time":53417,"train":15},{"operation":43,"time":53417,"train":15},{"operation":20,"time":53427,"train":11},{"operation":31,"time":53433,"train":18},{"operation":32,"time":53434,"train":10},{"operation":21,"time":53457,"train":11},{"operation":33,"time":53463,"train":18},{"operation":15,"time":53481,"train":20},{"operation":6,"time":53502,"train":30},{"operation":7,"time":53502,"train":30},{"operation":17,"time":53511,"train":20},{"operation":38,"time":53547,"train":16},{"operation":27,"time":53547,"train":6},{"operation":35,"time":53554,"train":10},{"operation":45,"time":53577,"train":15},{"operation":15,"time":53577,"train":4},{"operation":40,"time":53577,"train":16},{"operation":48,"time":53637,"train":15},{"operation":19,"time":53653,"train":20},{"operation":28,"time":53689,"train":6},{"operation":10,"time":53689,"train":3},{"operation":35,"time":53691,"train":18},{"operation":5,"time":53697,"train":14},{"operation":6,"time":53697,"train":14},{"operation":23,"time":53697,"train":11},{"operation":29,"time":53719,"train":6},{"operation":16,"time":53741,"train":4},{"operation":17,"time":53741,"train":4},{"operation":24,"time":53757,"train":11},{"operation":30,"time":53768,"train":6},{"operation":31,"time":53768,"train":6},{"operation":8,"time":53778,"train":30},{"operation":10,"time":53778,"train":30},{"operation":11,"time":53783,"train":3},{"operation":12,"time":53783,"train":3},{"operation":8,"time":53787,"train":14},{"operation":36,"time":53811,"train":18},{"operation":9,"time":53817,"train":14},{"operation":42,"time":53817,"train":16},{"operation":13,"time":53842,"train":3},{"operation":32,"time":53861,"train":6},{"operation":14,"time":53861,"train":3},{"operation":18,"time":53864,"train":4},{"operation":20,"time":53864,"train":4},{"operation":1,"time":53877,"train":19},{"operation":27,"time":53877,"train":11},{"operation":34,"time":53891,"train":6},{"operation":43,"time":53937,"train":16},{"operation":11,"time":53967,"train":14},{"operation":15,"time":53993,"train":3},{"operation":12,"time":53997,"train":14},{"operation":29,"time":53997,"train":11},{"operation":37,"time":54011,"train":18},{"operation":20,"time":54011,"train":20},{"operation":21,"time":54030,"train":4},{"operation":22,"time":54030,"train":4},{"operation":38,"time":54033,"train":6},{"operation":17,"time":54033,"train":3},{"operation":39,"time":54041,"train":18},{"operation":39,"time":54063,"train":6},{"operation":14,"time":54097,"train":14},{"operation":15,"time":54097,"train":14},{"operation":23,"time":54114,"train":4},{"operation":24,"time":54114,"train":4},{"operation":41,"time":54120,"train":6},{"operation":17,"time":54147,"train":14},{"operation":44,"time":54147,"train":16},{"operation":21,"time":54147,"train":3},{"operation":45,"time":54147,"train":16},{"operation":22,"time":54147,"train":3},{"operation":18,"time":54177,"train":14},{"operation":42,"time":54180,"train":6},{"operation":24,"time":54204,"train":3},{"operation":5,"time":54204,"train":19},{"operation":50,"time":54206,"train":15},{"operation":22,"time":54211,"train":20},{"operation":41,"time":54212,"train":18},{"operation":25,"time":54239,"train":4},{"operation":27,"time":54239,"train":4},{"operation":23,"time":54241,"train":20},{"operation":11,"time":54307,"train":30},{"operation":13,"time":54307,"train":30},{"operation":51,"time":54326,"train":15},{"operation":19,"time":54327,"train":14},{"operation":47,"time":54357,"train":16},{"operation":21,"time":54357,"train":14},{"operation":42,"time":54392,"train":18},{"operation":29,"time":54428,"train":4},{"operation":30,"time":54428,"train":4},{"operation":44,"time":54436,"train":6},{"operation":25,"time":54436,"train":3},{"operation":7,"time":54436,"train":19},{"operation":45,"time":54466,"train":6},{"operation":49,"time":54477,"train":16},{"operation":24,"time":54497,"train":20},{"operation":27,"time":54527,"train":20},{"operation":43,"time":54534,"train":18},{"operation":44,"time":54564,"train":18},{"operation":2,"time":54597,"train":9},{"operation":6,"time":54597,"train":9},{"operation":22,"time":54597,"train":14},{"operation":47,"time":54608,"train":6},{"operation":31,"time":54629,"train":4},{"operation":33,"time":54629,"train":4},{"operation":48,"time":54638,"train":6},{"operation":45,"time":54650,"train":18},{"operation":46,"time":54650,"train":18},{"operation":24,"time":54657,"train":14},{"operation":49,"time":54686,"train":6},{"operation":51,"time":54686,"train":6},{"operation":8,"time":54687,"train":9},{"operation":9,"time":54717,"train":9},{"operation":28,"time":54727,"train":20},{"operation":26,"time":54734,"train":3},{"operation":28,"time":54734,"train":3},{"operation":8,"time":54734,"train":19},{"operation":25,"time":54747,"train":14},{"operation":31,"time":54757,"train":20},{"operation":29,"time":54777,"train":14},{"operation":53,"time":54781,"train":6},{"operation":54,"time":54811,"train":6},{"operation":47,"time":54821,"train":18},{"operation":30,"time":54836,"train":3},{"operation":52,"time":54843,"train":15},{"operation":54,"time":54843,"train":15},{"operation":49,"time":54851,"train":18},{"operation":10,"time":54867,"train":9},{"operation":34,"time":54889,"train":4},{"operation":37,"time":54889,"train":4},{"operation":31,"time":54895,"train":3},{"operation":12,"time":54897,"train":9},{"operation":32,"time":54899,"train":20},{"operation":33,"time":54899,"train":20},{"operation":16,"time":54906,"train":30},{"operation":30,"time":54927,"train":14},{"operation":56,"time":54953,"train":6},{"operation":32,"time":54957,"train":14},{"operation":32,"time":54961,"train":3},{"operation":34,"time":54961,"train":3},{"operation":57,"time":54983,"train":6},{"operation":10,"time":54990,"train":19},{"operation":14,"time":54997,"train":9},{"operation":50,"time":54997,"train":18},{"operation":51,"time":54997,"train":18},{"operation":15,"time":54997,"train":9},{"operation":11,"time":55020,"train":19},{"operation":35,"time":55041,"train":20},{"operation":16,"time":55047,"train":9},{"operation":18,"time":55077,"train":9},{"operation":35,"time":55094,"train":3},{"operation":37,"time":55094,"train":3},{"operation":59,"time":55097,"train":6},{"operation":33,"time":55098,"train":14},{"operation":34,"time":55098,"train":14},{"operation":36,"time":55101,"train":20},{"operation":55,"time":55103,"train":15},{"operation":57,"time":55103,"train":15},{"operation":38,"time":55110,"train":4},{"operation":13,"time":55162,"train":19},{"operation":35,"time":55167,"train":14},{"operation":14,"time":55192,"train":19},{"operation":53,"time":55193,"train":18},{"operation":4,"time":55197,"train":26},{"operation":3,"time":55197,"train":17},{"operation":5,"time":55197,"train":26},{"operation":4,"time":55197,"train":17},{"operation":36,"time":55197,"train":14},{"operation":39,"time":55207,"train":3},{"operation":40,"time":55207,"train":3},{"operation":63,"time":55217,"train":6},{"operation":20,"time":55227,"train":9},{"operation":15,"time":55240,"train":19},{"operation":17,"time":55240,"train":19},{"operation":21,"time":55257,"train":9},{"operation":43,"time":55293,"train":3},{"operation":39,"time":55301,"train":20},{"operation":56,"time":55313,"train":18},{"operation":18,"time":55335,"train":19},{"operation":38,"time":55347,"train":14},{"operation":40,"time":55347,"train":20},{"operation":5,"time":55355,"train":17},{"operation":6,"time":55355,"train":17},{"operation":20,"time":55365,"train":19},{"operation":40,"time":55377,"train":14},{"operation":6,"time":55386,"train":26},{"operation":7,"time":55386,"train":26},{"operation":18,"time":55386,"train":30},{"operation":41,"time":55433,"train":20},{"operation":42,"time":55463,"train":20},{"operation":5,"time":55497,"train":24},{"operation":22,"time":55497,"train":9},{"operation":22,"time":55507,"train":19},{"operation":7,"time":55512,"train":17},{"operation":8,"time":55527,"train":26},{"operation":19,"time":55536,"train":30},{"operation":20,"time":55536,"train":30},{"operation":43,"time":55537,"train":20},{"operation":44,"time":55537,"train":20},{"operation":23,"time":55537,"train":19},{"operation":10,"time":55557,"train":26},{"operation":24,"time":55557,"train":9},{"operation":42,"time":55617,"train":14},{"operation":21,"time":55648,"train":30},{"operation":25,"time":55651,"train":19},{"operation":46,"time":55662,"train":20},{"operation":4,"time":55677,"train":21},{"operation":5,"time":55677,"train":21},{"operation":43,"time":55677,"train":14},{"operation":27,"time":55677,"train":9},{"operation":47,"time":55692,"train":20},{"operation":11,"time":55737,"train":26},{"operation":12,"time":55737,"train":26},{"operation":23,"time":55737,"train":30},{"operation":7,"time":55737,"train":21},{"operation":9,"time":55737,"train":17},{"operation":29,"time":55771,"train":19},{"operation":8,"time":55797,"train":21},{"operation":29,"time":55797,"train":9},{"operation":13,"time":55827,"train":26},{"operation":48,"time":55834,"train":20},{"operation":44,"time":55842,"train":14},{"operation":45,"time":55842,"train":14},{"operation":14,"time":55857,"train":26},{"operation":52,"time":55864,"train":20},{"operation":24,"time":55877,"train":30},{"operation":25,"time":55877,"train":30},{"operation":59,"time":55918,"train":15},{"operation":53,"time":55921,"train":20},{"operation":26,"time":55946,"train":30},{"operation":10,"time":55947,"train":17},{"operation":13,"time":55977,"train":17},{"operation":61,"time":55977,"train":15},{"operation":16,"time":56007,"train":26},{"operation":48,"time":56007,"train":14},{"operation":41,"time":56007,"train":4},{"operation":27,"time":56007,"train":30},{"operation":17,"time":56037,"train":26},{"operation":49,"time":56037,"train":14},{"operation":10,"time":56067,"train":21},{"operation":55,"time":56067,"train":20},{"operation":29,"time":56097,"train":30},{"operation":11,"time":56097,"train":21},{"operation":14,"time":56127,"train":17},{"operation":15,"time":56157,"train":17},{"operation":42,"time":56171,"train":4},{"operation":43,"time":56171,"train":4},{"operation":19,"time":56187,"train":26},{"operation":30,"time":56187,"train":30},{"operation":20,"time":56217,"train":26},{"operation":16,"time":56237,"train":17},{"operation":17,"time":56237,"train":17},{"operation":50,"time":56247,"train":14},{"operation":13,"time":56247,"train":21},{"operation":14,"time":56277,"train":21},{"operation":32,"time":56301,"train":30},{"operation":56,"time":56323,"train":20},{"operation":15,"time":56327,"train":21},{"operation":17,"time":56327,"train":21},{"operation":45,"time":56334,"train":4},{"operation":46,"time":56334,"train":4},{"operation":58,"time":56353,"train":20},{"operation":19,"time":56367,"train":17},{"operation":4,"time":56397,"train":22},{"operation":6,"time":56397,"train":22},{"operation":20,"time":56397,"train":17},{"operation":22,"time":56427,"train":26},{"operation":33,"time":56427,"train":30},{"operation":18,"time":56427,"train":21},{"operation":20,"time":56457,"train":21},{"operation":7,"time":56487,"train":22},{"operation":6,"time":56487,"train":24},{"operation":9,"time":56517,"train":22},{"operation":24,"time":56547,"train":17},{"operation":48,"time":56565,"train":4},{"operation":7,"time":56573,"train":24},{"operation":23,"time":56577,"train":26},{"operation":25,"time":56577,"train":17},{"operation":34,"time":56579,"train":30},{"operation":22,"time":56607,"train":21},{"operation":26,"time":56637,"train":17},{"operation":23,"time":56637,"train":21},{"operation":11,"time":56667,"train":22},{"operation":9,"time":56667,"train":24},{"operation":12,"time":56697,"train":22},{"operation":28,"time":56697,"train":17},{"operation":24,"time":56757,"train":21},{"operation":50,"time":56760,"train":4},{"operation":14,"time":56797,"train":22},{"operation":15,"time":56797,"train":22},{"operation":11,"time":56809,"train":24},{"operation":12,"time":56839,"train":24},{"operation":16,"time":56847,"train":22},{"operation":26,"time":56847,"train":26},{"operation":53,"time":56847,"train":14},{"operation":18,"time":56877,"train":22},{"operation":27,"time":56877,"train":26},{"operation":59,"time":56877,"train":20},{"operation":29,"time":56877,"train":21},{"operation":51,"time":56892,"train":4},{"operation":52,"time":56892,"train":4},{"operation":61,"time":56907,"train":20},{"operation":46,"time":56913,"train":3},{"operation":14,"time":56934,"train":24},{"operation":15,"time":56934,"train":24},{"operation":63,"time":56955,"train":20},{"operation":64,"time":56955,"train":20},{"operation":29,"time":56967,"train":17},{"operation":17,"time":56982,"train":24},{"operation":31,"time":56997,"train":17},{"operation":20,"time":57027,"train":22},{"operation":18,"time":57027,"train":24},{"operation":66,"time":57050,"train":20},{"operation":21,"time":57057,"train":22},{"operation":67,"time":57080,"train":20},{"operation":55,"time":57103,"train":14},{"operation":36,"time":57103,"train":30},{"operation":30,"time":57112,"train":26},{"operation":56,"time":57133,"train":14},{"operation":33,"time":57147,"train":17},{"operation":53,"time":57159,"train":4},{"operation":20,"time":57169,"train":24},{"operation":34,"time":57177,"train":17},{"operation":68,"time":57222,"train":20},{"operation":36,"time":57227,"train":17},{"operation":37,"time":57227,"train":17},{"operation":31,"time":57237,"train":26},{"operation":70,"time":57252,"train":20},{"operation":54,"time":57279,"train":4},{"operation":23,"time":57297,"train":22},{"operation":21,"time":57297,"train":24},{"operation":39,"time":57327,"train":17},{"operation":57,"time":57333,"train":14},{"operation":37,"time":57336,"train":30},{"operation":24,"time":57357,"train":22},{"operation":40,"time":57357,"train":17},{"operation":59,"time":57363,"train":14},{"operation":72,"time":57366,"train":20},{"operation":32,"time":57402,"train":26},{"operation":33,"time":57402,"train":26},{"operation":2,"time":57477,"train":23},{"operation":5,"time":57477,"train":23},{"operation":25,"time":57477,"train":22},{"operation":76,"time":57486,"train":20},{"operation":41,"time":57507,"train":17},{"operation":40,"time":57516,"train":30},{"operation":22,"time":57525,"train":24},{"operation":7,"time":57537,"train":23},{"operation":43,"time":57537,"train":17},{"operation":60,"time":57563,"train":14},{"operation":34,"time":57567,"train":26},{"operation":24,"time":57585,"train":24},{"operation":62,"time":57593,"train":14},{"operation":36,"time":57597,"train":26},{"operation":8,"time":57597,"train":23},{"operation":29,"time":57597,"train":22},{"operation":45,"time":57657,"train":17},{"operation":26,"time":57671,"train":24},{"operation":29,"time":57701,"train":24},{"operation":42,"time":57705,"train":30},{"operation":44,"time":57705,"train":30},{"operation":63,"time":57735,"train":14},{"operation":64,"time":57765,"train":14},{"operation":49,"time":57777,"train":17},{"operation":2,"time":57777,"train":28},{"operation":38,"time":57807,"train":26},{"operation":45,"time":57841,"train":30},{"operation":46,"time":57841,"train":30},{"operation":31,"time":57843,"train":24},{"operation":65,"time":57851,"train":14},{"operation":66,"time":57851,"train":14},{"operation":9,"time":57867,"train":23},{"operation":32,"time":57873,"train":24},{"operation":11,"time":57897,"train":23},{"operation":48,"time":57977,"train":30},{"operation":67,"time":58022,"train":14},{"operation":33,"time":58044,"train":24},{"operation":34,"time":58044,"train":24},{"operation":12,"time":58047,"train":23},{"operation":69,"time":58052,"train":14},{"operation":14,"time":58077,"train":23},{"operation":49,"time":58127,"train":30},{"operation":16,"time":58127,"train":23},{"operation":17,"time":58127,"train":23},{"operation":35,"time":58130,"train":24},{"operation":36,"time":58160,"train":24},{"operation":4,"time":58197,"train":25},{"operation":6,"time":58197,"train":25},{"operation":70,"time":58198,"train":14},{"operation":71,"time":58198,"train":14},{"operation":19,"time":58227,"train":23},{"operation":20,"time":58257,"train":23},{"operation":8,"time":58287,"train":25},{"operation":37,"time":58302,"train":24},{"operation":40,"time":58302,"train":26},{"operation":9,"time":58317,"train":25},{"operation":52,"time":58336,"train":30},{"operation":40,"time":58336,"train":24},{"operation":41,"time":58388,"train":26},{"operation":72,"time":58394,"train":14},{"operation":21,"time":58407,"train":23},{"operation":42,"time":58418,"train":26},{"operation":23,"time":58437,"train":23},{"operation":10,"time":58467,"train":25},{"operation":43,"time":58492,"train":26},{"operation":44,"time":58492,"train":26},{"operation":12,"time":58497,"train":25},{"operation":76,"time":58514,"train":14},{"operation":53,"time":58516,"train":30},{"operation":42,"time":58545,"train":24},{"operation":24,"time":58557,"train":23},{"operation":13,"time":58597,"train":25},{"operation":15,"time":58597,"train":25},{"operation":54,"time":58611,"train":30},{"operation":55,"time":58611,"train":30},{"operation":45,"time":58617,"train":26},{"operation":16,"time":58647,"train":25},{"operation":18,"time":58677,"train":25},{"operation":29,"time":58677,"train":23},{"operation":56,"time":58684,"train":30},{"operation":57,"time":58684,"train":30},{"operation":43,"time":58685,"train":24},{"operation":59,"time":58801,"train":30},{"operation":60,"time":58801,"train":30},{"operation":19,"time":58827,"train":25},{"operation":44,"time":58856,"train":24},{"operation":45,"time":58856,"train":24},{"operation":3,"time":58857,"train":35},{"operation":5,"time":58857,"train":35},{"operation":21,"time":58857,"train":25},{"operation":63,"time":58915,"train":30},{"operation":65,"time":58915,"train":30},{"operation":47,"time":58915,"train":26},{"operation":67,"time":58972,"train":30},{"operation":1,"time":58977,"train":29},{"operation":47,"time":59027,"train":24},{"operation":4,"time":59027,"train":29},{"operation":6,"time":59046,"train":35},{"operation":7,"time":59046,"train":35},{"operation":50,"time":59057,"train":26},{"operation":52,"time":59087,"train":26},{"operation":68,"time":59092,"train":30},{"operation":3,"time":59097,"train":34},{"operation":23,"time":59097,"train":25},{"operation":53,"time":59144,"train":26},{"operation":49,"time":59147,"train":24},{"operation":24,"time":59157,"train":25},{"operation":5,"time":59169,"train":29},{"operation":6,"time":59169,"train":29},{"operation":9,"time":59187,"train":35},{"operation":10,"time":59217,"train":35},{"operation":3,"time":59227,"train":45},{"operation":4,"time":59277,"train":45},{"operation":1,"time":59277,"train":27},{"operation":5,"time":59277,"train":27},{"operation":26,"time":59277,"train":25},{"operation":8,"time":59311,"train":29},{"operation":70,"time":59390,"train":30},{"operation":71,"time":59390,"train":30},{"operation":55,"time":59390,"train":26},{"operation":6,"time":59390,"train":27},{"operation":11,"time":59397,"train":35},{"operation":12,"time":59397,"train":35},{"operation":29,"time":59397,"train":25},{"operation":9,"time":59431,"train":29},{"operation":13,"time":59487,"train":35},{"operation":72,"time":59492,"train":30},{"operation":14,"time":59517,"train":35},{"operation":74,"time":59551,"train":30},{"operation":75,"time":59613,"train":30},{"operation":77,"time":59613,"train":30},{"operation":12,"time":59631,"train":29},{"operation":56,"time":59646,"train":26},{"operation":8,"time":59646,"train":27},{"operation":13,"time":59661,"train":29},{"operation":15,"time":59667,"train":35},{"operation":58,"time":59676,"train":26},{"operation":17,"time":59697,"train":35},{"operation":78,"time":59737,"train":30},{"operation":80,"time":59737,"train":30},{"operation":14,"time":59747,"train":29},{"operation":15,"time":59777,"train":29},{"operation":60,"time":59818,"train":26},{"operation":81,"time":59842,"train":30},{"operation":83,"time":59842,"train":30},{"operation":18,"time":59847,"train":35},{"operation":61,"time":59848,"train":26},{"operation":16,"time":59853,"train":29},{"operation":17,"time":59853,"train":29},{"operation":1,"time":59853,"train":1},{"operation":2,"time":59853,"train":1},{"operation":20,"time":59877,"train":35},{"operation":62,"time":59896,"train":26},{"operation":64,"time":59896,"train":26},{"operation":9,"time":59902,"train":27},{"operation":11,"time":59932,"train":27},{"operation":88,"time":59950,"train":30},{"operation":6,"time":59953,"train":45},{"operation":7,"time":59953,"train":45},{"operation":18,"time":59977,"train":29},{"operation":65,"time":59991,"train":26},{"operation":4,"time":59997,"train":33},{"operation":6,"time":59997,"train":33},{"operation":20,"time":60007,"train":29},{"operation":67,"time":60021,"train":26},{"operation":3,"time":60058,"train":1},{"operation":4,"time":60058,"train":1},{"operation":89,"time":60070,"train":30},{"operation":12,"time":60074,"train":27},{"operation":8,"time":60087,"train":33},{"operation":6,"time":60087,"train":28},{"operation":22,"time":60097,"train":35},{"operation":14,"time":60104,"train":27},{"operation":9,"time":60117,"train":33},{"operation":21,"time":60149,"train":29},{"operation":5,"time":60149,"train":1},{"operation":8,"time":60149,"train":1},{"operation":15,"time":60152,"train":27},{"operation":17,"time":60152,"train":27},{"operation":69,"time":60163,"train":26},{"operation":7,"time":60173,"train":28},{"operation":6,"time":60173,"train":34},{"operation":3,"time":60173,"train":43},{"operation":25,"time":60179,"train":29},{"operation":70,"time":60193,"train":26},{"operation":9,"time":60237,"train":45},{"operation":23,"time":60237,"train":35},{"operation":27,"time":60237,"train":29},{"operation":10,"time":60237,"train":45},{"operation":18,"time":60247,"train":27},{"operation":11,"time":60267,"train":33},{"operation":9,"time":60267,"train":28},{"operation":7,"time":60267,"train":34},{"operation":6,"time":60267,"train":43},{"operation":20,"time":60277,"train":27},{"operation":12,"time":60297,"train":33},{"operation":28,"time":60297,"train":29},{"operation":73,"time":60307,"train":26},{"operation":9,"time":60351,"train":1},{"operation":14,"time":60397,"train":33},{"operation":15,"time":60397,"train":33},{"operation":11,"time":60409,"train":28},{"operation":9,"time":60409,"train":34},{"operation":7,"time":60409,"train":43},{"operation":22,"time":60419,"train":27},{"operation":76,"time":60427,"train":26},{"operation":12,"time":60439,"train":28},{"operation":17,"time":60447,"train":33},{"operation":23,"time":60449,"train":27},{"operation":18,"time":60477,"train":33},{"operation":26,"time":60507,"train":35},{"operation":14,"time":60534,"train":28},{"operation":15,"time":60534,"train":28},{"operation":27,"time":60537,"train":35},{"operation":11,"time":60551,"train":34},{"operation":9,"time":60551,"train":43},{"operation":28,"time":60563,"train":27},{"operation":30,"time":60567,"train":29},{"operation":12,"time":60581,"train":34},{"operation":17,"time":60582,"train":28},{"operation":31,"time":60597,"train":29},{"operation":19,"time":60627,"train":33},{"operation":18,"time":60627,"train":28},{"operation":21,"time":60657,"train":33},{"operation":11,"time":60663,"train":43},{"operation":14,"time":60676,"train":34},{"operation":15,"time":60676,"train":34},{"operation":12,"time":60676,"train":43},{"operation":29,"time":60683,"train":27},{"operation":16,"time":60724,"train":34},{"operation":29,"time":60747,"train":35},{"operation":33,"time":60747,"train":29},{"operation":19,"time":60769,"train":28},{"operation":18,"time":60769,"train":34},{"operation":13,"time":60773,"train":43},{"operation":15,"time":60773,"train":43},{"operation":31,"time":60777,"train":35},{"operation":34,"time":60777,"train":29},{"operation":11,"time":60777,"train":45},{"operation":13,"time":60777,"train":45},{"operation":16,"time":60821,"train":43},{"operation":36,"time":60827,"train":29},{"operation":37,"time":60827,"train":29},{"operation":22,"time":60897,"train":33},{"operation":21,"time":60897,"train":28},{"operation":4,"time":60897,"train":38},{"operation":20,"time":60911,"train":34},{"operation":18,"time":60911,"train":43},{"operation":32,"time":60927,"train":35},{"operation":33,"time":60927,"train":35},{"operation":38,"time":60927,"train":29},{"operation":24,"time":60957,"train":33},{"operation":40,"time":60957,"train":29},{"operation":4,"time":61077,"train":32},{"operation":27,"time":61077,"train":33},{"operation":35,"time":61077,"train":35},{"operation":5,"time":61077,"train":32},{"operation":42,"time":61107,"train":29},{"operation":23,"time":61125,"train":28},{"operation":21,"time":61125,"train":34},{"operation":20,"time":61125,"train":43},{"operation":36,"time":61137,"train":35},{"operation":6,"time":61137,"train":32},{"operation":43,"time":61137,"train":29},{"operation":24,"time":61185,"train":28},{"operation":8,"time":61197,"train":32},{"operation":29,"time":61197,"train":33},{"operation":45,"time":61257,"train":29},{"operation":25,"time":61271,"train":28},{"operation":29,"time":61301,"train":28},{"operation":38,"time":61347,"train":35},{"operation":23,"time":61353,"train":34},{"operation":21,"time":61353,"train":43},{"operation":49,"time":61377,"train":29},{"operation":24,"time":61413,"train":34},{"operation":14,"time":61437,"train":45},{"operation":30,"time":61443,"train":28},{"operation":10,"time":61467,"train":32},{"operation":32,"time":61473,"train":28},{"operation":11,"time":61497,"train":32},{"operation":26,"time":61499,"train":34},{"operation":29,"time":61529,"train":34},{"operation":33,"time":61608,"train":28},{"operation":34,"time":61608,"train":28},{"operation":22,"time":61608,"train":43},{"operation":13,"time":61647,"train":32},{"operation":31,"time":61671,"train":34},{"operation":35,"time":61673,"train":28},{"operation":14,"time":61677,"train":32},{"operation":36,"time":61703,"train":28},{"operation":15,"time":61727,"train":32},{"operation":17,"time":61727,"train":32},{"operation":24,"time":61728,"train":43},{"operation":25,"time":61803,"train":43},{"operation":19,"time":61827,"train":32},{"operation":39,"time":61845,"train":28},{"operation":40,"time":61845,"train":35},{"operation":20,"time":61857,"train":32},{"operation":40,"time":61875,"train":28},{"operation":41,"time":61987,"train":35},{"operation":22,"time":62007,"train":32},{"operation":42,"time":62017,"train":35},{"operation":23,"time":62037,"train":32},{"operation":42,"time":62075,"train":28},{"operation":43,"time":62091,"train":35},{"operation":44,"time":62091,"train":35},{"operation":25,"time":62157,"train":32},{"operation":45,"time":62216,"train":35},{"operation":32,"time":62216,"train":34},{"operation":43,"time":62225,"train":28},{"operation":47,"time":62246,"train":35},{"operation":29,"time":62277,"train":32},{"operation":4,"time":62337,"train":42},{"operation":5,"time":62337,"train":42},{"operation":33,"time":62360,"train":34},{"operation":34,"time":62360,"train":34},{"operation":44,"time":62382,"train":28},{"operation":45,"time":62382,"train":28},{"operation":11,"time":62382,"train":1},{"operation":50,"time":62388,"train":35},{"operation":29,"time":62388,"train":43},{"operation":35,"time":62415,"train":34},{"operation":52,"time":62418,"train":35},{"operation":36,"time":62445,"train":34},{"operation":53,"time":62475,"train":35},{"operation":30,"time":62512,"train":43},{"operation":32,"time":62512,"train":43},{"operation":6,"time":62526,"train":42},{"operation":7,"time":62526,"train":42},{"operation":55,"time":62535,"train":35},{"operation":48,"time":62539,"train":28},{"operation":12,"time":62548,"train":1},{"operation":13,"time":62548,"train":1},{"operation":49,"time":62569,"train":28},{"operation":2,"time":62577,"train":40},{"operation":37,"time":62587,"train":34},{"operation":40,"time":62617,"train":34},{"operation":33,"time":62617,"train":43},{"operation":34,"time":62617,"train":43},{"operation":35,"time":62652,"train":43},{"operation":36,"time":62652,"train":43},{"operation":8,"time":62667,"train":42},{"operation":1,"time":62697,"train":36},{"operation":6,"time":62697,"train":36},{"operation":16,"time":62714,"train":1},{"operation":4,"time":62714,"train":40},{"operation":39,"time":62755,"train":43},{"operation":52,"time":62769,"train":28},{"operation":17,"time":62769,"train":1},{"operation":7,"time":62787,"train":36},{"operation":6,"time":62787,"train":38},{"operation":56,"time":62791,"train":35},{"operation":53,"time":62799,"train":28},{"operation":41,"time":62813,"train":34},{"operation":9,"time":62817,"train":36},{"operation":58,"time":62821,"train":35},{"operation":5,"time":62871,"train":40},{"operation":6,"time":62871,"train":40},{"operation":7,"time":62873,"train":38},{"operation":3,"time":62877,"train":37},{"operation":5,"time":62877,"train":37},{"operation":7,"time":62937,"train":37},{"operation":59,"time":62963,"train":35},{"operation":10,"time":62967,"train":36},{"operation":9,"time":62967,"train":38},{"operation":61,"time":62993,"train":35},{"operation":12,"time":62997,"train":36},{"operation":8,"time":62997,"train":37},{"operation":19,"time":63021,"train":1},{"operation":8,"time":63028,"train":40},{"operation":43,"time":63028,"train":34},{"operation":62,"time":63041,"train":35},{"operation":64,"time":63041,"train":35},{"operation":55,"time":63055,"train":28},{"operation":21,"time":63055,"train":1},{"operation":9,"time":63058,"train":40},{"operation":56,"time":63085,"train":28},{"operation":14,"time":63097,"train":36},{"operation":15,"time":63097,"train":36},{"operation":11,"time":63109,"train":38},{"operation":65,"time":63136,"train":35},{"operation":12,"time":63139,"train":38},{"operation":17,"time":63147,"train":36},{"operation":67,"time":63166,"train":35},{"operation":18,"time":63177,"train":36},{"operation":44,"time":63228,"train":34},{"operation":45,"time":63228,"train":34},{"operation":14,"time":63234,"train":38},{"operation":15,"time":63234,"train":38},{"operation":10,"time":63258,"train":40},{"operation":40,"time":63258,"train":43},{"operation":10,"time":63267,"train":37},{"operation":17,"time":63282,"train":38},{"operation":57,"time":63285,"train":28},{"operation":13,"time":63288,"train":40},{"operation":11,"time":63297,"train":37},{"operation":23,"time":63306,"train":1},{"operation":24,"time":63306,"train":1},{"operation":69,"time":63308,"train":35},{"operation":59,"time":63315,"train":28},{"operation":19,"time":63327,"train":36},{"operation":18,"time":63327,"train":38},{"operation":70,"time":63338,"train":35},{"operation":21,"time":63357,"train":36},{"operation":47,"time":63428,"train":34},{"operation":14,"time":63430,"train":40},{"operation":42,"time":63443,"train":43},{"operation":12,"time":63447,"train":37},{"operation":75,"time":63452,"train":35},{"operation":15,"time":63460,"train":40},{"operation":19,"time":63469,"train":38},{"operation":14,"time":63477,"train":37},{"operation":43,"time":63503,"train":43},{"operation":26,"time":63511,"train":1},{"operation":60,"time":63515,"train":28},{"operation":27,"time":63515,"train":1},{"operation":16,"time":63527,"train":37},{"operation":17,"time":63527,"train":37},{"operation":16,"time":63536,"train":40},{"operation":17,"time":63536,"train":40},{"operation":62,"time":63545,"train":28},{"operation":49,"time":63548,"train":34},{"operation":76,"time":63572,"train":35},{"operation":22,"time":63597,"train":36},{"operation":21,"time":63597,"train":38},{"operation":19,"time":63627,"train":37},{"operation":44,"time":63632,"train":43},{"operation":45,"time":63632,"train":43},{"operation":24,"time":63657,"train":36},{"operation":20,"time":63657,"train":37},{"operation":18,"time":63660,"train":40},{"operation":29,"time":63677,"train":1},{"operation":63,"time":63687,"train":28},{"operation":30,"time":63687,"train":1},{"operation":20,"time":63690,"train":40},{"operation":64,"time":63717,"train":28},{"operation":25,"time":63747,"train":36},{"operation":48,"time":63760,"train":43},{"operation":49,"time":63760,"train":43},{"operation":31,"time":63772,"train":1},{"operation":65,"time":63803,"train":28},{"operation":66,"time":63803,"train":28},{"operation":32,"time":63803,"train":1},{"operation":22,"time":63807,"train":37},{"operation":23,"time":63825,"train":38},{"operation":24,"time":63832,"train":40},{"operation":29,"time":63832,"train":36},{"operation":23,"time":63837,"train":37},{"operation":25,"time":63862,"train":40},{"operation":24,"time":63885,"train":38},{"operation":33,"time":63892,"train":1},{"operation":52,"time":63911,"train":43},{"operation":53,"time":63911,"train":43},{"operation":26,"time":63919,"train":40},{"operation":27,"time":63957,"train":37},{"operation":28,"time":63971,"train":38},{"operation":68,"time":63974,"train":28},{"operation":34,"time":63974,"train":1},{"operation":30,"time":63974,"train":36},{"operation":28,"time":63979,"train":40},{"operation":29,"time":64001,"train":38},{"operation":69,"time":64004,"train":28},{"operation":32,"time":64004,"train":36},{"operation":29,"time":64077,"train":37},{"operation":54,"time":64082,"train":43},{"operation":56,"time":64082,"train":43},{"operation":31,"time":64143,"train":38},{"operation":33,"time":64148,"train":36},{"operation":34,"time":64148,"train":36},{"operation":70,"time":64150,"train":28},{"operation":71,"time":64150,"train":28},{"operation":36,"time":64153,"train":1},{"operation":10,"time":64153,"train":42},{"operation":37,"time":64153,"train":1},{"operation":32,"time":64173,"train":38},{"operation":35,"time":64203,"train":36},{"operation":57,"time":64224,"train":43},{"operation":59,"time":64224,"train":43},{"operation":36,"time":64233,"train":36},{"operation":29,"time":64235,"train":40},{"operation":31,"time":64265,"train":40},{"operation":38,"time":64280,"train":1},{"operation":33,"time":64317,"train":38},{"operation":34,"time":64317,"train":38},{"operation":1,"time":64317,"train":48},{"operation":11,"time":64324,"train":42},{"operation":12,"time":64324,"train":42},{"operation":60,"time":64338,"train":43},{"operation":74,"time":64346,"train":28},{"operation":39,"time":64346,"train":1},{"operation":35,"time":64372,"train":38},{"operation":2,"time":64372,"train":48},{"operation":37,"time":64375,"train":36},{"operation":36,"time":64402,"train":38},{"operation":33,"time":64407,"train":40},{"operation":13,"time":64410,"train":42},{"operation":34,"time":64437,"train":40},{"operation":14,"time":64440,"train":42},{"operation":76,"time":64466,"train":28},{"operation":35,"time":64485,"train":40},{"operation":37,"time":64485,"train":40},{"operation":1,"time":64497,"train":39},{"operation":6,"time":64497,"train":39},{"operation":43,"time":64516,"train":1},{"operation":44,"time":64516,"train":1},{"operation":18,"time":64516,"train":45},{"operation":3,"time":64526,"train":48},{"operation":39,"time":64544,"train":38},{"operation":4,"time":64544,"train":48},{"operation":16,"time":64554,"train":42},{"operation":62,"time":64554,"train":43},{"operation":40,"time":64574,"train":38},{"operation":39,"time":64580,"train":40},{"operation":7,"time":64587,"train":39},{"operation":40,"time":64610,"train":40},{"operation":9,"time":64617,"train":39},{"operation":63,"time":64630,"train":43},{"operation":64,"time":64630,"train":43},{"operation":7,"time":64630,"train":48},{"operation":19,"time":64661,"train":45},{"operation":20,"time":64661,"train":45},{"operation":65,"time":64701,"train":43},{"operation":66,"time":64701,"train":43},{"operation":17,"time":64734,"train":42},{"operation":41,"time":64752,"train":40},{"operation":10,"time":64767,"train":39},{"operation":22,"time":64770,"train":45},{"operation":43,"time":64782,"train":40},{"operation":12,"time":64797,"train":39},{"operation":41,"time":64802,"train":38},{"operation":40,"time":64802,"train":36},{"operation":67,"time":64843,"train":43},{"operation":23,"time":64843,"train":45},{"operation":69,"time":64843,"train":43},{"operation":44,"time":64896,"train":40},{"operation":14,"time":64897,"train":39},{"operation":15,"time":64897,"train":39},{"operation":43,"time":64922,"train":38},{"operation":18,"time":64934,"train":42},{"operation":17,"time":64947,"train":39},{"operation":20,"time":64964,"train":42},{"operation":70,"time":64971,"train":43},{"operation":71,"time":64971,"train":43},{"operation":24,"time":64977,"train":45},{"operation":25,"time":64977,"train":45},{"operation":18,"time":64977,"train":39},{"operation":49,"time":65016,"train":40},{"operation":41,"time":65030,"train":36},{"operation":8,"time":65030,"train":48},{"operation":26,"time":65043,"train":45},{"operation":27,"time":65043,"train":45},{"operation":44,"time":65079,"train":38},{"operation":45,"time":65079,"train":38},{"operation":43,"time":65090,"train":36},{"operation":19,"time":65127,"train":39},{"operation":46,"time":65129,"train":1},{"operation":47,"time":65129,"train":1},{"operation":72,"time":65142,"train":43},{"operation":21,"time":65157,"train":39},{"operation":28,"time":65158,"train":45},{"operation":22,"time":65164,"train":42},{"operation":23,"time":65194,"train":42},{"operation":76,"time":65202,"train":43},{"operation":10,"time":65230,"train":48},{"operation":46,"time":65236,"train":38},{"operation":44,"time":65261,"train":36},{"operation":45,"time":65261,"train":36},{"operation":11,"time":65261,"train":48},{"operation":49,"time":65266,"train":38},{"operation":26,"time":65394,"train":42},{"operation":22,"time":65397,"train":39},{"operation":12,"time":65418,"train":48},{"operation":47,"time":65432,"train":36},{"operation":13,"time":65432,"train":48},{"operation":30,"time":65453,"train":45},{"operation":24,"time":65457,"train":39},{"operation":51,"time":65466,"train":38},{"operation":27,"time":65466,"train":42},{"operation":53,"time":65496,"train":38},{"operation":27,"time":65547,"train":39},{"operation":49,"time":65552,"train":36},{"operation":14,"time":65588,"train":48},{"operation":31,"time":65595,"train":45},{"operation":33,"time":65595,"train":45},{"operation":30,"time":65666,"train":42},{"operation":17,"time":65666,"train":48},{"operation":31,"time":65696,"train":42},{"operation":54,"time":65724,"train":38},{"operation":49,"time":65756,"train":1},{"operation":35,"time":65770,"train":45},{"operation":77,"time":65772,"train":43},{"operation":79,"time":65772,"train":43},{"operation":32,"time":65838,"train":42},{"operation":33,"time":65838,"train":42},{"operation":56,"time":65844,"train":38},{"operation":19,"time":65883,"train":48},{"operation":50,"time":65936,"train":1},{"operation":35,"time":65980,"train":42},{"operation":36,"time":65982,"train":45},{"operation":36,"time":66040,"train":42},{"operation":58,"time":66044,"train":38},{"operation":59,"time":66074,"train":38},{"operation":2,"time":66177,"train":46},{"operation":5,"time":66177,"train":46},{"operation":3,"time":66177,"train":44},{"operation":4,"time":66177,"train":44},{"operation":38,"time":66240,"train":42},{"operation":39,"time":66248,"train":45},{"operation":21,"time":66248,"train":48},{"operation":40,"time":66270,"train":42},{"operation":60,"time":66274,"train":38},{"operation":80,"time":66285,"train":43},{"operation":2,"time":66297,"train":41},{"operation":6,"time":66297,"train":41},{"operation":62,"time":66304,"train":38},{"operation":5,"time":66327,"train":44},{"operation":6,"time":66327,"train":44},{"operation":52,"time":66335,"train":1},{"operation":53,"time":66335,"train":1},{"operation":82,"time":66335,"train":43},{"operation":6,"time":66366,"train":46},{"operation":7,"time":66366,"train":46},{"operation":8,"time":66387,"train":41},{"operation":41,"time":66412,"train":42},{"operation":9,"time":66417,"train":41},{"operation":40,"time":66433,"train":45},{"operation":42,"time":66442,"train":42},{"operation":63,"time":66446,"train":38},{"operation":64,"time":66476,"train":38},{"operation":7,"time":66477,"train":44},{"operation":22,"time":66492,"train":48},{"operation":24,"time":66492,"train":48},{"operation":43,"time":66493,"train":42},{"operation":44,"time":66493,"train":42},{"operation":8,"time":66507,"train":46},{"operation":9,"time":66537,"train":44},{"operation":65,"time":66562,"train":38},{"operation":66,"time":66562,"train":38},{"operation":83,"time":66563,"train":43},{"operation":10,"time":66567,"train":41},{"operation":12,"time":66597,"train":41},{"operation":45,"time":66641,"train":42},{"operation":41,"time":66656,"train":45},{"operation":47,"time":66671,"train":42},{"operation":25,"time":66692,"train":48},{"operation":27,"time":66692,"train":48},{"operation":14,"time":66697,"train":41},{"operation":15,"time":66697,"train":41},{"operation":68,"time":66733,"train":38},{"operation":11,"time":66747,"train":44},{"operation":16,"time":66747,"train":41},{"operation":69,"time":66763,"train":38},{"operation":18,"time":66777,"train":41},{"operation":13,"time":66777,"train":44},{"operation":51,"time":66813,"train":42},{"operation":52,"time":66843,"train":42},{"operation":44,"time":66856,"train":45},{"operation":29,"time":66874,"train":48},{"operation":30,"time":66874,"train":48},{"operation":54,"time":66900,"train":42},{"operation":70,"time":66909,"train":38},{"operation":71,"time":66909,"train":38},{"operation":14,"time":66927,"train":44},{"operation":19,"time":66927,"train":41},{"operation":15,"time":66957,"train":44},{"operation":21,"time":66957,"train":41},{"operation":55,"time":66960,"train":42},{"operation":31,"time":66998,"train":48},{"operation":32,"time":66998,"train":48},{"operation":45,"time":66998,"train":45},{"operation":46,"time":66998,"train":45},{"operation":16,"time":67037,"train":44},{"operation":17,"time":67037,"train":44},{"operation":33,"time":67083,"train":48},{"operation":34,"time":67083,"train":48},{"operation":74,"time":67105,"train":38},{"operation":47,"time":67140,"train":45},{"operation":19,"time":67167,"train":44},{"operation":20,"time":67197,"train":44},{"operation":22,"time":67197,"train":41},{"operation":49,"time":67200,"train":45},{"operation":57,"time":67216,"train":42},{"operation":76,"time":67225,"train":38},{"operation":58,"time":67246,"train":42},{"operation":36,"time":67251,"train":48},{"operation":37,"time":67251,"train":48},{"operation":10,"time":67251,"train":46},{"operation":24,"time":67257,"train":41},{"operation":54,"time":67275,"train":1},{"operation":57,"time":67275,"train":1},{"operation":85,"time":67275,"train":43},{"operation":1,"time":67327,"train":7},{"operation":21,"time":67347,"train":44},{"operation":29,"time":67347,"train":39},{"operation":28,"time":67347,"train":41},{"operation":51,"time":67366,"train":45},{"operation":53,"time":67366,"train":45},{"operation":38,"time":67375,"train":48},{"operation":39,"time":67375,"train":48},{"operation":25,"time":67377,"train":44},{"operation":59,"time":67388,"train":42},{"operation":61,"time":67418,"train":42},{"operation":11,"time":67422,"train":46},{"operation":12,"time":67422,"train":46},{"operation":54,"time":67434,"train":45},{"operation":55,"time":67434,"train":45},{"operation":26,"time":67437,"train":44},{"operation":62,"time":67466,"train":42},{"operation":64,"time":67466,"train":42},{"operation":56,"time":67484,"train":45},{"operation":57,"time":67484,"train":45},{"operation":31,"time":67489,"train":39},{"operation":28,"time":67497,"train":44},{"operation":13,"time":67508,"train":46},{"operation":14,"time":67538,"train":46},{"operation":40,"time":67540,"train":48},{"operation":44,"time":67540,"train":48},{"operation":65,"time":67561,"train":42},{"operation":58,"time":67579,"train":45},{"operation":32,"time":67579,"train":39},{"operation":60,"time":67579,"train":45},{"operation":67,"time":67591,"train":42},{"operation":62,"time":67668,"train":45},{"operation":65,"time":67668,"train":45},{"operation":29,"time":67668,"train":41},{"operation":16,"time":67680,"train":46},{"operation":17,"time":67710,"train":46},{"operation":66,"time":67712,"train":45},{"operation":33,"time":67723,"train":39},{"operation":34,"time":67723,"train":39},{"operation":68,"time":67733,"train":42},{"operation":70,"time":67763,"train":42},{"operation":29,"time":67767,"train":44},{"operation":68,"time":67772,"train":45},{"operation":35,"time":67778,"train":39},{"operation":31,"time":67797,"train":44},{"operation":36,"time":67808,"train":39},{"operation":30,"time":67810,"train":41},{"operation":32,"time":67840,"train":41},{"operation":75,"time":67877,"train":42},{"operation":19,"time":67910,"train":46},{"operation":20,"time":67940,"train":46},{"operation":33,"time":67947,"train":44},{"operation":38,"time":67950,"train":39},{"operation":40,"time":67980,"train":39},{"operation":33,"time":67982,"train":41},{"operation":34,"time":67982,"train":41},{"operation":76,"time":67997,"train":42},{"operation":70,"time":68028,"train":45},{"operation":71,"time":68028,"train":45},{"operation":35,"time":68039,"train":41},{"operation":36,"time":68069,"train":41},{"operation":88,"time":68083,"train":43},{"operation":4,"time":68083,"train":7},{"operation":2,"time":68097,"train":50},{"operation":72,"time":68114,"train":45},{"operation":89,"time":68133,"train":43},{"operation":22,"time":68140,"train":46},{"operation":45,"time":68146,"train":48},{"operation":47,"time":68146,"train":48},{"operation":23,"time":68170,"train":46},{"operation":74,"time":68173,"train":45},{"operation":41,"time":68189,"train":39},{"operation":37,"time":68211,"train":41},{"operation":75,"time":68221,"train":45},{"operation":77,"time":68221,"train":45},{"operation":34,"time":68221,"train":44},{"operation":35,"time":68269,"train":44},{"operation":78,"time":68316,"train":45},{"operation":80,"time":68316,"train":45},{"operation":37,"time":68316,"train":44},{"operation":43,"time":68329,"train":39},{"operation":24,"time":68370,"train":46},{"operation":27,"time":68400,"train":46},{"operation":38,"time":68411,"train":44},{"operation":81,"time":68431,"train":45},{"operation":83,"time":68431,"train":45},{"operation":40,"time":68441,"train":44},{"operation":44,"time":68486,"train":39},{"operation":45,"time":68486,"train":39},{"operation":84,"time":68516,"train":45},{"operation":41,"time":68583,"train":44},{"operation":28,"time":68600,"train":46},{"operation":43,"time":68613,"train":44},{"operation":47,"time":68643,"train":39},{"operation":31,"time":68643,"train":46},{"operation":49,"time":68673,"train":39},{"operation":49,"time":68722,"train":48},{"operation":50,"time":68722,"train":48},{"operation":6,"time":68725,"train":7},{"operation":48,"time":68726,"train":44},{"operation":32,"time":68785,"train":46},{"operation":33,"time":68785,"train":46},{"operation":49,"time":68846,"train":44},{"operation":50,"time":68873,"train":39},{"operation":53,"time":68903,"train":39},{"operation":35,"time":68927,"train":46},{"operation":36,"time":68987,"train":46},{"operation":3,"time":68997,"train":0},{"operation":6,"time":68997,"train":0},{"operation":51,"time":69005,"train":48},{"operation":7,"time":69005,"train":7},{"operation":53,"time":69005,"train":48},{"operation":8,"time":69079,"train":0},{"operation":9,"time":69079,"train":0},{"operation":6,"time":69079,"train":50},{"operation":2,"time":69079,"train":2},{"operation":54,"time":69131,"train":39},{"operation":8,"time":69165,"train":50},{"operation":11,"time":69173,"train":0},{"operation":12,"time":69173,"train":0},{"operation":38,"time":69187,"train":46},{"operation":40,"time":69187,"train":41},{"operation":9,"time":69195,"train":50},{"operation":40,"time":69217,"train":46},{"operation":14,"time":69244,"train":0},{"operation":15,"time":69244,"train":0},{"operation":8,"time":69245,"train":7},{"operation":10,"time":69245,"train":7},{"operation":56,"time":69251,"train":39},{"operation":16,"time":69280,"train":0},{"operation":11,"time":69337,"train":50},{"operation":41,"time":69359,"train":46},{"operation":12,"time":69367,"train":50},{"operation":42,"time":69389,"train":46},{"operation":42,"time":69415,"train":41},{"operation":57,"time":69451,"train":39},{"operation":14,"time":69462,"train":50},{"operation":15,"time":69462,"train":50},{"operation":43,"time":69475,"train":46},{"operation":44,"time":69475,"train":46},{"operation":59,"time":69481,"train":39},{"operation":17,"time":69510,"train":50},{"operation":18,"time":69540,"train":50},{"operation":45,"time":69589,"train":46},{"operation":47,"time":69619,"train":46},{"operation":60,"time":69623,"train":39},{"operation":62,"time":69653,"train":39},{"operation":20,"time":69682,"train":50},{"operation":18,"time":69682,"train":0},{"operation":12,"time":69705,"train":7},{"operation":13,"time":69705,"train":7},{"operation":21,"time":69712,"train":50},{"operation":2,"time":69717,"train":52},{"operation":5,"time":69717,"train":52},{"operation":3,"time":69717,"train":47},{"operation":4,"time":69717,"train":47},{"operation":19,"time":69737,"train":0},{"operation":50,"time":69761,"train":46},{"operation":52,"time":69791,"train":46},{"operation":63,"time":69795,"train":39},{"operation":64,"time":69825,"train":39},{"operation":54,"time":69848,"train":46},{"operation":5,"time":69867,"train":47},{"operation":6,"time":69867,"train":47},{"operation":3,"time":69897,"train":51},{"operation":6,"time":69897,"train":51},{"operation":6,"time":69906,"train":52},{"operation":7,"time":69906,"train":52},{"operation":55,"time":69908,"train":46},{"operation":65,"time":69911,"train":39},{"operation":66,"time":69911,"train":39},{"operation":54,"time":69925,"train":48},{"operation":57,"time":69925,"train":48},{"operation":22,"time":69940,"train":50},{"operation":21,"time":69940,"train":0},{"operation":8,"time":69987,"train":51},{"operation":24,"time":70000,"train":50},{"operation":89,"time":70016,"train":45},{"operation":7,"time":70017,"train":47},{"operation":9,"time":70017,"train":51},{"operation":43,"time":70017,"train":41},{"operation":9,"time":70047,"train":52},{"operation":9,"time":70077,"train":47},{"operation":67,"time":70082,"train":39},{"operation":10,"time":70082,"train":52},{"operation":26,"time":70086,"train":50},{"operation":69,"time":70112,"train":39},{"operation":29,"time":70116,"train":50},{"operation":22,"time":70131,"train":0},{"operation":24,"time":70131,"train":0},{"operation":56,"time":70164,"train":46},{"operation":11,"time":70167,"train":51},{"operation":28,"time":70192,"train":0},{"operation":58,"time":70194,"train":46},{"operation":12,"time":70197,"train":51},{"operation":44,"time":70217,"train":41},{"operation":45,"time":70217,"train":41},{"operation":17,"time":70244,"train":7},{"operation":11,"time":70257,"train":52},{"operation":12,"time":70257,"train":52},{"operation":70,"time":70258,"train":39},{"operation":71,"time":70258,"train":39},{"operation":30,"time":70258,"train":50},{"operation":29,"time":70258,"train":0},{"operation":11,"time":70287,"train":47},{"operation":14,"time":70297,"train":51},{"operation":15,"time":70297,"train":51},{"operation":13,"time":70317,"train":47},{"operation":60,"time":70336,"train":46},{"operation":13,"time":70347,"train":52},{"operation":16,"time":70347,"train":51},{"operation":61,"time":70366,"train":46},{"operation":14,"time":70377,"train":52},{"operation":18,"time":70377,"train":51},{"operation":63,"time":70414,"train":46},{"operation":64,"time":70414,"train":46},{"operation":46,"time":70417,"train":41},{"operation":73,"time":70454,"train":39},{"operation":18,"time":70454,"train":7},{"operation":14,"time":70467,"train":47},{"operation":15,"time":70497,"train":47},{"operation":65,"time":70509,"train":46},{"operation":15,"time":70527,"train":52},{"operation":20,"time":70527,"train":51},{"operation":49,"time":70537,"train":41},{"operation":67,"time":70539,"train":46},{"operation":17,"time":70557,"train":52},{"operation":21,"time":70557,"train":51},{"operation":16,"time":70561,"train":47},{"operation":17,"time":70561,"train":47},{"operation":76,"time":70574,"train":39},{"operation":6,"time":70579,"train":2},{"operation":19,"time":70587,"train":7},{"operation":20,"time":70587,"train":7},{"operation":7,"time":70672,"train":2},{"operation":9,"time":70672,"train":2},{"operation":68,"time":70681,"train":46},{"operation":21,"time":70687,"train":7},{"operation":23,"time":70687,"train":7},{"operation":70,"time":70711,"train":46},{"operation":19,"time":70767,"train":52},{"operation":19,"time":70767,"train":47},{"operation":32,"time":70767,"train":50},{"operation":30,"time":70767,"train":0},{"operation":11,"time":70780,"train":2},{"operation":12,"time":70780,"train":2},{"operation":20,"time":70797,"train":52},{"operation":22,"time":70797,"train":51},{"operation":20,"time":70797,"train":47},{"operation":24,"time":70811,"train":7},{"operation":25,"time":70811,"train":7},{"operation":73,"time":70825,"train":46},{"operation":24,"time":70857,"train":51},{"operation":26,"time":70874,"train":7},{"operation":27,"time":70874,"train":7},{"operation":14,"time":70874,"train":2},{"operation":15,"time":70874,"train":2},{"operation":33,"time":70902,"train":50},{"operation":34,"time":70902,"train":50},{"operation":32,"time":70902,"train":0},{"operation":76,"time":70945,"train":46},{"operation":23,"time":70947,"train":47},{"operation":28,"time":70947,"train":51},{"operation":29,"time":70948,"train":7},{"operation":30,"time":70948,"train":7},{"operation":35,"time":70967,"train":50},{"operation":25,"time":70977,"train":47},{"operation":29,"time":70977,"train":51},{"operation":33,"time":70995,"train":0},{"operation":34,"time":70995,"train":0},{"operation":36,"time":70997,"train":50},{"operation":22,"time":71007,"train":52},{"operation":35,"time":71026,"train":0},{"operation":23,"time":71037,"train":52},{"operation":26,"time":71037,"train":47},{"operation":31,"time":71062,"train":7},{"operation":33,"time":71062,"train":7},{"operation":28,"time":71097,"train":47},{"operation":30,"time":71127,"train":51},{"operation":37,"time":71139,"train":50},{"operation":36,"time":71139,"train":0},{"operation":32,"time":71157,"train":51},{"operation":40,"time":71169,"train":50},{"operation":35,"time":71195,"train":7},{"operation":38,"time":71216,"train":0},{"operation":26,"time":71307,"train":52},{"operation":33,"time":71309,"train":51},{"operation":34,"time":71309,"train":51},{"operation":42,"time":71340,"train":50},{"operation":35,"time":71367,"train":51},{"operation":30,"time":71367,"train":47},{"operation":36,"time":71397,"train":51},{"operation":31,"time":71397,"train":47},{"operation":43,"time":71460,"train":50},{"operation":39,"time":71547,"train":51},{"operation":32,"time":71547,"train":47},{"operation":34,"time":71577,"train":47},{"operation":16,"time":71577,"train":2},{"operation":44,"time":71617,"train":50},{"operation":45,"time":71617,"train":50},{"operation":35,"time":71627,"train":47},{"operation":37,"time":71627,"train":47},{"operation":40,"time":71630,"train":0},{"operation":18,"time":71636,"train":2},{"operation":5,"time":71697,"train":49},{"operation":6,"time":71697,"train":49},{"operation":19,"time":71726,"train":2},{"operation":21,"time":71726,"train":2},{"operation":38,"time":71727,"train":47},{"operation":40,"time":71757,"train":47},{"operation":48,"time":71774,"train":50},{"operation":7,"time":71787,"train":49},{"operation":49,"time":71804,"train":50},{"operation":9,"time":71817,"train":49},{"operation":42,"time":71835,"train":0},{"operation":40,"time":71835,"train":51},{"operation":42,"time":71907,"train":47},{"operation":43,"time":71937,"train":47},{"operation":11,"time":71967,"train":49},{"operation":22,"time":71978,"train":2},{"operation":12,"time":71997,"train":49},{"operation":51,"time":72004,"train":50},{"operation":27,"time":72004,"train":52},{"operation":53,"time":72034,"train":50},{"operation":48,"time":72056,"train":47},{"operation":41,"time":72063,"train":51},{"operation":13,"time":72097,"train":49},{"operation":15,"time":72097,"train":49},{"operation":24,"time":72098,"train":2},{"operation":16,"time":72147,"train":49},{"operation":49,"time":72176,"train":47},{"operation":18,"time":72177,"train":49},{"operation":26,"time":72184,"train":2},{"operation":30,"time":72204,"train":52},{"operation":54,"time":72262,"train":50},{"operation":36,"time":72262,"train":7},{"operation":20,"time":72327,"train":49},{"operation":21,"time":72357,"train":49},{"operation":56,"time":72382,"train":50},{"operation":43,"time":72430,"train":0},{"operation":39,"time":72485,"train":7},{"operation":44,"time":72579,"train":0},{"operation":45,"time":72579,"train":0},{"operation":43,"time":72579,"train":51},{"operation":58,"time":72582,"train":50},{"operation":23,"time":72597,"train":49},{"operation":59,"time":72612,"train":50},{"operation":24,"time":72657,"train":49},{"operation":46,"time":72727,"train":0},{"operation":27,"time":72747,"train":49},{"operation":61,"time":72754,"train":50},{"operation":44,"time":72779,"train":51},{"operation":45,"time":72779,"train":51},{"operation":62,"time":72784,"train":50},{"operation":49,"time":72863,"train":0},{"operation":63,"time":72926,"train":50},{"operation":64,"time":72956,"train":50},{"operation":47,"time":72979,"train":51},{"operation":31,"time":72979,"train":52},{"operation":65,"time":73042,"train":50},{"operation":66,"time":73042,"train":50},{"operation":50,"time":73060,"train":0},{"operation":53,"time":73060,"train":0},{"operation":40,"time":73060,"train":7},{"operation":49,"time":73099,"train":51},{"operation":32,"time":73121,"train":52},{"operation":33,"time":73121,"train":52},{"operation":67,"time":73213,"train":50},{"operation":55,"time":73244,"train":0},{"operation":56,"time":73244,"train":0},{"operation":41,"time":73250,"train":7},{"operation":44,"time":73250,"train":7},{"operation":3,"time":73257,"train":54},{"operation":5,"time":73257,"train":54},{"operation":34,"time":73263,"train":52},{"operation":36,"time":73323,"train":52},{"operation":3,"time":73377,"train":55},{"operation":45,"time":73383,"train":7},{"operation":46,"time":73383,"train":7},{"operation":4,"time":73383,"train":55},{"operation":57,"time":73400,"train":0},{"operation":59,"time":73400,"train":0},{"operation":6,"time":73428,"train":54},{"operation":7,"time":73428,"train":54},{"operation":47,"time":73516,"train":7},{"operation":61,"time":73518,"train":0},{"operation":39,"time":73522,"train":52},{"operation":5,"time":73542,"train":55},{"operation":6,"time":73542,"train":55},{"operation":9,"time":73557,"train":54},{"operation":69,"time":73557,"train":50},{"operation":49,"time":73576,"train":7},{"operation":40,"time":73633,"train":52},{"operation":70,"time":73703,"train":50},{"operation":71,"time":73703,"train":50},{"operation":8,"time":73707,"train":55},{"operation":10,"time":73737,"train":54},{"operation":41,"time":73757,"train":52},{"operation":51,"time":73766,"train":7},{"operation":9,"time":73766,"train":55},{"operation":42,"time":73787,"train":52},{"operation":43,"time":73836,"train":52},{"operation":44,"time":73836,"train":52},{"operation":74,"time":73899,"train":50},{"operation":11,"time":73917,"train":54},{"operation":12,"time":73917,"train":54},{"operation":53,"time":73926,"train":7},{"operation":46,"time":73929,"train":52},{"operation":47,"time":73959,"train":52},{"operation":11,"time":73966,"train":55},{"operation":13,"time":74007,"train":54},{"operation":76,"time":74019,"train":50},{"operation":54,"time":74026,"train":7},{"operation":55,"time":74026,"train":7},{"operation":13,"time":74026,"train":55},{"operation":14,"time":74037,"train":54},{"operation":56,"time":74088,"train":7},{"operation":57,"time":74088,"train":7},{"operation":48,"time":74101,"train":52},{"operation":29,"time":74101,"train":49},{"operation":14,"time":74112,"train":55},{"operation":52,"time":74131,"train":52},{"operation":15,"time":74142,"train":55},{"operation":58,"time":74183,"train":7},{"operation":15,"time":74187,"train":54},{"operation":62,"time":74187,"train":0},{"operation":54,"time":74188,"train":52},{"operation":17,"time":74217,"train":54},{"operation":31,"time":74243,"train":49},{"operation":60,"time":74243,"train":7},{"operation":63,"time":74247,"train":0},{"operation":64,"time":74247,"train":0},{"operation":55,"time":74248,"train":52},{"operation":16,"time":74256,"train":55},{"operation":17,"time":74256,"train":55},{"operation":65,"time":74311,"train":0},{"operation":66,"time":74311,"train":0},{"operation":63,"time":74329,"train":7},{"operation":65,"time":74329,"train":7},{"operation":66,"time":74386,"train":7},{"operation":18,"time":74398,"train":54},{"operation":18,"time":74398,"train":55},{"operation":32,"time":74398,"train":49},{"operation":20,"time":74428,"train":55},{"operation":67,"time":74439,"train":0},{"operation":69,"time":74439,"train":0},{"operation":20,"time":74457,"train":54},{"operation":56,"time":74504,"train":52},{"operation":68,"time":74504,"train":7},{"operation":58,"time":74534,"train":52},{"operation":70,"time":74538,"train":0},{"operation":71,"time":74538,"train":0},{"operation":33,"time":74542,"train":49},{"operation":34,"time":74542,"train":49},{"operation":24,"time":74570,"train":55},{"operation":29,"time":74570,"train":2},{"operation":35,"time":74597,"train":49},{"operation":25,"time":74600,"train":55},{"operation":36,"time":74627,"train":49},{"operation":26,"time":74657,"train":55},{"operation":21,"time":74667,"train":54},{"operation":73,"time":74670,"train":0},{"operation":76,"time":74670,"train":0},{"operation":60,"time":74676,"train":52},{"operation":23,"time":74697,"train":54},{"operation":61,"time":74706,"train":52},{"operation":31,"time":74736,"train":2},{"operation":62,"time":74754,"train":52},{"operation":64,"time":74754,"train":52},{"operation":70,"time":74760,"train":7},{"operation":71,"time":74760,"train":7},{"operation":28,"time":74760,"train":55},{"operation":38,"time":74769,"train":49},{"operation":40,"time":74799,"train":49},{"operation":73,"time":74846,"train":7},{"operation":65,"time":74849,"train":52},{"operation":67,"time":74879,"train":52},{"operation":74,"time":74905,"train":7},{"operation":32,"time":74916,"train":2},{"operation":75,"time":74953,"train":7},{"operation":77,"time":74953,"train":7},{"operation":25,"time":74967,"train":54},{"operation":27,"time":74997,"train":54},{"operation":30,"time":75016,"train":55},{"operation":69,"time":75021,"train":52},{"operation":41,"time":75027,"train":49},{"operation":31,"time":75046,"train":55},{"operation":78,"time":75048,"train":7},{"operation":80,"time":75048,"train":7},{"operation":70,"time":75051,"train":52},{"operation":33,"time":75082,"train":2},{"operation":34,"time":75082,"train":2},{"operation":35,"time":75120,"train":2},{"operation":36,"time":75120,"train":2},{"operation":78,"time":75147,"train":0},{"operation":79,"time":75147,"train":0},{"operation":43,"time":75147,"train":49},{"operation":82,"time":75163,"train":7},{"operation":71,"time":75165,"train":52},{"operation":83,"time":75165,"train":7},{"operation":33,"time":75188,"train":55},{"operation":28,"time":75207,"train":54},{"operation":34,"time":75218,"train":55},{"operation":39,"time":75224,"train":2},{"operation":85,"time":75250,"train":7},{"operation":35,"time":75266,"train":55},{"operation":37,"time":75266,"train":55},{"operation":76,"time":75285,"train":52},{"operation":4,"time":75297,"train":53},{"operation":6,"time":75297,"train":53},{"operation":44,"time":75304,"train":49},{"operation":45,"time":75304,"train":49},{"operation":38,"time":75361,"train":55},{"operation":7,"time":75387,"train":53},{"operation":40,"time":75391,"train":55},{"operation":9,"time":75417,"train":53},{"operation":48,"time":75461,"train":49},{"operation":31,"time":75461,"train":54},{"operation":49,"time":75491,"train":49},{"operation":42,"time":75533,"train":55},{"operation":43,"time":75563,"train":55},{"operation":11,"time":75567,"train":53},{"operation":12,"time":75597,"train":53},{"operation":81,"time":75597,"train":0},{"operation":32,"time":75603,"train":54},{"operation":33,"time":75603,"train":54},{"operation":48,"time":75676,"train":55},{"operation":52,"time":75691,"train":49},{"operation":14,"time":75697,"train":53},{"operation":15,"time":75697,"train":53},{"operation":53,"time":75721,"train":49},{"operation":35,"time":75745,"train":54},{"operation":16,"time":75747,"train":53},{"operation":18,"time":75777,"train":53},{"operation":49,"time":75796,"train":55},{"operation":36,"time":75805,"train":54},{"operation":19,"time":75927,"train":53},{"operation":55,"time":75949,"train":49},{"operation":21,"time":75957,"train":53},{"operation":38,"time":76005,"train":54},{"operation":40,"time":76005,"train":2},{"operation":40,"time":76035,"train":54},{"operation":56,"time":76069,"train":49},{"operation":41,"time":76121,"train":54},{"operation":42,"time":76151,"train":54},{"operation":42,"time":76185,"train":2},{"operation":23,"time":76197,"train":53},{"operation":43,"time":76227,"train":54},{"operation":44,"time":76227,"train":54},{"operation":43,"time":76245,"train":2},{"operation":24,"time":76257,"train":53},{"operation":58,"time":76269,"train":49},{"operation":59,"time":76299,"train":49},{"operation":28,"time":76347,"train":53},{"operation":45,"time":76351,"train":54},{"operation":44,"time":76376,"train":2},{"operation":45,"time":76376,"train":2},{"operation":47,"time":76381,"train":54},{"operation":61,"time":76499,"train":49},{"operation":46,"time":76507,"train":2},{"operation":49,"time":76507,"train":2},{"operation":49,"time":76523,"train":54},{"operation":29,"time":76523,"train":53},{"operation":62,"time":76529,"train":49},{"operation":52,"time":76553,"train":54},{"operation":54,"time":76610,"train":54},{"operation":50,"time":76656,"train":2},{"operation":53,"time":76656,"train":2},{"operation":30,"time":76665,"train":53},{"operation":55,"time":76670,"train":54},{"operation":63,"time":76671,"train":49},{"operation":32,"time":76695,"train":53},{"operation":64,"time":76701,"train":49},{"operation":89,"time":76750,"train":7},{"operation":65,"time":76787,"train":49},{"operation":66,"time":76787,"train":49},{"operation":54,"time":76824,"train":2},{"operation":56,"time":76824,"train":2},{"operation":33,"time":76839,"train":53},{"operation":34,"time":76839,"train":53},{"operation":35,"time":76894,"train":53},{"operation":36,"time":76924,"train":53},{"operation":57,"time":76926,"train":54},{"operation":58,"time":76956,"train":54},{"operation":68,"time":76958,"train":49},{"operation":57,"time":76966,"train":2},{"operation":59,"time":76966,"train":2},{"operation":69,"time":76988,"train":49},{"operation":37,"time":77066,"train":53},{"operation":61,"time":77078,"train":2},{"operation":62,"time":77078,"train":2},{"operation":40,"time":77096,"train":53},{"operation":60,"time":77098,"train":54},{"operation":61,"time":77128,"train":54},{"operation":70,"time":77134,"train":49},{"operation":71,"time":77134,"train":49},{"operation":63,"time":77147,"train":2},{"operation":64,"time":77147,"train":2},{"operation":63,"time":77176,"train":54},{"operation":64,"time":77176,"train":54},{"operation":65,"time":77227,"train":2},{"operation":66,"time":77227,"train":2},{"operation":66,"time":77271,"train":54},{"operation":41,"time":77296,"train":53},{"operation":67,"time":77301,"train":54},{"operation":72,"time":77330,"train":49},{"operation":43,"time":77386,"train":53},{"operation":68,"time":77388,"train":2},{"operation":69,"time":77388,"train":2},{"operation":2,"time":77397,"train":31},{"operation":4,"time":77397,"train":31},{"operation":69,"time":77443,"train":54},{"operation":76,"time":77450,"train":49},{"operation":70,"time":77473,"train":54},{"operation":70,"time":77511,"train":2},{"operation":71,"time":77511,"train":2},{"operation":44,"time":77543,"train":53},{"operation":45,"time":77543,"train":53},{"operation":71,"time":77587,"train":54},{"operation":75,"time":77674,"train":2},{"operation":46,"time":77700,"train":53},{"operation":76,"time":77707,"train":54},{"operation":49,"time":77730,"train":53},{"operation":52,"time":77986,"train":53},{"operation":53,"time":78016,"train":53},{"operation":6,"time":78152,"train":31},{"operation":7,"time":78152,"train":31},{"operation":55,"time":78272,"train":53},{"operation":56,"time":78302,"train":53},{"operation":8,"time":78472,"train":31},{"operation":82,"time":78472,"train":0},{"operation":10,"time":78472,"train":31},{"operation":58,"time":78502,"train":53},{"operation":59,"time":78532,"train":53},{"operation":83,"time":78696,"train":0},{"operation":85,"time":78696,"train":0},{"operation":60,"time":78732,"train":53},{"operation":62,"time":78787,"train":53},{"operation":63,"time":78906,"train":53},{"operation":64,"time":78936,"train":53},{"operation":65,"time":79022,"train":53},{"operation":66,"time":79022,"train":53},{"operation":12,"time":79057,"train":31},{"operation":13,"time":79057,"train":31},{"operation":67,"time":79193,"train":53},{"operation":86,"time":79421,"train":0},{"operation":89,"time":79421,"train":0},{"operation":15,"time":79692,"train":31},{"operation":18,"time":79692,"train":31},{"operation":76,"time":79692,"train":2},{"operation":19,"time":79868,"train":31},{"operation":20,"time":79868,"train":31},{"operation":22,"time":80000,"train":31},{"operation":23,"time":80000,"train":31},{"operation":69,"time":80000,"train":53},{"operation":70,"time":80146,"train":53},{"operation":71,"time":80146,"train":53},{"operation":24,"time":80181,"train":31},{"operation":25,"time":80181,"train":31},{"operation":26,"time":80271,"train":31},{"operation":27,"time":80271,"train":31},{"operation":77,"time":80282,"train":2},{"operation":79,"time":80282,"train":2},{"operation":75,"time":80342,"train":53},{"operation":28,"time":80367,"train":31},{"operation":30,"time":80367,"train":31},{"operation":76,"time":80462,"train":53},{"operation":31,"time":80542,"train":31},{"operation":33,"time":80542,"train":31},{"operation":35,"time":80764,"train":31},{"operation":36,"time":80764,"train":31},{"operation":81,"time":80804,"train":2},{"operation":82,"time":80804,"train":2},{"operation":38,"time":81034,"train":31},{"operation":40,"time":81034,"train":31},{"operation":83,"time":81060,"train":2},{"operation":85,"time":81060,"train":2},{"operation":43,"time":81282,"train":31},{"operation":44,"time":81282,"train":31},{"operation":45,"time":81453,"train":31},{"operation":46,"time":81453,"train":31},{"operation":47,"time":81624,"train":31},{"operation":49,"time":81624,"train":31},{"operation":52,"time":81828,"train":31},{"operation":53,"time":81828,"train":31},{"operation":87,"time":81916,"train":2},{"operation":54,"time":81917,"train":31},{"operation":55,"time":81917,"train":31},{"operation":89,"time":81975,"train":2},{"operation":56,"time":82197,"train":31},{"operation":57,"time":82317,"train":31}],"objective_value":57518}