{"events":[{"operation":0,"time":0,"train":0},{"operation":0,"time":0,"train":4},{"operation":0,"time":0,"train":3},{"operation":0,"time":0,"train":5},{"operation":0,"time":0,"train":1},{"operation":0,"time":0,"train":2},{"operation":1,"time":0,"train":1},{"operation":2,"time":12,"train":1},{"operation":1,"time":154,"train":5},{"operation":1,"time":270,"train":3},{"operation":2,"time":270,"train":3},{"operation":1,"time":346,"train":4},{"operation":2,"time":393,"train":4},{"operation":3,"time":477,"train":1},{"operation":4,"time":489,"train":1},{"operation":1,"time":515,"train":2},{"operation":2,"time":558,"train":2},{"operation":3,"time":601,"train":4},{"operation":5,"time":830,"train":4},{"operation":3,"time":863,"train":2},{"operation":5,"time":886,"train":2},{"operation":5,"time":927,"train":1},{"operation":6,"time":940,"train":1},{"operation":8,"time":1059,"train":4},{"operation":11,"time":1092,"train":4},{"operation":1,"time":1144,"train":0},{"operation":2,"time":1156,"train":0},{"operation":3,"time":1192,"train":3},{"operation":4,"time":1206,"train":3},{"operation":2,"time":1365,"train":5},{"operation":19,"time":1531,"train":4},{"operation":25,"time":1560,"train":4},{"operation":6,"time":1633,"train":3},{"operation":7,"time":1654,"train":1},{"operation":8,"time":1656,"train":3},{"operation":8,"time":1668,"train":1},{"operation":3,"time":1788,"train":0},{"operation":4,"time":1788,"train":0},{"operation":3,"time":1830,"train":5},{"operation":5,"time":1997,"train":5},{"operation":14,"time":2084,"train":3},{"operation":20,"time":2119,"train":3},{"operation":31,"time":2212,"train":4},{"operation":9,"time":2213,"train":1},{"operation":10,"time":2228,"train":1},{"operation":37,"time":2233,"train":4},{"operation":30,"time":2276,"train":3},{"operation":46,"time":2429,"train":4},{"operation":50,"time":2435,"train":4},{"operation":7,"time":2447,"train":2},{"operation":9,"time":2447,"train":2},{"operation":40,"time":2448,"train":3},{"operation":52,"time":2549,"train":4},{"operation":54,"time":2555,"train":4},{"operation":5,"time":2595,"train":0},{"operation":6,"time":2607,"train":0},{"operation":7,"time":2618,"train":5},{"operation":55,"time":2620,"train":3},{"operation":75,"time":2664,"train":3},{"operation":9,"time":2816,"train":5},{"operation":56,"time":2903,"train":4},{"operation":58,"time":2924,"train":4},{"operation":8,"time":2963,"train":0},{"operation":10,"time":2982,"train":0},{"operation":12,"time":3060,"train":1},{"operation":14,"time":3078,"train":1},{"operation":86,"time":3103,"train":3},{"operation":92,"time":3130,"train":3},{"operation":97,"time":3246,"train":3},{"operation":103,"time":3253,"train":3},{"operation":15,"time":3362,"train":0},{"operation":12,"time":3380,"train":2},{"operation":16,"time":3392,"train":2},{"operation":21,"time":3409,"train":0},{"operation":61,"time":3522,"train":4},{"operation":65,"time":3552,"train":4},{"operation":30,"time":3617,"train":0},{"operation":11,"time":3619,"train":5},{"operation":13,"time":3631,"train":5},{"operation":68,"time":3658,"train":4},{"operation":71,"time":3665,"train":4},{"operation":17,"time":3727,"train":1},{"operation":21,"time":3748,"train":1},{"operation":110,"time":3786,"train":3},{"operation":112,"time":3807,"train":3},{"operation":40,"time":3823,"train":0},{"operation":22,"time":3857,"train":2},{"operation":26,"time":3869,"train":2},{"operation":15,"time":3987,"train":5},{"operation":115,"time":4003,"train":3},{"operation":119,"time":4009,"train":3},{"operation":17,"time":4010,"train":5},{"operation":54,"time":4029,"train":0},{"operation":73,"time":4073,"train":0},{"operation":121,"time":4123,"train":3},{"operation":123,"time":4129,"train":3},{"operation":84,"time":4206,"train":4},{"operation":86,"time":4228,"train":4},{"operation":23,"time":4259,"train":1},{"operation":26,"time":4277,"train":1},{"operation":30,"time":4307,"train":2},{"operation":34,"time":4320,"train":2},{"operation":21,"time":4390,"train":5},{"operation":27,"time":4434,"train":5},{"operation":125,"time":4477,"train":3},{"operation":127,"time":4498,"train":3},{"operation":88,"time":4504,"train":0},{"operation":88,"time":4506,"train":4},{"operation":91,"time":4521,"train":4},{"operation":94,"time":4527,"train":0},{"operation":99,"time":4623,"train":0},{"operation":35,"time":4629,"train":5},{"operation":105,"time":4629,"train":0},{"operation":94,"time":4630,"train":4},{"operation":29,"time":4692,"train":1},{"operation":33,"time":4709,"train":1},{"operation":97,"time":4768,"train":4},{"operation":45,"time":4790,"train":5},{"operation":58,"time":4892,"train":5},{"operation":80,"time":4925,"train":5},{"operation":38,"time":5034,"train":2},{"operation":42,"time":5048,"train":2},{"operation":100,"time":5056,"train":4},{"operation":103,"time":5069,"train":4},{"operation":111,"time":5073,"train":0},{"operation":113,"time":5091,"train":0},{"operation":130,"time":5096,"train":3},{"operation":134,"time":5126,"train":3},{"operation":38,"time":5184,"train":1},{"operation":106,"time":5190,"train":4},{"operation":107,"time":5190,"train":4},{"operation":44,"time":5201,"train":1},{"operation":137,"time":5232,"train":3},{"operation":140,"time":5239,"train":3},{"operation":49,"time":5293,"train":1},{"operation":55,"time":5305,"train":1},{"operation":88,"time":5345,"train":5},{"operation":94,"time":5369,"train":5},{"operation":46,"time":5593,"train":2},{"operation":50,"time":5608,"train":2},{"operation":115,"time":5766,"train":0},{"operation":153,"time":5780,"train":3},{"operation":155,"time":5802,"train":3},{"operation":100,"time":5912,"train":5},{"operation":106,"time":5930,"train":5},{"operation":61,"time":5945,"train":1},{"operation":63,"time":5962,"train":1},{"operation":157,"time":6080,"train":3},{"operation":115,"time":6093,"train":5},{"operation":160,"time":6095,"train":3},{"operation":119,"time":6098,"train":5},{"operation":121,"time":6193,"train":5},{"operation":123,"time":6198,"train":5},{"operation":164,"time":6204,"train":3},{"operation":170,"time":6246,"train":3},{"operation":108,"time":6288,"train":4},{"operation":109,"time":6288,"train":4},{"operation":110,"time":6288,"train":4},{"operation":179,"time":6336,"train":3},{"operation":183,"time":6351,"train":3},{"operation":54,"time":6443,"train":2},{"operation":58,"time":6458,"train":2},{"operation":125,"time":6488,"train":5},{"operation":127,"time":6509,"train":5},{"operation":66,"time":6652,"train":1},{"operation":70,"time":6661,"train":1},{"operation":191,"time":6951,"train":3},{"operation":193,"time":6971,"train":3},{"operation":130,"time":7008,"train":5},{"operation":62,"time":7015,"train":2},{"operation":66,"time":7030,"train":2},{"operation":134,"time":7033,"train":5},{"operation":76,"time":7040,"train":1},{"operation":80,"time":7054,"train":1},{"operation":137,"time":7121,"train":5},{"operation":140,"time":7127,"train":5},{"operation":119,"time":7190,"train":0},{"operation":82,"time":7359,"train":1},{"operation":85,"time":7370,"train":1},{"operation":69,"time":7468,"train":2},{"operation":72,"time":7484,"train":2},{"operation":154,"time":7578,"train":5},{"operation":156,"time":7614,"train":5},{"operation":131,"time":7689,"train":0},{"operation":194,"time":7714,"train":3},{"operation":135,"time":7738,"train":0},{"operation":195,"time":7739,"train":3},{"operation":158,"time":7846,"train":5},{"operation":161,"time":7859,"train":5},{"operation":75,"time":7889,"train":2},{"operation":79,"time":7910,"train":2},{"operation":88,"time":7935,"train":1},{"operation":166,"time":7950,"train":5},{"operation":92,"time":7956,"train":1},{"operation":172,"time":7971,"train":5},{"operation":178,"time":8046,"train":5},{"operation":182,"time":8058,"train":5},{"operation":149,"time":8282,"train":0},{"operation":152,"time":8318,"train":0},{"operation":82,"time":8355,"train":2},{"operation":88,"time":8370,"train":2},{"operation":97,"time":8390,"train":1},{"operation":100,"time":8414,"train":1},{"operation":93,"time":8449,"train":2},{"operation":99,"time":8459,"train":2},{"operation":196,"time":8543,"train":3},{"operation":159,"time":8550,"train":0},{"operation":188,"time":8558,"train":5},{"operation":197,"time":8563,"train":3},{"operation":162,"time":8563,"train":0},{"operation":190,"time":8578,"train":5},{"operation":166,"time":8654,"train":0},{"operation":172,"time":8696,"train":0},{"operation":181,"time":8771,"train":0},{"operation":185,"time":8783,"train":0},{"operation":105,"time":9008,"train":2},{"operation":107,"time":9023,"train":2},{"operation":198,"time":9080,"train":3},{"operation":199,"time":9100,"train":3},{"operation":114,"time":9115,"train":1},{"operation":118,"time":9137,"train":1},{"operation":191,"time":9180,"train":5},{"operation":192,"time":9201,"train":5},{"operation":121,"time":9233,"train":1},{"operation":124,"time":9238,"train":1},{"operation":193,"time":9283,"train":0},{"operation":195,"time":9358,"train":0},{"operation":110,"time":9615,"train":2},{"operation":114,"time":9623,"train":2},{"operation":136,"time":9797,"train":1},{"operation":138,"time":9814,"train":1},{"operation":193,"time":9871,"train":5},{"operation":194,"time":9888,"train":5},{"operation":200,"time":9914,"train":3},{"operation":201,"time":9935,"train":3},{"operation":196,"time":10000,"train":0},{"operation":119,"time":10002,"train":2},{"operation":123,"time":10020,"train":2},{"operation":197,"time":10045,"train":0},{"operation":202,"time":10164,"train":3},{"operation":203,"time":10169,"train":3},{"operation":141,"time":10199,"train":1},{"operation":144,"time":10203,"train":1},{"operation":204,"time":10283,"train":3},{"operation":205,"time":10290,"train":3},{"operation":147,"time":10299,"train":1},{"operation":150,"time":10304,"train":1},{"operation":195,"time":10318,"train":5},{"operation":125,"time":10324,"train":2},{"operation":196,"time":10335,"train":5},{"operation":128,"time":10337,"train":2},{"operation":153,"time":10427,"train":1},{"operation":156,"time":10444,"train":1},{"operation":206,"time":10705,"train":3},{"operation":198,"time":10715,"train":0},{"operation":207,"time":10726,"train":3},{"operation":199,"time":10732,"train":0},{"operation":134,"time":10856,"train":2},{"operation":138,"time":10871,"train":2},{"operation":157,"time":10993,"train":1},{"operation":158,"time":11011,"train":1},{"operation":197,"time":11013,"train":5},{"operation":198,"time":11030,"train":5},{"operation":208,"time":11111,"train":3},{"operation":209,"time":11116,"train":3},{"operation":200,"time":11162,"train":0},{"operation":201,"time":11187,"train":0},{"operation":199,"time":11221,"train":5},{"operation":200,"time":11225,"train":5},{"operation":210,"time":11241,"train":3},{"operation":211,"time":11247,"train":3},{"operation":141,"time":11257,"train":2},{"operation":144,"time":11278,"train":2},{"operation":201,"time":11320,"train":5},{"operation":202,"time":11320,"train":5},{"operation":159,"time":11466,"train":1},{"operation":160,"time":11470,"train":1},{"operation":212,"time":11501,"train":3},{"operation":214,"time":11507,"train":3},{"operation":161,"time":11565,"train":1},{"operation":163,"time":11589,"train":1},{"operation":216,"time":11719,"train":3},{"operation":218,"time":11725,"train":3},{"operation":202,"time":11865,"train":0},{"operation":158,"time":11879,"train":2},{"operation":203,"time":11882,"train":0},{"operation":162,"time":11898,"train":2},{"operation":165,"time":11980,"train":2},{"operation":168,"time":11984,"train":2},{"operation":166,"time":12040,"train":1},{"operation":170,"time":12058,"train":1},{"operation":220,"time":12059,"train":3},{"operation":222,"time":12064,"train":3},{"operation":204,"time":12073,"train":0},{"operation":205,"time":12077,"train":0},{"operation":206,"time":12172,"train":0},{"operation":207,"time":12178,"train":0},{"operation":224,"time":12298,"train":3},{"operation":226,"time":12304,"train":3},{"operation":180,"time":12463,"train":2},{"operation":182,"time":12478,"train":2},{"operation":208,"time":12524,"train":0},{"operation":209,"time":12541,"train":0},{"operation":175,"time":12649,"train":1},{"operation":178,"time":12666,"train":1},{"operation":185,"time":12808,"train":2},{"operation":188,"time":12812,"train":2},{"operation":228,"time":12815,"train":3},{"operation":230,"time":12819,"train":3},{"operation":210,"time":12881,"train":0},{"operation":211,"time":12886,"train":0},{"operation":191,"time":12893,"train":2},{"operation":194,"time":12898,"train":2},{"operation":232,"time":12934,"train":3},{"operation":234,"time":12940,"train":3},{"operation":197,"time":13004,"train":2},{"operation":212,"time":13011,"train":0},{"operation":213,"time":13017,"train":0},{"operation":200,"time":13018,"train":2},{"operation":236,"time":13249,"train":3},{"operation":238,"time":13254,"train":3},{"operation":214,"time":13270,"train":0},{"operation":216,"time":13275,"train":0},{"operation":182,"time":13284,"train":1},{"operation":186,"time":13301,"train":1},{"operation":218,"time":13452,"train":0},{"operation":220,"time":13457,"train":0},{"operation":240,"time":13467,"train":3},{"operation":242,"time":13473,"train":3},{"operation":201,"time":13488,"train":2},{"operation":202,"time":13504,"train":2},{"operation":222,"time":13735,"train":0},{"operation":224,"time":13739,"train":0},{"operation":189,"time":13859,"train":1},{"operation":192,"time":13876,"train":1},{"operation":203,"time":13895,"train":2},{"operation":204,"time":13899,"train":2},{"operation":226,"time":13934,"train":0},{"operation":228,"time":13939,"train":0},{"operation":245,"time":13944,"train":3},{"operation":247,"time":13962,"train":3},{"operation":205,"time":13980,"train":2},{"operation":207,"time":14001,"train":2},{"operation":249,"time":14350,"train":3},{"operation":230,"time":14365,"train":0},{"operation":232,"time":14369,"train":0},{"operation":251,"time":14374,"train":3},{"operation":210,"time":14388,"train":2},{"operation":214,"time":14404,"train":2},{"operation":234,"time":14464,"train":0},{"operation":236,"time":14469,"train":0},{"operation":195,"time":14492,"train":1},{"operation":198,"time":14509,"train":1},{"operation":238,"time":14726,"train":0},{"operation":240,"time":14730,"train":0},{"operation":253,"time":14826,"train":3},{"operation":255,"time":14844,"train":3},{"operation":242,"time":14908,"train":0},{"operation":219,"time":14911,"train":2},{"operation":244,"time":14913,"train":0},{"operation":222,"time":14926,"train":2},{"operation":201,"time":15109,"train":1},{"operation":205,"time":15130,"train":1},{"operation":246,"time":15306,"train":0},{"operation":256,"time":15308,"train":3},{"operation":258,"time":15313,"train":3},{"operation":248,"time":15329,"train":0},{"operation":226,"time":15456,"train":2},{"operation":230,"time":15470,"train":2},{"operation":260,"time":15518,"train":3},{"operation":262,"time":15524,"train":3},{"operation":250,"time":15652,"train":0},{"operation":252,"time":15672,"train":0},{"operation":207,"time":15705,"train":1},{"operation":211,"time":15722,"train":1},{"operation":215,"time":15905,"train":1},{"operation":219,"time":15924,"train":1},{"operation":233,"time":15949,"train":2},{"operation":236,"time":15964,"train":2},{"operation":223,"time":16038,"train":1},{"operation":264,"time":16065,"train":3},{"operation":266,"time":16070,"train":3},{"operation":254,"time":16104,"train":0},{"operation":256,"time":16127,"train":0},{"operation":268,"time":16184,"train":3},{"operation":270,"time":16190,"train":3},{"operation":231,"time":16247,"train":1},{"operation":257,"time":16274,"train":1},{"operation":272,"time":16471,"train":3},{"operation":274,"time":16490,"train":3},{"operation":239,"time":16492,"train":2},{"operation":242,"time":16506,"train":2},{"operation":258,"time":16514,"train":0},{"operation":260,"time":16518,"train":0},{"operation":291,"time":16524,"train":1},{"operation":262,"time":16689,"train":0},{"operation":264,"time":16694,"train":0},{"operation":315,"time":16733,"train":1},{"operation":341,"time":16776,"train":1},{"operation":344,"time":16929,"train":1},{"operation":349,"time":16963,"train":1},{"operation":246,"time":17020,"train":2},{"operation":250,"time":17035,"train":2},{"operation":266,"time":17145,"train":0},{"operation":268,"time":17149,"train":0},{"operation":270,"time":17244,"train":0},{"operation":272,"time":17249,"train":0},{"operation":276,"time":17278,"train":3},{"operation":278,"time":17305,"train":3},{"operation":280,"time":17421,"train":3},{"operation":282,"time":17427,"train":3},{"operation":275,"time":17484,"train":0},{"operation":354,"time":17500,"train":1},{"operation":356,"time":17500,"train":1},{"operation":277,"time":17500,"train":0},{"operation":254,"time":17528,"train":2},{"operation":258,"time":17543,"train":2},{"operation":262,"time":17701,"train":2},{"operation":266,"time":17717,"train":2},{"operation":272,"time":17815,"train":2},{"operation":284,"time":17836,"train":3},{"operation":286,"time":17842,"train":3},{"operation":288,"time":17956,"train":3},{"operation":290,"time":17962,"train":3},{"operation":293,"time":18027,"train":2},{"operation":319,"time":18050,"train":2},{"operation":279,"time":18209,"train":0},{"operation":281,"time":18231,"train":0},{"operation":326,"time":18301,"train":2},{"operation":292,"time":18316,"train":3},{"operation":283,"time":18328,"train":0},{"operation":285,"time":18333,"train":0},{"operation":294,"time":18336,"train":3},{"operation":338,"time":18513,"train":2},{"operation":296,"time":18517,"train":3},{"operation":300,"time":18526,"train":3},{"operation":364,"time":18556,"train":2},{"operation":286,"time":18674,"train":0},{"operation":288,"time":18679,"train":0},{"operation":388,"time":18709,"train":2},{"operation":393,"time":18743,"train":2},{"operation":290,"time":18774,"train":0},{"operation":292,"time":18779,"train":0},{"operation":295,"time":19085,"train":0},{"operation":297,"time":19105,"train":0},{"operation":301,"time":19256,"train":0},{"operation":305,"time":19264,"train":0},{"operation":398,"time":19280,"train":2},{"operation":400,"time":19280,"train":2},{"operation":304,"time":19672,"train":3},{"operation":306,"time":19684,"train":3},{"operation":308,"time":19900,"train":3},{"operation":310,"time":19908,"train":3},{"operation":312,"time":20073,"train":3},{"operation":314,"time":20082,"train":3},{"operation":307,"time":20351,"train":0},{"operation":316,"time":20359,"train":3},{"operation":309,"time":20362,"train":0},{"operation":318,"time":20380,"train":3},{"operation":311,"time":20578,"train":0},{"operation":313,"time":20586,"train":0},{"operation":320,"time":20635,"train":3},{"operation":322,"time":20641,"train":3},{"operation":315,"time":20779,"train":0},{"operation":317,"time":20789,"train":0},{"operation":324,"time":21027,"train":3},{"operation":326,"time":21033,"train":3},{"operation":319,"time":21063,"train":0},{"operation":321,"time":21084,"train":0},{"operation":328,"time":21147,"train":3},{"operation":330,"time":21175,"train":3},{"operation":323,"time":21297,"train":0},{"operation":325,"time":21306,"train":0},{"operation":333,"time":21446,"train":3},{"operation":335,"time":21517,"train":3},{"operation":326,"time":21628,"train":0},{"operation":328,"time":21634,"train":0},{"operation":330,"time":21748,"train":0},{"operation":332,"time":21776,"train":0},{"operation":334,"time":22047,"train":0},{"operation":336,"time":22118,"train":0},{"operation":339,"time":22163,"train":3},{"operation":343,"time":22187,"train":3},{"operation":338,"time":22777,"train":0},{"operation":342,"time":22801,"train":0},{"operation":345,"time":22820,"train":3},{"operation":347,"time":22841,"train":3},{"operation":348,"time":23334,"train":3},{"operation":350,"time":23339,"train":3},{"operation":346,"time":23362,"train":0},{"operation":352,"time":23547,"train":3},{"operation":348,"time":23551,"train":0},{"operation":354,"time":23553,"train":3},{"operation":350,"time":23962,"train":0},{"operation":352,"time":23966,"train":0},{"operation":356,"time":23997,"train":3},{"operation":358,"time":24005,"train":3},{"operation":360,"time":24115,"train":3},{"operation":354,"time":24139,"train":0},{"operation":363,"time":24148,"train":3},{"operation":356,"time":24217,"train":0},{"operation":358,"time":24588,"train":0},{"operation":359,"time":24598,"train":0},{"operation":360,"time":24690,"train":0},{"operation":361,"time":24717,"train":0},{"operation":366,"time":24821,"train":3},{"operation":369,"time":24839,"train":3},{"operation":362,"time":25278,"train":0},{"operation":363,"time":25294,"train":0},{"operation":372,"time":25619,"train":3},{"operation":375,"time":25638,"train":3},{"operation":364,"time":25943,"train":0},{"operation":365,"time":25959,"train":0},{"operation":378,"time":26416,"train":3},{"operation":366,"time":26432,"train":0},{"operation":380,"time":26438,"train":3},{"operation":382,"time":26593,"train":3},{"operation":385,"time":26622,"train":3},{"operation":367,"time":26641,"train":0},{"operation":368,"time":27227,"train":0},{"operation":369,"time":27253,"train":0},{"operation":396,"time":27270,"train":3},{"operation":399,"time":27291,"train":3},{"operation":402,"time":27992,"train":3},{"operation":370,"time":28009,"train":0},{"operation":371,"time":28009,"train":0},{"operation":372,"time":28009,"train":0},{"operation":405,"time":28012,"train":3},{"operation":408,"time":28781,"train":3},{"operation":410,"time":28802,"train":3},{"operation":414,"time":28971,"train":3},{"operation":416,"time":28976,"train":3},{"operation":418,"time":29091,"train":3},{"operation":420,"time":29097,"train":3},{"operation":422,"time":29529,"train":3},{"operation":424,"time":29534,"train":3},{"operation":426,"time":29731,"train":3},{"operation":428,"time":29738,"train":3},{"operation":430,"time":30009,"train":3},{"operation":432,"time":30019,"train":3},{"operation":435,"time":30475,"train":3},{"operation":439,"time":30496,"train":3},{"operation":444,"time":31226,"train":3},{"operation":447,"time":31246,"train":3},{"operation":450,"time":31730,"train":3},{"operation":453,"time":31752,"train":3},{"operation":455,"time":32364,"train":3},{"operation":458,"time":32397,"train":3},{"operation":470,"time":33029,"train":3},{"operation":473,"time":33052,"train":3},{"operation":476,"time":33706,"train":3},{"operation":478,"time":33731,"train":3},{"operation":480,"time":34227,"train":3},{"operation":483,"time":34251,"train":3},{"operation":486,"time":34809,"train":3},{"operation":489,"time":34834,"train":3},{"operation":492,"time":35275,"train":3},{"operation":495,"time":35298,"train":3},{"operation":498,"time":36054,"train":3},{"operation":502,"time":36077,"train":3},{"operation":506,"time":36672,"train":3},{"operation":508,"time":36672,"train":3}],"objective_value":8110}