{"events":[{"operation":0,"time":0,"train":0},{"operation":0,"time":0,"train":1},{"operation":0,"time":0,"train":2},{"operation":0,"time":0,"train":3},{"operation":0,"time":0,"train":4},{"operation":1,"time":0,"train":2},{"operation":1,"time":0,"train":1},{"operation":0,"time":0,"train":5},{"operation":0,"time":0,"train":6},{"operation":0,"time":0,"train":7},{"operation":1,"time":0,"train":6},{"operation":1,"time":0,"train":7},{"operation":0,"time":0,"train":8},{"operation":1,"time":0,"train":3},{"operation":1,"time":0,"train":8},{"operation":1,"time":0,"train":0},{"operation":2,"time":7,"train":6},{"operation":2,"time":26,"train":2},{"operation":2,"time":40,"train":7},{"operation":3,"time":94,"train":6},{"operation":4,"time":99,"train":6},{"operation":2,"time":189,"train":8},{"operation":3,"time":193,"train":2},{"operation":4,"time":201,"train":2},{"operation":2,"time":212,"train":3},{"operation":3,"time":285,"train":7},{"operation":3,"time":306,"train":3},{"operation":5,"time":356,"train":6},{"operation":6,"time":365,"train":6},{"operation":1,"time":461,"train":4},{"operation":4,"time":469,"train":7},{"operation":2,"time":484,"train":4},{"operation":4,"time":577,"train":3},{"operation":1,"time":605,"train":5},{"operation":2,"time":611,"train":5},{"operation":5,"time":618,"train":3},{"operation":6,"time":618,"train":3},{"operation":7,"time":618,"train":3},{"operation":6,"time":656,"train":2},{"operation":8,"time":676,"train":2},{"operation":5,"time":748,"train":7},{"operation":7,"time":761,"train":6},{"operation":3,"time":784,"train":5},{"operation":4,"time":795,"train":5},{"operation":6,"time":804,"train":7},{"operation":2,"time":817,"train":0},{"operation":2,"time":823,"train":1},{"operation":11,"time":922,"train":2},{"operation":14,"time":932,"train":2},{"operation":3,"time":940,"train":0},{"operation":9,"time":943,"train":6},{"operation":11,"time":1085,"train":6},{"operation":17,"time":1131,"train":2},{"operation":3,"time":1143,"train":8},{"operation":17,"time":1153,"train":6},{"operation":3,"time":1159,"train":4},{"operation":4,"time":1175,"train":4},{"operation":7,"time":1178,"train":7},{"operation":5,"time":1180,"train":5},{"operation":6,"time":1187,"train":5},{"operation":8,"time":1191,"train":7},{"operation":7,"time":1314,"train":5},{"operation":8,"time":1321,"train":5},{"operation":20,"time":1343,"train":2},{"operation":5,"time":1362,"train":8},{"operation":23,"time":1403,"train":6},{"operation":7,"time":1493,"train":8},{"operation":9,"time":1499,"train":8},{"operation":23,"time":1555,"train":2},{"operation":25,"time":1585,"train":6},{"operation":5,"time":1587,"train":4},{"operation":6,"time":1601,"train":4},{"operation":10,"time":1604,"train":7},{"operation":12,"time":1620,"train":7},{"operation":27,"time":1639,"train":6},{"operation":29,"time":1639,"train":6},{"operation":4,"time":1645,"train":1},{"operation":11,"time":1767,"train":8},{"operation":26,"time":1767,"train":2},{"operation":12,"time":1776,"train":8},{"operation":29,"time":1800,"train":2},{"operation":6,"time":1857,"train":1},{"operation":39,"time":1890,"train":2},{"operation":7,"time":1975,"train":4},{"operation":41,"time":2017,"train":2},{"operation":43,"time":2053,"train":2},{"operation":16,"time":2119,"train":7},{"operation":9,"time":2128,"train":1},{"operation":20,"time":2133,"train":7},{"operation":9,"time":2187,"train":4},{"operation":44,"time":2188,"train":2},{"operation":14,"time":2211,"train":8},{"operation":23,"time":2272,"train":7},{"operation":26,"time":2278,"train":7},{"operation":12,"time":2340,"train":1},{"operation":9,"time":2343,"train":5},{"operation":11,"time":2348,"train":5},{"operation":11,"time":2399,"train":4},{"operation":45,"time":2400,"train":2},{"operation":16,"time":2430,"train":8},{"operation":14,"time":2435,"train":4},{"operation":13,"time":2471,"train":5},{"operation":46,"time":2474,"train":2},{"operation":15,"time":2477,"train":5},{"operation":47,"time":2487,"train":2},{"operation":4,"time":2552,"train":0},{"operation":17,"time":2565,"train":4},{"operation":48,"time":2575,"train":2},{"operation":51,"time":2588,"train":2},{"operation":15,"time":2601,"train":1},{"operation":24,"time":2687,"train":8},{"operation":28,"time":2713,"train":7},{"operation":30,"time":2733,"train":7},{"operation":33,"time":2748,"train":8},{"operation":22,"time":2777,"train":4},{"operation":18,"time":2813,"train":1},{"operation":54,"time":2835,"train":2},{"operation":57,"time":2835,"train":2},{"operation":38,"time":2952,"train":8},{"operation":33,"time":2979,"train":7},{"operation":27,"time":2999,"train":4},{"operation":21,"time":3075,"train":1},{"operation":36,"time":3163,"train":7},{"operation":43,"time":3216,"train":8},{"operation":34,"time":3221,"train":4},{"operation":41,"time":3256,"train":4},{"operation":48,"time":3256,"train":4},{"operation":24,"time":3287,"train":1},{"operation":6,"time":3327,"train":0},{"operation":8,"time":3337,"train":0},{"operation":17,"time":3361,"train":5},{"operation":19,"time":3370,"train":5},{"operation":41,"time":3373,"train":7},{"operation":49,"time":3480,"train":8},{"operation":57,"time":3487,"train":8},{"operation":46,"time":3557,"train":7},{"operation":21,"time":3603,"train":5},{"operation":23,"time":3609,"train":5},{"operation":10,"time":3625,"train":0},{"operation":12,"time":3642,"train":0},{"operation":62,"time":3653,"train":8},{"operation":27,"time":3703,"train":1},{"operation":30,"time":3713,"train":1},{"operation":65,"time":3814,"train":8},{"operation":50,"time":3875,"train":7},{"operation":34,"time":3963,"train":1},{"operation":68,"time":3975,"train":8},{"operation":13,"time":4002,"train":0},{"operation":15,"time":4008,"train":0},{"operation":71,"time":4018,"train":8},{"operation":17,"time":4118,"train":0},{"operation":19,"time":4124,"train":0},{"operation":25,"time":4165,"train":5},{"operation":27,"time":4170,"train":5},{"operation":38,"time":4175,"train":1},{"operation":54,"time":4193,"train":7},{"operation":29,"time":4296,"train":5},{"operation":31,"time":4303,"train":5},{"operation":44,"time":4387,"train":1},{"operation":58,"time":4520,"train":7},{"operation":48,"time":4591,"train":1},{"operation":64,"time":4704,"train":7},{"operation":53,"time":4800,"train":1},{"operation":75,"time":4865,"train":8},{"operation":77,"time":4871,"train":8},{"operation":33,"time":4873,"train":5},{"operation":35,"time":4880,"train":5},{"operation":56,"time":5012,"train":1},{"operation":37,"time":5038,"train":5},{"operation":79,"time":5044,"train":8},{"operation":39,"time":5045,"train":5},{"operation":81,"time":5055,"train":8},{"operation":22,"time":5075,"train":0},{"operation":24,"time":5083,"train":0},{"operation":76,"time":5090,"train":7},{"operation":82,"time":5110,"train":7},{"operation":87,"time":5260,"train":7},{"operation":26,"time":5288,"train":0},{"operation":28,"time":5298,"train":0},{"operation":59,"time":5302,"train":1},{"operation":83,"time":5442,"train":8},{"operation":90,"time":5444,"train":7},{"operation":85,"time":5450,"train":8},{"operation":41,"time":5521,"train":5},{"operation":43,"time":5531,"train":5},{"operation":87,"time":5584,"train":8},{"operation":89,"time":5591,"train":8},{"operation":63,"time":5592,"train":1},{"operation":67,"time":5627,"train":1},{"operation":71,"time":5627,"train":1},{"operation":92,"time":5628,"train":7},{"operation":45,"time":5724,"train":5},{"operation":47,"time":5732,"train":5},{"operation":94,"time":5812,"train":7},{"operation":97,"time":6068,"train":7},{"operation":29,"time":6082,"train":0},{"operation":101,"time":6088,"train":7},{"operation":31,"time":6090,"train":0},{"operation":50,"time":6196,"train":5},{"operation":52,"time":6209,"train":5},{"operation":33,"time":6315,"train":0},{"operation":35,"time":6320,"train":0},{"operation":105,"time":6502,"train":7},{"operation":55,"time":6637,"train":5},{"operation":91,"time":6658,"train":8},{"operation":93,"time":6663,"train":8},{"operation":59,"time":6665,"train":5},{"operation":108,"time":6686,"train":7},{"operation":95,"time":6786,"train":8},{"operation":97,"time":6792,"train":8},{"operation":37,"time":6840,"train":0},{"operation":39,"time":6844,"train":0},{"operation":62,"time":6945,"train":5},{"operation":113,"time":6945,"train":7},{"operation":41,"time":6949,"train":0},{"operation":65,"time":6952,"train":5},{"operation":43,"time":6955,"train":0},{"operation":118,"time":7129,"train":7},{"operation":127,"time":7313,"train":7},{"operation":131,"time":7323,"train":7},{"operation":69,"time":7333,"train":5},{"operation":70,"time":7364,"train":5},{"operation":46,"time":7449,"train":0},{"operation":48,"time":7457,"train":0},{"operation":50,"time":7641,"train":0},{"operation":52,"time":7652,"train":0},{"operation":100,"time":7684,"train":8},{"operation":102,"time":7694,"train":8},{"operation":135,"time":7760,"train":7},{"operation":137,"time":7769,"train":7},{"operation":71,"time":7779,"train":5},{"operation":73,"time":7784,"train":5},{"operation":75,"time":7916,"train":5},{"operation":77,"time":7924,"train":5},{"operation":104,"time":7956,"train":8},{"operation":106,"time":7965,"train":8},{"operation":140,"time":8036,"train":7},{"operation":54,"time":8066,"train":0},{"operation":56,"time":8080,"train":0},{"operation":142,"time":8220,"train":7},{"operation":79,"time":8287,"train":5},{"operation":81,"time":8293,"train":5},{"operation":58,"time":8359,"train":0},{"operation":60,"time":8372,"train":0},{"operation":144,"time":8404,"train":7},{"operation":146,"time":8408,"train":7},{"operation":83,"time":8419,"train":5},{"operation":85,"time":8441,"train":5},{"operation":107,"time":8564,"train":8},{"operation":109,"time":8569,"train":8},{"operation":111,"time":8695,"train":8},{"operation":113,"time":8702,"train":8},{"operation":61,"time":8823,"train":0},{"operation":63,"time":8843,"train":0},{"operation":87,"time":9124,"train":5},{"operation":89,"time":9130,"train":5},{"operation":149,"time":9156,"train":7},{"operation":151,"time":9164,"train":7},{"operation":91,"time":9246,"train":5},{"operation":93,"time":9252,"train":5},{"operation":65,"time":9272,"train":0},{"operation":115,"time":9280,"train":8},{"operation":117,"time":9287,"train":8},{"operation":69,"time":9299,"train":0},{"operation":153,"time":9397,"train":7},{"operation":155,"time":9407,"train":7},{"operation":119,"time":9445,"train":8},{"operation":121,"time":9452,"train":8},{"operation":74,"time":9585,"train":0},{"operation":77,"time":9592,"train":0},{"operation":158,"time":9609,"train":7},{"operation":159,"time":9793,"train":7},{"operation":123,"time":9928,"train":8},{"operation":125,"time":9939,"train":8},{"operation":81,"time":9977,"train":0},{"operation":160,"time":9977,"train":7},{"operation":161,"time":9982,"train":7},{"operation":82,"time":10008,"train":0},{"operation":162,"time":10132,"train":7},{"operation":163,"time":10137,"train":7},{"operation":127,"time":10155,"train":8},{"operation":129,"time":10163,"train":8},{"operation":95,"time":10216,"train":5},{"operation":164,"time":10220,"train":7},{"operation":97,"time":10222,"train":5},{"operation":99,"time":10356,"train":5},{"operation":101,"time":10362,"train":5},{"operation":84,"time":10386,"train":0},{"operation":86,"time":10396,"train":0},{"operation":166,"time":10404,"train":7},{"operation":168,"time":10588,"train":7},{"operation":170,"time":10593,"train":7},{"operation":88,"time":10615,"train":0},{"operation":90,"time":10627,"train":0},{"operation":132,"time":10635,"train":8},{"operation":134,"time":10648,"train":8},{"operation":91,"time":10929,"train":0},{"operation":93,"time":10935,"train":0},{"operation":172,"time":10950,"train":7},{"operation":174,"time":10955,"train":7},{"operation":95,"time":11057,"train":0},{"operation":137,"time":11076,"train":8},{"operation":97,"time":11079,"train":0},{"operation":141,"time":11104,"train":8},{"operation":176,"time":11107,"train":7},{"operation":178,"time":11113,"train":7},{"operation":103,"time":11118,"train":5},{"operation":105,"time":11124,"train":5},{"operation":107,"time":11247,"train":5},{"operation":109,"time":11253,"train":5},{"operation":144,"time":11398,"train":8},{"operation":147,"time":11405,"train":8},{"operation":180,"time":11540,"train":7},{"operation":182,"time":11546,"train":7},{"operation":100,"time":11689,"train":0},{"operation":102,"time":11699,"train":0},{"operation":184,"time":11707,"train":7},{"operation":186,"time":11711,"train":7},{"operation":151,"time":11796,"train":8},{"operation":111,"time":11798,"train":5},{"operation":113,"time":11804,"train":5},{"operation":152,"time":11827,"train":8},{"operation":104,"time":11892,"train":0},{"operation":106,"time":11902,"train":0},{"operation":115,"time":11924,"train":5},{"operation":117,"time":11931,"train":5},{"operation":188,"time":11953,"train":7},{"operation":190,"time":11959,"train":7},{"operation":192,"time":12062,"train":7},{"operation":194,"time":12070,"train":7},{"operation":153,"time":12242,"train":8},{"operation":155,"time":12247,"train":8},{"operation":157,"time":12379,"train":8},{"operation":159,"time":12387,"train":8},{"operation":196,"time":12429,"train":7},{"operation":197,"time":12429,"train":7},{"operation":198,"time":12637,"train":7},{"operation":200,"time":12642,"train":7},{"operation":119,"time":12694,"train":5},{"operation":121,"time":12700,"train":5},{"operation":108,"time":12705,"train":0},{"operation":110,"time":12715,"train":0},{"operation":161,"time":12750,"train":8},{"operation":163,"time":12756,"train":8},{"operation":202,"time":12789,"train":7},{"operation":123,"time":12822,"train":5},{"operation":125,"time":12829,"train":5},{"operation":204,"time":12882,"train":7},{"operation":165,"time":12882,"train":8},{"operation":167,"time":12904,"train":8},{"operation":112,"time":12938,"train":0},{"operation":114,"time":12948,"train":0},{"operation":206,"time":12975,"train":7},{"operation":208,"time":13159,"train":7},{"operation":127,"time":13300,"train":5},{"operation":129,"time":13306,"train":5},{"operation":210,"time":13343,"train":7},{"operation":212,"time":13349,"train":7},{"operation":131,"time":13423,"train":5},{"operation":133,"time":13430,"train":5},{"operation":116,"time":13578,"train":0},{"operation":118,"time":13588,"train":0},{"operation":169,"time":13597,"train":8},{"operation":171,"time":13603,"train":8},{"operation":173,"time":13719,"train":8},{"operation":175,"time":13725,"train":8},{"operation":120,"time":13792,"train":0},{"operation":122,"time":13801,"train":0},{"operation":135,"time":13908,"train":5},{"operation":137,"time":13917,"train":5},{"operation":214,"time":13956,"train":7},{"operation":216,"time":13966,"train":7},{"operation":139,"time":14115,"train":5},{"operation":141,"time":14122,"train":5},{"operation":218,"time":14176,"train":7},{"operation":220,"time":14190,"train":7},{"operation":124,"time":14255,"train":0},{"operation":126,"time":14265,"train":0},{"operation":128,"time":14464,"train":0},{"operation":130,"time":14475,"train":0},{"operation":222,"time":14623,"train":7},{"operation":224,"time":14629,"train":7},{"operation":177,"time":14689,"train":8},{"operation":179,"time":14695,"train":8},{"operation":226,"time":14815,"train":7},{"operation":181,"time":14829,"train":8},{"operation":228,"time":14835,"train":7},{"operation":183,"time":14835,"train":8},{"operation":131,"time":15131,"train":0},{"operation":133,"time":15136,"train":0},{"operation":143,"time":15151,"train":5},{"operation":145,"time":15157,"train":5},{"operation":230,"time":15231,"train":7},{"operation":135,"time":15238,"train":0},{"operation":137,"time":15244,"train":0},{"operation":147,"time":15291,"train":5},{"operation":149,"time":15299,"train":5},{"operation":232,"time":15415,"train":7},{"operation":185,"time":15591,"train":8},{"operation":187,"time":15597,"train":8},{"operation":234,"time":15599,"train":7},{"operation":236,"time":15603,"train":7},{"operation":139,"time":15636,"train":0},{"operation":141,"time":15641,"train":0},{"operation":189,"time":15720,"train":8},{"operation":191,"time":15726,"train":8},{"operation":143,"time":15739,"train":0},{"operation":145,"time":15745,"train":0},{"operation":238,"time":15852,"train":7},{"operation":239,"time":16036,"train":7},{"operation":147,"time":16143,"train":0},{"operation":149,"time":16152,"train":0},{"operation":240,"time":16220,"train":7},{"operation":241,"time":16225,"train":7},{"operation":193,"time":16271,"train":8},{"operation":195,"time":16277,"train":8},{"operation":242,"time":16327,"train":7},{"operation":244,"time":16334,"train":7},{"operation":151,"time":16350,"train":0},{"operation":153,"time":16357,"train":0},{"operation":151,"time":16366,"train":5},{"operation":153,"time":16373,"train":5},{"operation":197,"time":16397,"train":8},{"operation":199,"time":16404,"train":8},{"operation":155,"time":16518,"train":5},{"operation":157,"time":16526,"train":5},{"operation":246,"time":16565,"train":7},{"operation":248,"time":16571,"train":7},{"operation":250,"time":16825,"train":7},{"operation":251,"time":17009,"train":7},{"operation":201,"time":17176,"train":8},{"operation":203,"time":17182,"train":8},{"operation":252,"time":17193,"train":7},{"operation":155,"time":17229,"train":0},{"operation":157,"time":17234,"train":0},{"operation":205,"time":17304,"train":8},{"operation":207,"time":17311,"train":8},{"operation":159,"time":17346,"train":0},{"operation":161,"time":17352,"train":0},{"operation":254,"time":17377,"train":7},{"operation":159,"time":17532,"train":5},{"operation":161,"time":17539,"train":5},{"operation":256,"time":17561,"train":7},{"operation":259,"time":17569,"train":7},{"operation":163,"time":17651,"train":5},{"operation":165,"time":17657,"train":5},{"operation":262,"time":17664,"train":7},{"operation":268,"time":17682,"train":7},{"operation":209,"time":17782,"train":8},{"operation":211,"time":17788,"train":8},{"operation":213,"time":17905,"train":8},{"operation":215,"time":17912,"train":8},{"operation":274,"time":18074,"train":7},{"operation":276,"time":18089,"train":7},{"operation":163,"time":18241,"train":0},{"operation":165,"time":18247,"train":0},{"operation":167,"time":18368,"train":0},{"operation":169,"time":18374,"train":0},{"operation":217,"time":18390,"train":8},{"operation":219,"time":18399,"train":8},{"operation":167,"time":18469,"train":5},{"operation":168,"time":18479,"train":5},{"operation":279,"time":18515,"train":7},{"operation":281,"time":18529,"train":7},{"operation":221,"time":18597,"train":8},{"operation":223,"time":18604,"train":8},{"operation":285,"time":18636,"train":7},{"operation":289,"time":18652,"train":7},{"operation":170,"time":18757,"train":5},{"operation":172,"time":18773,"train":5},{"operation":292,"time":19002,"train":7},{"operation":296,"time":19019,"train":7},{"operation":174,"time":19058,"train":5},{"operation":176,"time":19066,"train":5},{"operation":179,"time":19163,"train":5},{"operation":181,"time":19172,"train":5},{"operation":300,"time":19207,"train":7},{"operation":303,"time":19221,"train":7},{"operation":172,"time":19232,"train":0},{"operation":174,"time":19243,"train":0},{"operation":176,"time":19430,"train":0},{"operation":178,"time":19440,"train":0},{"operation":225,"time":19633,"train":8},{"operation":227,"time":19639,"train":8},{"operation":183,"time":19716,"train":5},{"operation":310,"time":19729,"train":7},{"operation":185,"time":19752,"train":5},{"operation":229,"time":19773,"train":8},{"operation":231,"time":19781,"train":8},{"operation":312,"time":19913,"train":7},{"operation":314,"time":20097,"train":7},{"operation":316,"time":20101,"train":7},{"operation":179,"time":20133,"train":0},{"operation":180,"time":20143,"train":0},{"operation":182,"time":20418,"train":0},{"operation":184,"time":20434,"train":0},{"operation":318,"time":20548,"train":7},{"operation":320,"time":20587,"train":7},{"operation":186,"time":20671,"train":0},{"operation":188,"time":20677,"train":0},{"operation":192,"time":20758,"train":0},{"operation":194,"time":20769,"train":0},{"operation":322,"time":20819,"train":7},{"operation":324,"time":20823,"train":7},{"operation":198,"time":20836,"train":5},{"operation":200,"time":20843,"train":5},{"operation":233,"time":20848,"train":8},{"operation":235,"time":20855,"train":8},{"operation":196,"time":20893,"train":0},{"operation":198,"time":20907,"train":0},{"operation":202,"time":20987,"train":5},{"operation":204,"time":20993,"train":5},{"operation":237,"time":21000,"train":8},{"operation":239,"time":21008,"train":8},{"operation":199,"time":21090,"train":0},{"operation":201,"time":21095,"train":0},{"operation":326,"time":21121,"train":7},{"operation":203,"time":21212,"train":0},{"operation":205,"time":21300,"train":0},{"operation":328,"time":21305,"train":7},{"operation":207,"time":21381,"train":0},{"operation":209,"time":21405,"train":0},{"operation":330,"time":21489,"train":7},{"operation":332,"time":21493,"train":7},{"operation":206,"time":21584,"train":5},{"operation":207,"time":21590,"train":5},{"operation":208,"time":21689,"train":5},{"operation":209,"time":21696,"train":5},{"operation":334,"time":21783,"train":7},{"operation":336,"time":21967,"train":7},{"operation":241,"time":22024,"train":8},{"operation":243,"time":22031,"train":8},{"operation":245,"time":22143,"train":8},{"operation":247,"time":22149,"train":8},{"operation":338,"time":22151,"train":7},{"operation":340,"time":22157,"train":7},{"operation":210,"time":22341,"train":0},{"operation":212,"time":22348,"train":0},{"operation":214,"time":22487,"train":0},{"operation":216,"time":22492,"train":0},{"operation":342,"time":22538,"train":7},{"operation":344,"time":22722,"train":7},{"operation":210,"time":22847,"train":5},{"operation":212,"time":22869,"train":5},{"operation":346,"time":22906,"train":7},{"operation":348,"time":22911,"train":7},{"operation":249,"time":22961,"train":8},{"operation":214,"time":22971,"train":5},{"operation":250,"time":22971,"train":8},{"operation":216,"time":22977,"train":5},{"operation":218,"time":22985,"train":0},{"operation":219,"time":22991,"train":0},{"operation":220,"time":23090,"train":0},{"operation":221,"time":23097,"train":0},{"operation":252,"time":23261,"train":8},{"operation":254,"time":23269,"train":8},{"operation":350,"time":23398,"train":7},{"operation":256,"time":23554,"train":8},{"operation":352,"time":23582,"train":7},{"operation":218,"time":23692,"train":5},{"operation":220,"time":23698,"train":5},{"operation":354,"time":23766,"train":7},{"operation":356,"time":23770,"train":7},{"operation":258,"time":23773,"train":8},{"operation":222,"time":23824,"train":5},{"operation":224,"time":23830,"train":5},{"operation":260,"time":23992,"train":8},{"operation":263,"time":24001,"train":8},{"operation":358,"time":24026,"train":7},{"operation":359,"time":24210,"train":7},{"operation":222,"time":24233,"train":0},{"operation":224,"time":24251,"train":0},{"operation":226,"time":24336,"train":0},{"operation":228,"time":24341,"train":0},{"operation":360,"time":24394,"train":7},{"operation":361,"time":24398,"train":7},{"operation":269,"time":24545,"train":8},{"operation":271,"time":24581,"train":8},{"operation":362,"time":24723,"train":7},{"operation":364,"time":24727,"train":7},{"operation":366,"time":24820,"train":7},{"operation":368,"time":24824,"train":7},{"operation":226,"time":24915,"train":5},{"operation":228,"time":24919,"train":5},{"operation":230,"time":24937,"train":0},{"operation":232,"time":24942,"train":0},{"operation":230,"time":25025,"train":5},{"operation":232,"time":25031,"train":5},{"operation":234,"time":25047,"train":0},{"operation":236,"time":25131,"train":0},{"operation":370,"time":25195,"train":7},{"operation":372,"time":25379,"train":7},{"operation":374,"time":25635,"train":7},{"operation":377,"time":25660,"train":7},{"operation":285,"time":25673,"train":8},{"operation":287,"time":25681,"train":8},{"operation":235,"time":25750,"train":5},{"operation":237,"time":25756,"train":5},{"operation":289,"time":25834,"train":8},{"operation":291,"time":25840,"train":8},{"operation":380,"time":25942,"train":7},{"operation":383,"time":25980,"train":7},{"operation":239,"time":25992,"train":5},{"operation":241,"time":26007,"train":5},{"operation":238,"time":26034,"train":0},{"operation":240,"time":26038,"train":0},{"operation":242,"time":26126,"train":0},{"operation":244,"time":26131,"train":0},{"operation":242,"time":26268,"train":5},{"operation":244,"time":26274,"train":5},{"operation":246,"time":26405,"train":5},{"operation":248,"time":26411,"train":5},{"operation":293,"time":26431,"train":8},{"operation":294,"time":26650,"train":8},{"operation":386,"time":26662,"train":7},{"operation":246,"time":26750,"train":0},{"operation":248,"time":26764,"train":0},{"operation":387,"time":26846,"train":7},{"operation":295,"time":26869,"train":8},{"operation":296,"time":26876,"train":8},{"operation":388,"time":27030,"train":7},{"operation":390,"time":27035,"train":7},{"operation":250,"time":27090,"train":0},{"operation":252,"time":27100,"train":0},{"operation":392,"time":27119,"train":7},{"operation":394,"time":27126,"train":7},{"operation":250,"time":27332,"train":5},{"operation":252,"time":27340,"train":5},{"operation":254,"time":27351,"train":0},{"operation":256,"time":27357,"train":0},{"operation":396,"time":27437,"train":7},{"operation":398,"time":27464,"train":7},{"operation":254,"time":27472,"train":5},{"operation":256,"time":27480,"train":5},{"operation":258,"time":27482,"train":0},{"operation":260,"time":27552,"train":0},{"operation":400,"time":27700,"train":7},{"operation":402,"time":27712,"train":7},{"operation":258,"time":27936,"train":5},{"operation":260,"time":27941,"train":5},{"operation":406,"time":27984,"train":7},{"operation":262,"time":28071,"train":5},{"operation":264,"time":28077,"train":5},{"operation":297,"time":28084,"train":8},{"operation":299,"time":28106,"train":8},{"operation":408,"time":28168,"train":7},{"operation":301,"time":28251,"train":8},{"operation":303,"time":28257,"train":8},{"operation":410,"time":28352,"train":7},{"operation":262,"time":28356,"train":0},{"operation":412,"time":28357,"train":7},{"operation":264,"time":28364,"train":0},{"operation":266,"time":28496,"train":0},{"operation":268,"time":28504,"train":0},{"operation":414,"time":28542,"train":7},{"operation":266,"time":28554,"train":5},{"operation":268,"time":28568,"train":5},{"operation":270,"time":28681,"train":5},{"operation":272,"time":28687,"train":5},{"operation":415,"time":28726,"train":7},{"operation":416,"time":28931,"train":7},{"operation":418,"time":28949,"train":7},{"operation":271,"time":28952,"train":0},{"operation":273,"time":28962,"train":0},{"operation":305,"time":28972,"train":8},{"operation":307,"time":28978,"train":8},{"operation":420,"time":29069,"train":7},{"operation":422,"time":29075,"train":7},{"operation":309,"time":29104,"train":8},{"operation":311,"time":29110,"train":8},{"operation":275,"time":29221,"train":0},{"operation":274,"time":29224,"train":5},{"operation":276,"time":29232,"train":5},{"operation":277,"time":29233,"train":0},{"operation":278,"time":29365,"train":5},{"operation":424,"time":29371,"train":7},{"operation":280,"time":29373,"train":5},{"operation":426,"time":29555,"train":7},{"operation":279,"time":29630,"train":0},{"operation":281,"time":29658,"train":0},{"operation":428,"time":29739,"train":7},{"operation":430,"time":29745,"train":7},{"operation":283,"time":29880,"train":0},{"operation":285,"time":29890,"train":0},{"operation":432,"time":29987,"train":7},{"operation":434,"time":29991,"train":7},{"operation":436,"time":30097,"train":7},{"operation":438,"time":30105,"train":7},{"operation":282,"time":30146,"train":5},{"operation":284,"time":30152,"train":5},{"operation":313,"time":30195,"train":8},{"operation":286,"time":30260,"train":5},{"operation":288,"time":30266,"train":5},{"operation":440,"time":30384,"train":7},{"operation":441,"time":30389,"train":7},{"operation":286,"time":30407,"train":0},{"operation":315,"time":30414,"train":8},{"operation":288,"time":30415,"train":0},{"operation":442,"time":30470,"train":7},{"operation":443,"time":30475,"train":7},{"operation":317,"time":30542,"train":8},{"operation":290,"time":30548,"train":0},{"operation":319,"time":30548,"train":8},{"operation":292,"time":30556,"train":0},{"operation":444,"time":30873,"train":7},{"operation":445,"time":30882,"train":7},{"operation":446,"time":31016,"train":7},{"operation":448,"time":31028,"train":7},{"operation":450,"time":31232,"train":7},{"operation":452,"time":31238,"train":7},{"operation":322,"time":31276,"train":8},{"operation":324,"time":31282,"train":8},{"operation":290,"time":31298,"train":5},{"operation":292,"time":31303,"train":5},{"operation":294,"time":31322,"train":0},{"operation":296,"time":31327,"train":0},{"operation":294,"time":31416,"train":5},{"operation":298,"time":31417,"train":0},{"operation":296,"time":31422,"train":5},{"operation":300,"time":31515,"train":0},{"operation":326,"time":31518,"train":8},{"operation":327,"time":31518,"train":8},{"operation":454,"time":31739,"train":7},{"operation":456,"time":31743,"train":7},{"operation":458,"time":31830,"train":7},{"operation":460,"time":31835,"train":7},{"operation":298,"time":31905,"train":5},{"operation":300,"time":31912,"train":5},{"operation":302,"time":32035,"train":5},{"operation":304,"time":32041,"train":5},{"operation":462,"time":32085,"train":7},{"operation":464,"time":32269,"train":7},{"operation":303,"time":32431,"train":0},{"operation":305,"time":32444,"train":0},{"operation":466,"time":32453,"train":7},{"operation":468,"time":32459,"train":7},{"operation":470,"time":32669,"train":7},{"operation":307,"time":32724,"train":0},{"operation":306,"time":32735,"train":5},{"operation":309,"time":32736,"train":0},{"operation":308,"time":32742,"train":5},{"operation":310,"time":32847,"train":5},{"operation":472,"time":32853,"train":7},{"operation":312,"time":32853,"train":5},{"operation":474,"time":33037,"train":7},{"operation":476,"time":33043,"train":7},{"operation":310,"time":33139,"train":0},{"operation":312,"time":33145,"train":0},{"operation":314,"time":33247,"train":0},{"operation":316,"time":33252,"train":0},{"operation":478,"time":33366,"train":7},{"operation":480,"time":33373,"train":7},{"operation":314,"time":33455,"train":5},{"operation":482,"time":33461,"train":7},{"operation":316,"time":33461,"train":5},{"operation":484,"time":33467,"train":7},{"operation":318,"time":33599,"train":5},{"operation":320,"time":33605,"train":5},{"operation":486,"time":33858,"train":7},{"operation":318,"time":33928,"train":0},{"operation":320,"time":33934,"train":0},{"operation":322,"time":34022,"train":0},{"operation":324,"time":34027,"train":0},{"operation":488,"time":34042,"train":7},{"operation":490,"time":34226,"train":7},{"operation":492,"time":34232,"train":7},{"operation":322,"time":34246,"train":5},{"operation":323,"time":34253,"train":5},{"operation":324,"time":34359,"train":5},{"operation":325,"time":34367,"train":5},{"operation":494,"time":34515,"train":7},{"operation":326,"time":34576,"train":0},{"operation":328,"time":34582,"train":0},{"operation":495,"time":34699,"train":7},{"operation":330,"time":34720,"train":0},{"operation":332,"time":34725,"train":0},{"operation":496,"time":34883,"train":7},{"operation":497,"time":34888,"train":7},{"operation":326,"time":35007,"train":5},{"operation":328,"time":35012,"train":5},{"operation":498,"time":35064,"train":7},{"operation":500,"time":35069,"train":7},{"operation":330,"time":35113,"train":5},{"operation":332,"time":35119,"train":5},{"operation":502,"time":35178,"train":7},{"operation":504,"time":35271,"train":7},{"operation":334,"time":35280,"train":0},{"operation":335,"time":35286,"train":0},{"operation":506,"time":35366,"train":7},{"operation":510,"time":35372,"train":7},{"operation":336,"time":35375,"train":0},{"operation":337,"time":35382,"train":0},{"operation":514,"time":35476,"train":7},{"operation":517,"time":35481,"train":7},{"operation":334,"time":35850,"train":5},{"operation":336,"time":35859,"train":5},{"operation":338,"time":35995,"train":0},{"operation":340,"time":36000,"train":0},{"operation":520,"time":36061,"train":7},{"operation":524,"time":36071,"train":7},{"operation":342,"time":36101,"train":0},{"operation":344,"time":36107,"train":0},{"operation":338,"time":36265,"train":5},{"operation":340,"time":36272,"train":5},{"operation":342,"time":36489,"train":5},{"operation":343,"time":36502,"train":5},{"operation":532,"time":36505,"train":7},{"operation":536,"time":36526,"train":7},{"operation":344,"time":36725,"train":5},{"operation":345,"time":36732,"train":5},{"operation":346,"time":36838,"train":0},{"operation":348,"time":36847,"train":0},{"operation":346,"time":36995,"train":5},{"operation":540,"time":37002,"train":7},{"operation":348,"time":37004,"train":5},{"operation":350,"time":37149,"train":5},{"operation":543,"time":37186,"train":7},{"operation":350,"time":37250,"train":0},{"operation":353,"time":37257,"train":0},{"operation":352,"time":37281,"train":5},{"operation":354,"time":37413,"train":5},{"operation":546,"time":37416,"train":7},{"operation":356,"time":37440,"train":5},{"operation":356,"time":37471,"train":0},{"operation":359,"time":37484,"train":0},{"operation":549,"time":37646,"train":7},{"operation":362,"time":37707,"train":0},{"operation":365,"time":37713,"train":0},{"operation":552,"time":37877,"train":7},{"operation":369,"time":37952,"train":0},{"operation":371,"time":37960,"train":0},{"operation":373,"time":38092,"train":0},{"operation":555,"time":38108,"train":7},{"operation":358,"time":38166,"train":5},{"operation":359,"time":38177,"train":5},{"operation":375,"time":38187,"train":0},{"operation":377,"time":38282,"train":0},{"operation":360,"time":38337,"train":5},{"operation":558,"time":38339,"train":7},{"operation":361,"time":38350,"train":5},{"operation":379,"time":38389,"train":0},{"operation":562,"time":38568,"train":7},{"operation":570,"time":38618,"train":7},{"operation":363,"time":38680,"train":5},{"operation":365,"time":38687,"train":5},{"operation":573,"time":38872,"train":7},{"operation":381,"time":39053,"train":0},{"operation":576,"time":39056,"train":7},{"operation":382,"time":39064,"train":0},{"operation":367,"time":39175,"train":5},{"operation":369,"time":39183,"train":5},{"operation":383,"time":39221,"train":0},{"operation":384,"time":39234,"train":0},{"operation":581,"time":39240,"train":7},{"operation":586,"time":39250,"train":7},{"operation":370,"time":39488,"train":5},{"operation":372,"time":39498,"train":5},{"operation":386,"time":39509,"train":0},{"operation":388,"time":39515,"train":0},{"operation":589,"time":39657,"train":7},{"operation":592,"time":39676,"train":7},{"operation":374,"time":39729,"train":5},{"operation":376,"time":39735,"train":5},{"operation":390,"time":39922,"train":0},{"operation":392,"time":39929,"train":0},{"operation":379,"time":40137,"train":5},{"operation":381,"time":40147,"train":5},{"operation":598,"time":40149,"train":7},{"operation":600,"time":40149,"train":7},{"operation":393,"time":40203,"train":0},{"operation":395,"time":40212,"train":0},{"operation":383,"time":40356,"train":5},{"operation":385,"time":40365,"train":5},{"operation":397,"time":40425,"train":0},{"operation":399,"time":40431,"train":0},{"operation":402,"time":40795,"train":0},{"operation":404,"time":40805,"train":0},{"operation":387,"time":40812,"train":5},{"operation":389,"time":40824,"train":5},{"operation":406,"time":41005,"train":0},{"operation":408,"time":41036,"train":0},{"operation":391,"time":41081,"train":5},{"operation":393,"time":41293,"train":5},{"operation":409,"time":41483,"train":0},{"operation":395,"time":41556,"train":5},{"operation":411,"time":41692,"train":0},{"operation":397,"time":41819,"train":5},{"operation":399,"time":41870,"train":5},{"operation":402,"time":41870,"train":5},{"operation":413,"time":41901,"train":0},{"operation":415,"time":41913,"train":0},{"operation":417,"time":42122,"train":0},{"operation":419,"time":42331,"train":0},{"operation":421,"time":42540,"train":0},{"operation":423,"time":42749,"train":0},{"operation":424,"time":42800,"train":0},{"operation":425,"time":42800,"train":0}],"objective_value":27457}