{"events":[{"operation":0,"time":0,"train":0},{"operation":0,"time":0,"train":1},{"operation":0,"time":0,"train":2},{"operation":0,"time":0,"train":3},{"operation":0,"time":0,"train":4},{"operation":0,"time":0,"train":5},{"operation":0,"time":0,"train":6},{"operation":0,"time":0,"train":7},{"operation":0,"time":0,"train":8},{"operation":0,"time":0,"train":9},{"operation":0,"time":0,"train":10},{"operation":0,"time":0,"train":11},{"operation":1,"time":8727,"train":5},{"operation":1,"time":8757,"train":1},{"operation":1,"time":8757,"train":2},{"operation":1,"time":8766,"train":0},{"operation":1,"time":8817,"train":8},{"operation":2,"time":8877,"train":1},{"operation":2,"time":8877,"train":5},{"operation":3,"time":8907,"train":0},{"operation":2,"time":8907,"train":2},{"operation":1,"time":8937,"train":6},{"operation":3,"time":8967,"train":8},{"operation":2,"time":9102,"train":6},{"operation":3,"time":9102,"train":6},{"operation":4,"time":9267,"train":6},{"operation":7,"time":9297,"train":6},{"operation":10,"time":9487,"train":6},{"operation":11,"time":9537,"train":6},{"operation":4,"time":9557,"train":2},{"operation":6,"time":9568,"train":1},{"operation":4,"time":9597,"train":3},{"operation":6,"time":9597,"train":3},{"operation":7,"time":9671,"train":2},{"operation":8,"time":9687,"train":3},{"operation":9,"time":9717,"train":3},{"operation":4,"time":9756,"train":0},{"operation":12,"time":9777,"train":6},{"operation":4,"time":9783,"train":5},{"operation":4,"time":9791,"train":8},{"operation":10,"time":9791,"train":2},{"operation":11,"time":9867,"train":3},{"operation":6,"time":9886,"train":8},{"operation":7,"time":9886,"train":8},{"operation":12,"time":9897,"train":3},{"operation":14,"time":9897,"train":6},{"operation":5,"time":9927,"train":0},{"operation":6,"time":9927,"train":0},{"operation":8,"time":9934,"train":8},{"operation":10,"time":9964,"train":8},{"operation":6,"time":9983,"train":5},{"operation":14,"time":9997,"train":3},{"operation":15,"time":9997,"train":3},{"operation":8,"time":10013,"train":5},{"operation":7,"time":10013,"train":0},{"operation":8,"time":10043,"train":0},{"operation":16,"time":10047,"train":3},{"operation":11,"time":10106,"train":8},{"operation":18,"time":10106,"train":3},{"operation":16,"time":10107,"train":6},{"operation":13,"time":10136,"train":8},{"operation":17,"time":10137,"train":6},{"operation":9,"time":10155,"train":5},{"operation":10,"time":10185,"train":5},{"operation":9,"time":10185,"train":0},{"operation":11,"time":10236,"train":5},{"operation":12,"time":10236,"train":5},{"operation":20,"time":10248,"train":3},{"operation":19,"time":10287,"train":6},{"operation":11,"time":10287,"train":0},{"operation":3,"time":10317,"train":10},{"operation":5,"time":10317,"train":10},{"operation":20,"time":10317,"train":6},{"operation":14,"time":10364,"train":8},{"operation":21,"time":10364,"train":3},{"operation":13,"time":10384,"train":5},{"operation":15,"time":10414,"train":5},{"operation":16,"time":10424,"train":8},{"operation":21,"time":10467,"train":6},{"operation":12,"time":10487,"train":0},{"operation":2,"time":10497,"train":4},{"operation":6,"time":10497,"train":4},{"operation":22,"time":10497,"train":6},{"operation":17,"time":10510,"train":8},{"operation":14,"time":10517,"train":0},{"operation":6,"time":10523,"train":10},{"operation":7,"time":10523,"train":10},{"operation":19,"time":10556,"train":5},{"operation":21,"time":10556,"train":8},{"operation":20,"time":10586,"train":5},{"operation":7,"time":10587,"train":4},{"operation":23,"time":10587,"train":6},{"operation":24,"time":10587,"train":6},{"operation":22,"time":10592,"train":3},{"operation":9,"time":10617,"train":4},{"operation":22,"time":10643,"train":5},{"operation":24,"time":10652,"train":3},{"operation":3,"time":10677,"train":7},{"operation":9,"time":10677,"train":10},{"operation":5,"time":10677,"train":7},{"operation":22,"time":10698,"train":8},{"operation":23,"time":10703,"train":5},{"operation":16,"time":10717,"train":0},{"operation":24,"time":10728,"train":8},{"operation":6,"time":10737,"train":7},{"operation":17,"time":10747,"train":0},{"operation":25,"time":10766,"train":3},{"operation":10,"time":10767,"train":4},{"operation":25,"time":10767,"train":6},{"operation":12,"time":10797,"train":4},{"operation":10,"time":10797,"train":10},{"operation":27,"time":10797,"train":6},{"operation":25,"time":10872,"train":8},{"operation":26,"time":10872,"train":8},{"operation":29,"time":10886,"train":3},{"operation":13,"time":10897,"train":4},{"operation":15,"time":10897,"train":4},{"operation":27,"time":10927,"train":8},{"operation":20,"time":10947,"train":0},{"operation":17,"time":10947,"train":4},{"operation":28,"time":10951,"train":6},{"operation":29,"time":10951,"train":6},{"operation":28,"time":10957,"train":8},{"operation":25,"time":10959,"train":5},{"operation":8,"time":10959,"train":7},{"operation":11,"time":10977,"train":10},{"operation":12,"time":10977,"train":10},{"operation":18,"time":10977,"train":4},{"operation":21,"time":10977,"train":0},{"operation":26,"time":10989,"train":5},{"operation":13,"time":11067,"train":10},{"operation":14,"time":11097,"train":10},{"operation":30,"time":11099,"train":8},{"operation":20,"time":11127,"train":4},{"operation":32,"time":11129,"train":8},{"operation":27,"time":11131,"train":5},{"operation":21,"time":11157,"train":4},{"operation":30,"time":11157,"train":6},{"operation":29,"time":11161,"train":5},{"operation":23,"time":11177,"train":0},{"operation":25,"time":11207,"train":0},{"operation":31,"time":11209,"train":5},{"operation":32,"time":11209,"train":5},{"operation":9,"time":11215,"train":7},{"operation":11,"time":11245,"train":7},{"operation":16,"time":11247,"train":10},{"operation":17,"time":11277,"train":10},{"operation":34,"time":11277,"train":6},{"operation":33,"time":11304,"train":5},{"operation":34,"time":11329,"train":8},{"operation":35,"time":11334,"train":5},{"operation":26,"time":11364,"train":0},{"operation":27,"time":11364,"train":0},{"operation":13,"time":11387,"train":7},{"operation":22,"time":11397,"train":4},{"operation":14,"time":11417,"train":7},{"operation":18,"time":11427,"train":10},{"operation":24,"time":11457,"train":4},{"operation":20,"time":11457,"train":10},{"operation":15,"time":11465,"train":7},{"operation":17,"time":11465,"train":7},{"operation":36,"time":11476,"train":5},{"operation":38,"time":11506,"train":5},{"operation":28,"time":11521,"train":0},{"operation":35,"time":11521,"train":8},{"operation":27,"time":11547,"train":4},{"operation":30,"time":11551,"train":0},{"operation":19,"time":11560,"train":7},{"operation":29,"time":11577,"train":4},{"operation":20,"time":11590,"train":7},{"operation":41,"time":11620,"train":5},{"operation":22,"time":11667,"train":10},{"operation":36,"time":11678,"train":8},{"operation":37,"time":11678,"train":8},{"operation":23,"time":11697,"train":10},{"operation":31,"time":11727,"train":4},{"operation":22,"time":11732,"train":7},{"operation":44,"time":11740,"train":5},{"operation":31,"time":11751,"train":0},{"operation":32,"time":11757,"train":4},{"operation":23,"time":11762,"train":7},{"operation":39,"time":11835,"train":8},{"operation":41,"time":11865,"train":8},{"operation":25,"time":11876,"train":7},{"operation":26,"time":11907,"train":10},{"operation":33,"time":11909,"train":4},{"operation":34,"time":11909,"train":4},{"operation":35,"time":11967,"train":4},{"operation":29,"time":11996,"train":7},{"operation":36,"time":11997,"train":4},{"operation":42,"time":12065,"train":8},{"operation":27,"time":12065,"train":10},{"operation":45,"time":12095,"train":8},{"operation":4,"time":12117,"train":11},{"operation":5,"time":12117,"train":11},{"operation":38,"time":12147,"train":4},{"operation":34,"time":12147,"train":0},{"operation":40,"time":12177,"train":4},{"operation":29,"time":12265,"train":10},{"operation":35,"time":12289,"train":0},{"operation":31,"time":12295,"train":10},{"operation":36,"time":12319,"train":0},{"operation":47,"time":12323,"train":8},{"operation":6,"time":12323,"train":11},{"operation":7,"time":12323,"train":11},{"operation":37,"time":12377,"train":0},{"operation":38,"time":12377,"train":0},{"operation":41,"time":12387,"train":4},{"operation":32,"time":12437,"train":10},{"operation":33,"time":12437,"train":10},{"operation":48,"time":12443,"train":8},{"operation":2,"time":12477,"train":9},{"operation":5,"time":12477,"train":9},{"operation":9,"time":12477,"train":11},{"operation":39,"time":12519,"train":0},{"operation":7,"time":12537,"train":9},{"operation":41,"time":12549,"train":0},{"operation":35,"time":12579,"train":10},{"operation":43,"time":12579,"train":4},{"operation":8,"time":12597,"train":9},{"operation":10,"time":12597,"train":11},{"operation":36,"time":12639,"train":10},{"operation":49,"time":12643,"train":8},{"operation":51,"time":12673,"train":8},{"operation":42,"time":12691,"train":0},{"operation":44,"time":12707,"train":4},{"operation":45,"time":12707,"train":4},{"operation":46,"time":12721,"train":0},{"operation":11,"time":12737,"train":11},{"operation":12,"time":12737,"train":11},{"operation":47,"time":12778,"train":0},{"operation":13,"time":12807,"train":11},{"operation":52,"time":12815,"train":8},{"operation":47,"time":12835,"train":4},{"operation":14,"time":12837,"train":11},{"operation":38,"time":12839,"train":10},{"operation":49,"time":12865,"train":4},{"operation":10,"time":12867,"train":9},{"operation":49,"time":12867,"train":0},{"operation":40,"time":12869,"train":10},{"operation":11,"time":12897,"train":9},{"operation":16,"time":12987,"train":11},{"operation":54,"time":12987,"train":8},{"operation":41,"time":13011,"train":10},{"operation":17,"time":13017,"train":11},{"operation":42,"time":13041,"train":10},{"operation":12,"time":13047,"train":9},{"operation":50,"time":13065,"train":4},{"operation":14,"time":13077,"train":9},{"operation":43,"time":13092,"train":10},{"operation":44,"time":13092,"train":10},{"operation":53,"time":13095,"train":4},{"operation":51,"time":13123,"train":0},{"operation":16,"time":13127,"train":9},{"operation":17,"time":13127,"train":9},{"operation":55,"time":13129,"train":8},{"operation":52,"time":13153,"train":0},{"operation":56,"time":13159,"train":8},{"operation":18,"time":13167,"train":11},{"operation":20,"time":13197,"train":11},{"operation":19,"time":13227,"train":9},{"operation":45,"time":13240,"train":10},{"operation":57,"time":13245,"train":8},{"operation":58,"time":13245,"train":8},{"operation":20,"time":13257,"train":9},{"operation":47,"time":13270,"train":10},{"operation":54,"time":13295,"train":0},{"operation":55,"time":13323,"train":4},{"operation":55,"time":13325,"train":0},{"operation":56,"time":13373,"train":0},{"operation":58,"time":13373,"train":0},{"operation":21,"time":13407,"train":9},{"operation":21,"time":13407,"train":11},{"operation":48,"time":13412,"train":10},{"operation":60,"time":13416,"train":8},{"operation":23,"time":13437,"train":9},{"operation":23,"time":13437,"train":11},{"operation":52,"time":13442,"train":10},{"operation":56,"time":13443,"train":4},{"operation":61,"time":13446,"train":8},{"operation":59,"time":13468,"train":0},{"operation":61,"time":13498,"train":0},{"operation":53,"time":13499,"train":10},{"operation":28,"time":13557,"train":9},{"operation":55,"time":13559,"train":10},{"operation":62,"time":13592,"train":8},{"operation":63,"time":13592,"train":8},{"operation":63,"time":13640,"train":0},{"operation":58,"time":13647,"train":4},{"operation":64,"time":13670,"train":0},{"operation":59,"time":13677,"train":4},{"operation":29,"time":13677,"train":9},{"operation":26,"time":13707,"train":11},{"operation":27,"time":13737,"train":11},{"operation":66,"time":13784,"train":0},{"operation":64,"time":13788,"train":8},{"operation":57,"time":13815,"train":10},{"operation":60,"time":13827,"train":4},{"operation":58,"time":13845,"train":10},{"operation":62,"time":13857,"train":4},{"operation":70,"time":13904,"train":0},{"operation":68,"time":13908,"train":8},{"operation":28,"time":13947,"train":11},{"operation":31,"time":13977,"train":11},{"operation":59,"time":13987,"train":10},{"operation":63,"time":14007,"train":4},{"operation":61,"time":14017,"train":10},{"operation":64,"time":14037,"train":4},{"operation":63,"time":14065,"train":10},{"operation":64,"time":14065,"train":10},{"operation":32,"time":14127,"train":11},{"operation":33,"time":14127,"train":11},{"operation":65,"time":14127,"train":4},{"operation":66,"time":14127,"train":4},{"operation":65,"time":14160,"train":10},{"operation":67,"time":14190,"train":10},{"operation":35,"time":14277,"train":11},{"operation":67,"time":14307,"train":4},{"operation":68,"time":14332,"train":10},{"operation":36,"time":14337,"train":11},{"operation":69,"time":14337,"train":4},{"operation":70,"time":14362,"train":10},{"operation":71,"time":14476,"train":10},{"operation":70,"time":14478,"train":4},{"operation":71,"time":14478,"train":4},{"operation":38,"time":14547,"train":11},{"operation":40,"time":14577,"train":11},{"operation":76,"time":14596,"train":10},{"operation":41,"time":14667,"train":11},{"operation":74,"time":14667,"train":4},{"operation":42,"time":14697,"train":11},{"operation":43,"time":14758,"train":11},{"operation":44,"time":14758,"train":11},{"operation":76,"time":14787,"train":4},{"operation":46,"time":14907,"train":11},{"operation":47,"time":14966,"train":11},{"operation":49,"time":15147,"train":11},{"operation":52,"time":15177,"train":11},{"operation":54,"time":15237,"train":11},{"operation":55,"time":15297,"train":11},{"operation":56,"time":15567,"train":11},{"operation":58,"time":15597,"train":11},{"operation":60,"time":15747,"train":11},{"operation":61,"time":15777,"train":11},{"operation":63,"time":15827,"train":11},{"operation":64,"time":15827,"train":11},{"operation":66,"time":15927,"train":11},{"operation":67,"time":15957,"train":11},{"operation":69,"time":16107,"train":11},{"operation":70,"time":16137,"train":11},{"operation":74,"time":16257,"train":11},{"operation":76,"time":16377,"train":11}],"objective_value":4133}