{"events":[{"operation":0,"time":0,"train":0},{"operation":0,"time":0,"train":5},{"operation":0,"time":0,"train":7},{"operation":0,"time":0,"train":8},{"operation":0,"time":0,"train":1},{"operation":0,"time":0,"train":4},{"operation":1,"time":0,"train":8},{"operation":0,"time":0,"train":6},{"operation":1,"time":0,"train":5},{"operation":0,"time":0,"train":2},{"operation":1,"time":0,"train":6},{"operation":0,"time":0,"train":3},{"operation":1,"time":11,"train":2},{"operation":2,"time":19,"train":2},{"operation":2,"time":20,"train":5},{"operation":2,"time":23,"train":6},{"operation":2,"time":232,"train":8},{"operation":1,"time":320,"train":3},{"operation":1,"time":322,"train":0},{"operation":2,"time":335,"train":3},{"operation":2,"time":337,"train":0},{"operation":2,"time":405,"train":7},{"operation":3,"time":408,"train":2},{"operation":4,"time":408,"train":2},{"operation":4,"time":430,"train":7},{"operation":3,"time":451,"train":6},{"operation":4,"time":496,"train":6},{"operation":3,"time":499,"train":3},{"operation":1,"time":509,"train":4},{"operation":3,"time":654,"train":5},{"operation":4,"time":661,"train":8},{"operation":4,"time":679,"train":5},{"operation":5,"time":696,"train":6},{"operation":4,"time":711,"train":3},{"operation":1,"time":726,"train":1},{"operation":3,"time":736,"train":1},{"operation":6,"time":845,"train":8},{"operation":5,"time":880,"train":1},{"operation":6,"time":880,"train":6},{"operation":8,"time":888,"train":1},{"operation":5,"time":923,"train":3},{"operation":6,"time":928,"train":3},{"operation":2,"time":948,"train":4},{"operation":8,"time":953,"train":8},{"operation":11,"time":971,"train":8},{"operation":12,"time":1042,"train":1},{"operation":3,"time":1050,"train":0},{"operation":6,"time":1064,"train":7},{"operation":8,"time":1064,"train":6},{"operation":4,"time":1065,"train":0},{"operation":14,"time":1065,"train":1},{"operation":15,"time":1087,"train":8},{"operation":10,"time":1097,"train":6},{"operation":20,"time":1098,"train":8},{"operation":8,"time":1137,"train":7},{"operation":7,"time":1225,"train":3},{"operation":8,"time":1241,"train":3},{"operation":32,"time":1296,"train":8},{"operation":36,"time":1312,"train":8},{"operation":18,"time":1421,"train":1},{"operation":22,"time":1456,"train":1},{"operation":5,"time":1483,"train":5},{"operation":6,"time":1503,"train":5},{"operation":14,"time":1529,"train":6},{"operation":20,"time":1558,"train":6},{"operation":9,"time":1577,"train":3},{"operation":5,"time":1610,"train":0},{"operation":26,"time":1613,"train":1},{"operation":6,"time":1624,"train":0},{"operation":10,"time":1737,"train":7},{"operation":12,"time":1752,"train":7},{"operation":38,"time":1778,"train":8},{"operation":10,"time":1789,"train":3},{"operation":30,"time":1819,"train":1},{"operation":41,"time":1828,"train":8},{"operation":15,"time":1842,"train":7},{"operation":18,"time":1884,"train":7},{"operation":11,"time":2001,"train":3},{"operation":12,"time":2007,"train":3},{"operation":7,"time":2020,"train":5},{"operation":34,"time":2025,"train":1},{"operation":8,"time":2040,"train":5},{"operation":38,"time":2058,"train":1},{"operation":22,"time":2066,"train":7},{"operation":27,"time":2082,"train":7},{"operation":26,"time":2210,"train":6},{"operation":32,"time":2231,"train":6},{"operation":47,"time":2256,"train":8},{"operation":13,"time":2261,"train":3},{"operation":15,"time":2266,"train":3},{"operation":7,"time":2270,"train":0},{"operation":51,"time":2271,"train":8},{"operation":8,"time":2281,"train":0},{"operation":36,"time":2360,"train":7},{"operation":40,"time":2396,"train":7},{"operation":41,"time":2427,"train":6},{"operation":17,"time":2429,"train":3},{"operation":44,"time":2433,"train":6},{"operation":19,"time":2433,"train":3},{"operation":43,"time":2503,"train":1},{"operation":49,"time":2530,"train":1},{"operation":45,"time":2547,"train":6},{"operation":46,"time":2553,"train":6},{"operation":9,"time":2640,"train":0},{"operation":11,"time":2658,"train":0},{"operation":21,"time":2690,"train":3},{"operation":55,"time":2694,"train":1},{"operation":23,"time":2694,"train":3},{"operation":61,"time":2700,"train":1},{"operation":3,"time":2746,"train":4},{"operation":64,"time":2747,"train":8},{"operation":5,"time":2759,"train":4},{"operation":67,"time":2768,"train":8},{"operation":9,"time":2854,"train":5},{"operation":25,"time":2874,"train":3},{"operation":10,"time":2875,"train":5},{"operation":27,"time":2878,"train":3},{"operation":47,"time":2901,"train":6},{"operation":49,"time":2922,"train":6},{"operation":7,"time":2960,"train":4},{"operation":10,"time":2971,"train":4},{"operation":13,"time":3038,"train":0},{"operation":17,"time":3048,"train":0},{"operation":45,"time":3049,"train":7},{"operation":48,"time":3079,"train":7},{"operation":11,"time":3104,"train":5},{"operation":12,"time":3109,"train":5},{"operation":63,"time":3121,"train":1},{"operation":65,"time":3136,"train":1},{"operation":13,"time":3187,"train":4},{"operation":15,"time":3210,"train":4},{"operation":13,"time":3223,"train":5},{"operation":14,"time":3230,"train":5},{"operation":78,"time":3270,"train":8},{"operation":29,"time":3271,"train":3},{"operation":82,"time":3294,"train":8},{"operation":55,"time":3418,"train":7},{"operation":59,"time":3423,"train":7},{"operation":31,"time":3483,"train":3},{"operation":52,"time":3520,"train":6},{"operation":61,"time":3538,"train":7},{"operation":63,"time":3544,"train":7},{"operation":56,"time":3550,"train":6},{"operation":21,"time":3595,"train":0},{"operation":23,"time":3595,"train":0},{"operation":67,"time":3612,"train":1},{"operation":17,"time":3638,"train":4},{"operation":19,"time":3638,"train":4},{"operation":15,"time":3645,"train":5},{"operation":59,"time":3656,"train":6},{"operation":62,"time":3663,"train":6},{"operation":16,"time":3666,"train":5},{"operation":66,"time":3678,"train":7},{"operation":92,"time":3678,"train":8},{"operation":33,"time":3695,"train":3},{"operation":68,"time":3699,"train":7},{"operation":35,"time":3699,"train":3},{"operation":70,"time":3762,"train":1},{"operation":94,"time":3862,"train":8},{"operation":37,"time":3937,"train":3},{"operation":39,"time":3941,"train":3},{"operation":71,"time":4047,"train":7},{"operation":17,"time":4051,"train":5},{"operation":74,"time":4053,"train":7},{"operation":18,"time":4056,"train":5},{"operation":96,"time":4065,"train":8},{"operation":98,"time":4081,"train":8},{"operation":41,"time":4105,"train":3},{"operation":43,"time":4105,"train":3},{"operation":75,"time":4166,"train":7},{"operation":76,"time":4173,"train":7},{"operation":19,"time":4181,"train":5},{"operation":20,"time":4187,"train":5},{"operation":79,"time":4190,"train":1},{"operation":75,"time":4204,"train":6},{"operation":77,"time":4226,"train":6},{"operation":100,"time":4238,"train":8},{"operation":83,"time":4239,"train":1},{"operation":102,"time":4274,"train":8},{"operation":26,"time":4295,"train":0},{"operation":30,"time":4305,"train":0},{"operation":78,"time":4369,"train":7},{"operation":80,"time":4390,"train":7},{"operation":21,"time":4441,"train":5},{"operation":23,"time":4447,"train":5},{"operation":79,"time":4504,"train":6},{"operation":82,"time":4519,"train":6},{"operation":34,"time":4610,"train":0},{"operation":85,"time":4628,"train":6},{"operation":37,"time":4633,"train":0},{"operation":25,"time":4659,"train":5},{"operation":27,"time":4665,"train":5},{"operation":98,"time":4705,"train":1},{"operation":105,"time":4710,"train":8},{"operation":101,"time":4721,"train":1},{"operation":88,"time":4725,"train":6},{"operation":109,"time":4733,"train":8},{"operation":111,"time":4887,"train":8},{"operation":114,"time":4895,"train":8},{"operation":108,"time":4919,"train":1},{"operation":91,"time":4931,"train":6},{"operation":94,"time":4944,"train":6},{"operation":43,"time":4979,"train":0},{"operation":29,"time":4999,"train":5},{"operation":31,"time":5004,"train":5},{"operation":45,"time":5018,"train":0},{"operation":118,"time":5039,"train":8},{"operation":83,"time":5042,"train":7},{"operation":120,"time":5061,"train":8},{"operation":97,"time":5065,"train":6},{"operation":98,"time":5065,"train":6},{"operation":87,"time":5071,"train":7},{"operation":111,"time":5131,"train":1},{"operation":47,"time":5189,"train":0},{"operation":49,"time":5206,"train":0},{"operation":116,"time":5209,"train":1},{"operation":33,"time":5238,"train":5},{"operation":51,"time":5240,"train":0},{"operation":35,"time":5244,"train":5},{"operation":53,"time":5273,"train":0},{"operation":122,"time":5318,"train":1},{"operation":128,"time":5434,"train":1},{"operation":134,"time":5445,"train":1},{"operation":97,"time":5481,"train":7},{"operation":57,"time":5636,"train":0},{"operation":63,"time":5657,"train":0},{"operation":99,"time":5693,"train":7},{"operation":37,"time":5755,"train":5},{"operation":39,"time":5759,"train":5},{"operation":122,"time":5831,"train":8},{"operation":124,"time":5831,"train":8},{"operation":41,"time":5874,"train":5},{"operation":143,"time":5874,"train":1},{"operation":43,"time":5880,"train":5},{"operation":145,"time":5894,"train":1},{"operation":101,"time":5918,"train":7},{"operation":103,"time":5934,"train":7},{"operation":106,"time":6091,"train":7},{"operation":69,"time":6123,"train":0},{"operation":108,"time":6127,"train":7},{"operation":75,"time":6138,"train":0},{"operation":99,"time":6163,"train":6},{"operation":100,"time":6163,"train":6},{"operation":101,"time":6163,"train":6},{"operation":45,"time":6189,"train":5},{"operation":47,"time":6194,"train":5},{"operation":84,"time":6278,"train":0},{"operation":87,"time":6283,"train":0},{"operation":147,"time":6347,"train":1},{"operation":88,"time":6364,"train":0},{"operation":149,"time":6365,"train":1},{"operation":89,"time":6369,"train":0},{"operation":49,"time":6407,"train":5},{"operation":51,"time":6407,"train":5},{"operation":127,"time":6417,"train":8},{"operation":131,"time":6429,"train":8},{"operation":111,"time":6584,"train":7},{"operation":115,"time":6607,"train":7},{"operation":91,"time":6618,"train":0},{"operation":93,"time":6633,"train":0},{"operation":96,"time":6729,"train":0},{"operation":100,"time":6733,"train":0},{"operation":103,"time":6815,"train":0},{"operation":106,"time":6819,"train":0},{"operation":117,"time":6823,"train":7},{"operation":120,"time":6834,"train":7},{"operation":133,"time":6894,"train":8},{"operation":137,"time":6906,"train":8},{"operation":151,"time":6940,"train":1},{"operation":152,"time":6954,"train":1},{"operation":124,"time":7035,"train":7},{"operation":126,"time":7057,"train":7},{"operation":108,"time":7062,"train":0},{"operation":110,"time":7084,"train":0},{"operation":153,"time":7323,"train":1},{"operation":154,"time":7337,"train":1},{"operation":141,"time":7345,"train":8},{"operation":145,"time":7357,"train":8},{"operation":113,"time":7550,"train":0},{"operation":116,"time":7566,"train":0},{"operation":123,"time":7764,"train":0},{"operation":126,"time":7775,"train":0},{"operation":131,"time":7853,"train":0},{"operation":135,"time":7871,"train":0},{"operation":155,"time":7934,"train":1},{"operation":139,"time":7935,"train":0},{"operation":141,"time":7946,"train":0},{"operation":156,"time":7949,"train":1},{"operation":128,"time":7979,"train":7},{"operation":130,"time":7979,"train":7},{"operation":149,"time":8071,"train":8},{"operation":153,"time":8085,"train":8},{"operation":157,"time":8113,"train":1},{"operation":158,"time":8325,"train":1},{"operation":144,"time":8375,"train":0},{"operation":146,"time":8395,"train":0},{"operation":159,"time":8537,"train":1},{"operation":160,"time":8542,"train":1},{"operation":158,"time":8631,"train":8},{"operation":162,"time":8649,"train":8},{"operation":133,"time":8653,"train":7},{"operation":137,"time":8665,"train":7},{"operation":161,"time":8839,"train":1},{"operation":148,"time":8848,"train":0},{"operation":162,"time":8855,"train":1},{"operation":150,"time":8866,"train":0},{"operation":139,"time":9130,"train":7},{"operation":143,"time":9142,"train":7},{"operation":163,"time":9191,"train":1},{"operation":164,"time":9403,"train":1},{"operation":152,"time":9441,"train":0},{"operation":153,"time":9455,"train":0},{"operation":168,"time":9497,"train":8},{"operation":172,"time":9512,"train":8},{"operation":165,"time":9545,"train":1},{"operation":166,"time":9551,"train":1},{"operation":147,"time":9581,"train":7},{"operation":151,"time":9593,"train":7},{"operation":167,"time":9805,"train":1},{"operation":169,"time":9810,"train":1},{"operation":154,"time":9824,"train":0},{"operation":155,"time":9838,"train":0},{"operation":171,"time":9973,"train":1},{"operation":173,"time":9977,"train":1},{"operation":176,"time":10069,"train":8},{"operation":180,"time":10084,"train":8},{"operation":175,"time":10234,"train":1},{"operation":177,"time":10238,"train":1},{"operation":155,"time":10307,"train":7},{"operation":159,"time":10321,"train":7},{"operation":179,"time":10418,"train":1},{"operation":156,"time":10420,"train":0},{"operation":181,"time":10422,"train":1},{"operation":157,"time":10435,"train":0},{"operation":184,"time":10522,"train":8},{"operation":188,"time":10538,"train":8},{"operation":158,"time":10599,"train":0},{"operation":159,"time":10603,"train":0},{"operation":160,"time":10684,"train":0},{"operation":161,"time":10689,"train":0},{"operation":183,"time":10815,"train":1},{"operation":163,"time":10867,"train":7},{"operation":167,"time":10880,"train":7},{"operation":192,"time":10943,"train":8},{"operation":196,"time":10960,"train":8},{"operation":162,"time":10986,"train":0},{"operation":163,"time":11001,"train":0},{"operation":185,"time":11027,"train":1},{"operation":187,"time":11239,"train":1},{"operation":189,"time":11243,"train":1},{"operation":164,"time":11308,"train":0},{"operation":165,"time":11313,"train":0},{"operation":200,"time":11408,"train":8},{"operation":206,"time":11423,"train":8},{"operation":166,"time":11426,"train":0},{"operation":167,"time":11431,"train":0},{"operation":191,"time":11481,"train":1},{"operation":193,"time":11485,"train":1},{"operation":168,"time":11642,"train":0},{"operation":170,"time":11647,"train":0},{"operation":195,"time":11649,"train":1},{"operation":197,"time":11649,"train":1},{"operation":171,"time":11733,"train":7},{"operation":175,"time":11755,"train":7},{"operation":172,"time":11798,"train":0},{"operation":174,"time":11802,"train":0},{"operation":176,"time":12041,"train":0},{"operation":178,"time":12045,"train":0},{"operation":212,"time":12061,"train":8},{"operation":218,"time":12076,"train":8},{"operation":180,"time":12212,"train":0},{"operation":182,"time":12216,"train":0},{"operation":179,"time":12535,"train":7},{"operation":183,"time":12556,"train":7},{"operation":184,"time":12582,"train":0},{"operation":186,"time":12585,"train":0},{"operation":227,"time":12667,"train":8},{"operation":188,"time":12667,"train":0},{"operation":190,"time":12671,"train":0},{"operation":231,"time":12676,"train":8},{"operation":192,"time":12892,"train":0},{"operation":194,"time":12896,"train":0},{"operation":196,"time":13048,"train":0},{"operation":198,"time":13048,"train":0},{"operation":233,"time":13054,"train":8},{"operation":237,"time":13069,"train":8},{"operation":187,"time":13169,"train":7},{"operation":191,"time":13190,"train":7},{"operation":242,"time":13373,"train":8},{"operation":246,"time":13386,"train":8},{"operation":196,"time":13688,"train":7},{"operation":200,"time":13708,"train":7},{"operation":252,"time":13913,"train":8},{"operation":256,"time":13928,"train":8},{"operation":206,"time":14276,"train":7},{"operation":212,"time":14297,"train":7},{"operation":260,"time":14300,"train":8},{"operation":264,"time":14321,"train":8},{"operation":278,"time":14922,"train":8},{"operation":282,"time":14941,"train":8},{"operation":285,"time":15057,"train":8},{"operation":288,"time":15061,"train":8},{"operation":218,"time":15190,"train":7},{"operation":224,"time":15211,"train":7},{"operation":299,"time":15540,"train":8},{"operation":301,"time":15561,"train":8},{"operation":233,"time":16038,"train":7},{"operation":237,"time":16050,"train":7},{"operation":303,"time":16085,"train":8},{"operation":306,"time":16099,"train":8},{"operation":239,"time":16430,"train":7},{"operation":243,"time":16445,"train":7},{"operation":315,"time":16569,"train":8},{"operation":319,"time":16584,"train":8},{"operation":248,"time":16749,"train":7},{"operation":252,"time":16762,"train":7},{"operation":324,"time":17067,"train":8},{"operation":327,"time":17082,"train":8},{"operation":258,"time":17408,"train":7},{"operation":262,"time":17429,"train":7},{"operation":335,"time":17469,"train":8},{"operation":339,"time":17485,"train":8},{"operation":265,"time":17949,"train":7},{"operation":268,"time":17978,"train":7},{"operation":341,"time":17992,"train":8},{"operation":343,"time":18013,"train":8},{"operation":346,"time":18543,"train":8},{"operation":348,"time":18557,"train":8},{"operation":282,"time":18820,"train":7},{"operation":286,"time":18846,"train":7},{"operation":289,"time":18961,"train":7},{"operation":292,"time":18967,"train":7},{"operation":352,"time":19036,"train":8},{"operation":356,"time":19051,"train":8},{"operation":360,"time":19579,"train":8},{"operation":364,"time":19593,"train":8},{"operation":303,"time":19638,"train":7},{"operation":305,"time":19659,"train":7},{"operation":368,"time":20107,"train":8},{"operation":372,"time":20122,"train":8},{"operation":308,"time":20392,"train":7},{"operation":311,"time":20412,"train":7},{"operation":376,"time":20615,"train":8},{"operation":380,"time":20630,"train":8},{"operation":384,"time":20788,"train":8},{"operation":388,"time":20804,"train":8},{"operation":394,"time":20902,"train":8},{"operation":322,"time":21070,"train":7},{"operation":422,"time":21086,"train":8},{"operation":326,"time":21091,"train":7},{"operation":451,"time":21140,"train":8},{"operation":465,"time":21390,"train":8},{"operation":493,"time":21574,"train":8},{"operation":525,"time":21617,"train":8},{"operation":329,"time":21637,"train":7},{"operation":332,"time":21642,"train":7},{"operation":334,"time":21756,"train":7},{"operation":537,"time":21770,"train":8},{"operation":336,"time":21785,"train":7},{"operation":542,"time":21804,"train":8},{"operation":340,"time":22326,"train":7},{"operation":547,"time":22341,"train":8},{"operation":549,"time":22341,"train":8},{"operation":344,"time":22348,"train":7},{"operation":346,"time":23057,"train":7},{"operation":348,"time":23078,"train":7},{"operation":350,"time":23819,"train":7},{"operation":352,"time":23839,"train":7},{"operation":356,"time":24509,"train":7},{"operation":360,"time":24530,"train":7},{"operation":364,"time":25269,"train":7},{"operation":368,"time":25289,"train":7},{"operation":372,"time":26009,"train":7},{"operation":376,"time":26030,"train":7},{"operation":380,"time":26720,"train":7},{"operation":384,"time":26741,"train":7},{"operation":388,"time":26962,"train":7},{"operation":392,"time":26984,"train":7},{"operation":398,"time":27121,"train":7},{"operation":421,"time":27333,"train":7},{"operation":450,"time":27365,"train":7},{"operation":457,"time":27616,"train":7},{"operation":471,"time":27828,"train":7},{"operation":503,"time":27871,"train":7},{"operation":537,"time":28024,"train":7},{"operation":542,"time":28058,"train":7},{"operation":546,"time":28595,"train":7},{"operation":547,"time":28595,"train":7}],"objective_value":5930}