{"events":[{"operation":0,"time":0,"train":0},{"operation":0,"time":0,"train":7},{"operation":0,"time":0,"train":1},{"operation":0,"time":0,"train":6},{"operation":0,"time":0,"train":5},{"operation":1,"time":0,"train":5},{"operation":0,"time":0,"train":3},{"operation":0,"time":0,"train":2},{"operation":0,"time":0,"train":8},{"operation":1,"time":0,"train":6},{"operation":0,"time":0,"train":4},{"operation":1,"time":11,"train":2},{"operation":2,"time":19,"train":2},{"operation":2,"time":20,"train":5},{"operation":1,"time":20,"train":8},{"operation":2,"time":23,"train":6},{"operation":2,"time":34,"train":8},{"operation":1,"time":320,"train":3},{"operation":1,"time":322,"train":0},{"operation":2,"time":335,"train":3},{"operation":2,"time":337,"train":0},{"operation":2,"time":405,"train":7},{"operation":3,"time":408,"train":2},{"operation":4,"time":408,"train":2},{"operation":4,"time":430,"train":7},{"operation":3,"time":451,"train":6},{"operation":4,"time":463,"train":8},{"operation":6,"time":474,"train":8},{"operation":4,"time":496,"train":6},{"operation":3,"time":499,"train":3},{"operation":4,"time":503,"train":3},{"operation":1,"time":509,"train":4},{"operation":8,"time":538,"train":8},{"operation":11,"time":556,"train":8},{"operation":5,"time":584,"train":3},{"operation":6,"time":589,"train":3},{"operation":15,"time":634,"train":8},{"operation":20,"time":645,"train":8},{"operation":3,"time":654,"train":5},{"operation":4,"time":679,"train":5},{"operation":5,"time":696,"train":6},{"operation":6,"time":713,"train":6},{"operation":1,"time":726,"train":1},{"operation":3,"time":736,"train":1},{"operation":2,"time":736,"train":4},{"operation":8,"time":747,"train":6},{"operation":10,"time":780,"train":6},{"operation":32,"time":843,"train":8},{"operation":36,"time":859,"train":8},{"operation":5,"time":880,"train":1},{"operation":7,"time":886,"train":3},{"operation":8,"time":888,"train":1},{"operation":8,"time":902,"train":3},{"operation":12,"time":1042,"train":1},{"operation":3,"time":1050,"train":0},{"operation":6,"time":1064,"train":7},{"operation":4,"time":1065,"train":0},{"operation":14,"time":1065,"train":1},{"operation":8,"time":1084,"train":7},{"operation":15,"time":1212,"train":6},{"operation":9,"time":1238,"train":3},{"operation":21,"time":1239,"train":6},{"operation":10,"time":1243,"train":3},{"operation":38,"time":1325,"train":8},{"operation":27,"time":1355,"train":6},{"operation":33,"time":1362,"train":6},{"operation":11,"time":1368,"train":3},{"operation":12,"time":1374,"train":3},{"operation":41,"time":1375,"train":8},{"operation":17,"time":1421,"train":1},{"operation":21,"time":1446,"train":1},{"operation":5,"time":1483,"train":5},{"operation":6,"time":1503,"train":5},{"operation":5,"time":1610,"train":0},{"operation":6,"time":1624,"train":0},{"operation":13,"time":1628,"train":3},{"operation":15,"time":1633,"train":3},{"operation":24,"time":1668,"train":1},{"operation":10,"time":1684,"train":7},{"operation":12,"time":1699,"train":7},{"operation":28,"time":1701,"train":1},{"operation":14,"time":1789,"train":7},{"operation":17,"time":1796,"train":3},{"operation":19,"time":1800,"train":3},{"operation":48,"time":1803,"train":8},{"operation":17,"time":1814,"train":7},{"operation":52,"time":1824,"train":8},{"operation":35,"time":1895,"train":6},{"operation":37,"time":1916,"train":6},{"operation":21,"time":1923,"train":7},{"operation":26,"time":1939,"train":7},{"operation":7,"time":2020,"train":5},{"operation":8,"time":2040,"train":5},{"operation":21,"time":2057,"train":3},{"operation":23,"time":2061,"train":3},{"operation":65,"time":2073,"train":8},{"operation":68,"time":2077,"train":8},{"operation":40,"time":2146,"train":1},{"operation":69,"time":2158,"train":8},{"operation":70,"time":2163,"train":8},{"operation":46,"time":2169,"train":1},{"operation":38,"time":2217,"train":7},{"operation":42,"time":2239,"train":7},{"operation":25,"time":2241,"train":3},{"operation":27,"time":2245,"train":3},{"operation":51,"time":2265,"train":1},{"operation":7,"time":2270,"train":0},{"operation":57,"time":2271,"train":1},{"operation":8,"time":2281,"train":0},{"operation":72,"time":2303,"train":8},{"operation":74,"time":2318,"train":8},{"operation":3,"time":2534,"train":4},{"operation":5,"time":2547,"train":4},{"operation":39,"time":2582,"train":6},{"operation":42,"time":2603,"train":6},{"operation":29,"time":2638,"train":3},{"operation":9,"time":2640,"train":0},{"operation":31,"time":2641,"train":3},{"operation":11,"time":2658,"train":0},{"operation":64,"time":2692,"train":1},{"operation":66,"time":2713,"train":1},{"operation":33,"time":2729,"train":3},{"operation":35,"time":2733,"train":3},{"operation":7,"time":2748,"train":4},{"operation":10,"time":2759,"train":4},{"operation":78,"time":2820,"train":8},{"operation":82,"time":2844,"train":8},{"operation":69,"time":2853,"train":1},{"operation":9,"time":2854,"train":5},{"operation":72,"time":2858,"train":1},{"operation":10,"time":2875,"train":5},{"operation":45,"time":2892,"train":7},{"operation":48,"time":2922,"train":7},{"operation":73,"time":2939,"train":1},{"operation":74,"time":2944,"train":1},{"operation":37,"time":2971,"train":3},{"operation":13,"time":2975,"train":4},{"operation":39,"time":2975,"train":3},{"operation":15,"time":2998,"train":4},{"operation":13,"time":3038,"train":0},{"operation":17,"time":3048,"train":0},{"operation":11,"time":3104,"train":5},{"operation":12,"time":3109,"train":5},{"operation":41,"time":3139,"train":3},{"operation":43,"time":3139,"train":3},{"operation":76,"time":3193,"train":1},{"operation":52,"time":3201,"train":6},{"operation":78,"time":3208,"train":1},{"operation":13,"time":3223,"train":5},{"operation":92,"time":3228,"train":8},{"operation":14,"time":3230,"train":5},{"operation":56,"time":3231,"train":6},{"operation":94,"time":3261,"train":8},{"operation":55,"time":3261,"train":7},{"operation":59,"time":3266,"train":7},{"operation":96,"time":3295,"train":8},{"operation":81,"time":3304,"train":1},{"operation":85,"time":3308,"train":1},{"operation":98,"time":3311,"train":8},{"operation":59,"time":3337,"train":6},{"operation":62,"time":3344,"train":6},{"operation":61,"time":3381,"train":7},{"operation":88,"time":3390,"train":1},{"operation":91,"time":3394,"train":1},{"operation":63,"time":3394,"train":7},{"operation":17,"time":3426,"train":4},{"operation":19,"time":3426,"train":4},{"operation":100,"time":3468,"train":8},{"operation":102,"time":3504,"train":8},{"operation":66,"time":3528,"train":7},{"operation":68,"time":3549,"train":7},{"operation":21,"time":3595,"train":0},{"operation":23,"time":3595,"train":0},{"operation":93,"time":3637,"train":1},{"operation":15,"time":3645,"train":5},{"operation":95,"time":3659,"train":1},{"operation":16,"time":3666,"train":5},{"operation":75,"time":3885,"train":6},{"operation":71,"time":3897,"train":7},{"operation":74,"time":3903,"train":7},{"operation":77,"time":3907,"train":6},{"operation":106,"time":3940,"train":8},{"operation":110,"time":3956,"train":8},{"operation":75,"time":4016,"train":7},{"operation":76,"time":4023,"train":7},{"operation":17,"time":4051,"train":5},{"operation":18,"time":4056,"train":5},{"operation":98,"time":4125,"train":1},{"operation":101,"time":4141,"train":1},{"operation":19,"time":4181,"train":5},{"operation":79,"time":4185,"train":6},{"operation":20,"time":4187,"train":5},{"operation":82,"time":4200,"train":6},{"operation":78,"time":4219,"train":7},{"operation":80,"time":4240,"train":7},{"operation":113,"time":4261,"train":8},{"operation":25,"time":4295,"train":0},{"operation":116,"time":4295,"train":8},{"operation":85,"time":4309,"train":6},{"operation":29,"time":4317,"train":0},{"operation":108,"time":4339,"train":1},{"operation":111,"time":4350,"train":1},{"operation":88,"time":4351,"train":6},{"operation":91,"time":4400,"train":6},{"operation":94,"time":4413,"train":6},{"operation":116,"time":4428,"train":1},{"operation":21,"time":4441,"train":5},{"operation":122,"time":4446,"train":1},{"operation":23,"time":4447,"train":5},{"operation":33,"time":4461,"train":0},{"operation":36,"time":4469,"train":0},{"operation":128,"time":4510,"train":1},{"operation":134,"time":4521,"train":1},{"operation":97,"time":4534,"train":6},{"operation":98,"time":4534,"train":6},{"operation":40,"time":4623,"train":0},{"operation":42,"time":4646,"train":0},{"operation":25,"time":4659,"train":5},{"operation":27,"time":4665,"train":5},{"operation":83,"time":4892,"train":7},{"operation":87,"time":4921,"train":7},{"operation":143,"time":4950,"train":1},{"operation":145,"time":4970,"train":1},{"operation":44,"time":4992,"train":0},{"operation":29,"time":4999,"train":5},{"operation":31,"time":5004,"train":5},{"operation":46,"time":5027,"train":0},{"operation":122,"time":5065,"train":8},{"operation":124,"time":5065,"train":8},{"operation":48,"time":5184,"train":0},{"operation":49,"time":5201,"train":0},{"operation":51,"time":5235,"train":0},{"operation":33,"time":5238,"train":5},{"operation":35,"time":5244,"train":5},{"operation":53,"time":5268,"train":0},{"operation":97,"time":5331,"train":7},{"operation":99,"time":5375,"train":7},{"operation":101,"time":5409,"train":7},{"operation":147,"time":5423,"train":1},{"operation":103,"time":5425,"train":7},{"operation":149,"time":5441,"train":1},{"operation":106,"time":5582,"train":7},{"operation":108,"time":5618,"train":7},{"operation":57,"time":5631,"train":0},{"operation":99,"time":5632,"train":6},{"operation":100,"time":5632,"train":6},{"operation":101,"time":5632,"train":6},{"operation":127,"time":5651,"train":8},{"operation":63,"time":5652,"train":0},{"operation":131,"time":5663,"train":8},{"operation":37,"time":5755,"train":5},{"operation":39,"time":5759,"train":5},{"operation":41,"time":5874,"train":5},{"operation":43,"time":5880,"train":5},{"operation":151,"time":6016,"train":1},{"operation":152,"time":6030,"train":1},{"operation":111,"time":6075,"train":7},{"operation":115,"time":6098,"train":7},{"operation":68,"time":6118,"train":0},{"operation":133,"time":6128,"train":8},{"operation":74,"time":6139,"train":0},{"operation":137,"time":6140,"train":8},{"operation":45,"time":6189,"train":5},{"operation":47,"time":6194,"train":5},{"operation":117,"time":6314,"train":7},{"operation":120,"time":6325,"train":7},{"operation":153,"time":6399,"train":1},{"operation":49,"time":6407,"train":5},{"operation":51,"time":6407,"train":5},{"operation":154,"time":6413,"train":1},{"operation":124,"time":6526,"train":7},{"operation":126,"time":6548,"train":7},{"operation":141,"time":6579,"train":8},{"operation":145,"time":6591,"train":8},{"operation":82,"time":6615,"train":0},{"operation":85,"time":6630,"train":0},{"operation":155,"time":7010,"train":1},{"operation":156,"time":7025,"train":1},{"operation":95,"time":7058,"train":0},{"operation":99,"time":7079,"train":0},{"operation":102,"time":7155,"train":0},{"operation":105,"time":7160,"train":0},{"operation":157,"time":7189,"train":1},{"operation":158,"time":7193,"train":1},{"operation":159,"time":7274,"train":1},{"operation":160,"time":7279,"train":1},{"operation":150,"time":7305,"train":8},{"operation":154,"time":7323,"train":8},{"operation":128,"time":7470,"train":7},{"operation":130,"time":7470,"train":7},{"operation":118,"time":7547,"train":0},{"operation":120,"time":7563,"train":0},{"operation":161,"time":7576,"train":1},{"operation":162,"time":7592,"train":1},{"operation":122,"time":7761,"train":0},{"operation":125,"time":7772,"train":0},{"operation":128,"time":7850,"train":0},{"operation":160,"time":7868,"train":8},{"operation":136,"time":7868,"train":0},{"operation":164,"time":7883,"train":8},{"operation":138,"time":7885,"train":0},{"operation":140,"time":7890,"train":0},{"operation":163,"time":7928,"train":1},{"operation":142,"time":7933,"train":0},{"operation":164,"time":7933,"train":1},{"operation":143,"time":7957,"train":0},{"operation":165,"time":8058,"train":1},{"operation":166,"time":8064,"train":1},{"operation":133,"time":8144,"train":7},{"operation":137,"time":8156,"train":7},{"operation":167,"time":8318,"train":1},{"operation":169,"time":8323,"train":1},{"operation":144,"time":8386,"train":0},{"operation":146,"time":8406,"train":0},{"operation":171,"time":8486,"train":1},{"operation":173,"time":8490,"train":1},{"operation":139,"time":8621,"train":7},{"operation":143,"time":8633,"train":7},{"operation":168,"time":8731,"train":8},{"operation":172,"time":8746,"train":8},{"operation":175,"time":8747,"train":1},{"operation":177,"time":8751,"train":1},{"operation":148,"time":8859,"train":0},{"operation":150,"time":8877,"train":0},{"operation":179,"time":8931,"train":1},{"operation":181,"time":8935,"train":1},{"operation":147,"time":9072,"train":7},{"operation":151,"time":9084,"train":7},{"operation":176,"time":9303,"train":8},{"operation":180,"time":9318,"train":8},{"operation":183,"time":9328,"train":1},{"operation":185,"time":9331,"train":1},{"operation":187,"time":9419,"train":1},{"operation":189,"time":9423,"train":1},{"operation":152,"time":9452,"train":0},{"operation":153,"time":9466,"train":0},{"operation":191,"time":9661,"train":1},{"operation":193,"time":9665,"train":1},{"operation":184,"time":9756,"train":8},{"operation":188,"time":9772,"train":8},{"operation":155,"time":9798,"train":7},{"operation":159,"time":9812,"train":7},{"operation":195,"time":9829,"train":1},{"operation":197,"time":9829,"train":1},{"operation":154,"time":9835,"train":0},{"operation":155,"time":9849,"train":0},{"operation":192,"time":10177,"train":8},{"operation":196,"time":10194,"train":8},{"operation":163,"time":10358,"train":7},{"operation":167,"time":10371,"train":7},{"operation":156,"time":10431,"train":0},{"operation":157,"time":10446,"train":0},{"operation":158,"time":10610,"train":0},{"operation":159,"time":10614,"train":0},{"operation":200,"time":10642,"train":8},{"operation":206,"time":10657,"train":8},{"operation":160,"time":10695,"train":0},{"operation":161,"time":10700,"train":0},{"operation":162,"time":10997,"train":0},{"operation":163,"time":11012,"train":0},{"operation":171,"time":11224,"train":7},{"operation":175,"time":11246,"train":7},{"operation":212,"time":11295,"train":8},{"operation":218,"time":11310,"train":8},{"operation":164,"time":11319,"train":0},{"operation":165,"time":11324,"train":0},{"operation":166,"time":11437,"train":0},{"operation":167,"time":11442,"train":0},{"operation":168,"time":11653,"train":0},{"operation":170,"time":11658,"train":0},{"operation":172,"time":11809,"train":0},{"operation":174,"time":11813,"train":0},{"operation":227,"time":11901,"train":8},{"operation":231,"time":11910,"train":8},{"operation":179,"time":12026,"train":7},{"operation":183,"time":12047,"train":7},{"operation":176,"time":12052,"train":0},{"operation":178,"time":12056,"train":0},{"operation":180,"time":12223,"train":0},{"operation":182,"time":12227,"train":0},{"operation":234,"time":12288,"train":8},{"operation":238,"time":12308,"train":8},{"operation":184,"time":12593,"train":0},{"operation":186,"time":12596,"train":0},{"operation":243,"time":12613,"train":8},{"operation":247,"time":12624,"train":8},{"operation":187,"time":12660,"train":7},{"operation":188,"time":12678,"train":0},{"operation":191,"time":12681,"train":7},{"operation":190,"time":12682,"train":0},{"operation":192,"time":12903,"train":0},{"operation":194,"time":12907,"train":0},{"operation":196,"time":13059,"train":0},{"operation":198,"time":13059,"train":0},{"operation":249,"time":13152,"train":8},{"operation":253,"time":13167,"train":8},{"operation":196,"time":13179,"train":7},{"operation":200,"time":13199,"train":7},{"operation":257,"time":13251,"train":8},{"operation":261,"time":13255,"train":8},{"operation":265,"time":13337,"train":8},{"operation":268,"time":13341,"train":8},{"operation":272,"time":13541,"train":8},{"operation":274,"time":13570,"train":8},{"operation":206,"time":13767,"train":7},{"operation":212,"time":13788,"train":7},{"operation":278,"time":14171,"train":8},{"operation":282,"time":14190,"train":8},{"operation":285,"time":14272,"train":8},{"operation":288,"time":14276,"train":8},{"operation":218,"time":14681,"train":7},{"operation":224,"time":14702,"train":7},{"operation":300,"time":14755,"train":8},{"operation":302,"time":14770,"train":8},{"operation":305,"time":15100,"train":8},{"operation":308,"time":15104,"train":8},{"operation":309,"time":15185,"train":8},{"operation":310,"time":15190,"train":8},{"operation":312,"time":15296,"train":8},{"operation":314,"time":15310,"train":8},{"operation":233,"time":15529,"train":7},{"operation":237,"time":15541,"train":7},{"operation":318,"time":15780,"train":8},{"operation":322,"time":15795,"train":8},{"operation":239,"time":15921,"train":7},{"operation":243,"time":15936,"train":7},{"operation":325,"time":16186,"train":8},{"operation":328,"time":16190,"train":8},{"operation":248,"time":16240,"train":7},{"operation":252,"time":16253,"train":7},{"operation":329,"time":16271,"train":8},{"operation":331,"time":16292,"train":8},{"operation":334,"time":16679,"train":8},{"operation":338,"time":16695,"train":8},{"operation":258,"time":16899,"train":7},{"operation":262,"time":16920,"train":7},{"operation":342,"time":17202,"train":8},{"operation":344,"time":17217,"train":8},{"operation":265,"time":17440,"train":7},{"operation":268,"time":17469,"train":7},{"operation":345,"time":17747,"train":8},{"operation":347,"time":17767,"train":8},{"operation":349,"time":18246,"train":8},{"operation":353,"time":18261,"train":8},{"operation":282,"time":18311,"train":7},{"operation":286,"time":18337,"train":7},{"operation":289,"time":18452,"train":7},{"operation":292,"time":18458,"train":7},{"operation":357,"time":18789,"train":8},{"operation":361,"time":18803,"train":8},{"operation":303,"time":19129,"train":7},{"operation":305,"time":19150,"train":7},{"operation":365,"time":19317,"train":8},{"operation":369,"time":19332,"train":8},{"operation":373,"time":19825,"train":8},{"operation":377,"time":19840,"train":8},{"operation":307,"time":19883,"train":7},{"operation":310,"time":19903,"train":7},{"operation":381,"time":19998,"train":8},{"operation":385,"time":20014,"train":8},{"operation":389,"time":20112,"train":8},{"operation":397,"time":20131,"train":8},{"operation":426,"time":20155,"train":8},{"operation":466,"time":20405,"train":8},{"operation":496,"time":20442,"train":8},{"operation":528,"time":20485,"train":8},{"operation":320,"time":20561,"train":7},{"operation":324,"time":20582,"train":7},{"operation":537,"time":20638,"train":8},{"operation":542,"time":20672,"train":8},{"operation":329,"time":21128,"train":7},{"operation":332,"time":21133,"train":7},{"operation":547,"time":21209,"train":8},{"operation":549,"time":21209,"train":8},{"operation":334,"time":21247,"train":7},{"operation":336,"time":21276,"train":7},{"operation":340,"time":21817,"train":7},{"operation":344,"time":21839,"train":7},{"operation":346,"time":22548,"train":7},{"operation":348,"time":22569,"train":7},{"operation":349,"time":23310,"train":7},{"operation":351,"time":23330,"train":7},{"operation":354,"time":24000,"train":7},{"operation":358,"time":24021,"train":7},{"operation":364,"time":24760,"train":7},{"operation":368,"time":24780,"train":7},{"operation":371,"time":25500,"train":7},{"operation":375,"time":25521,"train":7},{"operation":378,"time":26211,"train":7},{"operation":382,"time":26232,"train":7},{"operation":388,"time":26453,"train":7},{"operation":392,"time":26475,"train":7},{"operation":398,"time":26612,"train":7},{"operation":421,"time":26638,"train":7},{"operation":450,"time":26670,"train":7},{"operation":457,"time":26921,"train":7},{"operation":471,"time":26958,"train":7},{"operation":503,"time":27001,"train":7},{"operation":537,"time":27154,"train":7},{"operation":542,"time":27188,"train":7},{"operation":546,"time":27725,"train":7},{"operation":547,"time":27725,"train":7}],"objective_value":410}