{"events":[{"operation":0,"time":0,"train":0},{"operation":1,"time":0,"train":0},{"operation":0,"time":0,"train":2},{"operation":0,"time":0,"train":5},{"operation":0,"time":0,"train":6},{"operation":0,"time":0,"train":3},{"operation":0,"time":0,"train":4},{"operation":0,"time":0,"train":1},{"operation":0,"time":0,"train":7},{"operation":0,"time":0,"train":8},{"operation":1,"time":0,"train":6},{"operation":0,"time":0,"train":9},{"operation":0,"time":0,"train":10},{"operation":0,"time":0,"train":11},{"operation":1,"time":0,"train":8},{"operation":0,"time":0,"train":12},{"operation":1,"time":0,"train":1},{"operation":2,"time":6,"train":0},{"operation":1,"time":30,"train":12},{"operation":2,"time":31,"train":6},{"operation":2,"time":51,"train":12},{"operation":2,"time":51,"train":1},{"operation":1,"time":55,"train":11},{"operation":2,"time":81,"train":11},{"operation":1,"time":113,"train":4},{"operation":2,"time":131,"train":4},{"operation":1,"time":161,"train":2},{"operation":2,"time":168,"train":2},{"operation":2,"time":168,"train":8},{"operation":1,"time":246,"train":7},{"operation":3,"time":248,"train":11},{"operation":2,"time":255,"train":7},{"operation":4,"time":270,"train":11},{"operation":1,"time":270,"train":3},{"operation":2,"time":275,"train":3},{"operation":3,"time":313,"train":4},{"operation":4,"time":321,"train":4},{"operation":3,"time":342,"train":2},{"operation":5,"time":342,"train":4},{"operation":6,"time":348,"train":4},{"operation":3,"time":416,"train":3},{"operation":1,"time":422,"train":5},{"operation":1,"time":441,"train":9},{"operation":2,"time":451,"train":9},{"operation":2,"time":497,"train":5},{"operation":3,"time":511,"train":0},{"operation":4,"time":518,"train":0},{"operation":4,"time":518,"train":2},{"operation":4,"time":545,"train":1},{"operation":3,"time":556,"train":5},{"operation":7,"time":560,"train":4},{"operation":8,"time":560,"train":4},{"operation":3,"time":562,"train":8},{"operation":6,"time":569,"train":1},{"operation":5,"time":570,"train":8},{"operation":6,"time":589,"train":11},{"operation":3,"time":599,"train":9},{"operation":3,"time":611,"train":6},{"operation":4,"time":614,"train":9},{"operation":8,"time":618,"train":11},{"operation":4,"time":628,"train":5},{"operation":4,"time":629,"train":6},{"operation":3,"time":631,"train":12},{"operation":4,"time":647,"train":12},{"operation":1,"time":655,"train":10},{"operation":2,"time":671,"train":10},{"operation":7,"time":699,"train":8},{"operation":9,"time":707,"train":8},{"operation":6,"time":746,"train":0},{"operation":8,"time":777,"train":0},{"operation":5,"time":782,"train":9},{"operation":5,"time":811,"train":5},{"operation":6,"time":824,"train":5},{"operation":5,"time":829,"train":12},{"operation":6,"time":829,"train":12},{"operation":9,"time":831,"train":4},{"operation":10,"time":850,"train":4},{"operation":11,"time":972,"train":0},{"operation":15,"time":1000,"train":0},{"operation":6,"time":1023,"train":2},{"operation":8,"time":1031,"train":2},{"operation":7,"time":1080,"train":12},{"operation":8,"time":1095,"train":12},{"operation":3,"time":1133,"train":10},{"operation":4,"time":1140,"train":10},{"operation":9,"time":1149,"train":1},{"operation":12,"time":1165,"train":1},{"operation":3,"time":1175,"train":7},{"operation":17,"time":1180,"train":0},{"operation":11,"time":1186,"train":8},{"operation":4,"time":1186,"train":7},{"operation":4,"time":1186,"train":3},{"operation":10,"time":1188,"train":11},{"operation":12,"time":1195,"train":8},{"operation":6,"time":1195,"train":9},{"operation":19,"time":1197,"train":0},{"operation":12,"time":1197,"train":11},{"operation":5,"time":1208,"train":6},{"operation":6,"time":1230,"train":6},{"operation":11,"time":1234,"train":2},{"operation":7,"time":1247,"train":5},{"operation":8,"time":1254,"train":5},{"operation":15,"time":1265,"train":2},{"operation":22,"time":1273,"train":0},{"operation":26,"time":1294,"train":0},{"operation":14,"time":1347,"train":1},{"operation":16,"time":1347,"train":1},{"operation":13,"time":1363,"train":8},{"operation":14,"time":1378,"train":8},{"operation":17,"time":1460,"train":2},{"operation":5,"time":1476,"train":7},{"operation":6,"time":1487,"train":7},{"operation":21,"time":1488,"train":2},{"operation":13,"time":1498,"train":11},{"operation":15,"time":1508,"train":11},{"operation":9,"time":1521,"train":12},{"operation":10,"time":1521,"train":12},{"operation":15,"time":1526,"train":8},{"operation":16,"time":1526,"train":8},{"operation":7,"time":1574,"train":6},{"operation":8,"time":1574,"train":6},{"operation":19,"time":1598,"train":1},{"operation":22,"time":1613,"train":1},{"operation":11,"time":1627,"train":4},{"operation":12,"time":1648,"train":4},{"operation":25,"time":1668,"train":2},{"operation":17,"time":1670,"train":11},{"operation":7,"time":1674,"train":9},{"operation":11,"time":1675,"train":12},{"operation":19,"time":1679,"train":11},{"operation":8,"time":1681,"train":9},{"operation":27,"time":1685,"train":2},{"operation":12,"time":1690,"train":12},{"operation":5,"time":1758,"train":10},{"operation":29,"time":1761,"train":2},{"operation":7,"time":1764,"train":10},{"operation":10,"time":1770,"train":6},{"operation":33,"time":1782,"train":2},{"operation":32,"time":1785,"train":0},{"operation":12,"time":1788,"train":6},{"operation":9,"time":1811,"train":9},{"operation":36,"time":1816,"train":0},{"operation":10,"time":1819,"train":9},{"operation":13,"time":1842,"train":12},{"operation":14,"time":1850,"train":12},{"operation":15,"time":1867,"train":12},{"operation":16,"time":1872,"train":12},{"operation":23,"time":1953,"train":11},{"operation":24,"time":1960,"train":11},{"operation":13,"time":1991,"train":4},{"operation":14,"time":1991,"train":4},{"operation":6,"time":2018,"train":3},{"operation":8,"time":2027,"train":3},{"operation":24,"time":2039,"train":1},{"operation":26,"time":2039,"train":1},{"operation":9,"time":2040,"train":10},{"operation":11,"time":2048,"train":10},{"operation":17,"time":2050,"train":12},{"operation":18,"time":2050,"train":12},{"operation":9,"time":2094,"train":5},{"operation":11,"time":2101,"train":5},{"operation":7,"time":2127,"train":7},{"operation":9,"time":2133,"train":7},{"operation":25,"time":2180,"train":11},{"operation":26,"time":2180,"train":11},{"operation":29,"time":2193,"train":1},{"operation":32,"time":2208,"train":1},{"operation":11,"time":2213,"train":9},{"operation":12,"time":2220,"train":9},{"operation":15,"time":2244,"train":4},{"operation":37,"time":2272,"train":2},{"operation":19,"time":2275,"train":12},{"operation":16,"time":2279,"train":4},{"operation":20,"time":2291,"train":12},{"operation":13,"time":2297,"train":5},{"operation":41,"time":2302,"train":2},{"operation":15,"time":2304,"train":5},{"operation":11,"time":2329,"train":7},{"operation":15,"time":2331,"train":6},{"operation":13,"time":2337,"train":7},{"operation":18,"time":2340,"train":6},{"operation":13,"time":2394,"train":9},{"operation":39,"time":2396,"train":0},{"operation":14,"time":2400,"train":9},{"operation":43,"time":2414,"train":0},{"operation":14,"time":2440,"train":10},{"operation":16,"time":2451,"train":10},{"operation":23,"time":2466,"train":6},{"operation":28,"time":2482,"train":6},{"operation":34,"time":2561,"train":1},{"operation":36,"time":2561,"train":1},{"operation":12,"time":2562,"train":3},{"operation":16,"time":2578,"train":3},{"operation":18,"time":2666,"train":10},{"operation":20,"time":2678,"train":10},{"operation":17,"time":2703,"train":4},{"operation":18,"time":2710,"train":4},{"operation":39,"time":2786,"train":1},{"operation":22,"time":2789,"train":10},{"operation":24,"time":2789,"train":10},{"operation":42,"time":2802,"train":1},{"operation":19,"time":2838,"train":4},{"operation":20,"time":2863,"train":4},{"operation":46,"time":2883,"train":2},{"operation":50,"time":2901,"train":2},{"operation":16,"time":2905,"train":9},{"operation":18,"time":2913,"train":9},{"operation":17,"time":2957,"train":5},{"operation":19,"time":2963,"train":5},{"operation":18,"time":2975,"train":3},{"operation":21,"time":2981,"train":12},{"operation":30,"time":2984,"train":6},{"operation":20,"time":2984,"train":3},{"operation":46,"time":2993,"train":0},{"operation":22,"time":2998,"train":12},{"operation":32,"time":3008,"train":6},{"operation":50,"time":3015,"train":0},{"operation":25,"time":3062,"train":10},{"operation":26,"time":3062,"train":10},{"operation":21,"time":3108,"train":4},{"operation":22,"time":3108,"train":4},{"operation":21,"time":3116,"train":9},{"operation":25,"time":3147,"train":9},{"operation":16,"time":3151,"train":7},{"operation":18,"time":3160,"train":7},{"operation":21,"time":3161,"train":5},{"operation":23,"time":3169,"train":5},{"operation":23,"time":3300,"train":12},{"operation":24,"time":3300,"train":12},{"operation":31,"time":3342,"train":9},{"operation":54,"time":3359,"train":0},{"operation":56,"time":3359,"train":0},{"operation":35,"time":3370,"train":9},{"operation":45,"time":3399,"train":1},{"operation":48,"time":3416,"train":1},{"operation":33,"time":3478,"train":6},{"operation":34,"time":3478,"train":6},{"operation":55,"time":3480,"train":2},{"operation":21,"time":3494,"train":3},{"operation":22,"time":3499,"train":3},{"operation":59,"time":3502,"train":2},{"operation":25,"time":3531,"train":12},{"operation":23,"time":3539,"train":4},{"operation":39,"time":3550,"train":9},{"operation":20,"time":3550,"train":7},{"operation":60,"time":3555,"train":0},{"operation":24,"time":3558,"train":4},{"operation":22,"time":3562,"train":7},{"operation":26,"time":3566,"train":12},{"operation":43,"time":3567,"train":9},{"operation":64,"time":3573,"train":0},{"operation":50,"time":3643,"train":9},{"operation":54,"time":3664,"train":9},{"operation":50,"time":3676,"train":1},{"operation":52,"time":3676,"train":1},{"operation":23,"time":3695,"train":3},{"operation":24,"time":3701,"train":3},{"operation":24,"time":3726,"train":7},{"operation":35,"time":3768,"train":6},{"operation":36,"time":3791,"train":6},{"operation":25,"time":3808,"train":7},{"operation":26,"time":3808,"train":7},{"operation":55,"time":3835,"train":1},{"operation":61,"time":3846,"train":2},{"operation":63,"time":3846,"train":2},{"operation":58,"time":3850,"train":1},{"operation":27,"time":3919,"train":12},{"operation":28,"time":3924,"train":12},{"operation":25,"time":3982,"train":3},{"operation":27,"time":3989,"train":3},{"operation":29,"time":4032,"train":12},{"operation":37,"time":4035,"train":6},{"operation":38,"time":4035,"train":6},{"operation":65,"time":4042,"train":2},{"operation":30,"time":4053,"train":12},{"operation":67,"time":4060,"train":2},{"operation":67,"time":4116,"train":0},{"operation":26,"time":4123,"train":5},{"operation":70,"time":4125,"train":0},{"operation":28,"time":4132,"train":5},{"operation":29,"time":4143,"train":3},{"operation":31,"time":4143,"train":3},{"operation":25,"time":4164,"train":4},{"operation":26,"time":4182,"train":4},{"operation":60,"time":4209,"train":9},{"operation":64,"time":4240,"train":9},{"operation":75,"time":4251,"train":0},{"operation":80,"time":4267,"train":0},{"operation":31,"time":4274,"train":12},{"operation":32,"time":4274,"train":12},{"operation":61,"time":4315,"train":1},{"operation":64,"time":4336,"train":1},{"operation":66,"time":4557,"train":1},{"operation":68,"time":4557,"train":1},{"operation":69,"time":4603,"train":2},{"operation":70,"time":4612,"train":2},{"operation":33,"time":4671,"train":12},{"operation":34,"time":4687,"train":12},{"operation":32,"time":4718,"train":5},{"operation":36,"time":4734,"train":5},{"operation":71,"time":4738,"train":2},{"operation":72,"time":4754,"train":2},{"operation":82,"time":4769,"train":0},{"operation":27,"time":4787,"train":4},{"operation":84,"time":4793,"train":0},{"operation":28,"time":4805,"train":4},{"operation":67,"time":4820,"train":9},{"operation":71,"time":4838,"train":9},{"operation":71,"time":4916,"train":1},{"operation":74,"time":4932,"train":1},{"operation":38,"time":5159,"train":5},{"operation":40,"time":5168,"train":5},{"operation":73,"time":5256,"train":2},{"operation":85,"time":5263,"train":0},{"operation":86,"time":5263,"train":0},{"operation":75,"time":5280,"train":2},{"operation":35,"time":5308,"train":12},{"operation":36,"time":5323,"train":12},{"operation":29,"time":5338,"train":4},{"operation":30,"time":5338,"train":4},{"operation":74,"time":5417,"train":9},{"operation":77,"time":5437,"train":1},{"operation":78,"time":5439,"train":9},{"operation":80,"time":5453,"train":1},{"operation":87,"time":5553,"train":0},{"operation":89,"time":5576,"train":0},{"operation":77,"time":5750,"train":2},{"operation":79,"time":5750,"train":2},{"operation":41,"time":5780,"train":5},{"operation":82,"time":5783,"train":9},{"operation":84,"time":5783,"train":9},{"operation":43,"time":5786,"train":5},{"operation":91,"time":5820,"train":0},{"operation":94,"time":5856,"train":0},{"operation":37,"time":5866,"train":12},{"operation":38,"time":5881,"train":12},{"operation":97,"time":5934,"train":0},{"operation":100,"time":5943,"train":0},{"operation":82,"time":5956,"train":1},{"operation":88,"time":5979,"train":9},{"operation":92,"time":5997,"train":9},{"operation":112,"time":6036,"train":0},{"operation":81,"time":6040,"train":2},{"operation":85,"time":6058,"train":2},{"operation":45,"time":6062,"train":5},{"operation":116,"time":6064,"train":0},{"operation":47,"time":6070,"train":5},{"operation":121,"time":6084,"train":0},{"operation":127,"time":6118,"train":0},{"operation":139,"time":6197,"train":0},{"operation":146,"time":6261,"train":0},{"operation":90,"time":6302,"train":2},{"operation":153,"time":6319,"train":0},{"operation":39,"time":6326,"train":12},{"operation":40,"time":6326,"train":12},{"operation":84,"time":6326,"train":1},{"operation":160,"time":6328,"train":0},{"operation":94,"time":6338,"train":2},{"operation":173,"time":6396,"train":0},{"operation":97,"time":6416,"train":2},{"operation":100,"time":6425,"train":2},{"operation":196,"time":6448,"train":0},{"operation":50,"time":6462,"train":5},{"operation":52,"time":6473,"train":5},{"operation":111,"time":6518,"train":2},{"operation":115,"time":6538,"train":2},{"operation":94,"time":6540,"train":9},{"operation":96,"time":6549,"train":9},{"operation":119,"time":6559,"train":2},{"operation":204,"time":6582,"train":0},{"operation":125,"time":6593,"train":2},{"operation":131,"time":6642,"train":2},{"operation":141,"time":6649,"train":2},{"operation":216,"time":6664,"train":0},{"operation":149,"time":6669,"train":2},{"operation":98,"time":6675,"train":9},{"operation":228,"time":6686,"train":0},{"operation":286,"time":6686,"train":0},{"operation":54,"time":6688,"train":5},{"operation":100,"time":6691,"train":9},{"operation":56,"time":6700,"train":5},{"operation":156,"time":6752,"train":2},{"operation":91,"time":6771,"train":1},{"operation":92,"time":6771,"train":1},{"operation":163,"time":6810,"train":2},{"operation":58,"time":6811,"train":5},{"operation":60,"time":6811,"train":5},{"operation":178,"time":6819,"train":2},{"operation":184,"time":6887,"train":2},{"operation":196,"time":6939,"train":2},{"operation":204,"time":7073,"train":2},{"operation":61,"time":7084,"train":5},{"operation":62,"time":7084,"train":5},{"operation":216,"time":7155,"train":2},{"operation":228,"time":7177,"train":2},{"operation":286,"time":7177,"train":2},{"operation":102,"time":7193,"train":9},{"operation":104,"time":7217,"train":9},{"operation":106,"time":7687,"train":9},{"operation":108,"time":7687,"train":9},{"operation":111,"time":7977,"train":9},{"operation":115,"time":8000,"train":9},{"operation":118,"time":8244,"train":9},{"operation":121,"time":8280,"train":9},{"operation":124,"time":8358,"train":9},{"operation":127,"time":8367,"train":9},{"operation":129,"time":8460,"train":9},{"operation":132,"time":8480,"train":9},{"operation":141,"time":8501,"train":9},{"operation":144,"time":8535,"train":9},{"operation":147,"time":8584,"train":9},{"operation":156,"time":8591,"train":9},{"operation":165,"time":8611,"train":9},{"operation":176,"time":8676,"train":9},{"operation":187,"time":8697,"train":9},{"operation":206,"time":8708,"train":9},{"operation":228,"time":8829,"train":9},{"operation":265,"time":8881,"train":9},{"operation":298,"time":8945,"train":9},{"operation":343,"time":8953,"train":9},{"operation":370,"time":8990,"train":9},{"operation":407,"time":9021,"train":9},{"operation":436,"time":9244,"train":9},{"operation":453,"time":9306,"train":9},{"operation":455,"time":9425,"train":9},{"operation":457,"time":9438,"train":9},{"operation":459,"time":9457,"train":9},{"operation":461,"time":9457,"train":9},{"operation":463,"time":9476,"train":9},{"operation":465,"time":9476,"train":9}],"objective_value":1921}