{"events":[{"operation":0,"time":0,"train":1},{"operation":0,"time":0,"train":2},{"operation":0,"time":0,"train":3},{"operation":0,"time":0,"train":4},{"operation":0,"time":0,"train":5},{"operation":1,"time":0,"train":1},{"operation":0,"time":0,"train":0},{"operation":2,"time":12,"train":1},{"operation":1,"time":154,"train":5},{"operation":1,"time":270,"train":3},{"operation":2,"time":270,"train":3},{"operation":1,"time":346,"train":4},{"operation":2,"time":393,"train":4},{"operation":3,"time":477,"train":1},{"operation":4,"time":489,"train":1},{"operation":1,"time":515,"train":2},{"operation":2,"time":538,"train":2},{"operation":3,"time":601,"train":4},{"operation":5,"time":623,"train":4},{"operation":8,"time":657,"train":4},{"operation":11,"time":690,"train":4},{"operation":3,"time":843,"train":2},{"operation":5,"time":866,"train":2},{"operation":5,"time":927,"train":1},{"operation":6,"time":940,"train":1},{"operation":19,"time":1129,"train":4},{"operation":1,"time":1144,"train":0},{"operation":2,"time":1156,"train":0},{"operation":2,"time":1156,"train":5},{"operation":25,"time":1158,"train":4},{"operation":3,"time":1192,"train":3},{"operation":4,"time":1206,"train":3},{"operation":3,"time":1621,"train":5},{"operation":5,"time":1633,"train":3},{"operation":7,"time":1654,"train":1},{"operation":7,"time":1656,"train":3},{"operation":8,"time":1668,"train":1},{"operation":3,"time":1788,"train":0},{"operation":4,"time":1788,"train":0},{"operation":5,"time":1788,"train":5},{"operation":31,"time":1810,"train":4},{"operation":37,"time":1831,"train":4},{"operation":46,"time":2027,"train":4},{"operation":50,"time":2033,"train":4},{"operation":10,"time":2084,"train":3},{"operation":16,"time":2131,"train":3},{"operation":52,"time":2147,"train":4},{"operation":54,"time":2153,"train":4},{"operation":9,"time":2213,"train":1},{"operation":10,"time":2228,"train":1},{"operation":24,"time":2339,"train":3},{"operation":34,"time":2357,"train":3},{"operation":7,"time":2409,"train":5},{"operation":7,"time":2427,"train":2},{"operation":9,"time":2427,"train":2},{"operation":46,"time":2437,"train":3},{"operation":56,"time":2501,"train":4},{"operation":58,"time":2522,"train":4},{"operation":5,"time":2595,"train":0},{"operation":6,"time":2607,"train":0},{"operation":9,"time":2607,"train":5},{"operation":8,"time":2963,"train":0},{"operation":10,"time":2982,"train":0},{"operation":12,"time":3060,"train":1},{"operation":14,"time":3078,"train":1},{"operation":61,"time":3120,"train":4},{"operation":65,"time":3150,"train":4},{"operation":68,"time":3256,"train":4},{"operation":71,"time":3263,"train":4},{"operation":12,"time":3360,"train":2},{"operation":16,"time":3362,"train":0},{"operation":16,"time":3372,"train":2},{"operation":22,"time":3397,"train":0},{"operation":11,"time":3410,"train":5},{"operation":13,"time":3422,"train":5},{"operation":32,"time":3554,"train":0},{"operation":42,"time":3571,"train":0},{"operation":57,"time":3605,"train":0},{"operation":77,"time":3649,"train":0},{"operation":64,"time":3649,"train":3},{"operation":80,"time":3700,"train":3},{"operation":17,"time":3727,"train":1},{"operation":21,"time":3748,"train":1},{"operation":16,"time":3778,"train":5},{"operation":18,"time":3797,"train":5},{"operation":84,"time":3804,"train":4},{"operation":86,"time":3826,"train":4},{"operation":22,"time":3837,"train":2},{"operation":26,"time":3849,"train":2},{"operation":88,"time":4080,"train":0},{"operation":94,"time":4103,"train":0},{"operation":88,"time":4104,"train":4},{"operation":91,"time":4119,"train":4},{"operation":89,"time":4139,"train":3},{"operation":95,"time":4166,"train":3},{"operation":24,"time":4177,"train":5},{"operation":99,"time":4199,"train":0},{"operation":105,"time":4205,"train":0},{"operation":30,"time":4212,"train":5},{"operation":94,"time":4228,"train":4},{"operation":23,"time":4259,"train":1},{"operation":97,"time":4270,"train":4},{"operation":26,"time":4277,"train":1},{"operation":101,"time":4282,"train":3},{"operation":30,"time":4287,"train":2},{"operation":34,"time":4300,"train":2},{"operation":100,"time":4319,"train":4},{"operation":103,"time":4332,"train":4},{"operation":40,"time":4369,"train":5},{"operation":50,"time":4386,"train":5},{"operation":66,"time":4420,"train":5},{"operation":106,"time":4453,"train":4},{"operation":107,"time":4453,"train":4},{"operation":80,"time":4453,"train":5},{"operation":112,"time":4649,"train":0},{"operation":114,"time":4670,"train":0},{"operation":107,"time":4670,"train":3},{"operation":29,"time":4692,"train":1},{"operation":33,"time":4709,"train":1},{"operation":117,"time":4833,"train":0},{"operation":121,"time":4838,"train":0},{"operation":88,"time":4873,"train":5},{"operation":94,"time":4897,"train":5},{"operation":123,"time":4933,"train":0},{"operation":125,"time":4938,"train":0},{"operation":37,"time":5014,"train":2},{"operation":41,"time":5032,"train":2},{"operation":38,"time":5184,"train":1},{"operation":44,"time":5201,"train":1},{"operation":109,"time":5203,"train":3},{"operation":111,"time":5224,"train":3},{"operation":128,"time":5228,"train":0},{"operation":130,"time":5246,"train":0},{"operation":49,"time":5293,"train":1},{"operation":55,"time":5305,"train":1},{"operation":133,"time":5358,"train":0},{"operation":137,"time":5363,"train":0},{"operation":100,"time":5440,"train":5},{"operation":140,"time":5458,"train":0},{"operation":106,"time":5458,"train":5},{"operation":143,"time":5463,"train":0},{"operation":108,"time":5551,"train":4},{"operation":109,"time":5551,"train":4},{"operation":110,"time":5551,"train":4},{"operation":44,"time":5578,"train":2},{"operation":48,"time":5596,"train":2},{"operation":115,"time":5621,"train":5},{"operation":119,"time":5626,"train":5},{"operation":121,"time":5721,"train":5},{"operation":123,"time":5726,"train":5},{"operation":145,"time":5746,"train":0},{"operation":147,"time":5771,"train":0},{"operation":61,"time":5945,"train":1},{"operation":63,"time":5962,"train":1},{"operation":114,"time":5994,"train":3},{"operation":118,"time":6015,"train":3},{"operation":125,"time":6016,"train":5},{"operation":127,"time":6037,"train":5},{"operation":132,"time":6149,"train":3},{"operation":136,"time":6159,"train":3},{"operation":150,"time":6315,"train":0},{"operation":153,"time":6333,"train":0},{"operation":139,"time":6349,"train":3},{"operation":142,"time":6358,"train":3},{"operation":54,"time":6431,"train":2},{"operation":58,"time":6446,"train":2},{"operation":130,"time":6536,"train":5},{"operation":134,"time":6561,"train":5},{"operation":160,"time":6565,"train":0},{"operation":163,"time":6578,"train":0},{"operation":137,"time":6649,"train":5},{"operation":66,"time":6652,"train":1},{"operation":140,"time":6655,"train":5},{"operation":70,"time":6661,"train":1},{"operation":168,"time":6669,"train":0},{"operation":174,"time":6690,"train":0},{"operation":143,"time":6697,"train":3},{"operation":145,"time":6727,"train":3},{"operation":179,"time":6765,"train":0},{"operation":185,"time":6777,"train":0},{"operation":61,"time":7003,"train":2},{"operation":65,"time":7024,"train":2},{"operation":76,"time":7040,"train":1},{"operation":80,"time":7054,"train":1},{"operation":153,"time":7106,"train":5},{"operation":155,"time":7124,"train":5},{"operation":193,"time":7277,"train":0},{"operation":195,"time":7297,"train":0},{"operation":157,"time":7356,"train":5},{"operation":82,"time":7359,"train":1},{"operation":160,"time":7369,"train":5},{"operation":85,"time":7370,"train":1},{"operation":148,"time":7380,"train":3},{"operation":151,"time":7402,"train":3},{"operation":163,"time":7460,"train":5},{"operation":67,"time":7463,"train":2},{"operation":70,"time":7478,"train":2},{"operation":169,"time":7481,"train":5},{"operation":175,"time":7501,"train":5},{"operation":179,"time":7506,"train":5},{"operation":183,"time":7556,"train":5},{"operation":185,"time":7568,"train":5},{"operation":158,"time":7680,"train":3},{"operation":161,"time":7695,"train":3},{"operation":166,"time":7804,"train":3},{"operation":172,"time":7830,"train":3},{"operation":73,"time":7884,"train":2},{"operation":77,"time":7901,"train":2},{"operation":177,"time":7920,"train":3},{"operation":87,"time":7935,"train":1},{"operation":183,"time":7935,"train":3},{"operation":196,"time":7939,"train":0},{"operation":91,"time":7952,"train":1},{"operation":197,"time":7960,"train":0},{"operation":95,"time":8050,"train":1},{"operation":98,"time":8055,"train":1},{"operation":187,"time":8068,"train":5},{"operation":189,"time":8085,"train":5},{"operation":101,"time":8150,"train":1},{"operation":104,"time":8155,"train":1},{"operation":82,"time":8346,"train":2},{"operation":88,"time":8361,"train":2},{"operation":107,"time":8387,"train":1},{"operation":109,"time":8411,"train":1},{"operation":93,"time":8440,"train":2},{"operation":99,"time":8450,"train":2},{"operation":111,"time":8471,"train":1},{"operation":115,"time":8475,"train":1},{"operation":191,"time":8535,"train":3},{"operation":119,"time":8600,"train":1},{"operation":122,"time":8605,"train":1},{"operation":198,"time":8630,"train":0},{"operation":199,"time":8647,"train":0},{"operation":191,"time":8687,"train":5},{"operation":192,"time":8708,"train":5},{"operation":193,"time":8708,"train":3},{"operation":105,"time":8999,"train":2},{"operation":107,"time":9014,"train":2},{"operation":200,"time":9077,"train":0},{"operation":201,"time":9094,"train":0},{"operation":125,"time":9111,"train":1},{"operation":127,"time":9133,"train":1},{"operation":193,"time":9378,"train":5},{"operation":194,"time":9395,"train":5},{"operation":194,"time":9451,"train":3},{"operation":195,"time":9476,"train":3},{"operation":110,"time":9606,"train":2},{"operation":114,"time":9614,"train":2},{"operation":202,"time":9772,"train":0},{"operation":203,"time":9789,"train":0},{"operation":129,"time":9792,"train":1},{"operation":132,"time":9809,"train":1},{"operation":195,"time":9825,"train":5},{"operation":196,"time":9842,"train":5},{"operation":204,"time":9980,"train":0},{"operation":205,"time":9984,"train":0},{"operation":119,"time":9993,"train":2},{"operation":123,"time":10011,"train":2},{"operation":206,"time":10079,"train":0},{"operation":207,"time":10085,"train":0},{"operation":196,"time":10280,"train":3},{"operation":197,"time":10300,"train":3},{"operation":125,"time":10315,"train":2},{"operation":128,"time":10328,"train":2},{"operation":139,"time":10420,"train":1},{"operation":208,"time":10431,"train":0},{"operation":142,"time":10437,"train":1},{"operation":209,"time":10448,"train":0},{"operation":197,"time":10520,"train":5},{"operation":198,"time":10537,"train":5},{"operation":199,"time":10728,"train":5},{"operation":200,"time":10732,"train":5},{"operation":210,"time":10788,"train":0},{"operation":211,"time":10793,"train":0},{"operation":198,"time":10817,"train":3},{"operation":201,"time":10827,"train":5},{"operation":202,"time":10827,"train":5},{"operation":199,"time":10837,"train":3},{"operation":133,"time":10847,"train":2},{"operation":137,"time":10868,"train":2},{"operation":212,"time":10918,"train":0},{"operation":213,"time":10924,"train":0},{"operation":139,"time":10952,"train":2},{"operation":142,"time":10956,"train":2},{"operation":145,"time":10986,"train":1},{"operation":148,"time":11004,"train":1},{"operation":145,"time":11038,"train":2},{"operation":148,"time":11042,"train":2},{"operation":214,"time":11177,"train":0},{"operation":216,"time":11182,"train":0},{"operation":151,"time":11242,"train":2},{"operation":153,"time":11263,"train":2},{"operation":155,"time":11315,"train":2},{"operation":159,"time":11319,"train":2},{"operation":218,"time":11359,"train":0},{"operation":220,"time":11364,"train":0},{"operation":163,"time":11425,"train":2},{"operation":166,"time":11430,"train":2},{"operation":152,"time":11566,"train":1},{"operation":155,"time":11583,"train":1},{"operation":222,"time":11642,"train":0},{"operation":224,"time":11646,"train":0},{"operation":200,"time":11651,"train":3},{"operation":201,"time":11672,"train":3},{"operation":226,"time":11841,"train":0},{"operation":228,"time":11846,"train":0},{"operation":169,"time":11864,"train":2},{"operation":171,"time":11883,"train":2},{"operation":202,"time":11901,"train":3},{"operation":203,"time":11906,"train":3},{"operation":204,"time":12020,"train":3},{"operation":205,"time":12027,"train":3},{"operation":167,"time":12034,"train":1},{"operation":171,"time":12052,"train":1},{"operation":230,"time":12272,"train":0},{"operation":232,"time":12276,"train":0},{"operation":234,"time":12371,"train":0},{"operation":236,"time":12376,"train":0},{"operation":206,"time":12442,"train":3},{"operation":173,"time":12448,"train":2},{"operation":176,"time":12463,"train":2},{"operation":207,"time":12463,"train":3},{"operation":238,"time":12633,"train":0},{"operation":240,"time":12637,"train":0},{"operation":173,"time":12643,"train":1},{"operation":176,"time":12660,"train":1},{"operation":242,"time":12815,"train":0},{"operation":244,"time":12820,"train":0},{"operation":208,"time":12848,"train":3},{"operation":209,"time":12853,"train":3},{"operation":210,"time":12978,"train":3},{"operation":211,"time":12984,"train":3},{"operation":183,"time":12987,"train":2},{"operation":186,"time":13001,"train":2},{"operation":247,"time":13213,"train":0},{"operation":249,"time":13228,"train":0},{"operation":212,"time":13238,"train":3},{"operation":214,"time":13244,"train":3},{"operation":179,"time":13278,"train":1},{"operation":183,"time":13294,"train":1},{"operation":216,"time":13456,"train":3},{"operation":218,"time":13462,"train":3},{"operation":190,"time":13471,"train":2},{"operation":193,"time":13492,"train":2},{"operation":251,"time":13551,"train":0},{"operation":253,"time":13571,"train":0},{"operation":220,"time":13796,"train":3},{"operation":222,"time":13801,"train":3},{"operation":187,"time":13852,"train":1},{"operation":190,"time":13869,"train":1},{"operation":203,"time":13883,"train":2},{"operation":204,"time":13887,"train":2},{"operation":205,"time":13968,"train":2},{"operation":207,"time":13989,"train":2},{"operation":255,"time":14003,"train":0},{"operation":257,"time":14018,"train":0},{"operation":224,"time":14035,"train":3},{"operation":226,"time":14041,"train":3},{"operation":210,"time":14376,"train":2},{"operation":214,"time":14392,"train":2},{"operation":258,"time":14405,"train":0},{"operation":260,"time":14409,"train":0},{"operation":193,"time":14485,"train":1},{"operation":196,"time":14502,"train":1},{"operation":228,"time":14552,"train":3},{"operation":230,"time":14556,"train":3},{"operation":262,"time":14580,"train":0},{"operation":264,"time":14585,"train":0},{"operation":232,"time":14671,"train":3},{"operation":234,"time":14677,"train":3},{"operation":219,"time":14899,"train":2},{"operation":222,"time":14914,"train":2},{"operation":236,"time":14986,"train":3},{"operation":238,"time":14991,"train":3},{"operation":266,"time":15036,"train":0},{"operation":268,"time":15040,"train":0},{"operation":199,"time":15102,"train":1},{"operation":203,"time":15119,"train":1},{"operation":270,"time":15135,"train":0},{"operation":272,"time":15140,"train":0},{"operation":240,"time":15204,"train":3},{"operation":242,"time":15210,"train":3},{"operation":275,"time":15375,"train":0},{"operation":277,"time":15391,"train":0},{"operation":226,"time":15444,"train":2},{"operation":230,"time":15458,"train":2},{"operation":245,"time":15681,"train":3},{"operation":208,"time":15694,"train":1},{"operation":247,"time":15699,"train":3},{"operation":212,"time":15715,"train":1},{"operation":218,"time":15898,"train":1},{"operation":222,"time":15916,"train":1},{"operation":233,"time":15937,"train":2},{"operation":236,"time":15952,"train":2},{"operation":228,"time":16030,"train":1},{"operation":254,"time":16052,"train":1},{"operation":249,"time":16087,"train":3},{"operation":279,"time":16100,"train":0},{"operation":280,"time":16106,"train":1},{"operation":251,"time":16111,"train":3},{"operation":281,"time":16122,"train":0},{"operation":283,"time":16219,"train":0},{"operation":285,"time":16224,"train":0},{"operation":291,"time":16356,"train":1},{"operation":315,"time":16393,"train":1},{"operation":341,"time":16436,"train":1},{"operation":239,"time":16480,"train":2},{"operation":242,"time":16494,"train":2},{"operation":253,"time":16563,"train":3},{"operation":286,"time":16565,"train":0},{"operation":288,"time":16570,"train":0},{"operation":255,"time":16581,"train":3},{"operation":344,"time":16589,"train":1},{"operation":349,"time":16623,"train":1},{"operation":290,"time":16665,"train":0},{"operation":292,"time":16670,"train":0},{"operation":294,"time":16976,"train":0},{"operation":296,"time":16996,"train":0},{"operation":246,"time":17008,"train":2},{"operation":250,"time":17023,"train":2},{"operation":256,"time":17045,"train":3},{"operation":258,"time":17050,"train":3},{"operation":298,"time":17147,"train":0},{"operation":302,"time":17155,"train":0},{"operation":354,"time":17160,"train":1},{"operation":356,"time":17160,"train":1},{"operation":260,"time":17255,"train":3},{"operation":262,"time":17261,"train":3},{"operation":254,"time":17516,"train":2},{"operation":258,"time":17531,"train":2},{"operation":262,"time":17689,"train":2},{"operation":266,"time":17705,"train":2},{"operation":264,"time":17802,"train":3},{"operation":272,"time":17803,"train":2},{"operation":266,"time":17807,"train":3},{"operation":293,"time":17822,"train":2},{"operation":319,"time":17845,"train":2},{"operation":268,"time":17921,"train":3},{"operation":270,"time":17927,"train":3},{"operation":325,"time":18096,"train":2},{"operation":336,"time":18133,"train":2},{"operation":362,"time":18176,"train":2},{"operation":272,"time":18208,"train":3},{"operation":274,"time":18227,"train":3},{"operation":306,"time":18243,"train":0},{"operation":308,"time":18255,"train":0},{"operation":390,"time":18329,"train":2},{"operation":395,"time":18363,"train":2},{"operation":310,"time":18471,"train":0},{"operation":312,"time":18479,"train":0},{"operation":314,"time":18644,"train":0},{"operation":316,"time":18653,"train":0},{"operation":399,"time":18900,"train":2},{"operation":400,"time":18900,"train":2},{"operation":318,"time":18927,"train":0},{"operation":320,"time":18944,"train":0},{"operation":276,"time":19015,"train":3},{"operation":278,"time":19042,"train":3},{"operation":322,"time":19157,"train":0},{"operation":280,"time":19158,"train":3},{"operation":324,"time":19162,"train":0},{"operation":282,"time":19164,"train":3},{"operation":326,"time":19484,"train":0},{"operation":328,"time":19490,"train":0},{"operation":284,"time":19573,"train":3},{"operation":286,"time":19579,"train":3},{"operation":330,"time":19604,"train":0},{"operation":332,"time":19632,"train":0},{"operation":288,"time":19693,"train":3},{"operation":290,"time":19699,"train":3},{"operation":335,"time":19903,"train":0},{"operation":337,"time":19974,"train":0},{"operation":293,"time":20053,"train":3},{"operation":295,"time":20073,"train":3},{"operation":299,"time":20254,"train":3},{"operation":303,"time":20264,"train":3},{"operation":341,"time":20617,"train":0},{"operation":345,"time":20641,"train":0},{"operation":347,"time":21202,"train":0},{"operation":349,"time":21219,"train":0},{"operation":305,"time":21409,"train":3},{"operation":307,"time":21420,"train":3},{"operation":350,"time":21630,"train":0},{"operation":352,"time":21634,"train":0},{"operation":308,"time":21636,"train":3},{"operation":310,"time":21644,"train":3},{"operation":354,"time":21807,"train":0},{"operation":312,"time":21809,"train":3},{"operation":356,"time":21812,"train":0},{"operation":314,"time":21818,"train":3},{"operation":316,"time":22095,"train":3},{"operation":318,"time":22116,"train":3},{"operation":358,"time":22183,"train":0},{"operation":359,"time":22193,"train":0},{"operation":360,"time":22285,"train":0},{"operation":361,"time":22312,"train":0},{"operation":320,"time":22371,"train":3},{"operation":322,"time":22377,"train":3},{"operation":324,"time":22763,"train":3},{"operation":326,"time":22769,"train":3},{"operation":362,"time":22873,"train":0},{"operation":328,"time":22883,"train":3},{"operation":363,"time":22889,"train":0},{"operation":330,"time":22911,"train":3},{"operation":333,"time":23182,"train":3},{"operation":335,"time":23253,"train":3},{"operation":364,"time":23538,"train":0},{"operation":365,"time":23554,"train":0},{"operation":338,"time":23899,"train":3},{"operation":342,"time":23923,"train":3},{"operation":366,"time":24027,"train":0},{"operation":367,"time":24135,"train":0},{"operation":368,"time":24175,"train":0},{"operation":369,"time":24201,"train":0},{"operation":344,"time":24556,"train":3},{"operation":346,"time":24577,"train":3},{"operation":370,"time":24957,"train":0},{"operation":371,"time":24957,"train":0},{"operation":372,"time":24957,"train":0},{"operation":348,"time":25070,"train":3},{"operation":350,"time":25075,"train":3},{"operation":352,"time":25283,"train":3},{"operation":354,"time":25289,"train":3},{"operation":357,"time":25733,"train":3},{"operation":359,"time":25743,"train":3},{"operation":362,"time":25853,"train":3},{"operation":365,"time":25886,"train":3},{"operation":368,"time":26559,"train":3},{"operation":371,"time":26578,"train":3},{"operation":374,"time":27357,"train":3},{"operation":377,"time":27376,"train":3},{"operation":379,"time":27943,"train":3},{"operation":381,"time":27965,"train":3},{"operation":383,"time":27997,"train":3},{"operation":386,"time":28008,"train":3},{"operation":389,"time":28122,"train":3},{"operation":393,"time":28151,"train":3},{"operation":397,"time":28798,"train":3},{"operation":400,"time":28819,"train":3},{"operation":402,"time":29520,"train":3},{"operation":405,"time":29540,"train":3},{"operation":408,"time":30309,"train":3},{"operation":410,"time":30330,"train":3},{"operation":414,"time":30499,"train":3},{"operation":416,"time":30504,"train":3},{"operation":418,"time":30619,"train":3},{"operation":420,"time":30625,"train":3},{"operation":422,"time":31057,"train":3},{"operation":424,"time":31062,"train":3},{"operation":426,"time":31259,"train":3},{"operation":428,"time":31266,"train":3},{"operation":431,"time":31537,"train":3},{"operation":433,"time":31547,"train":3},{"operation":437,"time":32003,"train":3},{"operation":441,"time":32024,"train":3},{"operation":444,"time":32754,"train":3},{"operation":447,"time":32774,"train":3},{"operation":450,"time":33258,"train":3},{"operation":453,"time":33280,"train":3},{"operation":455,"time":33892,"train":3},{"operation":458,"time":33925,"train":3},{"operation":470,"time":34557,"train":3},{"operation":473,"time":34580,"train":3},{"operation":476,"time":35234,"train":3},{"operation":478,"time":35259,"train":3},{"operation":480,"time":35755,"train":3},{"operation":483,"time":35779,"train":3},{"operation":486,"time":36337,"train":3},{"operation":489,"time":36362,"train":3},{"operation":492,"time":36803,"train":3},{"operation":495,"time":36826,"train":3},{"operation":499,"time":37582,"train":3},{"operation":503,"time":37605,"train":3},{"operation":507,"time":38200,"train":3},{"operation":508,"time":38200,"train":3}],"objective_value":4636}