{"events":[{"operation":0,"time":0,"train":0},{"operation":0,"time":0,"train":1},{"operation":0,"time":0,"train":2},{"operation":0,"time":0,"train":3},{"operation":1,"time":0,"train":2},{"operation":2,"time":0,"train":1},{"operation":0,"time":0,"train":4},{"operation":1,"time":0,"train":4},{"operation":0,"time":0,"train":5},{"operation":4,"time":24,"train":1},{"operation":2,"time":33,"train":2},{"operation":2,"time":162,"train":5},{"operation":1,"time":183,"train":0},{"operation":2,"time":189,"train":4},{"operation":2,"time":198,"train":0},{"operation":4,"time":236,"train":5},{"operation":2,"time":340,"train":3},{"operation":4,"time":356,"train":3},{"operation":6,"time":408,"train":1},{"operation":8,"time":452,"train":1},{"operation":4,"time":490,"train":2},{"operation":3,"time":674,"train":0},{"operation":11,"time":674,"train":1},{"operation":5,"time":689,"train":0},{"operation":13,"time":693,"train":1},{"operation":7,"time":702,"train":2},{"operation":6,"time":712,"train":3},{"operation":7,"time":712,"train":3},{"operation":7,"time":888,"train":5},{"operation":10,"time":914,"train":2},{"operation":10,"time":917,"train":5},{"operation":13,"time":920,"train":2},{"operation":3,"time":1036,"train":4},{"operation":7,"time":1117,"train":0},{"operation":5,"time":1132,"train":4},{"operation":15,"time":1157,"train":1},{"operation":19,"time":1173,"train":1},{"operation":23,"time":1327,"train":1},{"operation":15,"time":1327,"train":5},{"operation":16,"time":1327,"train":5},{"operation":10,"time":1329,"train":0},{"operation":26,"time":1335,"train":1},{"operation":15,"time":1349,"train":2},{"operation":16,"time":1364,"train":2},{"operation":30,"time":1479,"train":1},{"operation":32,"time":1501,"train":1},{"operation":13,"time":1541,"train":0},{"operation":16,"time":1546,"train":0},{"operation":8,"time":1574,"train":4},{"operation":14,"time":1601,"train":4},{"operation":19,"time":1717,"train":4},{"operation":24,"time":1724,"train":4},{"operation":17,"time":1840,"train":2},{"operation":19,"time":1855,"train":2},{"operation":23,"time":1933,"train":0},{"operation":25,"time":1949,"train":0},{"operation":27,"time":2147,"train":0},{"operation":29,"time":2257,"train":4},{"operation":30,"time":2278,"train":4},{"operation":34,"time":2280,"train":1},{"operation":36,"time":2280,"train":1},{"operation":21,"time":2283,"train":2},{"operation":25,"time":2332,"train":2},{"operation":30,"time":2359,"train":0},{"operation":34,"time":2571,"train":0},{"operation":40,"time":2719,"train":0},{"operation":40,"time":2798,"train":2},{"operation":43,"time":2814,"train":2},{"operation":39,"time":2866,"train":1},{"operation":43,"time":2878,"train":1},{"operation":32,"time":2944,"train":4},{"operation":34,"time":2965,"train":4},{"operation":50,"time":3012,"train":2},{"operation":46,"time":3080,"train":0},{"operation":52,"time":3091,"train":0},{"operation":37,"time":3099,"train":4},{"operation":41,"time":3105,"train":4},{"operation":44,"time":3219,"train":4},{"operation":53,"time":3224,"train":2},{"operation":47,"time":3225,"train":4},{"operation":45,"time":3343,"train":1},{"operation":47,"time":3355,"train":1},{"operation":58,"time":3436,"train":2},{"operation":72,"time":3520,"train":0},{"operation":76,"time":3534,"train":0},{"operation":49,"time":3564,"train":4},{"operation":64,"time":3593,"train":2},{"operation":51,"time":3594,"train":4},{"operation":70,"time":3758,"train":2},{"operation":76,"time":3769,"train":2},{"operation":49,"time":3794,"train":1},{"operation":51,"time":3806,"train":1},{"operation":79,"time":3987,"train":0},{"operation":82,"time":4011,"train":0},{"operation":93,"time":4198,"train":2},{"operation":97,"time":4218,"train":2},{"operation":54,"time":4247,"train":4},{"operation":57,"time":4269,"train":4},{"operation":53,"time":4520,"train":1},{"operation":55,"time":4538,"train":1},{"operation":64,"time":4547,"train":4},{"operation":67,"time":4562,"train":4},{"operation":85,"time":4580,"train":0},{"operation":99,"time":4671,"train":2},{"operation":70,"time":4671,"train":4},{"operation":102,"time":4689,"train":2},{"operation":88,"time":4792,"train":0},{"operation":73,"time":4823,"train":4},{"operation":90,"time":4943,"train":0},{"operation":92,"time":4950,"train":0},{"operation":58,"time":5083,"train":1},{"operation":60,"time":5098,"train":1},{"operation":76,"time":5138,"train":4},{"operation":79,"time":5151,"train":4},{"operation":94,"time":5205,"train":0},{"operation":96,"time":5220,"train":0},{"operation":105,"time":5264,"train":2},{"operation":81,"time":5272,"train":4},{"operation":82,"time":5272,"train":4},{"operation":108,"time":5278,"train":2},{"operation":111,"time":5759,"train":2},{"operation":113,"time":5773,"train":2},{"operation":99,"time":5801,"train":0},{"operation":102,"time":5816,"train":0},{"operation":64,"time":5969,"train":1},{"operation":68,"time":5984,"train":1},{"operation":104,"time":6365,"train":0},{"operation":83,"time":6370,"train":4},{"operation":84,"time":6370,"train":4},{"operation":85,"time":6370,"train":4},{"operation":119,"time":6378,"train":2},{"operation":106,"time":6386,"train":0},{"operation":122,"time":6393,"train":2},{"operation":72,"time":6541,"train":1},{"operation":76,"time":6556,"train":1},{"operation":125,"time":6566,"train":2},{"operation":111,"time":6722,"train":0},{"operation":127,"time":6778,"train":2},{"operation":112,"time":6934,"train":0},{"operation":80,"time":6994,"train":1},{"operation":84,"time":7010,"train":1},{"operation":129,"time":7118,"train":2},{"operation":130,"time":7129,"train":2},{"operation":113,"time":7146,"train":0},{"operation":114,"time":7152,"train":0},{"operation":115,"time":7406,"train":0},{"operation":117,"time":7411,"train":0},{"operation":88,"time":7415,"train":1},{"operation":131,"time":7426,"train":2},{"operation":92,"time":7432,"train":1},{"operation":132,"time":7442,"train":2},{"operation":119,"time":7574,"train":0},{"operation":121,"time":7578,"train":0},{"operation":133,"time":7778,"train":2},{"operation":123,"time":7835,"train":0},{"operation":125,"time":7839,"train":0},{"operation":95,"time":7886,"train":1},{"operation":99,"time":7901,"train":1},{"operation":134,"time":7990,"train":2},{"operation":127,"time":8019,"train":0},{"operation":129,"time":8023,"train":0},{"operation":135,"time":8202,"train":2},{"operation":136,"time":8208,"train":2},{"operation":131,"time":8416,"train":0},{"operation":137,"time":8462,"train":2},{"operation":139,"time":8467,"train":2},{"operation":103,"time":8539,"train":1},{"operation":107,"time":8554,"train":1},{"operation":133,"time":8628,"train":0},{"operation":141,"time":8630,"train":2},{"operation":143,"time":8634,"train":2},{"operation":135,"time":8840,"train":0},{"operation":137,"time":8844,"train":0},{"operation":145,"time":8891,"train":2},{"operation":147,"time":8895,"train":2},{"operation":149,"time":9075,"train":2},{"operation":151,"time":9079,"train":2},{"operation":139,"time":9082,"train":0},{"operation":141,"time":9086,"train":0},{"operation":115,"time":9145,"train":1},{"operation":119,"time":9154,"train":1},{"operation":143,"time":9250,"train":0},{"operation":145,"time":9254,"train":0},{"operation":153,"time":9472,"train":2},{"operation":121,"time":9532,"train":1},{"operation":125,"time":9547,"train":1},{"operation":147,"time":9606,"train":0},{"operation":148,"time":9619,"train":0},{"operation":155,"time":9684,"train":2},{"operation":130,"time":9851,"train":1},{"operation":134,"time":9864,"train":1},{"operation":149,"time":9896,"train":0},{"operation":157,"time":9896,"train":2},{"operation":159,"time":9900,"train":2},{"operation":150,"time":9913,"train":0},{"operation":161,"time":10138,"train":2},{"operation":163,"time":10142,"train":2},{"operation":165,"time":10306,"train":2},{"operation":167,"time":10310,"train":2},{"operation":151,"time":10361,"train":0},{"operation":152,"time":10375,"train":0},{"operation":140,"time":10407,"train":1},{"operation":144,"time":10422,"train":1},{"operation":169,"time":10662,"train":2},{"operation":170,"time":10675,"train":2},{"operation":153,"time":10733,"train":0},{"operation":155,"time":10737,"train":0},{"operation":148,"time":10794,"train":1},{"operation":152,"time":10815,"train":1},{"operation":157,"time":10895,"train":0},{"operation":159,"time":10899,"train":0},{"operation":171,"time":10952,"train":2},{"operation":172,"time":10969,"train":2},{"operation":161,"time":11315,"train":0},{"operation":162,"time":11416,"train":1},{"operation":173,"time":11419,"train":2},{"operation":174,"time":11433,"train":2},{"operation":165,"time":11442,"train":1},{"operation":163,"time":11527,"train":0},{"operation":165,"time":11739,"train":0},{"operation":167,"time":11743,"train":0},{"operation":175,"time":11791,"train":2},{"operation":177,"time":11795,"train":2},{"operation":179,"time":11953,"train":2},{"operation":181,"time":11957,"train":2},{"operation":169,"time":11959,"train":0},{"operation":171,"time":11978,"train":0},{"operation":175,"time":12007,"train":1},{"operation":178,"time":12022,"train":1},{"operation":183,"time":12373,"train":2},{"operation":185,"time":12546,"train":1},{"operation":188,"time":12560,"train":1},{"operation":185,"time":12585,"train":2},{"operation":173,"time":12684,"train":0},{"operation":187,"time":12797,"train":2},{"operation":189,"time":12801,"train":2},{"operation":175,"time":12896,"train":0},{"operation":192,"time":13017,"train":2},{"operation":197,"time":13030,"train":1},{"operation":194,"time":13032,"train":2},{"operation":201,"time":13045,"train":1},{"operation":177,"time":13113,"train":0},{"operation":179,"time":13117,"train":0},{"operation":181,"time":13432,"train":0},{"operation":206,"time":13528,"train":1},{"operation":209,"time":13543,"train":1},{"operation":182,"time":13644,"train":0},{"operation":196,"time":13742,"train":2},{"operation":183,"time":13856,"train":0},{"operation":184,"time":13860,"train":0},{"operation":217,"time":13930,"train":1},{"operation":221,"time":13946,"train":1},{"operation":198,"time":13954,"train":2},{"operation":186,"time":14151,"train":0},{"operation":200,"time":14166,"train":2},{"operation":202,"time":14170,"train":2},{"operation":188,"time":14171,"train":0},{"operation":192,"time":14322,"train":0},{"operation":196,"time":14330,"train":0},{"operation":223,"time":14453,"train":1},{"operation":227,"time":14468,"train":1},{"operation":203,"time":14485,"train":2},{"operation":204,"time":14697,"train":2},{"operation":205,"time":14909,"train":2},{"operation":206,"time":14913,"train":2},{"operation":231,"time":14998,"train":1},{"operation":235,"time":15012,"train":1},{"operation":207,"time":15204,"train":2},{"operation":209,"time":15416,"train":2},{"operation":198,"time":15417,"train":0},{"operation":239,"time":15491,"train":1},{"operation":243,"time":15506,"train":1},{"operation":200,"time":15629,"train":0},{"operation":211,"time":15692,"train":2},{"operation":215,"time":15700,"train":2},{"operation":203,"time":15913,"train":0},{"operation":247,"time":16034,"train":1},{"operation":251,"time":16048,"train":1},{"operation":207,"time":16125,"train":0},{"operation":209,"time":16406,"train":0},{"operation":211,"time":16415,"train":0},{"operation":255,"time":16562,"train":1},{"operation":259,"time":16577,"train":1},{"operation":213,"time":16694,"train":0},{"operation":215,"time":16710,"train":0},{"operation":219,"time":16788,"train":2},{"operation":217,"time":16906,"train":0},{"operation":219,"time":16910,"train":0},{"operation":221,"time":17000,"train":2},{"operation":263,"time":17070,"train":1},{"operation":267,"time":17085,"train":1},{"operation":221,"time":17186,"train":0},{"operation":273,"time":17243,"train":1},{"operation":223,"time":17353,"train":2},{"operation":223,"time":17398,"train":0},{"operation":277,"time":17455,"train":1},{"operation":227,"time":17565,"train":2},{"operation":225,"time":17610,"train":0},{"operation":227,"time":17638,"train":0},{"operation":284,"time":17668,"train":1},{"operation":231,"time":17866,"train":2},{"operation":233,"time":17875,"train":2},{"operation":306,"time":17880,"train":1},{"operation":230,"time":17909,"train":0},{"operation":232,"time":17980,"train":0},{"operation":338,"time":18035,"train":1},{"operation":235,"time":18154,"train":2},{"operation":239,"time":18170,"train":2},{"operation":374,"time":18310,"train":1},{"operation":241,"time":18366,"train":2},{"operation":243,"time":18370,"train":2},{"operation":395,"time":18522,"train":1},{"operation":245,"time":18646,"train":2},{"operation":236,"time":18647,"train":0},{"operation":240,"time":18671,"train":0},{"operation":415,"time":18798,"train":1},{"operation":247,"time":18858,"train":2},{"operation":249,"time":19070,"train":2},{"operation":435,"time":19079,"train":1},{"operation":251,"time":19098,"train":2},{"operation":455,"time":19113,"train":1},{"operation":242,"time":19228,"train":0},{"operation":244,"time":19243,"train":0},{"operation":254,"time":19369,"train":2},{"operation":256,"time":19440,"train":2},{"operation":245,"time":19623,"train":0},{"operation":247,"time":19627,"train":0},{"operation":475,"time":19650,"train":1},{"operation":476,"time":19650,"train":1},{"operation":249,"time":19787,"train":0},{"operation":251,"time":19792,"train":0},{"operation":260,"time":20110,"train":2},{"operation":253,"time":20134,"train":0},{"operation":264,"time":20134,"train":2},{"operation":255,"time":20346,"train":0},{"operation":257,"time":20558,"train":0},{"operation":260,"time":20583,"train":0},{"operation":266,"time":20697,"train":2},{"operation":268,"time":20712,"train":2},{"operation":263,"time":21064,"train":0},{"operation":266,"time":21077,"train":0},{"operation":269,"time":21092,"train":2},{"operation":271,"time":21096,"train":2},{"operation":273,"time":21256,"train":2},{"operation":275,"time":21261,"train":2},{"operation":277,"time":21603,"train":2},{"operation":269,"time":21634,"train":0},{"operation":272,"time":21648,"train":0},{"operation":279,"time":21815,"train":2},{"operation":281,"time":22027,"train":2},{"operation":284,"time":22052,"train":2},{"operation":275,"time":22053,"train":0},{"operation":277,"time":22069,"train":0},{"operation":279,"time":22180,"train":0},{"operation":281,"time":22201,"train":0},{"operation":287,"time":22533,"train":2},{"operation":290,"time":22546,"train":2},{"operation":287,"time":22879,"train":0},{"operation":290,"time":22894,"train":0},{"operation":293,"time":23103,"train":2},{"operation":296,"time":23117,"train":2},{"operation":293,"time":23395,"train":0},{"operation":296,"time":23409,"train":0},{"operation":299,"time":23522,"train":2},{"operation":301,"time":23734,"train":2},{"operation":303,"time":23896,"train":2},{"operation":305,"time":23917,"train":2},{"operation":299,"time":23959,"train":0},{"operation":301,"time":23980,"train":0},{"operation":303,"time":24192,"train":0},{"operation":306,"time":24404,"train":0},{"operation":311,"time":24604,"train":2},{"operation":313,"time":24616,"train":0},{"operation":314,"time":24619,"train":2},{"operation":315,"time":24621,"train":0},{"operation":317,"time":24953,"train":0},{"operation":319,"time":24957,"train":0},{"operation":321,"time":25109,"train":0},{"operation":323,"time":25114,"train":0},{"operation":317,"time":25120,"train":2},{"operation":320,"time":25134,"train":2},{"operation":326,"time":25323,"train":0},{"operation":328,"time":25333,"train":0},{"operation":323,"time":25684,"train":2},{"operation":331,"time":25836,"train":0},{"operation":334,"time":25851,"train":0},{"operation":325,"time":25896,"train":2},{"operation":327,"time":26121,"train":2},{"operation":330,"time":26333,"train":2},{"operation":337,"time":26372,"train":0},{"operation":340,"time":26386,"train":0},{"operation":337,"time":26545,"train":2},{"operation":339,"time":26550,"train":2},{"operation":343,"time":26732,"train":0},{"operation":346,"time":26748,"train":0},{"operation":341,"time":26882,"train":2},{"operation":343,"time":26886,"train":2},{"operation":345,"time":27038,"train":2},{"operation":347,"time":27043,"train":2},{"operation":348,"time":27215,"train":0},{"operation":351,"time":27248,"train":0},{"operation":350,"time":27252,"train":2},{"operation":352,"time":27262,"train":2},{"operation":355,"time":27777,"train":2},{"operation":358,"time":27792,"train":2},{"operation":363,"time":27880,"train":0},{"operation":366,"time":27903,"train":0},{"operation":361,"time":28313,"train":2},{"operation":364,"time":28327,"train":2},{"operation":369,"time":28557,"train":0},{"operation":371,"time":28582,"train":0},{"operation":367,"time":28673,"train":2},{"operation":370,"time":28689,"train":2},{"operation":372,"time":29156,"train":2},{"operation":375,"time":29189,"train":2},{"operation":373,"time":29492,"train":0},{"operation":376,"time":29516,"train":0},{"operation":387,"time":29821,"train":2},{"operation":390,"time":29844,"train":2},{"operation":379,"time":30074,"train":0},{"operation":382,"time":30099,"train":0},{"operation":393,"time":30498,"train":2},{"operation":395,"time":30523,"train":2},{"operation":385,"time":30540,"train":0},{"operation":388,"time":30563,"train":0},{"operation":391,"time":31319,"train":0},{"operation":395,"time":31342,"train":0},{"operation":397,"time":31492,"train":2},{"operation":400,"time":31516,"train":2},{"operation":399,"time":31937,"train":0},{"operation":401,"time":31937,"train":0},{"operation":403,"time":32074,"train":2},{"operation":406,"time":32099,"train":2},{"operation":409,"time":32540,"train":2},{"operation":412,"time":32563,"train":2},{"operation":416,"time":33319,"train":2},{"operation":420,"time":33342,"train":2},{"operation":424,"time":33937,"train":2},{"operation":425,"time":33937,"train":2}],"objective_value":13741}