{"events":[{"operation":0,"time":0,"train":0},{"operation":1,"time":0,"train":0},{"operation":0,"time":0,"train":2},{"operation":0,"time":0,"train":5},{"operation":0,"time":0,"train":4},{"operation":0,"time":0,"train":10},{"operation":0,"time":0,"train":6},{"operation":0,"time":0,"train":8},{"operation":1,"time":0,"train":8},{"operation":0,"time":0,"train":9},{"operation":0,"time":0,"train":11},{"operation":0,"time":0,"train":12},{"operation":1,"time":0,"train":6},{"operation":0,"time":0,"train":1},{"operation":1,"time":0,"train":1},{"operation":0,"time":0,"train":7},{"operation":0,"time":0,"train":3},{"operation":2,"time":6,"train":0},{"operation":1,"time":30,"train":12},{"operation":2,"time":31,"train":6},{"operation":2,"time":51,"train":12},{"operation":1,"time":55,"train":11},{"operation":1,"time":113,"train":4},{"operation":2,"time":131,"train":4},{"operation":1,"time":161,"train":2},{"operation":2,"time":168,"train":2},{"operation":2,"time":260,"train":1},{"operation":2,"time":267,"train":11},{"operation":1,"time":270,"train":3},{"operation":2,"time":275,"train":3},{"operation":3,"time":313,"train":4},{"operation":3,"time":342,"train":2},{"operation":2,"time":387,"train":8},{"operation":3,"time":416,"train":3},{"operation":1,"time":422,"train":5},{"operation":4,"time":422,"train":3},{"operation":1,"time":441,"train":9},{"operation":3,"time":497,"train":11},{"operation":3,"time":511,"train":0},{"operation":4,"time":518,"train":0},{"operation":4,"time":519,"train":11},{"operation":4,"time":525,"train":4},{"operation":3,"time":611,"train":6},{"operation":4,"time":629,"train":6},{"operation":3,"time":631,"train":12},{"operation":2,"time":634,"train":5},{"operation":4,"time":647,"train":12},{"operation":2,"time":653,"train":9},{"operation":1,"time":655,"train":10},{"operation":2,"time":671,"train":10},{"operation":4,"time":737,"train":2},{"operation":5,"time":737,"train":4},{"operation":6,"time":743,"train":4},{"operation":5,"time":746,"train":0},{"operation":4,"time":754,"train":1},{"operation":6,"time":778,"train":1},{"operation":3,"time":781,"train":8},{"operation":7,"time":784,"train":0},{"operation":5,"time":829,"train":12},{"operation":6,"time":829,"train":12},{"operation":6,"time":838,"train":11},{"operation":3,"time":865,"train":9},{"operation":8,"time":867,"train":11},{"operation":7,"time":955,"train":4},{"operation":8,"time":955,"train":4},{"operation":10,"time":979,"train":0},{"operation":5,"time":993,"train":8},{"operation":14,"time":1006,"train":0},{"operation":4,"time":1066,"train":9},{"operation":7,"time":1080,"train":12},{"operation":8,"time":1095,"train":12},{"operation":3,"time":1118,"train":5},{"operation":3,"time":1133,"train":10},{"operation":4,"time":1140,"train":10},{"operation":7,"time":1205,"train":8},{"operation":5,"time":1208,"train":6},{"operation":9,"time":1213,"train":8},{"operation":9,"time":1226,"train":4},{"operation":6,"time":1230,"train":6},{"operation":5,"time":1242,"train":2},{"operation":10,"time":1245,"train":4},{"operation":7,"time":1249,"train":2},{"operation":5,"time":1254,"train":3},{"operation":7,"time":1260,"train":3},{"operation":5,"time":1273,"train":9},{"operation":9,"time":1358,"train":1},{"operation":12,"time":1374,"train":1},{"operation":1,"time":1383,"train":7},{"operation":10,"time":1437,"train":11},{"operation":12,"time":1446,"train":11},{"operation":2,"time":1472,"train":7},{"operation":10,"time":1477,"train":2},{"operation":14,"time":1508,"train":2},{"operation":9,"time":1521,"train":12},{"operation":10,"time":1521,"train":12},{"operation":14,"time":1556,"train":1},{"operation":16,"time":1556,"train":1},{"operation":7,"time":1574,"train":6},{"operation":8,"time":1574,"train":6},{"operation":4,"time":1602,"train":5},{"operation":11,"time":1675,"train":12},{"operation":12,"time":1690,"train":12},{"operation":11,"time":1692,"train":8},{"operation":12,"time":1701,"train":8},{"operation":19,"time":1703,"train":2},{"operation":23,"time":1731,"train":2},{"operation":13,"time":1747,"train":11},{"operation":5,"time":1758,"train":10},{"operation":7,"time":1764,"train":10},{"operation":10,"time":1770,"train":6},{"operation":12,"time":1788,"train":6},{"operation":10,"time":1799,"train":3},{"operation":18,"time":1807,"train":1},{"operation":14,"time":1818,"train":3},{"operation":21,"time":1830,"train":1},{"operation":13,"time":1842,"train":12},{"operation":25,"time":1911,"train":2},{"operation":6,"time":1913,"train":9},{"operation":15,"time":1959,"train":11},{"operation":11,"time":2022,"train":4},{"operation":9,"time":2040,"train":10},{"operation":12,"time":2043,"train":4},{"operation":11,"time":2048,"train":10},{"operation":14,"time":2051,"train":12},{"operation":5,"time":2086,"train":5},{"operation":6,"time":2099,"train":5},{"operation":13,"time":2120,"train":8},{"operation":27,"time":2130,"train":2},{"operation":14,"time":2135,"train":8},{"operation":17,"time":2174,"train":11},{"operation":19,"time":2183,"train":11},{"operation":18,"time":2215,"train":3},{"operation":20,"time":2224,"train":3},{"operation":23,"time":2256,"train":1},{"operation":25,"time":2256,"train":1},{"operation":15,"time":2260,"train":12},{"operation":16,"time":2265,"train":12},{"operation":15,"time":2283,"train":8},{"operation":16,"time":2283,"train":8},{"operation":15,"time":2331,"train":6},{"operation":13,"time":2386,"train":4},{"operation":14,"time":2386,"train":4},{"operation":7,"time":2392,"train":9},{"operation":3,"time":2392,"train":7},{"operation":4,"time":2403,"train":7},{"operation":27,"time":2410,"train":1},{"operation":14,"time":2440,"train":10},{"operation":17,"time":2443,"train":12},{"operation":18,"time":2443,"train":12},{"operation":16,"time":2451,"train":10},{"operation":23,"time":2457,"train":11},{"operation":24,"time":2464,"train":11},{"operation":30,"time":2474,"train":1},{"operation":7,"time":2522,"train":5},{"operation":8,"time":2529,"train":5},{"operation":18,"time":2543,"train":6},{"operation":18,"time":2581,"train":0},{"operation":29,"time":2583,"train":2},{"operation":8,"time":2604,"train":9},{"operation":33,"time":2604,"train":2},{"operation":33,"time":2626,"train":1},{"operation":15,"time":2639,"train":4},{"operation":18,"time":2666,"train":10},{"operation":19,"time":2668,"train":12},{"operation":16,"time":2674,"train":4},{"operation":25,"time":2684,"train":11},{"operation":26,"time":2684,"train":11},{"operation":20,"time":2684,"train":12},{"operation":5,"time":2693,"train":7},{"operation":6,"time":2704,"train":7},{"operation":21,"time":2734,"train":3},{"operation":22,"time":2739,"train":3},{"operation":23,"time":2755,"train":6},{"operation":28,"time":2771,"train":6},{"operation":20,"time":2800,"train":0},{"operation":9,"time":2816,"train":9},{"operation":10,"time":2824,"train":9},{"operation":35,"time":2845,"train":1},{"operation":20,"time":2878,"train":10},{"operation":23,"time":2935,"train":3},{"operation":24,"time":2941,"train":3},{"operation":37,"time":3064,"train":1},{"operation":40,"time":3069,"train":1},{"operation":22,"time":3090,"train":10},{"operation":37,"time":3094,"train":2},{"operation":17,"time":3098,"train":4},{"operation":18,"time":3105,"train":4},{"operation":41,"time":3124,"train":2},{"operation":11,"time":3218,"train":9},{"operation":25,"time":3222,"train":3},{"operation":27,"time":3229,"train":3},{"operation":19,"time":3233,"train":4},{"operation":43,"time":3247,"train":1},{"operation":46,"time":3247,"train":1},{"operation":20,"time":3258,"train":4},{"operation":30,"time":3273,"train":6},{"operation":32,"time":3297,"train":6},{"operation":24,"time":3302,"train":10},{"operation":7,"time":3344,"train":7},{"operation":9,"time":3350,"train":7},{"operation":21,"time":3374,"train":12},{"operation":29,"time":3383,"train":3},{"operation":31,"time":3383,"train":3},{"operation":22,"time":3391,"train":12},{"operation":23,"time":3394,"train":0},{"operation":12,"time":3430,"train":9},{"operation":9,"time":3439,"train":5},{"operation":11,"time":3446,"train":5},{"operation":27,"time":3469,"train":0},{"operation":49,"time":3472,"train":1},{"operation":21,"time":3503,"train":4},{"operation":22,"time":3503,"train":4},{"operation":11,"time":3546,"train":7},{"operation":25,"time":3575,"train":10},{"operation":26,"time":3575,"train":10},{"operation":51,"time":3600,"train":1},{"operation":13,"time":3628,"train":9},{"operation":14,"time":3634,"train":9},{"operation":13,"time":3642,"train":5},{"operation":15,"time":3649,"train":5},{"operation":13,"time":3658,"train":7},{"operation":23,"time":3693,"train":12},{"operation":24,"time":3693,"train":12},{"operation":46,"time":3705,"train":2},{"operation":50,"time":3723,"train":2},{"operation":33,"time":3767,"train":6},{"operation":34,"time":3767,"train":6},{"operation":25,"time":3924,"train":12},{"operation":23,"time":3934,"train":4},{"operation":24,"time":3953,"train":4},{"operation":29,"time":3959,"train":0},{"operation":26,"time":3959,"train":12},{"operation":33,"time":3989,"train":0},{"operation":35,"time":4057,"train":6},{"operation":36,"time":4080,"train":6},{"operation":16,"time":4139,"train":9},{"operation":18,"time":4147,"train":9},{"operation":53,"time":4290,"train":1},{"operation":55,"time":4302,"train":2},{"operation":17,"time":4302,"train":5},{"operation":56,"time":4307,"train":1},{"operation":19,"time":4308,"train":5},{"operation":27,"time":4312,"train":12},{"operation":28,"time":4317,"train":12},{"operation":59,"time":4324,"train":2},{"operation":37,"time":4324,"train":6},{"operation":38,"time":4324,"train":6},{"operation":21,"time":4350,"train":9},{"operation":25,"time":4381,"train":9},{"operation":29,"time":4425,"train":12},{"operation":30,"time":4446,"train":12},{"operation":16,"time":4472,"train":7},{"operation":18,"time":4481,"train":7},{"operation":21,"time":4506,"train":5},{"operation":23,"time":4514,"train":5},{"operation":25,"time":4559,"train":4},{"operation":38,"time":4570,"train":0},{"operation":31,"time":4576,"train":9},{"operation":26,"time":4577,"train":4},{"operation":42,"time":4588,"train":0},{"operation":59,"time":4608,"train":1},{"operation":62,"time":4608,"train":1},{"operation":31,"time":4667,"train":12},{"operation":32,"time":4667,"train":12},{"operation":61,"time":4668,"train":2},{"operation":63,"time":4668,"train":2},{"operation":35,"time":4788,"train":9},{"operation":65,"time":4839,"train":1},{"operation":65,"time":4864,"train":2},{"operation":20,"time":4871,"train":7},{"operation":67,"time":4874,"train":1},{"operation":67,"time":4882,"train":2},{"operation":39,"time":5055,"train":9},{"operation":33,"time":5064,"train":12},{"operation":34,"time":5080,"train":12},{"operation":22,"time":5083,"train":7},{"operation":47,"time":5167,"train":0},{"operation":27,"time":5182,"train":4},{"operation":51,"time":5189,"train":0},{"operation":28,"time":5200,"train":4},{"operation":69,"time":5227,"train":1},{"operation":72,"time":5232,"train":1},{"operation":24,"time":5247,"train":7},{"operation":43,"time":5267,"train":9},{"operation":25,"time":5329,"train":7},{"operation":26,"time":5329,"train":7},{"operation":75,"time":5340,"train":1},{"operation":78,"time":5361,"train":1},{"operation":69,"time":5425,"train":2},{"operation":70,"time":5434,"train":2},{"operation":26,"time":5468,"train":5},{"operation":28,"time":5477,"train":5},{"operation":53,"time":5533,"train":0},{"operation":55,"time":5533,"train":0},{"operation":71,"time":5560,"train":2},{"operation":72,"time":5576,"train":2},{"operation":81,"time":5582,"train":1},{"operation":83,"time":5582,"train":1},{"operation":50,"time":5602,"train":9},{"operation":54,"time":5623,"train":9},{"operation":35,"time":5701,"train":12},{"operation":36,"time":5716,"train":12},{"operation":58,"time":5729,"train":0},{"operation":29,"time":5733,"train":4},{"operation":30,"time":5733,"train":4},{"operation":62,"time":5752,"train":0},{"operation":85,"time":5979,"train":1},{"operation":86,"time":5995,"train":1},{"operation":32,"time":6063,"train":5},{"operation":73,"time":6078,"train":2},{"operation":36,"time":6079,"train":5},{"operation":75,"time":6102,"train":2},{"operation":60,"time":6168,"train":9},{"operation":64,"time":6199,"train":9},{"operation":37,"time":6259,"train":12},{"operation":38,"time":6274,"train":12},{"operation":67,"time":6295,"train":0},{"operation":70,"time":6304,"train":0},{"operation":74,"time":6430,"train":0},{"operation":79,"time":6450,"train":0},{"operation":38,"time":6504,"train":5},{"operation":40,"time":6513,"train":5},{"operation":77,"time":6572,"train":2},{"operation":79,"time":6572,"train":2},{"operation":87,"time":6615,"train":1},{"operation":88,"time":6630,"train":1},{"operation":39,"time":6719,"train":12},{"operation":40,"time":6719,"train":12},{"operation":67,"time":6779,"train":9},{"operation":71,"time":6797,"train":9},{"operation":81,"time":6862,"train":2},{"operation":85,"time":6880,"train":2},{"operation":81,"time":6952,"train":0},{"operation":83,"time":6982,"train":0},{"operation":90,"time":7124,"train":2},{"operation":41,"time":7125,"train":5},{"operation":43,"time":7131,"train":5},{"operation":89,"time":7173,"train":1},{"operation":90,"time":7188,"train":1},{"operation":94,"time":7343,"train":2},{"operation":74,"time":7376,"train":9},{"operation":78,"time":7398,"train":9},{"operation":45,"time":7407,"train":5},{"operation":47,"time":7415,"train":5},{"operation":85,"time":7452,"train":0},{"operation":86,"time":7452,"train":0},{"operation":97,"time":7516,"train":2},{"operation":91,"time":7633,"train":1},{"operation":92,"time":7633,"train":1},{"operation":100,"time":7735,"train":2},{"operation":87,"time":7742,"train":0},{"operation":82,"time":7742,"train":9},{"operation":89,"time":7765,"train":0},{"operation":50,"time":7807,"train":5},{"operation":52,"time":7818,"train":5},{"operation":112,"time":7828,"train":2},{"operation":84,"time":7954,"train":9},{"operation":92,"time":8009,"train":0},{"operation":54,"time":8033,"train":5},{"operation":116,"time":8047,"train":2},{"operation":88,"time":8166,"train":9},{"operation":92,"time":8184,"train":9},{"operation":95,"time":8228,"train":0},{"operation":56,"time":8245,"train":5},{"operation":121,"time":8266,"train":2},{"operation":58,"time":8457,"train":5},{"operation":60,"time":8457,"train":5},{"operation":98,"time":8458,"train":0},{"operation":127,"time":8485,"train":2},{"operation":139,"time":8564,"train":2},{"operation":101,"time":8677,"train":0},{"operation":94,"time":8727,"train":9},{"operation":61,"time":8730,"train":5},{"operation":62,"time":8730,"train":5},{"operation":114,"time":8770,"train":0},{"operation":146,"time":8783,"train":2},{"operation":96,"time":8939,"train":9},{"operation":153,"time":8984,"train":2},{"operation":118,"time":8989,"train":0},{"operation":98,"time":9151,"train":9},{"operation":100,"time":9167,"train":9},{"operation":160,"time":9203,"train":2},{"operation":124,"time":9208,"train":0},{"operation":173,"time":9422,"train":2},{"operation":130,"time":9427,"train":0},{"operation":140,"time":9623,"train":0},{"operation":196,"time":9641,"train":2},{"operation":102,"time":9669,"train":9},{"operation":104,"time":9693,"train":9},{"operation":147,"time":9842,"train":0},{"operation":204,"time":9911,"train":2},{"operation":154,"time":10070,"train":0},{"operation":106,"time":10163,"train":9},{"operation":108,"time":10163,"train":9},{"operation":216,"time":10181,"train":2},{"operation":228,"time":10203,"train":2},{"operation":286,"time":10203,"train":2},{"operation":161,"time":10289,"train":0},{"operation":111,"time":10453,"train":9},{"operation":115,"time":10476,"train":9},{"operation":188,"time":10508,"train":0},{"operation":118,"time":10720,"train":9},{"operation":200,"time":10727,"train":0},{"operation":121,"time":10932,"train":9},{"operation":210,"time":10997,"train":0},{"operation":124,"time":11207,"train":9},{"operation":222,"time":11267,"train":0},{"operation":235,"time":11289,"train":0},{"operation":286,"time":11289,"train":0},{"operation":127,"time":11482,"train":9},{"operation":130,"time":11757,"train":9},{"operation":133,"time":12005,"train":9},{"operation":143,"time":12351,"train":9},{"operation":146,"time":12697,"train":9},{"operation":154,"time":13043,"train":9},{"operation":163,"time":13315,"train":9},{"operation":174,"time":13618,"train":9},{"operation":185,"time":13921,"train":9},{"operation":198,"time":14224,"train":9},{"operation":217,"time":14527,"train":9},{"operation":252,"time":14961,"train":9},{"operation":346,"time":14981,"train":9},{"operation":452,"time":15220,"train":9},{"operation":454,"time":15432,"train":9},{"operation":456,"time":15869,"train":9},{"operation":458,"time":16306,"train":9},{"operation":460,"time":16743,"train":9},{"operation":462,"time":17180,"train":9},{"operation":464,"time":17199,"train":9},{"operation":465,"time":17199,"train":9}],"objective_value":23393}