{
  "events": [
    {
      "operation": 0,
      "time": 0,
      "train": 0
    },
    {
      "operation": 0,
      "time": 0,
      "train": 2
    },
    {
      "operation": 0,
      "time": 0,
      "train": 6
    },
    {
      "operation": 0,
      "time": 0,
      "train": 11
    },
    {
      "operation": 0,
      "time": 0,
      "train": 5
    },
    {
      "operation": 0,
      "time": 0,
      "train": 1
    },
    {
      "operation": 0,
      "time": 0,
      "train": 4
    },
    {
      "operation": 0,
      "time": 0,
      "train": 10
    },
    {
      "operation": 0,
      "time": 0,
      "train": 9
    },
    {
      "operation": 0,
      "time": 0,
      "train": 3
    },
    {
      "operation": 0,
      "time": 0,
      "train": 8
    },
    {
      "operation": 0,
      "time": 0,
      "train": 7
    },
    {
      "operation": 1,
      "time": 12057,
      "train": 2
    },
    {
      "operation": 1,
      "time": 12117,
      "train": 10
    },
    {
      "operation": 1,
      "time": 12146,
      "train": 9
    },
    {
      "operation": 1,
      "time": 12177,
      "train": 1
    },
    {
      "operation": 1,
      "time": 12227,
      "train": 0
    },
    {
      "operation": 1,
      "time": 12297,
      "train": 8
    },
    {
      "operation": 2,
      "time": 12297,
      "train": 2
    },
    {
      "operation": 2,
      "time": 12319,
      "train": 9
    },
    {
      "operation": 2,
      "time": 12323,
      "train": 10
    },
    {
      "operation": 2,
      "time": 12327,
      "train": 0
    },
    {
      "operation": 2,
      "time": 12387,
      "train": 1
    },
    {
      "operation": 2,
      "time": 12477,
      "train": 4
    },
    {
      "operation": 5,
      "time": 12477,
      "train": 4
    },
    {
      "operation": 4,
      "time": 12537,
      "train": 1
    },
    {
      "operation": 7,
      "time": 12537,
      "train": 4
    },
    {
      "operation": 8,
      "time": 12597,
      "train": 4
    },
    {
      "operation": 5,
      "time": 12672,
      "train": 1
    },
    {
      "operation": 6,
      "time": 12672,
      "train": 1
    },
    {
      "operation": 7,
      "time": 12807,
      "train": 1
    },
    {
      "operation": 1,
      "time": 12807,
      "train": 6
    },
    {
      "operation": 3,
      "time": 12812,
      "train": 10
    },
    {
      "operation": 10,
      "time": 12837,
      "train": 1
    },
    {
      "operation": 9,
      "time": 12867,
      "train": 4
    },
    {
      "operation": 11,
      "time": 12897,
      "train": 4
    },
    {
      "operation": 4,
      "time": 12932,
      "train": 2
    },
    {
      "operation": 4,
      "time": 12938,
      "train": 9
    },
    {
      "operation": 2,
      "time": 12949,
      "train": 6
    },
    {
      "operation": 4,
      "time": 12958,
      "train": 10
    },
    {
      "operation": 8,
      "time": 13046,
      "train": 2
    },
    {
      "operation": 12,
      "time": 13047,
      "train": 1
    },
    {
      "operation": 13,
      "time": 13047,
      "train": 4
    },
    {
      "operation": 14,
      "time": 13077,
      "train": 4
    },
    {
      "operation": 6,
      "time": 13078,
      "train": 10
    },
    {
      "operation": 6,
      "time": 13124,
      "train": 8
    },
    {
      "operation": 16,
      "time": 13127,
      "train": 4
    },
    {
      "operation": 17,
      "time": 13127,
      "train": 4
    },
    {
      "operation": 6,
      "time": 13147,
      "train": 9
    },
    {
      "operation": 7,
      "time": 13147,
      "train": 9
    },
    {
      "operation": 9,
      "time": 13166,
      "train": 2
    },
    {
      "operation": 3,
      "time": 13197,
      "train": 5
    },
    {
      "operation": 7,
      "time": 13210,
      "train": 8
    },
    {
      "operation": 6,
      "time": 13210,
      "train": 5
    },
    {
      "operation": 7,
      "time": 13211,
      "train": 10
    },
    {
      "operation": 8,
      "time": 13211,
      "train": 10
    },
    {
      "operation": 9,
      "time": 13240,
      "train": 8
    },
    {
      "operation": 4,
      "time": 13255,
      "train": 0
    },
    {
      "operation": 18,
      "time": 13255,
      "train": 4
    },
    {
      "operation": 9,
      "time": 13277,
      "train": 10
    },
    {
      "operation": 1,
      "time": 13277,
      "train": 3
    },
    {
      "operation": 10,
      "time": 13307,
      "train": 10
    },
    {
      "operation": 2,
      "time": 13363,
      "train": 3
    },
    {
      "operation": 3,
      "time": 13363,
      "train": 3
    },
    {
      "operation": 5,
      "time": 13397,
      "train": 0
    },
    {
      "operation": 20,
      "time": 13397,
      "train": 4
    },
    {
      "operation": 10,
      "time": 13397,
      "train": 8
    },
    {
      "operation": 7,
      "time": 13427,
      "train": 0
    },
    {
      "operation": 7,
      "time": 13427,
      "train": 5
    },
    {
      "operation": 12,
      "time": 13427,
      "train": 8
    },
    {
      "operation": 8,
      "time": 13430,
      "train": 9
    },
    {
      "operation": 11,
      "time": 13449,
      "train": 10
    },
    {
      "operation": 9,
      "time": 13457,
      "train": 5
    },
    {
      "operation": 13,
      "time": 13479,
      "train": 10
    },
    {
      "operation": 14,
      "time": 13522,
      "train": 8
    },
    {
      "operation": 15,
      "time": 13522,
      "train": 8
    },
    {
      "operation": 4,
      "time": 13534,
      "train": 3
    },
    {
      "operation": 21,
      "time": 13539,
      "train": 4
    },
    {
      "operation": 8,
      "time": 13541,
      "train": 0
    },
    {
      "operation": 6,
      "time": 13564,
      "train": 3
    },
    {
      "operation": 23,
      "time": 13569,
      "train": 4
    },
    {
      "operation": 17,
      "time": 13570,
      "train": 8
    },
    {
      "operation": 10,
      "time": 13599,
      "train": 5
    },
    {
      "operation": 18,
      "time": 13600,
      "train": 8
    },
    {
      "operation": 14,
      "time": 13621,
      "train": 10
    },
    {
      "operation": 12,
      "time": 13629,
      "train": 5
    },
    {
      "operation": 16,
      "time": 13651,
      "train": 10
    },
    {
      "operation": 13,
      "time": 13661,
      "train": 0
    },
    {
      "operation": 3,
      "time": 13665,
      "train": 6
    },
    {
      "operation": 11,
      "time": 13670,
      "train": 9
    },
    {
      "operation": 26,
      "time": 13683,
      "train": 4
    },
    {
      "operation": 7,
      "time": 13710,
      "train": 3
    },
    {
      "operation": 8,
      "time": 13710,
      "train": 3
    },
    {
      "operation": 14,
      "time": 13724,
      "train": 5
    },
    {
      "operation": 15,
      "time": 13724,
      "train": 5
    },
    {
      "operation": 20,
      "time": 13742,
      "train": 8
    },
    {
      "operation": 16,
      "time": 13772,
      "train": 5
    },
    {
      "operation": 21,
      "time": 13772,
      "train": 8
    },
    {
      "operation": 18,
      "time": 13802,
      "train": 5
    },
    {
      "operation": 29,
      "time": 13803,
      "train": 4
    },
    {
      "operation": 4,
      "time": 13807,
      "train": 6
    },
    {
      "operation": 18,
      "time": 13851,
      "train": 10
    },
    {
      "operation": 2,
      "time": 13857,
      "train": 11
    },
    {
      "operation": 12,
      "time": 13863,
      "train": 9
    },
    {
      "operation": 15,
      "time": 13863,
      "train": 9
    },
    {
      "operation": 6,
      "time": 13867,
      "train": 6
    },
    {
      "operation": 19,
      "time": 13881,
      "train": 10
    },
    {
      "operation": 9,
      "time": 13906,
      "train": 3
    },
    {
      "operation": 5,
      "time": 13906,
      "train": 11
    },
    {
      "operation": 20,
      "time": 13944,
      "train": 5
    },
    {
      "operation": 16,
      "time": 13995,
      "train": 9
    },
    {
      "operation": 17,
      "time": 13995,
      "train": 9
    },
    {
      "operation": 22,
      "time": 14000,
      "train": 8
    },
    {
      "operation": 21,
      "time": 14000,
      "train": 5
    },
    {
      "operation": 13,
      "time": 14026,
      "train": 3
    },
    {
      "operation": 24,
      "time": 14060,
      "train": 8
    },
    {
      "operation": 9,
      "time": 14067,
      "train": 6
    },
    {
      "operation": 6,
      "time": 14086,
      "train": 11
    },
    {
      "operation": 7,
      "time": 14086,
      "train": 11
    },
    {
      "operation": 10,
      "time": 14097,
      "train": 6
    },
    {
      "operation": 18,
      "time": 14127,
      "train": 9
    },
    {
      "operation": 22,
      "time": 14137,
      "train": 10
    },
    {
      "operation": 14,
      "time": 14137,
      "train": 1
    },
    {
      "operation": 26,
      "time": 14146,
      "train": 8
    },
    {
      "operation": 23,
      "time": 14167,
      "train": 10
    },
    {
      "operation": 29,
      "time": 14176,
      "train": 8
    },
    {
      "operation": 20,
      "time": 14186,
      "train": 9
    },
    {
      "operation": 9,
      "time": 14220,
      "train": 11
    },
    {
      "operation": 22,
      "time": 14228,
      "train": 5
    },
    {
      "operation": 11,
      "time": 14239,
      "train": 6
    },
    {
      "operation": 12,
      "time": 14269,
      "train": 6
    },
    {
      "operation": 24,
      "time": 14288,
      "train": 5
    },
    {
      "operation": 30,
      "time": 14318,
      "train": 8
    },
    {
      "operation": 13,
      "time": 14320,
      "train": 6
    },
    {
      "operation": 14,
      "time": 14320,
      "train": 6
    },
    {
      "operation": 16,
      "time": 14365,
      "train": 1
    },
    {
      "operation": 25,
      "time": 14367,
      "train": 10
    },
    {
      "operation": 10,
      "time": 14370,
      "train": 11
    },
    {
      "operation": 21,
      "time": 14395,
      "train": 9
    },
    {
      "operation": 27,
      "time": 14397,
      "train": 10
    },
    {
      "operation": 25,
      "time": 14402,
      "train": 5
    },
    {
      "operation": 16,
      "time": 14468,
      "train": 6
    },
    {
      "operation": 32,
      "time": 14468,
      "train": 8
    },
    {
      "operation": 17,
      "time": 14485,
      "train": 1
    },
    {
      "operation": 17,
      "time": 14498,
      "train": 6
    },
    {
      "operation": 11,
      "time": 14503,
      "train": 11
    },
    {
      "operation": 12,
      "time": 14503,
      "train": 11
    },
    {
      "operation": 29,
      "time": 14522,
      "train": 5
    },
    {
      "operation": 28,
      "time": 14539,
      "train": 10
    },
    {
      "operation": 29,
      "time": 14539,
      "train": 10
    },
    {
      "operation": 13,
      "time": 14569,
      "train": 11
    },
    {
      "operation": 14,
      "time": 14599,
      "train": 11
    },
    {
      "operation": 33,
      "time": 14603,
      "train": 8
    },
    {
      "operation": 34,
      "time": 14603,
      "train": 8
    },
    {
      "operation": 21,
      "time": 14640,
      "train": 6
    },
    {
      "operation": 35,
      "time": 14668,
      "train": 8
    },
    {
      "operation": 22,
      "time": 14670,
      "train": 6
    },
    {
      "operation": 31,
      "time": 14681,
      "train": 10
    },
    {
      "operation": 18,
      "time": 14685,
      "train": 1
    },
    {
      "operation": 36,
      "time": 14698,
      "train": 8
    },
    {
      "operation": 20,
      "time": 14715,
      "train": 1
    },
    {
      "operation": 23,
      "time": 14727,
      "train": 6
    },
    {
      "operation": 16,
      "time": 14741,
      "train": 11
    },
    {
      "operation": 25,
      "time": 14787,
      "train": 6
    },
    {
      "operation": 39,
      "time": 14840,
      "train": 8
    },
    {
      "operation": 24,
      "time": 14840,
      "train": 9
    },
    {
      "operation": 21,
      "time": 14857,
      "train": 1
    },
    {
      "operation": 17,
      "time": 14857,
      "train": 11
    },
    {
      "operation": 40,
      "time": 14870,
      "train": 8
    },
    {
      "operation": 23,
      "time": 14887,
      "train": 1
    },
    {
      "operation": 25,
      "time": 14938,
      "train": 9
    },
    {
      "operation": 26,
      "time": 14938,
      "train": 9
    },
    {
      "operation": 18,
      "time": 14999,
      "train": 11
    },
    {
      "operation": 27,
      "time": 15008,
      "train": 9
    },
    {
      "operation": 28,
      "time": 15008,
      "train": 9
    },
    {
      "operation": 20,
      "time": 15029,
      "train": 11
    },
    {
      "operation": 24,
      "time": 15029,
      "train": 1
    },
    {
      "operation": 26,
      "time": 15043,
      "train": 6
    },
    {
      "operation": 25,
      "time": 15059,
      "train": 1
    },
    {
      "operation": 41,
      "time": 15070,
      "train": 8
    },
    {
      "operation": 32,
      "time": 15070,
      "train": 10
    },
    {
      "operation": 28,
      "time": 15073,
      "train": 6
    },
    {
      "operation": 29,
      "time": 15132,
      "train": 9
    },
    {
      "operation": 31,
      "time": 15132,
      "train": 9
    },
    {
      "operation": 26,
      "time": 15145,
      "train": 1
    },
    {
      "operation": 27,
      "time": 15145,
      "train": 1
    },
    {
      "operation": 43,
      "time": 15160,
      "train": 8
    },
    {
      "operation": 29,
      "time": 15215,
      "train": 6
    },
    {
      "operation": 21,
      "time": 15229,
      "train": 11
    },
    {
      "operation": 35,
      "time": 15239,
      "train": 9
    },
    {
      "operation": 36,
      "time": 15239,
      "train": 9
    },
    {
      "operation": 31,
      "time": 15245,
      "train": 6
    },
    {
      "operation": 23,
      "time": 15259,
      "train": 11
    },
    {
      "operation": 35,
      "time": 15270,
      "train": 10
    },
    {
      "operation": 32,
      "time": 15293,
      "train": 6
    },
    {
      "operation": 34,
      "time": 15293,
      "train": 6
    },
    {
      "operation": 36,
      "time": 15300,
      "train": 10
    },
    {
      "operation": 29,
      "time": 15316,
      "train": 1
    },
    {
      "operation": 44,
      "time": 15331,
      "train": 8
    },
    {
      "operation": 45,
      "time": 15331,
      "train": 8
    },
    {
      "operation": 30,
      "time": 15346,
      "train": 1
    },
    {
      "operation": 37,
      "time": 15353,
      "train": 9
    },
    {
      "operation": 37,
      "time": 15386,
      "train": 10
    },
    {
      "operation": 36,
      "time": 15388,
      "train": 6
    },
    {
      "operation": 38,
      "time": 15416,
      "train": 10
    },
    {
      "operation": 37,
      "time": 15418,
      "train": 6
    },
    {
      "operation": 26,
      "time": 15459,
      "train": 11
    },
    {
      "operation": 39,
      "time": 15473,
      "train": 9
    },
    {
      "operation": 39,
      "time": 15474,
      "train": 10
    },
    {
      "operation": 40,
      "time": 15474,
      "train": 10
    },
    {
      "operation": 31,
      "time": 15480,
      "train": 1
    },
    {
      "operation": 32,
      "time": 15480,
      "train": 1
    },
    {
      "operation": 27,
      "time": 15489,
      "train": 11
    },
    {
      "operation": 47,
      "time": 15502,
      "train": 8
    },
    {
      "operation": 38,
      "time": 15560,
      "train": 6
    },
    {
      "operation": 40,
      "time": 15590,
      "train": 6
    },
    {
      "operation": 42,
      "time": 15616,
      "train": 10
    },
    {
      "operation": 49,
      "time": 15622,
      "train": 8
    },
    {
      "operation": 2,
      "time": 15622,
      "train": 7
    },
    {
      "operation": 4,
      "time": 15622,
      "train": 7
    },
    {
      "operation": 34,
      "time": 15660,
      "train": 1
    },
    {
      "operation": 43,
      "time": 15675,
      "train": 10
    },
    {
      "operation": 42,
      "time": 15704,
      "train": 6
    },
    {
      "operation": 30,
      "time": 15717,
      "train": 11
    },
    {
      "operation": 40,
      "time": 15727,
      "train": 9
    },
    {
      "operation": 42,
      "time": 15727,
      "train": 9
    },
    {
      "operation": 5,
      "time": 15763,
      "train": 7
    },
    {
      "operation": 6,
      "time": 15763,
      "train": 7
    },
    {
      "operation": 37,
      "time": 15780,
      "train": 1
    },
    {
      "operation": 44,
      "time": 15816,
      "train": 9
    },
    {
      "operation": 46,
      "time": 15824,
      "train": 6
    },
    {
      "operation": 31,
      "time": 15837,
      "train": 11
    },
    {
      "operation": 47,
      "time": 15847,
      "train": 10
    },
    {
      "operation": 45,
      "time": 15875,
      "train": 9
    },
    {
      "operation": 48,
      "time": 15877,
      "train": 10
    },
    {
      "operation": 8,
      "time": 15903,
      "train": 7
    },
    {
      "operation": 9,
      "time": 15933,
      "train": 7
    },
    {
      "operation": 49,
      "time": 15934,
      "train": 10
    },
    {
      "operation": 47,
      "time": 15949,
      "train": 9
    },
    {
      "operation": 48,
      "time": 15949,
      "train": 9
    },
    {
      "operation": 32,
      "time": 15979,
      "train": 11
    },
    {
      "operation": 33,
      "time": 15979,
      "train": 11
    },
    {
      "operation": 51,
      "time": 15994,
      "train": 10
    },
    {
      "operation": 49,
      "time": 16096,
      "train": 9
    },
    {
      "operation": 51,
      "time": 16096,
      "train": 9
    },
    {
      "operation": 34,
      "time": 16121,
      "train": 11
    },
    {
      "operation": 10,
      "time": 16137,
      "train": 7
    },
    {
      "operation": 36,
      "time": 16181,
      "train": 11
    },
    {
      "operation": 53,
      "time": 16227,
      "train": 9
    },
    {
      "operation": 53,
      "time": 16250,
      "train": 10
    },
    {
      "operation": 13,
      "time": 16257,
      "train": 7
    },
    {
      "operation": 54,
      "time": 16280,
      "train": 10
    },
    {
      "operation": 39,
      "time": 16381,
      "train": 11
    },
    {
      "operation": 14,
      "time": 16399,
      "train": 7
    },
    {
      "operation": 40,
      "time": 16411,
      "train": 11
    },
    {
      "operation": 56,
      "time": 16422,
      "train": 10
    },
    {
      "operation": 15,
      "time": 16429,
      "train": 7
    },
    {
      "operation": 57,
      "time": 16452,
      "train": 10
    },
    {
      "operation": 59,
      "time": 16500,
      "train": 10
    },
    {
      "operation": 60,
      "time": 16500,
      "train": 10
    },
    {
      "operation": 16,
      "time": 16506,
      "train": 7
    },
    {
      "operation": 17,
      "time": 16506,
      "train": 7
    },
    {
      "operation": 41,
      "time": 16553,
      "train": 11
    },
    {
      "operation": 42,
      "time": 16583,
      "train": 11
    },
    {
      "operation": 62,
      "time": 16595,
      "train": 10
    },
    {
      "operation": 63,
      "time": 16625,
      "train": 10
    },
    {
      "operation": 18,
      "time": 16629,
      "train": 7
    },
    {
      "operation": 43,
      "time": 16634,
      "train": 11
    },
    {
      "operation": 44,
      "time": 16634,
      "train": 11
    },
    {
      "operation": 20,
      "time": 16659,
      "train": 7
    },
    {
      "operation": 64,
      "time": 16767,
      "train": 10
    },
    {
      "operation": 46,
      "time": 16782,
      "train": 11
    },
    {
      "operation": 66,
      "time": 16797,
      "train": 10
    },
    {
      "operation": 24,
      "time": 16801,
      "train": 7
    },
    {
      "operation": 47,
      "time": 16812,
      "train": 11
    },
    {
      "operation": 25,
      "time": 16831,
      "train": 7
    },
    {
      "operation": 27,
      "time": 16888,
      "train": 7
    },
    {
      "operation": 71,
      "time": 16911,
      "train": 10
    },
    {
      "operation": 54,
      "time": 16911,
      "train": 9
    },
    {
      "operation": 48,
      "time": 16954,
      "train": 11
    },
    {
      "operation": 52,
      "time": 16984,
      "train": 11
    },
    {
      "operation": 72,
      "time": 17031,
      "train": 10
    },
    {
      "operation": 53,
      "time": 17041,
      "train": 11
    },
    {
      "operation": 59,
      "time": 17072,
      "train": 9
    },
    {
      "operation": 55,
      "time": 17101,
      "train": 11
    },
    {
      "operation": 57,
      "time": 17367,
      "train": 11
    },
    {
      "operation": 28,
      "time": 17367,
      "train": 7
    },
    {
      "operation": 58,
      "time": 17397,
      "train": 11
    },
    {
      "operation": 59,
      "time": 17547,
      "train": 11
    },
    {
      "operation": 61,
      "time": 17577,
      "train": 11
    },
    {
      "operation": 30,
      "time": 17623,
      "train": 7
    },
    {
      "operation": 63,
      "time": 17627,
      "train": 11
    },
    {
      "operation": 64,
      "time": 17627,
      "train": 11
    },
    {
      "operation": 31,
      "time": 17653,
      "train": 7
    },
    {
      "operation": 66,
      "time": 17727,
      "train": 11
    },
    {
      "operation": 67,
      "time": 17757,
      "train": 11
    },
    {
      "operation": 32,
      "time": 17795,
      "train": 7
    },
    {
      "operation": 34,
      "time": 17825,
      "train": 7
    },
    {
      "operation": 36,
      "time": 17873,
      "train": 7
    },
    {
      "operation": 37,
      "time": 17873,
      "train": 7
    },
    {
      "operation": 69,
      "time": 17907,
      "train": 11
    },
    {
      "operation": 70,
      "time": 17937,
      "train": 11
    },
    {
      "operation": 38,
      "time": 17968,
      "train": 7
    },
    {
      "operation": 40,
      "time": 17998,
      "train": 7
    },
    {
      "operation": 72,
      "time": 18057,
      "train": 11
    },
    {
      "operation": 41,
      "time": 18140,
      "train": 7
    },
    {
      "operation": 43,
      "time": 18170,
      "train": 7
    },
    {
      "operation": 76,
      "time": 18177,
      "train": 11
    },
    {
      "operation": 60,
      "time": 18272,
      "train": 9
    },
    {
      "operation": 48,
      "time": 18284,
      "train": 7
    },
    {
      "operation": 49,
      "time": 18404,
      "train": 7
    }
  ],
  "objective_value": 8654
}
