{
  "events": [
    {
      "operation": 0,
      "time": 0,
      "train": 0
    },
    {
      "operation": 0,
      "time": 0,
      "train": 2
    },
    {
      "operation": 0,
      "time": 0,
      "train": 6
    },
    {
      "operation": 0,
      "time": 0,
      "train": 8
    },
    {
      "operation": 0,
      "time": 0,
      "train": 5
    },
    {
      "operation": 1,
      "time": 0,
      "train": 6
    },
    {
      "operation": 1,
      "time": 0,
      "train": 5
    },
    {
      "operation": 0,
      "time": 0,
      "train": 1
    },
    {
      "operation": 0,
      "time": 0,
      "train": 4
    },
    {
      "operation": 0,
      "time": 0,
      "train": 3
    },
    {
      "operation": 0,
      "time": 0,
      "train": 7
    },
    {
      "operation": 1,
      "time": 11,
      "train": 2
    },
    {
      "operation": 2,
      "time": 19,
      "train": 2
    },
    {
      "operation": 2,
      "time": 20,
      "train": 5
    },
    {
      "operation": 1,
      "time": 20,
      "train": 8
    },
    {
      "operation": 2,
      "time": 23,
      "train": 6
    },
    {
      "operation": 2,
      "time": 34,
      "train": 8
    },
    {
      "operation": 1,
      "time": 320,
      "train": 3
    },
    {
      "operation": 1,
      "time": 322,
      "train": 0
    },
    {
      "operation": 2,
      "time": 335,
      "train": 3
    },
    {
      "operation": 2,
      "time": 337,
      "train": 0
    },
    {
      "operation": 2,
      "time": 405,
      "train": 7
    },
    {
      "operation": 3,
      "time": 408,
      "train": 2
    },
    {
      "operation": 4,
      "time": 408,
      "train": 2
    },
    {
      "operation": 4,
      "time": 430,
      "train": 7
    },
    {
      "operation": 3,
      "time": 451,
      "train": 6
    },
    {
      "operation": 4,
      "time": 463,
      "train": 8
    },
    {
      "operation": 6,
      "time": 474,
      "train": 8
    },
    {
      "operation": 4,
      "time": 496,
      "train": 6
    },
    {
      "operation": 3,
      "time": 499,
      "train": 3
    },
    {
      "operation": 4,
      "time": 503,
      "train": 3
    },
    {
      "operation": 1,
      "time": 509,
      "train": 4
    },
    {
      "operation": 8,
      "time": 538,
      "train": 8
    },
    {
      "operation": 11,
      "time": 556,
      "train": 8
    },
    {
      "operation": 5,
      "time": 584,
      "train": 3
    },
    {
      "operation": 6,
      "time": 589,
      "train": 3
    },
    {
      "operation": 15,
      "time": 634,
      "train": 8
    },
    {
      "operation": 20,
      "time": 645,
      "train": 8
    },
    {
      "operation": 3,
      "time": 654,
      "train": 5
    },
    {
      "operation": 4,
      "time": 679,
      "train": 5
    },
    {
      "operation": 5,
      "time": 696,
      "train": 6
    },
    {
      "operation": 6,
      "time": 713,
      "train": 6
    },
    {
      "operation": 1,
      "time": 726,
      "train": 1
    },
    {
      "operation": 3,
      "time": 736,
      "train": 1
    },
    {
      "operation": 2,
      "time": 736,
      "train": 4
    },
    {
      "operation": 8,
      "time": 747,
      "train": 6
    },
    {
      "operation": 10,
      "time": 780,
      "train": 6
    },
    {
      "operation": 32,
      "time": 843,
      "train": 8
    },
    {
      "operation": 36,
      "time": 859,
      "train": 8
    },
    {
      "operation": 5,
      "time": 880,
      "train": 1
    },
    {
      "operation": 7,
      "time": 886,
      "train": 3
    },
    {
      "operation": 8,
      "time": 888,
      "train": 1
    },
    {
      "operation": 8,
      "time": 902,
      "train": 3
    },
    {
      "operation": 11,
      "time": 1042,
      "train": 1
    },
    {
      "operation": 3,
      "time": 1050,
      "train": 0
    },
    {
      "operation": 13,
      "time": 1058,
      "train": 1
    },
    {
      "operation": 6,
      "time": 1064,
      "train": 7
    },
    {
      "operation": 4,
      "time": 1065,
      "train": 0
    },
    {
      "operation": 8,
      "time": 1084,
      "train": 7
    },
    {
      "operation": 14,
      "time": 1212,
      "train": 6
    },
    {
      "operation": 9,
      "time": 1238,
      "train": 3
    },
    {
      "operation": 20,
      "time": 1241,
      "train": 6
    },
    {
      "operation": 10,
      "time": 1243,
      "train": 3
    },
    {
      "operation": 39,
      "time": 1325,
      "train": 8
    },
    {
      "operation": 42,
      "time": 1347,
      "train": 8
    },
    {
      "operation": 11,
      "time": 1368,
      "train": 3
    },
    {
      "operation": 12,
      "time": 1374,
      "train": 3
    },
    {
      "operation": 15,
      "time": 1414,
      "train": 1
    },
    {
      "operation": 19,
      "time": 1433,
      "train": 1
    },
    {
      "operation": 5,
      "time": 1483,
      "train": 5
    },
    {
      "operation": 6,
      "time": 1503,
      "train": 5
    },
    {
      "operation": 49,
      "time": 1590,
      "train": 8
    },
    {
      "operation": 53,
      "time": 1594,
      "train": 8
    },
    {
      "operation": 5,
      "time": 1610,
      "train": 0
    },
    {
      "operation": 6,
      "time": 1624,
      "train": 0
    },
    {
      "operation": 13,
      "time": 1628,
      "train": 3
    },
    {
      "operation": 15,
      "time": 1633,
      "train": 3
    },
    {
      "operation": 24,
      "time": 1655,
      "train": 1
    },
    {
      "operation": 55,
      "time": 1676,
      "train": 8
    },
    {
      "operation": 57,
      "time": 1681,
      "train": 8
    },
    {
      "operation": 10,
      "time": 1684,
      "train": 7
    },
    {
      "operation": 28,
      "time": 1688,
      "train": 1
    },
    {
      "operation": 12,
      "time": 1699,
      "train": 7
    },
    {
      "operation": 60,
      "time": 1777,
      "train": 8
    },
    {
      "operation": 14,
      "time": 1789,
      "train": 7
    },
    {
      "operation": 62,
      "time": 1792,
      "train": 8
    },
    {
      "operation": 17,
      "time": 1796,
      "train": 3
    },
    {
      "operation": 19,
      "time": 1800,
      "train": 3
    },
    {
      "operation": 17,
      "time": 1814,
      "train": 7
    },
    {
      "operation": 25,
      "time": 1893,
      "train": 6
    },
    {
      "operation": 31,
      "time": 1914,
      "train": 6
    },
    {
      "operation": 21,
      "time": 1923,
      "train": 7
    },
    {
      "operation": 26,
      "time": 1939,
      "train": 7
    },
    {
      "operation": 7,
      "time": 2020,
      "train": 5
    },
    {
      "operation": 8,
      "time": 2040,
      "train": 5
    },
    {
      "operation": 65,
      "time": 2041,
      "train": 8
    },
    {
      "operation": 68,
      "time": 2045,
      "train": 8
    },
    {
      "operation": 21,
      "time": 2057,
      "train": 3
    },
    {
      "operation": 23,
      "time": 2061,
      "train": 3
    },
    {
      "operation": 69,
      "time": 2126,
      "train": 8
    },
    {
      "operation": 70,
      "time": 2131,
      "train": 8
    },
    {
      "operation": 40,
      "time": 2133,
      "train": 1
    },
    {
      "operation": 46,
      "time": 2156,
      "train": 1
    },
    {
      "operation": 38,
      "time": 2217,
      "train": 7
    },
    {
      "operation": 42,
      "time": 2239,
      "train": 7
    },
    {
      "operation": 25,
      "time": 2241,
      "train": 3
    },
    {
      "operation": 27,
      "time": 2245,
      "train": 3
    },
    {
      "operation": 51,
      "time": 2252,
      "train": 1
    },
    {
      "operation": 57,
      "time": 2258,
      "train": 1
    },
    {
      "operation": 7,
      "time": 2270,
      "train": 0
    },
    {
      "operation": 72,
      "time": 2271,
      "train": 8
    },
    {
      "operation": 8,
      "time": 2281,
      "train": 0
    },
    {
      "operation": 74,
      "time": 2286,
      "train": 8
    },
    {
      "operation": 3,
      "time": 2534,
      "train": 4
    },
    {
      "operation": 5,
      "time": 2547,
      "train": 4
    },
    {
      "operation": 40,
      "time": 2580,
      "train": 6
    },
    {
      "operation": 43,
      "time": 2601,
      "train": 6
    },
    {
      "operation": 29,
      "time": 2638,
      "train": 3
    },
    {
      "operation": 9,
      "time": 2640,
      "train": 0
    },
    {
      "operation": 31,
      "time": 2641,
      "train": 3
    },
    {
      "operation": 11,
      "time": 2658,
      "train": 0
    },
    {
      "operation": 63,
      "time": 2679,
      "train": 1
    },
    {
      "operation": 65,
      "time": 2694,
      "train": 1
    },
    {
      "operation": 33,
      "time": 2729,
      "train": 3
    },
    {
      "operation": 35,
      "time": 2733,
      "train": 3
    },
    {
      "operation": 53,
      "time": 2735,
      "train": 6
    },
    {
      "operation": 57,
      "time": 2741,
      "train": 6
    },
    {
      "operation": 7,
      "time": 2748,
      "train": 4
    },
    {
      "operation": 10,
      "time": 2759,
      "train": 4
    },
    {
      "operation": 78,
      "time": 2788,
      "train": 8
    },
    {
      "operation": 82,
      "time": 2812,
      "train": 8
    },
    {
      "operation": 9,
      "time": 2854,
      "train": 5
    },
    {
      "operation": 60,
      "time": 2855,
      "train": 6
    },
    {
      "operation": 10,
      "time": 2875,
      "train": 5
    },
    {
      "operation": 45,
      "time": 2892,
      "train": 7
    },
    {
      "operation": 48,
      "time": 2922,
      "train": 7
    },
    {
      "operation": 37,
      "time": 2971,
      "train": 3
    },
    {
      "operation": 14,
      "time": 2975,
      "train": 4
    },
    {
      "operation": 39,
      "time": 2975,
      "train": 3
    },
    {
      "operation": 16,
      "time": 2998,
      "train": 4
    },
    {
      "operation": 13,
      "time": 3038,
      "train": 0
    },
    {
      "operation": 17,
      "time": 3048,
      "train": 0
    },
    {
      "operation": 11,
      "time": 3104,
      "train": 5
    },
    {
      "operation": 12,
      "time": 3109,
      "train": 5
    },
    {
      "operation": 41,
      "time": 3139,
      "train": 3
    },
    {
      "operation": 43,
      "time": 3139,
      "train": 3
    },
    {
      "operation": 68,
      "time": 3170,
      "train": 1
    },
    {
      "operation": 71,
      "time": 3191,
      "train": 1
    },
    {
      "operation": 92,
      "time": 3196,
      "train": 8
    },
    {
      "operation": 13,
      "time": 3223,
      "train": 5
    },
    {
      "operation": 94,
      "time": 3229,
      "train": 8
    },
    {
      "operation": 14,
      "time": 3230,
      "train": 5
    },
    {
      "operation": 55,
      "time": 3261,
      "train": 7
    },
    {
      "operation": 96,
      "time": 3263,
      "train": 8
    },
    {
      "operation": 59,
      "time": 3266,
      "train": 7
    },
    {
      "operation": 63,
      "time": 3266,
      "train": 6
    },
    {
      "operation": 98,
      "time": 3279,
      "train": 8
    },
    {
      "operation": 81,
      "time": 3287,
      "train": 1
    },
    {
      "operation": 85,
      "time": 3291,
      "train": 1
    },
    {
      "operation": 88,
      "time": 3373,
      "train": 1
    },
    {
      "operation": 61,
      "time": 3381,
      "train": 7
    },
    {
      "operation": 18,
      "time": 3426,
      "train": 4
    },
    {
      "operation": 19,
      "time": 3426,
      "train": 4
    },
    {
      "operation": 21,
      "time": 3595,
      "train": 0
    },
    {
      "operation": 23,
      "time": 3595,
      "train": 0
    },
    {
      "operation": 65,
      "time": 3605,
      "train": 6
    },
    {
      "operation": 67,
      "time": 3635,
      "train": 6
    },
    {
      "operation": 91,
      "time": 3635,
      "train": 1
    },
    {
      "operation": 63,
      "time": 3635,
      "train": 7
    },
    {
      "operation": 15,
      "time": 3645,
      "train": 5
    },
    {
      "operation": 16,
      "time": 3666,
      "train": 5
    },
    {
      "operation": 65,
      "time": 3769,
      "train": 7
    },
    {
      "operation": 67,
      "time": 3790,
      "train": 7
    },
    {
      "operation": 93,
      "time": 3878,
      "train": 1
    },
    {
      "operation": 17,
      "time": 4051,
      "train": 5
    },
    {
      "operation": 18,
      "time": 4056,
      "train": 5
    },
    {
      "operation": 19,
      "time": 4181,
      "train": 5
    },
    {
      "operation": 20,
      "time": 4187,
      "train": 5
    },
    {
      "operation": 70,
      "time": 4288,
      "train": 6
    },
    {
      "operation": 26,
      "time": 4295,
      "train": 0
    },
    {
      "operation": 30,
      "time": 4305,
      "train": 0
    },
    {
      "operation": 73,
      "time": 4310,
      "train": 6
    },
    {
      "operation": 95,
      "time": 4310,
      "train": 1
    },
    {
      "operation": 21,
      "time": 4441,
      "train": 5
    },
    {
      "operation": 23,
      "time": 4447,
      "train": 5
    },
    {
      "operation": 70,
      "time": 4456,
      "train": 7
    },
    {
      "operation": 73,
      "time": 4477,
      "train": 7
    },
    {
      "operation": 80,
      "time": 4588,
      "train": 6
    },
    {
      "operation": 83,
      "time": 4603,
      "train": 6
    },
    {
      "operation": 35,
      "time": 4610,
      "train": 0
    },
    {
      "operation": 38,
      "time": 4626,
      "train": 0
    },
    {
      "operation": 25,
      "time": 4659,
      "train": 5
    },
    {
      "operation": 27,
      "time": 4665,
      "train": 5
    },
    {
      "operation": 86,
      "time": 4712,
      "train": 6
    },
    {
      "operation": 89,
      "time": 4754,
      "train": 6
    },
    {
      "operation": 98,
      "time": 4776,
      "train": 1
    },
    {
      "operation": 101,
      "time": 4792,
      "train": 1
    },
    {
      "operation": 92,
      "time": 4803,
      "train": 6
    },
    {
      "operation": 95,
      "time": 4816,
      "train": 6
    },
    {
      "operation": 97,
      "time": 4937,
      "train": 6
    },
    {
      "operation": 98,
      "time": 4937,
      "train": 6
    },
    {
      "operation": 44,
      "time": 4972,
      "train": 0
    },
    {
      "operation": 108,
      "time": 4990,
      "train": 1
    },
    {
      "operation": 29,
      "time": 4999,
      "train": 5
    },
    {
      "operation": 111,
      "time": 5001,
      "train": 1
    },
    {
      "operation": 31,
      "time": 5004,
      "train": 5
    },
    {
      "operation": 46,
      "time": 5007,
      "train": 0
    },
    {
      "operation": 100,
      "time": 5007,
      "train": 8
    },
    {
      "operation": 102,
      "time": 5043,
      "train": 8
    },
    {
      "operation": 116,
      "time": 5079,
      "train": 1
    },
    {
      "operation": 122,
      "time": 5097,
      "train": 1
    },
    {
      "operation": 84,
      "time": 5129,
      "train": 7
    },
    {
      "operation": 88,
      "time": 5158,
      "train": 7
    },
    {
      "operation": 128,
      "time": 5161,
      "train": 1
    },
    {
      "operation": 48,
      "time": 5164,
      "train": 0
    },
    {
      "operation": 134,
      "time": 5172,
      "train": 1
    },
    {
      "operation": 33,
      "time": 5238,
      "train": 5
    },
    {
      "operation": 35,
      "time": 5244,
      "train": 5
    },
    {
      "operation": 106,
      "time": 5479,
      "train": 8
    },
    {
      "operation": 110,
      "time": 5495,
      "train": 8
    },
    {
      "operation": 98,
      "time": 5568,
      "train": 7
    },
    {
      "operation": 100,
      "time": 5601,
      "train": 7
    },
    {
      "operation": 143,
      "time": 5601,
      "train": 1
    },
    {
      "operation": 145,
      "time": 5621,
      "train": 1
    },
    {
      "operation": 102,
      "time": 5635,
      "train": 7
    },
    {
      "operation": 104,
      "time": 5651,
      "train": 7
    },
    {
      "operation": 49,
      "time": 5651,
      "train": 0
    },
    {
      "operation": 51,
      "time": 5685,
      "train": 0
    },
    {
      "operation": 53,
      "time": 5718,
      "train": 0
    },
    {
      "operation": 37,
      "time": 5755,
      "train": 5
    },
    {
      "operation": 39,
      "time": 5759,
      "train": 5
    },
    {
      "operation": 113,
      "time": 5800,
      "train": 8
    },
    {
      "operation": 106,
      "time": 5808,
      "train": 7
    },
    {
      "operation": 116,
      "time": 5810,
      "train": 8
    },
    {
      "operation": 108,
      "time": 5844,
      "train": 7
    },
    {
      "operation": 41,
      "time": 5874,
      "train": 5
    },
    {
      "operation": 43,
      "time": 5880,
      "train": 5
    },
    {
      "operation": 99,
      "time": 6035,
      "train": 6
    },
    {
      "operation": 100,
      "time": 6035,
      "train": 6
    },
    {
      "operation": 101,
      "time": 6035,
      "train": 6
    },
    {
      "operation": 147,
      "time": 6074,
      "train": 1
    },
    {
      "operation": 57,
      "time": 6081,
      "train": 0
    },
    {
      "operation": 149,
      "time": 6092,
      "train": 1
    },
    {
      "operation": 63,
      "time": 6102,
      "train": 0
    },
    {
      "operation": 45,
      "time": 6189,
      "train": 5
    },
    {
      "operation": 47,
      "time": 6194,
      "train": 5
    },
    {
      "operation": 112,
      "time": 6301,
      "train": 7
    },
    {
      "operation": 116,
      "time": 6324,
      "train": 7
    },
    {
      "operation": 49,
      "time": 6407,
      "train": 5
    },
    {
      "operation": 51,
      "time": 6407,
      "train": 5
    },
    {
      "operation": 69,
      "time": 6568,
      "train": 0
    },
    {
      "operation": 122,
      "time": 6580,
      "train": 8
    },
    {
      "operation": 124,
      "time": 6580,
      "train": 8
    },
    {
      "operation": 75,
      "time": 6583,
      "train": 0
    },
    {
      "operation": 151,
      "time": 6667,
      "train": 1
    },
    {
      "operation": 152,
      "time": 6681,
      "train": 1
    },
    {
      "operation": 84,
      "time": 6723,
      "train": 0
    },
    {
      "operation": 87,
      "time": 6728,
      "train": 0
    },
    {
      "operation": 119,
      "time": 6751,
      "train": 7
    },
    {
      "operation": 122,
      "time": 6765,
      "train": 7
    },
    {
      "operation": 88,
      "time": 6809,
      "train": 0
    },
    {
      "operation": 89,
      "time": 6814,
      "train": 0
    },
    {
      "operation": 153,
      "time": 7050,
      "train": 1
    },
    {
      "operation": 91,
      "time": 7063,
      "train": 0
    },
    {
      "operation": 154,
      "time": 7064,
      "train": 1
    },
    {
      "operation": 93,
      "time": 7078,
      "train": 0
    },
    {
      "operation": 127,
      "time": 7166,
      "train": 8
    },
    {
      "operation": 96,
      "time": 7174,
      "train": 0
    },
    {
      "operation": 100,
      "time": 7178,
      "train": 0
    },
    {
      "operation": 131,
      "time": 7178,
      "train": 8
    },
    {
      "operation": 103,
      "time": 7260,
      "train": 0
    },
    {
      "operation": 106,
      "time": 7264,
      "train": 0
    },
    {
      "operation": 108,
      "time": 7507,
      "train": 0
    },
    {
      "operation": 110,
      "time": 7529,
      "train": 0
    },
    {
      "operation": 133,
      "time": 7643,
      "train": 8
    },
    {
      "operation": 137,
      "time": 7655,
      "train": 8
    },
    {
      "operation": 155,
      "time": 7661,
      "train": 1
    },
    {
      "operation": 156,
      "time": 7676,
      "train": 1
    },
    {
      "operation": 128,
      "time": 7687,
      "train": 7
    },
    {
      "operation": 130,
      "time": 7687,
      "train": 7
    },
    {
      "operation": 157,
      "time": 7840,
      "train": 1
    },
    {
      "operation": 158,
      "time": 7844,
      "train": 1
    },
    {
      "operation": 159,
      "time": 7925,
      "train": 1
    },
    {
      "operation": 160,
      "time": 7930,
      "train": 1
    },
    {
      "operation": 113,
      "time": 7995,
      "train": 0
    },
    {
      "operation": 116,
      "time": 8011,
      "train": 0
    },
    {
      "operation": 141,
      "time": 8094,
      "train": 8
    },
    {
      "operation": 145,
      "time": 8106,
      "train": 8
    },
    {
      "operation": 123,
      "time": 8209,
      "train": 0
    },
    {
      "operation": 126,
      "time": 8220,
      "train": 0
    },
    {
      "operation": 161,
      "time": 8227,
      "train": 1
    },
    {
      "operation": 162,
      "time": 8243,
      "train": 1
    },
    {
      "operation": 131,
      "time": 8298,
      "train": 0
    },
    {
      "operation": 135,
      "time": 8316,
      "train": 0
    },
    {
      "operation": 133,
      "time": 8361,
      "train": 7
    },
    {
      "operation": 137,
      "time": 8373,
      "train": 7
    },
    {
      "operation": 139,
      "time": 8380,
      "train": 0
    },
    {
      "operation": 141,
      "time": 8391,
      "train": 0
    },
    {
      "operation": 163,
      "time": 8579,
      "train": 1
    },
    {
      "operation": 164,
      "time": 8584,
      "train": 1
    },
    {
      "operation": 165,
      "time": 8709,
      "train": 1
    },
    {
      "operation": 166,
      "time": 8715,
      "train": 1
    },
    {
      "operation": 144,
      "time": 8820,
      "train": 0
    },
    {
      "operation": 150,
      "time": 8820,
      "train": 8
    },
    {
      "operation": 139,
      "time": 8838,
      "train": 7
    },
    {
      "operation": 154,
      "time": 8838,
      "train": 8
    },
    {
      "operation": 146,
      "time": 8840,
      "train": 0
    },
    {
      "operation": 143,
      "time": 8850,
      "train": 7
    },
    {
      "operation": 167,
      "time": 8969,
      "train": 1
    },
    {
      "operation": 169,
      "time": 8974,
      "train": 1
    },
    {
      "operation": 171,
      "time": 9137,
      "train": 1
    },
    {
      "operation": 173,
      "time": 9141,
      "train": 1
    },
    {
      "operation": 147,
      "time": 9289,
      "train": 7
    },
    {
      "operation": 148,
      "time": 9293,
      "train": 0
    },
    {
      "operation": 151,
      "time": 9301,
      "train": 7
    },
    {
      "operation": 150,
      "time": 9311,
      "train": 0
    },
    {
      "operation": 160,
      "time": 9383,
      "train": 8
    },
    {
      "operation": 164,
      "time": 9398,
      "train": 8
    },
    {
      "operation": 175,
      "time": 9398,
      "train": 1
    },
    {
      "operation": 177,
      "time": 9402,
      "train": 1
    },
    {
      "operation": 179,
      "time": 9582,
      "train": 1
    },
    {
      "operation": 181,
      "time": 9586,
      "train": 1
    },
    {
      "operation": 152,
      "time": 9886,
      "train": 0
    },
    {
      "operation": 153,
      "time": 9900,
      "train": 0
    },
    {
      "operation": 183,
      "time": 9979,
      "train": 1
    },
    {
      "operation": 185,
      "time": 9982,
      "train": 1
    },
    {
      "operation": 155,
      "time": 10015,
      "train": 7
    },
    {
      "operation": 159,
      "time": 10029,
      "train": 7
    },
    {
      "operation": 187,
      "time": 10070,
      "train": 1
    },
    {
      "operation": 189,
      "time": 10074,
      "train": 1
    },
    {
      "operation": 168,
      "time": 10246,
      "train": 8
    },
    {
      "operation": 172,
      "time": 10261,
      "train": 8
    },
    {
      "operation": 154,
      "time": 10269,
      "train": 0
    },
    {
      "operation": 155,
      "time": 10283,
      "train": 0
    },
    {
      "operation": 191,
      "time": 10312,
      "train": 1
    },
    {
      "operation": 193,
      "time": 10316,
      "train": 1
    },
    {
      "operation": 195,
      "time": 10480,
      "train": 1
    },
    {
      "operation": 197,
      "time": 10480,
      "train": 1
    },
    {
      "operation": 163,
      "time": 10575,
      "train": 7
    },
    {
      "operation": 167,
      "time": 10588,
      "train": 7
    },
    {
      "operation": 176,
      "time": 10818,
      "train": 8
    },
    {
      "operation": 180,
      "time": 10833,
      "train": 8
    },
    {
      "operation": 156,
      "time": 10865,
      "train": 0
    },
    {
      "operation": 157,
      "time": 10880,
      "train": 0
    },
    {
      "operation": 158,
      "time": 11044,
      "train": 0
    },
    {
      "operation": 159,
      "time": 11048,
      "train": 0
    },
    {
      "operation": 160,
      "time": 11129,
      "train": 0
    },
    {
      "operation": 161,
      "time": 11134,
      "train": 0
    },
    {
      "operation": 184,
      "time": 11271,
      "train": 8
    },
    {
      "operation": 188,
      "time": 11287,
      "train": 8
    },
    {
      "operation": 162,
      "time": 11431,
      "train": 0
    },
    {
      "operation": 171,
      "time": 11441,
      "train": 7
    },
    {
      "operation": 163,
      "time": 11446,
      "train": 0
    },
    {
      "operation": 175,
      "time": 11463,
      "train": 7
    },
    {
      "operation": 192,
      "time": 11692,
      "train": 8
    },
    {
      "operation": 196,
      "time": 11709,
      "train": 8
    },
    {
      "operation": 164,
      "time": 11753,
      "train": 0
    },
    {
      "operation": 165,
      "time": 11758,
      "train": 0
    },
    {
      "operation": 166,
      "time": 11871,
      "train": 0
    },
    {
      "operation": 167,
      "time": 11876,
      "train": 0
    },
    {
      "operation": 168,
      "time": 12087,
      "train": 0
    },
    {
      "operation": 170,
      "time": 12092,
      "train": 0
    },
    {
      "operation": 200,
      "time": 12157,
      "train": 8
    },
    {
      "operation": 206,
      "time": 12172,
      "train": 8
    },
    {
      "operation": 179,
      "time": 12243,
      "train": 7
    },
    {
      "operation": 172,
      "time": 12243,
      "train": 0
    },
    {
      "operation": 174,
      "time": 12247,
      "train": 0
    },
    {
      "operation": 183,
      "time": 12264,
      "train": 7
    },
    {
      "operation": 176,
      "time": 12486,
      "train": 0
    },
    {
      "operation": 178,
      "time": 12490,
      "train": 0
    },
    {
      "operation": 180,
      "time": 12657,
      "train": 0
    },
    {
      "operation": 182,
      "time": 12661,
      "train": 0
    },
    {
      "operation": 212,
      "time": 12810,
      "train": 8
    },
    {
      "operation": 218,
      "time": 12825,
      "train": 8
    },
    {
      "operation": 187,
      "time": 12877,
      "train": 7
    },
    {
      "operation": 191,
      "time": 12898,
      "train": 7
    },
    {
      "operation": 184,
      "time": 13027,
      "train": 0
    },
    {
      "operation": 186,
      "time": 13030,
      "train": 0
    },
    {
      "operation": 188,
      "time": 13112,
      "train": 0
    },
    {
      "operation": 190,
      "time": 13116,
      "train": 0
    },
    {
      "operation": 192,
      "time": 13337,
      "train": 0
    },
    {
      "operation": 194,
      "time": 13341,
      "train": 0
    },
    {
      "operation": 196,
      "time": 13396,
      "train": 7
    },
    {
      "operation": 200,
      "time": 13416,
      "train": 7
    },
    {
      "operation": 227,
      "time": 13416,
      "train": 8
    },
    {
      "operation": 231,
      "time": 13425,
      "train": 8
    },
    {
      "operation": 196,
      "time": 13493,
      "train": 0
    },
    {
      "operation": 198,
      "time": 13493,
      "train": 0
    },
    {
      "operation": 233,
      "time": 13803,
      "train": 8
    },
    {
      "operation": 237,
      "time": 13818,
      "train": 8
    },
    {
      "operation": 207,
      "time": 13984,
      "train": 7
    },
    {
      "operation": 213,
      "time": 14005,
      "train": 7
    },
    {
      "operation": 219,
      "time": 14116,
      "train": 7
    },
    {
      "operation": 242,
      "time": 14122,
      "train": 8
    },
    {
      "operation": 225,
      "time": 14130,
      "train": 7
    },
    {
      "operation": 246,
      "time": 14135,
      "train": 8
    },
    {
      "operation": 252,
      "time": 14662,
      "train": 8
    },
    {
      "operation": 256,
      "time": 14677,
      "train": 8
    },
    {
      "operation": 228,
      "time": 14898,
      "train": 7
    },
    {
      "operation": 230,
      "time": 14919,
      "train": 7
    },
    {
      "operation": 260,
      "time": 15049,
      "train": 8
    },
    {
      "operation": 264,
      "time": 15070,
      "train": 8
    },
    {
      "operation": 278,
      "time": 15671,
      "train": 8
    },
    {
      "operation": 282,
      "time": 15690,
      "train": 8
    },
    {
      "operation": 233,
      "time": 15746,
      "train": 7
    },
    {
      "operation": 237,
      "time": 15758,
      "train": 7
    },
    {
      "operation": 285,
      "time": 15772,
      "train": 8
    },
    {
      "operation": 288,
      "time": 15776,
      "train": 8
    },
    {
      "operation": 239,
      "time": 16138,
      "train": 7
    },
    {
      "operation": 243,
      "time": 16153,
      "train": 7
    },
    {
      "operation": 300,
      "time": 16255,
      "train": 8
    },
    {
      "operation": 302,
      "time": 16270,
      "train": 8
    },
    {
      "operation": 248,
      "time": 16457,
      "train": 7
    },
    {
      "operation": 252,
      "time": 16470,
      "train": 7
    },
    {
      "operation": 305,
      "time": 16600,
      "train": 8
    },
    {
      "operation": 308,
      "time": 16604,
      "train": 8
    },
    {
      "operation": 309,
      "time": 16685,
      "train": 8
    },
    {
      "operation": 310,
      "time": 16690,
      "train": 8
    },
    {
      "operation": 312,
      "time": 16796,
      "train": 8
    },
    {
      "operation": 314,
      "time": 16810,
      "train": 8
    },
    {
      "operation": 258,
      "time": 17116,
      "train": 7
    },
    {
      "operation": 262,
      "time": 17137,
      "train": 7
    },
    {
      "operation": 318,
      "time": 17280,
      "train": 8
    },
    {
      "operation": 322,
      "time": 17295,
      "train": 8
    },
    {
      "operation": 265,
      "time": 17657,
      "train": 7
    },
    {
      "operation": 268,
      "time": 17686,
      "train": 7
    },
    {
      "operation": 325,
      "time": 17686,
      "train": 8
    },
    {
      "operation": 328,
      "time": 17690,
      "train": 8
    },
    {
      "operation": 329,
      "time": 17771,
      "train": 8
    },
    {
      "operation": 331,
      "time": 17792,
      "train": 8
    },
    {
      "operation": 334,
      "time": 18179,
      "train": 8
    },
    {
      "operation": 338,
      "time": 18195,
      "train": 8
    },
    {
      "operation": 282,
      "time": 18528,
      "train": 7
    },
    {
      "operation": 286,
      "time": 18554,
      "train": 7
    },
    {
      "operation": 289,
      "time": 18669,
      "train": 7
    },
    {
      "operation": 292,
      "time": 18675,
      "train": 7
    },
    {
      "operation": 342,
      "time": 18702,
      "train": 8
    },
    {
      "operation": 344,
      "time": 18717,
      "train": 8
    },
    {
      "operation": 346,
      "time": 19247,
      "train": 8
    },
    {
      "operation": 348,
      "time": 19261,
      "train": 8
    },
    {
      "operation": 303,
      "time": 19346,
      "train": 7
    },
    {
      "operation": 305,
      "time": 19367,
      "train": 7
    },
    {
      "operation": 352,
      "time": 19740,
      "train": 8
    },
    {
      "operation": 356,
      "time": 19755,
      "train": 8
    },
    {
      "operation": 307,
      "time": 20100,
      "train": 7
    },
    {
      "operation": 310,
      "time": 20120,
      "train": 7
    },
    {
      "operation": 360,
      "time": 20283,
      "train": 8
    },
    {
      "operation": 364,
      "time": 20297,
      "train": 8
    },
    {
      "operation": 320,
      "time": 20778,
      "train": 7
    },
    {
      "operation": 324,
      "time": 20799,
      "train": 7
    },
    {
      "operation": 368,
      "time": 20811,
      "train": 8
    },
    {
      "operation": 372,
      "time": 20826,
      "train": 8
    },
    {
      "operation": 376,
      "time": 21319,
      "train": 8
    },
    {
      "operation": 380,
      "time": 21334,
      "train": 8
    },
    {
      "operation": 329,
      "time": 21345,
      "train": 7
    },
    {
      "operation": 332,
      "time": 21350,
      "train": 7
    },
    {
      "operation": 334,
      "time": 21464,
      "train": 7
    },
    {
      "operation": 384,
      "time": 21492,
      "train": 8
    },
    {
      "operation": 336,
      "time": 21493,
      "train": 7
    },
    {
      "operation": 388,
      "time": 21508,
      "train": 8
    },
    {
      "operation": 394,
      "time": 21606,
      "train": 8
    },
    {
      "operation": 417,
      "time": 21625,
      "train": 8
    },
    {
      "operation": 446,
      "time": 21648,
      "train": 8
    },
    {
      "operation": 453,
      "time": 21899,
      "train": 8
    },
    {
      "operation": 467,
      "time": 21936,
      "train": 8
    },
    {
      "operation": 499,
      "time": 21979,
      "train": 8
    },
    {
      "operation": 339,
      "time": 22034,
      "train": 7
    },
    {
      "operation": 343,
      "time": 22056,
      "train": 7
    },
    {
      "operation": 534,
      "time": 22132,
      "train": 8
    },
    {
      "operation": 544,
      "time": 22166,
      "train": 8
    },
    {
      "operation": 548,
      "time": 22703,
      "train": 8
    },
    {
      "operation": 549,
      "time": 22703,
      "train": 8
    },
    {
      "operation": 345,
      "time": 22765,
      "train": 7
    },
    {
      "operation": 347,
      "time": 22786,
      "train": 7
    },
    {
      "operation": 350,
      "time": 23527,
      "train": 7
    },
    {
      "operation": 352,
      "time": 23547,
      "train": 7
    },
    {
      "operation": 356,
      "time": 24217,
      "train": 7
    },
    {
      "operation": 360,
      "time": 24238,
      "train": 7
    },
    {
      "operation": 364,
      "time": 24977,
      "train": 7
    },
    {
      "operation": 368,
      "time": 24997,
      "train": 7
    },
    {
      "operation": 372,
      "time": 25717,
      "train": 7
    },
    {
      "operation": 376,
      "time": 25738,
      "train": 7
    },
    {
      "operation": 380,
      "time": 26428,
      "train": 7
    },
    {
      "operation": 384,
      "time": 26449,
      "train": 7
    },
    {
      "operation": 388,
      "time": 26670,
      "train": 7
    },
    {
      "operation": 392,
      "time": 26692,
      "train": 7
    },
    {
      "operation": 398,
      "time": 26829,
      "train": 7
    },
    {
      "operation": 421,
      "time": 26855,
      "train": 7
    },
    {
      "operation": 450,
      "time": 26887,
      "train": 7
    },
    {
      "operation": 457,
      "time": 27138,
      "train": 7
    },
    {
      "operation": 471,
      "time": 27175,
      "train": 7
    },
    {
      "operation": 503,
      "time": 27218,
      "train": 7
    },
    {
      "operation": 537,
      "time": 27371,
      "train": 7
    },
    {
      "operation": 542,
      "time": 27405,
      "train": 7
    },
    {
      "operation": 546,
      "time": 27942,
      "train": 7
    },
    {
      "operation": 547,
      "time": 27942,
      "train": 7
    }
  ],
  "objective_value": 3609
}
