{
  "events": [
    {
      "operation": 0,
      "time": 0,
      "train": 0
    },
    {
      "operation": 0,
      "time": 0,
      "train": 2
    },
    {
      "operation": 0,
      "time": 0,
      "train": 6
    },
    {
      "operation": 0,
      "time": 0,
      "train": 12
    },
    {
      "operation": 1,
      "time": 0,
      "train": 0
    },
    {
      "operation": 0,
      "time": 0,
      "train": 5
    },
    {
      "operation": 0,
      "time": 0,
      "train": 11
    },
    {
      "operation": 1,
      "time": 0,
      "train": 6
    },
    {
      "operation": 0,
      "time": 0,
      "train": 1
    },
    {
      "operation": 0,
      "time": 0,
      "train": 4
    },
    {
      "operation": 1,
      "time": 0,
      "train": 1
    },
    {
      "operation": 0,
      "time": 0,
      "train": 10
    },
    {
      "operation": 0,
      "time": 0,
      "train": 9
    },
    {
      "operation": 0,
      "time": 0,
      "train": 3
    },
    {
      "operation": 0,
      "time": 0,
      "train": 8
    },
    {
      "operation": 0,
      "time": 0,
      "train": 7
    },
    {
      "operation": 1,
      "time": 0,
      "train": 8
    },
    {
      "operation": 2,
      "time": 6,
      "train": 0
    },
    {
      "operation": 1,
      "time": 30,
      "train": 12
    },
    {
      "operation": 2,
      "time": 31,
      "train": 6
    },
    {
      "operation": 2,
      "time": 51,
      "train": 12
    },
    {
      "operation": 1,
      "time": 55,
      "train": 11
    },
    {
      "operation": 2,
      "time": 81,
      "train": 11
    },
    {
      "operation": 1,
      "time": 113,
      "train": 4
    },
    {
      "operation": 2,
      "time": 131,
      "train": 4
    },
    {
      "operation": 1,
      "time": 161,
      "train": 2
    },
    {
      "operation": 2,
      "time": 168,
      "train": 2
    },
    {
      "operation": 1,
      "time": 246,
      "train": 7
    },
    {
      "operation": 3,
      "time": 248,
      "train": 11
    },
    {
      "operation": 2,
      "time": 255,
      "train": 7
    },
    {
      "operation": 2,
      "time": 260,
      "train": 1
    },
    {
      "operation": 4,
      "time": 270,
      "train": 11
    },
    {
      "operation": 1,
      "time": 270,
      "train": 3
    },
    {
      "operation": 2,
      "time": 275,
      "train": 3
    },
    {
      "operation": 3,
      "time": 313,
      "train": 4
    },
    {
      "operation": 4,
      "time": 321,
      "train": 4
    },
    {
      "operation": 3,
      "time": 342,
      "train": 2
    },
    {
      "operation": 5,
      "time": 342,
      "train": 4
    },
    {
      "operation": 6,
      "time": 348,
      "train": 4
    },
    {
      "operation": 2,
      "time": 387,
      "train": 8
    },
    {
      "operation": 3,
      "time": 416,
      "train": 3
    },
    {
      "operation": 1,
      "time": 422,
      "train": 5
    },
    {
      "operation": 1,
      "time": 441,
      "train": 9
    },
    {
      "operation": 2,
      "time": 451,
      "train": 9
    },
    {
      "operation": 2,
      "time": 497,
      "train": 5
    },
    {
      "operation": 3,
      "time": 511,
      "train": 0
    },
    {
      "operation": 4,
      "time": 518,
      "train": 0
    },
    {
      "operation": 3,
      "time": 556,
      "train": 5
    },
    {
      "operation": 7,
      "time": 560,
      "train": 4
    },
    {
      "operation": 8,
      "time": 560,
      "train": 4
    },
    {
      "operation": 6,
      "time": 589,
      "train": 11
    },
    {
      "operation": 3,
      "time": 599,
      "train": 9
    },
    {
      "operation": 3,
      "time": 611,
      "train": 6
    },
    {
      "operation": 4,
      "time": 614,
      "train": 9
    },
    {
      "operation": 8,
      "time": 618,
      "train": 11
    },
    {
      "operation": 4,
      "time": 628,
      "train": 5
    },
    {
      "operation": 4,
      "time": 629,
      "train": 6
    },
    {
      "operation": 3,
      "time": 631,
      "train": 12
    },
    {
      "operation": 4,
      "time": 647,
      "train": 12
    },
    {
      "operation": 1,
      "time": 655,
      "train": 10
    },
    {
      "operation": 2,
      "time": 671,
      "train": 10
    },
    {
      "operation": 4,
      "time": 737,
      "train": 2
    },
    {
      "operation": 6,
      "time": 746,
      "train": 0
    },
    {
      "operation": 4,
      "time": 754,
      "train": 1
    },
    {
      "operation": 8,
      "time": 777,
      "train": 0
    },
    {
      "operation": 6,
      "time": 778,
      "train": 1
    },
    {
      "operation": 3,
      "time": 781,
      "train": 8
    },
    {
      "operation": 5,
      "time": 782,
      "train": 9
    },
    {
      "operation": 5,
      "time": 789,
      "train": 8
    },
    {
      "operation": 5,
      "time": 811,
      "train": 5
    },
    {
      "operation": 6,
      "time": 824,
      "train": 5
    },
    {
      "operation": 5,
      "time": 829,
      "train": 12
    },
    {
      "operation": 6,
      "time": 829,
      "train": 12
    },
    {
      "operation": 9,
      "time": 831,
      "train": 4
    },
    {
      "operation": 10,
      "time": 850,
      "train": 4
    },
    {
      "operation": 7,
      "time": 918,
      "train": 8
    },
    {
      "operation": 9,
      "time": 926,
      "train": 8
    },
    {
      "operation": 11,
      "time": 972,
      "train": 0
    },
    {
      "operation": 15,
      "time": 1000,
      "train": 0
    },
    {
      "operation": 7,
      "time": 1080,
      "train": 12
    },
    {
      "operation": 8,
      "time": 1095,
      "train": 12
    },
    {
      "operation": 3,
      "time": 1133,
      "train": 10
    },
    {
      "operation": 4,
      "time": 1140,
      "train": 10
    },
    {
      "operation": 3,
      "time": 1175,
      "train": 7
    },
    {
      "operation": 17,
      "time": 1180,
      "train": 0
    },
    {
      "operation": 4,
      "time": 1186,
      "train": 7
    },
    {
      "operation": 10,
      "time": 1188,
      "train": 11
    },
    {
      "operation": 12,
      "time": 1197,
      "train": 11
    },
    {
      "operation": 19,
      "time": 1197,
      "train": 0
    },
    {
      "operation": 5,
      "time": 1208,
      "train": 6
    },
    {
      "operation": 6,
      "time": 1230,
      "train": 6
    },
    {
      "operation": 6,
      "time": 1242,
      "train": 2
    },
    {
      "operation": 7,
      "time": 1247,
      "train": 5
    },
    {
      "operation": 8,
      "time": 1250,
      "train": 2
    },
    {
      "operation": 8,
      "time": 1254,
      "train": 5
    },
    {
      "operation": 22,
      "time": 1308,
      "train": 0
    },
    {
      "operation": 26,
      "time": 1329,
      "train": 0
    },
    {
      "operation": 9,
      "time": 1358,
      "train": 1
    },
    {
      "operation": 12,
      "time": 1374,
      "train": 1
    },
    {
      "operation": 4,
      "time": 1398,
      "train": 3
    },
    {
      "operation": 11,
      "time": 1405,
      "train": 8
    },
    {
      "operation": 12,
      "time": 1414,
      "train": 8
    },
    {
      "operation": 11,
      "time": 1453,
      "train": 2
    },
    {
      "operation": 5,
      "time": 1476,
      "train": 7
    },
    {
      "operation": 15,
      "time": 1484,
      "train": 2
    },
    {
      "operation": 6,
      "time": 1487,
      "train": 7
    },
    {
      "operation": 13,
      "time": 1498,
      "train": 11
    },
    {
      "operation": 15,
      "time": 1508,
      "train": 11
    },
    {
      "operation": 9,
      "time": 1521,
      "train": 12
    },
    {
      "operation": 10,
      "time": 1521,
      "train": 12
    },
    {
      "operation": 14,
      "time": 1556,
      "train": 1
    },
    {
      "operation": 16,
      "time": 1556,
      "train": 1
    },
    {
      "operation": 7,
      "time": 1574,
      "train": 6
    },
    {
      "operation": 8,
      "time": 1574,
      "train": 6
    },
    {
      "operation": 6,
      "time": 1626,
      "train": 9
    },
    {
      "operation": 11,
      "time": 1627,
      "train": 4
    },
    {
      "operation": 12,
      "time": 1648,
      "train": 4
    },
    {
      "operation": 17,
      "time": 1670,
      "train": 11
    },
    {
      "operation": 11,
      "time": 1675,
      "train": 12
    },
    {
      "operation": 17,
      "time": 1679,
      "train": 2
    },
    {
      "operation": 19,
      "time": 1679,
      "train": 11
    },
    {
      "operation": 12,
      "time": 1690,
      "train": 12
    },
    {
      "operation": 21,
      "time": 1707,
      "train": 2
    },
    {
      "operation": 5,
      "time": 1758,
      "train": 10
    },
    {
      "operation": 7,
      "time": 1764,
      "train": 10
    },
    {
      "operation": 10,
      "time": 1770,
      "train": 6
    },
    {
      "operation": 12,
      "time": 1788,
      "train": 6
    },
    {
      "operation": 19,
      "time": 1807,
      "train": 1
    },
    {
      "operation": 32,
      "time": 1820,
      "train": 0
    },
    {
      "operation": 22,
      "time": 1822,
      "train": 1
    },
    {
      "operation": 13,
      "time": 1833,
      "train": 8
    },
    {
      "operation": 13,
      "time": 1842,
      "train": 12
    },
    {
      "operation": 14,
      "time": 1848,
      "train": 8
    },
    {
      "operation": 14,
      "time": 1850,
      "train": 12
    },
    {
      "operation": 36,
      "time": 1851,
      "train": 0
    },
    {
      "operation": 15,
      "time": 1867,
      "train": 12
    },
    {
      "operation": 16,
      "time": 1872,
      "train": 12
    },
    {
      "operation": 25,
      "time": 1887,
      "train": 2
    },
    {
      "operation": 27,
      "time": 1904,
      "train": 2
    },
    {
      "operation": 23,
      "time": 1953,
      "train": 11
    },
    {
      "operation": 24,
      "time": 1960,
      "train": 11
    },
    {
      "operation": 29,
      "time": 1980,
      "train": 2
    },
    {
      "operation": 13,
      "time": 1991,
      "train": 4
    },
    {
      "operation": 14,
      "time": 1991,
      "train": 4
    },
    {
      "operation": 15,
      "time": 1996,
      "train": 8
    },
    {
      "operation": 16,
      "time": 1996,
      "train": 8
    },
    {
      "operation": 33,
      "time": 2001,
      "train": 2
    },
    {
      "operation": 9,
      "time": 2040,
      "train": 10
    },
    {
      "operation": 11,
      "time": 2048,
      "train": 10
    },
    {
      "operation": 17,
      "time": 2050,
      "train": 12
    },
    {
      "operation": 18,
      "time": 2050,
      "train": 12
    },
    {
      "operation": 7,
      "time": 2105,
      "train": 9
    },
    {
      "operation": 8,
      "time": 2112,
      "train": 9
    },
    {
      "operation": 7,
      "time": 2127,
      "train": 7
    },
    {
      "operation": 9,
      "time": 2133,
      "train": 7
    },
    {
      "operation": 25,
      "time": 2180,
      "train": 11
    },
    {
      "operation": 26,
      "time": 2180,
      "train": 11
    },
    {
      "operation": 9,
      "time": 2222,
      "train": 5
    },
    {
      "operation": 11,
      "time": 2229,
      "train": 5
    },
    {
      "operation": 6,
      "time": 2230,
      "train": 3
    },
    {
      "operation": 8,
      "time": 2239,
      "train": 3
    },
    {
      "operation": 9,
      "time": 2242,
      "train": 9
    },
    {
      "operation": 15,
      "time": 2244,
      "train": 4
    },
    {
      "operation": 24,
      "time": 2248,
      "train": 1
    },
    {
      "operation": 26,
      "time": 2248,
      "train": 1
    },
    {
      "operation": 10,
      "time": 2250,
      "train": 9
    },
    {
      "operation": 19,
      "time": 2275,
      "train": 12
    },
    {
      "operation": 16,
      "time": 2279,
      "train": 4
    },
    {
      "operation": 20,
      "time": 2291,
      "train": 12
    },
    {
      "operation": 11,
      "time": 2329,
      "train": 7
    },
    {
      "operation": 15,
      "time": 2331,
      "train": 6
    },
    {
      "operation": 18,
      "time": 2340,
      "train": 6
    },
    {
      "operation": 29,
      "time": 2402,
      "train": 1
    },
    {
      "operation": 32,
      "time": 2417,
      "train": 1
    },
    {
      "operation": 13,
      "time": 2425,
      "train": 5
    },
    {
      "operation": 39,
      "time": 2431,
      "train": 0
    },
    {
      "operation": 15,
      "time": 2432,
      "train": 5
    },
    {
      "operation": 14,
      "time": 2440,
      "train": 10
    },
    {
      "operation": 13,
      "time": 2441,
      "train": 7
    },
    {
      "operation": 43,
      "time": 2449,
      "train": 0
    },
    {
      "operation": 16,
      "time": 2451,
      "train": 10
    },
    {
      "operation": 23,
      "time": 2466,
      "train": 6
    },
    {
      "operation": 28,
      "time": 2482,
      "train": 6
    },
    {
      "operation": 37,
      "time": 2491,
      "train": 2
    },
    {
      "operation": 41,
      "time": 2521,
      "train": 2
    },
    {
      "operation": 11,
      "time": 2644,
      "train": 9
    },
    {
      "operation": 12,
      "time": 2651,
      "train": 9
    },
    {
      "operation": 18,
      "time": 2666,
      "train": 10
    },
    {
      "operation": 20,
      "time": 2678,
      "train": 10
    },
    {
      "operation": 17,
      "time": 2703,
      "train": 4
    },
    {
      "operation": 18,
      "time": 2710,
      "train": 4
    },
    {
      "operation": 34,
      "time": 2770,
      "train": 1
    },
    {
      "operation": 36,
      "time": 2770,
      "train": 1
    },
    {
      "operation": 12,
      "time": 2774,
      "train": 3
    },
    {
      "operation": 22,
      "time": 2789,
      "train": 10
    },
    {
      "operation": 24,
      "time": 2789,
      "train": 10
    },
    {
      "operation": 16,
      "time": 2790,
      "train": 3
    },
    {
      "operation": 13,
      "time": 2825,
      "train": 9
    },
    {
      "operation": 14,
      "time": 2831,
      "train": 9
    },
    {
      "operation": 19,
      "time": 2838,
      "train": 4
    },
    {
      "operation": 20,
      "time": 2863,
      "train": 4
    },
    {
      "operation": 21,
      "time": 2981,
      "train": 12
    },
    {
      "operation": 30,
      "time": 2984,
      "train": 6
    },
    {
      "operation": 39,
      "time": 2995,
      "train": 1
    },
    {
      "operation": 22,
      "time": 2998,
      "train": 12
    },
    {
      "operation": 32,
      "time": 3008,
      "train": 6
    },
    {
      "operation": 42,
      "time": 3011,
      "train": 1
    },
    {
      "operation": 46,
      "time": 3028,
      "train": 0
    },
    {
      "operation": 50,
      "time": 3050,
      "train": 0
    },
    {
      "operation": 25,
      "time": 3062,
      "train": 10
    },
    {
      "operation": 26,
      "time": 3062,
      "train": 10
    },
    {
      "operation": 17,
      "time": 3085,
      "train": 5
    },
    {
      "operation": 19,
      "time": 3091,
      "train": 5
    },
    {
      "operation": 46,
      "time": 3102,
      "train": 2
    },
    {
      "operation": 21,
      "time": 3108,
      "train": 4
    },
    {
      "operation": 22,
      "time": 3108,
      "train": 4
    },
    {
      "operation": 50,
      "time": 3120,
      "train": 2
    },
    {
      "operation": 18,
      "time": 3187,
      "train": 3
    },
    {
      "operation": 20,
      "time": 3196,
      "train": 3
    },
    {
      "operation": 16,
      "time": 3255,
      "train": 7
    },
    {
      "operation": 18,
      "time": 3264,
      "train": 7
    },
    {
      "operation": 21,
      "time": 3289,
      "train": 5
    },
    {
      "operation": 23,
      "time": 3297,
      "train": 5
    },
    {
      "operation": 23,
      "time": 3300,
      "train": 12
    },
    {
      "operation": 24,
      "time": 3300,
      "train": 12
    },
    {
      "operation": 16,
      "time": 3336,
      "train": 9
    },
    {
      "operation": 18,
      "time": 3344,
      "train": 9
    },
    {
      "operation": 54,
      "time": 3394,
      "train": 0
    },
    {
      "operation": 56,
      "time": 3394,
      "train": 0
    },
    {
      "operation": 33,
      "time": 3478,
      "train": 6
    },
    {
      "operation": 34,
      "time": 3478,
      "train": 6
    },
    {
      "operation": 25,
      "time": 3531,
      "train": 12
    },
    {
      "operation": 23,
      "time": 3539,
      "train": 4
    },
    {
      "operation": 21,
      "time": 3547,
      "train": 9
    },
    {
      "operation": 24,
      "time": 3558,
      "train": 4
    },
    {
      "operation": 26,
      "time": 3566,
      "train": 12
    },
    {
      "operation": 25,
      "time": 3578,
      "train": 9
    },
    {
      "operation": 60,
      "time": 3590,
      "train": 0
    },
    {
      "operation": 45,
      "time": 3608,
      "train": 1
    },
    {
      "operation": 64,
      "time": 3608,
      "train": 0
    },
    {
      "operation": 48,
      "time": 3625,
      "train": 1
    },
    {
      "operation": 20,
      "time": 3654,
      "train": 7
    },
    {
      "operation": 22,
      "time": 3666,
      "train": 7
    },
    {
      "operation": 55,
      "time": 3699,
      "train": 2
    },
    {
      "operation": 21,
      "time": 3706,
      "train": 3
    },
    {
      "operation": 22,
      "time": 3711,
      "train": 3
    },
    {
      "operation": 59,
      "time": 3721,
      "train": 2
    },
    {
      "operation": 35,
      "time": 3768,
      "train": 6
    },
    {
      "operation": 31,
      "time": 3773,
      "train": 9
    },
    {
      "operation": 36,
      "time": 3791,
      "train": 6
    },
    {
      "operation": 35,
      "time": 3801,
      "train": 9
    },
    {
      "operation": 24,
      "time": 3830,
      "train": 7
    },
    {
      "operation": 50,
      "time": 3885,
      "train": 1
    },
    {
      "operation": 52,
      "time": 3885,
      "train": 1
    },
    {
      "operation": 23,
      "time": 3907,
      "train": 3
    },
    {
      "operation": 25,
      "time": 3912,
      "train": 7
    },
    {
      "operation": 26,
      "time": 3912,
      "train": 7
    },
    {
      "operation": 24,
      "time": 3913,
      "train": 3
    },
    {
      "operation": 27,
      "time": 3919,
      "train": 12
    },
    {
      "operation": 28,
      "time": 3924,
      "train": 12
    },
    {
      "operation": 39,
      "time": 3981,
      "train": 9
    },
    {
      "operation": 43,
      "time": 3998,
      "train": 9
    },
    {
      "operation": 29,
      "time": 4032,
      "train": 12
    },
    {
      "operation": 37,
      "time": 4035,
      "train": 6
    },
    {
      "operation": 38,
      "time": 4035,
      "train": 6
    },
    {
      "operation": 55,
      "time": 4044,
      "train": 1
    },
    {
      "operation": 30,
      "time": 4053,
      "train": 12
    },
    {
      "operation": 58,
      "time": 4059,
      "train": 1
    },
    {
      "operation": 61,
      "time": 4065,
      "train": 2
    },
    {
      "operation": 63,
      "time": 4065,
      "train": 2
    },
    {
      "operation": 50,
      "time": 4074,
      "train": 9
    },
    {
      "operation": 54,
      "time": 4095,
      "train": 9
    },
    {
      "operation": 67,
      "time": 4151,
      "train": 0
    },
    {
      "operation": 70,
      "time": 4160,
      "train": 0
    },
    {
      "operation": 25,
      "time": 4164,
      "train": 4
    },
    {
      "operation": 26,
      "time": 4182,
      "train": 4
    },
    {
      "operation": 25,
      "time": 4194,
      "train": 3
    },
    {
      "operation": 27,
      "time": 4201,
      "train": 3
    },
    {
      "operation": 26,
      "time": 4251,
      "train": 5
    },
    {
      "operation": 28,
      "time": 4260,
      "train": 5
    },
    {
      "operation": 65,
      "time": 4261,
      "train": 2
    },
    {
      "operation": 31,
      "time": 4274,
      "train": 12
    },
    {
      "operation": 32,
      "time": 4274,
      "train": 12
    },
    {
      "operation": 67,
      "time": 4279,
      "train": 2
    },
    {
      "operation": 75,
      "time": 4286,
      "train": 0
    },
    {
      "operation": 80,
      "time": 4302,
      "train": 0
    },
    {
      "operation": 29,
      "time": 4355,
      "train": 3
    },
    {
      "operation": 31,
      "time": 4355,
      "train": 3
    },
    {
      "operation": 61,
      "time": 4524,
      "train": 1
    },
    {
      "operation": 64,
      "time": 4545,
      "train": 1
    },
    {
      "operation": 60,
      "time": 4640,
      "train": 9
    },
    {
      "operation": 64,
      "time": 4671,
      "train": 9
    },
    {
      "operation": 33,
      "time": 4671,
      "train": 12
    },
    {
      "operation": 34,
      "time": 4687,
      "train": 12
    },
    {
      "operation": 66,
      "time": 4766,
      "train": 1
    },
    {
      "operation": 68,
      "time": 4766,
      "train": 1
    },
    {
      "operation": 27,
      "time": 4787,
      "train": 4
    },
    {
      "operation": 82,
      "time": 4804,
      "train": 0
    },
    {
      "operation": 28,
      "time": 4805,
      "train": 4
    },
    {
      "operation": 69,
      "time": 4822,
      "train": 2
    },
    {
      "operation": 84,
      "time": 4828,
      "train": 0
    },
    {
      "operation": 70,
      "time": 4831,
      "train": 2
    },
    {
      "operation": 32,
      "time": 4846,
      "train": 5
    },
    {
      "operation": 36,
      "time": 4862,
      "train": 5
    },
    {
      "operation": 71,
      "time": 4957,
      "train": 2
    },
    {
      "operation": 72,
      "time": 4973,
      "train": 2
    },
    {
      "operation": 71,
      "time": 5125,
      "train": 1
    },
    {
      "operation": 74,
      "time": 5141,
      "train": 1
    },
    {
      "operation": 67,
      "time": 5251,
      "train": 9
    },
    {
      "operation": 71,
      "time": 5269,
      "train": 9
    },
    {
      "operation": 38,
      "time": 5287,
      "train": 5
    },
    {
      "operation": 40,
      "time": 5296,
      "train": 5
    },
    {
      "operation": 85,
      "time": 5298,
      "train": 0
    },
    {
      "operation": 86,
      "time": 5298,
      "train": 0
    },
    {
      "operation": 35,
      "time": 5308,
      "train": 12
    },
    {
      "operation": 36,
      "time": 5323,
      "train": 12
    },
    {
      "operation": 29,
      "time": 5338,
      "train": 4
    },
    {
      "operation": 30,
      "time": 5338,
      "train": 4
    },
    {
      "operation": 73,
      "time": 5475,
      "train": 2
    },
    {
      "operation": 75,
      "time": 5499,
      "train": 2
    },
    {
      "operation": 87,
      "time": 5588,
      "train": 0
    },
    {
      "operation": 89,
      "time": 5611,
      "train": 0
    },
    {
      "operation": 77,
      "time": 5646,
      "train": 1
    },
    {
      "operation": 80,
      "time": 5662,
      "train": 1
    },
    {
      "operation": 74,
      "time": 5848,
      "train": 9
    },
    {
      "operation": 91,
      "time": 5855,
      "train": 0
    },
    {
      "operation": 37,
      "time": 5866,
      "train": 12
    },
    {
      "operation": 78,
      "time": 5870,
      "train": 9
    },
    {
      "operation": 38,
      "time": 5881,
      "train": 12
    },
    {
      "operation": 94,
      "time": 5891,
      "train": 0
    },
    {
      "operation": 41,
      "time": 5908,
      "train": 5
    },
    {
      "operation": 43,
      "time": 5914,
      "train": 5
    },
    {
      "operation": 77,
      "time": 5969,
      "train": 2
    },
    {
      "operation": 79,
      "time": 5969,
      "train": 2
    },
    {
      "operation": 97,
      "time": 5969,
      "train": 0
    },
    {
      "operation": 100,
      "time": 5978,
      "train": 0
    },
    {
      "operation": 111,
      "time": 6071,
      "train": 0
    },
    {
      "operation": 115,
      "time": 6091,
      "train": 0
    },
    {
      "operation": 119,
      "time": 6112,
      "train": 0
    },
    {
      "operation": 125,
      "time": 6146,
      "train": 0
    },
    {
      "operation": 82,
      "time": 6165,
      "train": 1
    },
    {
      "operation": 45,
      "time": 6190,
      "train": 5
    },
    {
      "operation": 131,
      "time": 6195,
      "train": 0
    },
    {
      "operation": 47,
      "time": 6198,
      "train": 5
    },
    {
      "operation": 141,
      "time": 6202,
      "train": 0
    },
    {
      "operation": 82,
      "time": 6214,
      "train": 9
    },
    {
      "operation": 84,
      "time": 6214,
      "train": 9
    },
    {
      "operation": 148,
      "time": 6222,
      "train": 0
    },
    {
      "operation": 81,
      "time": 6259,
      "train": 2
    },
    {
      "operation": 85,
      "time": 6277,
      "train": 2
    },
    {
      "operation": 155,
      "time": 6287,
      "train": 0
    },
    {
      "operation": 162,
      "time": 6308,
      "train": 0
    },
    {
      "operation": 177,
      "time": 6319,
      "train": 0
    },
    {
      "operation": 39,
      "time": 6326,
      "train": 12
    },
    {
      "operation": 40,
      "time": 6326,
      "train": 12
    },
    {
      "operation": 88,
      "time": 6410,
      "train": 9
    },
    {
      "operation": 92,
      "time": 6428,
      "train": 9
    },
    {
      "operation": 181,
      "time": 6440,
      "train": 0
    },
    {
      "operation": 193,
      "time": 6492,
      "train": 0
    },
    {
      "operation": 90,
      "time": 6521,
      "train": 2
    },
    {
      "operation": 84,
      "time": 6535,
      "train": 1
    },
    {
      "operation": 211,
      "time": 6547,
      "train": 0
    },
    {
      "operation": 94,
      "time": 6557,
      "train": 2
    },
    {
      "operation": 50,
      "time": 6590,
      "train": 5
    },
    {
      "operation": 223,
      "time": 6591,
      "train": 0
    },
    {
      "operation": 52,
      "time": 6601,
      "train": 5
    },
    {
      "operation": 236,
      "time": 6601,
      "train": 0
    },
    {
      "operation": 97,
      "time": 6635,
      "train": 2
    },
    {
      "operation": 100,
      "time": 6644,
      "train": 2
    },
    {
      "operation": 248,
      "time": 6675,
      "train": 0
    },
    {
      "operation": 262,
      "time": 6695,
      "train": 0
    },
    {
      "operation": 286,
      "time": 6695,
      "train": 0
    },
    {
      "operation": 111,
      "time": 6737,
      "train": 2
    },
    {
      "operation": 115,
      "time": 6757,
      "train": 2
    },
    {
      "operation": 119,
      "time": 6778,
      "train": 2
    },
    {
      "operation": 125,
      "time": 6812,
      "train": 2
    },
    {
      "operation": 54,
      "time": 6816,
      "train": 5
    },
    {
      "operation": 56,
      "time": 6828,
      "train": 5
    },
    {
      "operation": 131,
      "time": 6861,
      "train": 2
    },
    {
      "operation": 141,
      "time": 6868,
      "train": 2
    },
    {
      "operation": 148,
      "time": 6888,
      "train": 2
    },
    {
      "operation": 58,
      "time": 6939,
      "train": 5
    },
    {
      "operation": 60,
      "time": 6939,
      "train": 5
    },
    {
      "operation": 155,
      "time": 6953,
      "train": 2
    },
    {
      "operation": 94,
      "time": 6971,
      "train": 9
    },
    {
      "operation": 162,
      "time": 6974,
      "train": 2
    },
    {
      "operation": 96,
      "time": 6980,
      "train": 9
    },
    {
      "operation": 91,
      "time": 6980,
      "train": 1
    },
    {
      "operation": 92,
      "time": 6980,
      "train": 1
    },
    {
      "operation": 177,
      "time": 6985,
      "train": 2
    },
    {
      "operation": 98,
      "time": 7106,
      "train": 9
    },
    {
      "operation": 181,
      "time": 7106,
      "train": 2
    },
    {
      "operation": 100,
      "time": 7122,
      "train": 9
    },
    {
      "operation": 193,
      "time": 7158,
      "train": 2
    },
    {
      "operation": 61,
      "time": 7212,
      "train": 5
    },
    {
      "operation": 62,
      "time": 7212,
      "train": 5
    },
    {
      "operation": 211,
      "time": 7213,
      "train": 2
    },
    {
      "operation": 223,
      "time": 7257,
      "train": 2
    },
    {
      "operation": 236,
      "time": 7267,
      "train": 2
    },
    {
      "operation": 248,
      "time": 7341,
      "train": 2
    },
    {
      "operation": 262,
      "time": 7361,
      "train": 2
    },
    {
      "operation": 286,
      "time": 7361,
      "train": 2
    },
    {
      "operation": 102,
      "time": 7624,
      "train": 9
    },
    {
      "operation": 104,
      "time": 7648,
      "train": 9
    },
    {
      "operation": 106,
      "time": 8118,
      "train": 9
    },
    {
      "operation": 108,
      "time": 8118,
      "train": 9
    },
    {
      "operation": 111,
      "time": 8408,
      "train": 9
    },
    {
      "operation": 115,
      "time": 8431,
      "train": 9
    },
    {
      "operation": 118,
      "time": 8675,
      "train": 9
    },
    {
      "operation": 121,
      "time": 8711,
      "train": 9
    },
    {
      "operation": 124,
      "time": 8789,
      "train": 9
    },
    {
      "operation": 127,
      "time": 8798,
      "train": 9
    },
    {
      "operation": 129,
      "time": 8891,
      "train": 9
    },
    {
      "operation": 132,
      "time": 8911,
      "train": 9
    },
    {
      "operation": 141,
      "time": 8932,
      "train": 9
    },
    {
      "operation": 144,
      "time": 8966,
      "train": 9
    },
    {
      "operation": 147,
      "time": 9015,
      "train": 9
    },
    {
      "operation": 156,
      "time": 9022,
      "train": 9
    },
    {
      "operation": 165,
      "time": 9042,
      "train": 9
    },
    {
      "operation": 176,
      "time": 9107,
      "train": 9
    },
    {
      "operation": 187,
      "time": 9128,
      "train": 9
    },
    {
      "operation": 206,
      "time": 9139,
      "train": 9
    },
    {
      "operation": 227,
      "time": 9260,
      "train": 9
    },
    {
      "operation": 264,
      "time": 9312,
      "train": 9
    },
    {
      "operation": 296,
      "time": 9376,
      "train": 9
    },
    {
      "operation": 341,
      "time": 9384,
      "train": 9
    },
    {
      "operation": 367,
      "time": 9421,
      "train": 9
    },
    {
      "operation": 404,
      "time": 9452,
      "train": 9
    },
    {
      "operation": 436,
      "time": 9675,
      "train": 9
    },
    {
      "operation": 453,
      "time": 9737,
      "train": 9
    },
    {
      "operation": 455,
      "time": 9856,
      "train": 9
    },
    {
      "operation": 457,
      "time": 9869,
      "train": 9
    },
    {
      "operation": 459,
      "time": 9888,
      "train": 9
    },
    {
      "operation": 461,
      "time": 9888,
      "train": 9
    },
    {
      "operation": 463,
      "time": 9907,
      "train": 9
    },
    {
      "operation": 465,
      "time": 9907,
      "train": 9
    }
  ],
  "objective_value": 3668
}
