{
  "events": [
    {
      "operation": 0,
      "time": 0,
      "train": 0
    },
    {
      "operation": 0,
      "time": 0,
      "train": 2
    },
    {
      "operation": 0,
      "time": 0,
      "train": 5
    },
    {
      "operation": 0,
      "time": 0,
      "train": 1
    },
    {
      "operation": 0,
      "time": 0,
      "train": 4
    },
    {
      "operation": 1,
      "time": 0,
      "train": 1
    },
    {
      "operation": 0,
      "time": 0,
      "train": 3
    },
    {
      "operation": 2,
      "time": 12,
      "train": 1
    },
    {
      "operation": 1,
      "time": 154,
      "train": 5
    },
    {
      "operation": 1,
      "time": 270,
      "train": 3
    },
    {
      "operation": 2,
      "time": 270,
      "train": 3
    },
    {
      "operation": 1,
      "time": 346,
      "train": 4
    },
    {
      "operation": 2,
      "time": 393,
      "train": 4
    },
    {
      "operation": 3,
      "time": 477,
      "train": 1
    },
    {
      "operation": 4,
      "time": 489,
      "train": 1
    },
    {
      "operation": 1,
      "time": 515,
      "train": 2
    },
    {
      "operation": 2,
      "time": 558,
      "train": 2
    },
    {
      "operation": 3,
      "time": 601,
      "train": 4
    },
    {
      "operation": 5,
      "time": 623,
      "train": 4
    },
    {
      "operation": 7,
      "time": 657,
      "train": 4
    },
    {
      "operation": 10,
      "time": 701,
      "train": 4
    },
    {
      "operation": 3,
      "time": 863,
      "train": 2
    },
    {
      "operation": 5,
      "time": 886,
      "train": 2
    },
    {
      "operation": 5,
      "time": 927,
      "train": 1
    },
    {
      "operation": 6,
      "time": 940,
      "train": 1
    },
    {
      "operation": 16,
      "time": 1140,
      "train": 4
    },
    {
      "operation": 1,
      "time": 1144,
      "train": 0
    },
    {
      "operation": 2,
      "time": 1156,
      "train": 0
    },
    {
      "operation": 22,
      "time": 1169,
      "train": 4
    },
    {
      "operation": 3,
      "time": 1192,
      "train": 3
    },
    {
      "operation": 4,
      "time": 1206,
      "train": 3
    },
    {
      "operation": 2,
      "time": 1365,
      "train": 5
    },
    {
      "operation": 5,
      "time": 1633,
      "train": 3
    },
    {
      "operation": 7,
      "time": 1654,
      "train": 1
    },
    {
      "operation": 7,
      "time": 1656,
      "train": 3
    },
    {
      "operation": 8,
      "time": 1668,
      "train": 1
    },
    {
      "operation": 3,
      "time": 1788,
      "train": 0
    },
    {
      "operation": 4,
      "time": 1788,
      "train": 0
    },
    {
      "operation": 30,
      "time": 1821,
      "train": 4
    },
    {
      "operation": 3,
      "time": 1830,
      "train": 5
    },
    {
      "operation": 36,
      "time": 1842,
      "train": 4
    },
    {
      "operation": 5,
      "time": 1997,
      "train": 5
    },
    {
      "operation": 9,
      "time": 2084,
      "train": 3
    },
    {
      "operation": 15,
      "time": 2131,
      "train": 3
    },
    {
      "operation": 9,
      "time": 2213,
      "train": 1
    },
    {
      "operation": 10,
      "time": 2228,
      "train": 1
    },
    {
      "operation": 21,
      "time": 2339,
      "train": 3
    },
    {
      "operation": 31,
      "time": 2361,
      "train": 3
    },
    {
      "operation": 41,
      "time": 2395,
      "train": 3
    },
    {
      "operation": 57,
      "time": 2439,
      "train": 3
    },
    {
      "operation": 7,
      "time": 2447,
      "train": 2
    },
    {
      "operation": 9,
      "time": 2447,
      "train": 2
    },
    {
      "operation": 5,
      "time": 2595,
      "train": 0
    },
    {
      "operation": 6,
      "time": 2607,
      "train": 0
    },
    {
      "operation": 44,
      "time": 2612,
      "train": 4
    },
    {
      "operation": 7,
      "time": 2618,
      "train": 5
    },
    {
      "operation": 48,
      "time": 2633,
      "train": 4
    },
    {
      "operation": 9,
      "time": 2816,
      "train": 5
    },
    {
      "operation": 85,
      "time": 2878,
      "train": 3
    },
    {
      "operation": 91,
      "time": 2907,
      "train": 3
    },
    {
      "operation": 7,
      "time": 2963,
      "train": 0
    },
    {
      "operation": 9,
      "time": 2986,
      "train": 0
    },
    {
      "operation": 11,
      "time": 3060,
      "train": 1
    },
    {
      "operation": 13,
      "time": 3095,
      "train": 1
    },
    {
      "operation": 60,
      "time": 3231,
      "train": 4
    },
    {
      "operation": 64,
      "time": 3280,
      "train": 4
    },
    {
      "operation": 11,
      "time": 3366,
      "train": 0
    },
    {
      "operation": 11,
      "time": 3380,
      "train": 2
    },
    {
      "operation": 15,
      "time": 3398,
      "train": 2
    },
    {
      "operation": 17,
      "time": 3413,
      "train": 0
    },
    {
      "operation": 99,
      "time": 3559,
      "train": 3
    },
    {
      "operation": 105,
      "time": 3580,
      "train": 3
    },
    {
      "operation": 11,
      "time": 3619,
      "train": 5
    },
    {
      "operation": 23,
      "time": 3621,
      "train": 0
    },
    {
      "operation": 13,
      "time": 3631,
      "train": 5
    },
    {
      "operation": 33,
      "time": 3643,
      "train": 0
    },
    {
      "operation": 43,
      "time": 3677,
      "train": 0
    },
    {
      "operation": 59,
      "time": 3721,
      "train": 0
    },
    {
      "operation": 15,
      "time": 3745,
      "train": 1
    },
    {
      "operation": 19,
      "time": 3762,
      "train": 1
    },
    {
      "operation": 19,
      "time": 3863,
      "train": 2
    },
    {
      "operation": 23,
      "time": 3875,
      "train": 2
    },
    {
      "operation": 78,
      "time": 3933,
      "train": 4
    },
    {
      "operation": 81,
      "time": 3969,
      "train": 4
    },
    {
      "operation": 15,
      "time": 3987,
      "train": 5
    },
    {
      "operation": 17,
      "time": 4010,
      "train": 5
    },
    {
      "operation": 87,
      "time": 4152,
      "train": 0
    },
    {
      "operation": 93,
      "time": 4181,
      "train": 0
    },
    {
      "operation": 88,
      "time": 4247,
      "train": 4
    },
    {
      "operation": 91,
      "time": 4262,
      "train": 4
    },
    {
      "operation": 23,
      "time": 4273,
      "train": 1
    },
    {
      "operation": 26,
      "time": 4291,
      "train": 1
    },
    {
      "operation": 27,
      "time": 4314,
      "train": 2
    },
    {
      "operation": 31,
      "time": 4326,
      "train": 2
    },
    {
      "operation": 113,
      "time": 4350,
      "train": 3
    },
    {
      "operation": 117,
      "time": 4371,
      "train": 3
    },
    {
      "operation": 94,
      "time": 4371,
      "train": 4
    },
    {
      "operation": 19,
      "time": 4390,
      "train": 5
    },
    {
      "operation": 97,
      "time": 4413,
      "train": 4
    },
    {
      "operation": 25,
      "time": 4437,
      "train": 5
    },
    {
      "operation": 100,
      "time": 4462,
      "train": 4
    },
    {
      "operation": 103,
      "time": 4475,
      "train": 4
    },
    {
      "operation": 106,
      "time": 4596,
      "train": 4
    },
    {
      "operation": 107,
      "time": 4596,
      "train": 4
    },
    {
      "operation": 31,
      "time": 4645,
      "train": 5
    },
    {
      "operation": 41,
      "time": 4667,
      "train": 5
    },
    {
      "operation": 51,
      "time": 4701,
      "train": 5
    },
    {
      "operation": 29,
      "time": 4706,
      "train": 1
    },
    {
      "operation": 33,
      "time": 4723,
      "train": 1
    },
    {
      "operation": 101,
      "time": 4724,
      "train": 0
    },
    {
      "operation": 71,
      "time": 4745,
      "train": 5
    },
    {
      "operation": 107,
      "time": 4745,
      "train": 0
    },
    {
      "operation": 129,
      "time": 4969,
      "train": 3
    },
    {
      "operation": 133,
      "time": 5018,
      "train": 3
    },
    {
      "operation": 35,
      "time": 5040,
      "train": 2
    },
    {
      "operation": 39,
      "time": 5054,
      "train": 2
    },
    {
      "operation": 85,
      "time": 5165,
      "train": 5
    },
    {
      "operation": 91,
      "time": 5194,
      "train": 5
    },
    {
      "operation": 37,
      "time": 5198,
      "train": 1
    },
    {
      "operation": 43,
      "time": 5219,
      "train": 1
    },
    {
      "operation": 115,
      "time": 5420,
      "train": 0
    },
    {
      "operation": 119,
      "time": 5438,
      "train": 0
    },
    {
      "operation": 43,
      "time": 5600,
      "train": 2
    },
    {
      "operation": 47,
      "time": 5613,
      "train": 2
    },
    {
      "operation": 147,
      "time": 5671,
      "train": 3
    },
    {
      "operation": 108,
      "time": 5694,
      "train": 4
    },
    {
      "operation": 109,
      "time": 5694,
      "train": 4
    },
    {
      "operation": 110,
      "time": 5694,
      "train": 4
    },
    {
      "operation": 150,
      "time": 5707,
      "train": 3
    },
    {
      "operation": 99,
      "time": 5737,
      "train": 5
    },
    {
      "operation": 105,
      "time": 5758,
      "train": 5
    },
    {
      "operation": 131,
      "time": 5937,
      "train": 0
    },
    {
      "operation": 51,
      "time": 5963,
      "train": 1
    },
    {
      "operation": 57,
      "time": 5984,
      "train": 1
    },
    {
      "operation": 157,
      "time": 5985,
      "train": 3
    },
    {
      "operation": 135,
      "time": 5986,
      "train": 0
    },
    {
      "operation": 160,
      "time": 6000,
      "train": 3
    },
    {
      "operation": 163,
      "time": 6109,
      "train": 3
    },
    {
      "operation": 169,
      "time": 6135,
      "train": 3
    },
    {
      "operation": 175,
      "time": 6159,
      "train": 3
    },
    {
      "operation": 180,
      "time": 6165,
      "train": 3
    },
    {
      "operation": 186,
      "time": 6225,
      "train": 3
    },
    {
      "operation": 188,
      "time": 6240,
      "train": 3
    },
    {
      "operation": 113,
      "time": 6404,
      "train": 5
    },
    {
      "operation": 117,
      "time": 6422,
      "train": 5
    },
    {
      "operation": 51,
      "time": 6448,
      "train": 2
    },
    {
      "operation": 55,
      "time": 6464,
      "train": 2
    },
    {
      "operation": 149,
      "time": 6530,
      "train": 0
    },
    {
      "operation": 152,
      "time": 6566,
      "train": 0
    },
    {
      "operation": 65,
      "time": 6674,
      "train": 1
    },
    {
      "operation": 69,
      "time": 6692,
      "train": 1
    },
    {
      "operation": 159,
      "time": 6798,
      "train": 0
    },
    {
      "operation": 162,
      "time": 6811,
      "train": 0
    },
    {
      "operation": 190,
      "time": 6840,
      "train": 3
    },
    {
      "operation": 192,
      "time": 6860,
      "train": 3
    },
    {
      "operation": 165,
      "time": 6902,
      "train": 0
    },
    {
      "operation": 129,
      "time": 6921,
      "train": 5
    },
    {
      "operation": 171,
      "time": 6923,
      "train": 0
    },
    {
      "operation": 177,
      "time": 6943,
      "train": 0
    },
    {
      "operation": 182,
      "time": 6948,
      "train": 0
    },
    {
      "operation": 133,
      "time": 6970,
      "train": 5
    },
    {
      "operation": 188,
      "time": 6998,
      "train": 0
    },
    {
      "operation": 59,
      "time": 7021,
      "train": 2
    },
    {
      "operation": 63,
      "time": 7036,
      "train": 2
    },
    {
      "operation": 73,
      "time": 7070,
      "train": 1
    },
    {
      "operation": 190,
      "time": 7072,
      "train": 0
    },
    {
      "operation": 77,
      "time": 7085,
      "train": 1
    },
    {
      "operation": 81,
      "time": 7389,
      "train": 1
    },
    {
      "operation": 84,
      "time": 7402,
      "train": 1
    },
    {
      "operation": 67,
      "time": 7475,
      "train": 2
    },
    {
      "operation": 70,
      "time": 7490,
      "train": 2
    },
    {
      "operation": 147,
      "time": 7514,
      "train": 5
    },
    {
      "operation": 150,
      "time": 7550,
      "train": 5
    },
    {
      "operation": 192,
      "time": 7572,
      "train": 0
    },
    {
      "operation": 194,
      "time": 7603,
      "train": 3
    },
    {
      "operation": 195,
      "time": 7628,
      "train": 3
    },
    {
      "operation": 157,
      "time": 7782,
      "train": 5
    },
    {
      "operation": 160,
      "time": 7795,
      "train": 5
    },
    {
      "operation": 194,
      "time": 7840,
      "train": 0
    },
    {
      "operation": 163,
      "time": 7886,
      "train": 5
    },
    {
      "operation": 73,
      "time": 7896,
      "train": 2
    },
    {
      "operation": 169,
      "time": 7907,
      "train": 5
    },
    {
      "operation": 77,
      "time": 7913,
      "train": 2
    },
    {
      "operation": 175,
      "time": 7927,
      "train": 5
    },
    {
      "operation": 179,
      "time": 7932,
      "train": 5
    },
    {
      "operation": 89,
      "time": 7967,
      "train": 1
    },
    {
      "operation": 183,
      "time": 7982,
      "train": 5
    },
    {
      "operation": 93,
      "time": 7988,
      "train": 1
    },
    {
      "operation": 185,
      "time": 8049,
      "train": 5
    },
    {
      "operation": 95,
      "time": 8086,
      "train": 1
    },
    {
      "operation": 98,
      "time": 8091,
      "train": 1
    },
    {
      "operation": 101,
      "time": 8186,
      "train": 1
    },
    {
      "operation": 104,
      "time": 8191,
      "train": 1
    },
    {
      "operation": 81,
      "time": 8358,
      "train": 2
    },
    {
      "operation": 87,
      "time": 8379,
      "train": 2
    },
    {
      "operation": 107,
      "time": 8423,
      "train": 1
    },
    {
      "operation": 196,
      "time": 8432,
      "train": 3
    },
    {
      "operation": 109,
      "time": 8447,
      "train": 1
    },
    {
      "operation": 197,
      "time": 8452,
      "train": 3
    },
    {
      "operation": 196,
      "time": 8482,
      "train": 0
    },
    {
      "operation": 111,
      "time": 8507,
      "train": 1
    },
    {
      "operation": 115,
      "time": 8511,
      "train": 1
    },
    {
      "operation": 187,
      "time": 8549,
      "train": 5
    },
    {
      "operation": 119,
      "time": 8636,
      "train": 1
    },
    {
      "operation": 122,
      "time": 8641,
      "train": 1
    },
    {
      "operation": 197,
      "time": 8664,
      "train": 0
    },
    {
      "operation": 189,
      "time": 8873,
      "train": 5
    },
    {
      "operation": 198,
      "time": 8969,
      "train": 3
    },
    {
      "operation": 199,
      "time": 8989,
      "train": 3
    },
    {
      "operation": 95,
      "time": 9017,
      "train": 2
    },
    {
      "operation": 101,
      "time": 9038,
      "train": 2
    },
    {
      "operation": 125,
      "time": 9147,
      "train": 1
    },
    {
      "operation": 127,
      "time": 9169,
      "train": 1
    },
    {
      "operation": 198,
      "time": 9334,
      "train": 0
    },
    {
      "operation": 199,
      "time": 9351,
      "train": 0
    },
    {
      "operation": 191,
      "time": 9475,
      "train": 5
    },
    {
      "operation": 192,
      "time": 9560,
      "train": 5
    },
    {
      "operation": 109,
      "time": 9630,
      "train": 2
    },
    {
      "operation": 113,
      "time": 9648,
      "train": 2
    },
    {
      "operation": 200,
      "time": 9781,
      "train": 0
    },
    {
      "operation": 200,
      "time": 9803,
      "train": 3
    },
    {
      "operation": 201,
      "time": 9824,
      "train": 3
    },
    {
      "operation": 129,
      "time": 9828,
      "train": 1
    },
    {
      "operation": 132,
      "time": 9845,
      "train": 1
    },
    {
      "operation": 117,
      "time": 10026,
      "train": 2
    },
    {
      "operation": 201,
      "time": 10036,
      "train": 0
    },
    {
      "operation": 121,
      "time": 10041,
      "train": 2
    },
    {
      "operation": 202,
      "time": 10053,
      "train": 3
    },
    {
      "operation": 203,
      "time": 10058,
      "train": 3
    },
    {
      "operation": 204,
      "time": 10172,
      "train": 3
    },
    {
      "operation": 205,
      "time": 10179,
      "train": 3
    },
    {
      "operation": 193,
      "time": 10230,
      "train": 5
    },
    {
      "operation": 194,
      "time": 10247,
      "train": 5
    },
    {
      "operation": 125,
      "time": 10345,
      "train": 2
    },
    {
      "operation": 128,
      "time": 10358,
      "train": 2
    },
    {
      "operation": 139,
      "time": 10456,
      "train": 1
    },
    {
      "operation": 142,
      "time": 10473,
      "train": 1
    },
    {
      "operation": 206,
      "time": 10594,
      "train": 3
    },
    {
      "operation": 207,
      "time": 10615,
      "train": 3
    },
    {
      "operation": 195,
      "time": 10677,
      "train": 5
    },
    {
      "operation": 202,
      "time": 10714,
      "train": 0
    },
    {
      "operation": 203,
      "time": 10731,
      "train": 0
    },
    {
      "operation": 133,
      "time": 10877,
      "train": 2
    },
    {
      "operation": 137,
      "time": 10898,
      "train": 2
    },
    {
      "operation": 204,
      "time": 10922,
      "train": 0
    },
    {
      "operation": 205,
      "time": 10926,
      "train": 0
    },
    {
      "operation": 196,
      "time": 10940,
      "train": 5
    },
    {
      "operation": 139,
      "time": 10982,
      "train": 2
    },
    {
      "operation": 142,
      "time": 10986,
      "train": 2
    },
    {
      "operation": 208,
      "time": 11000,
      "train": 3
    },
    {
      "operation": 209,
      "time": 11005,
      "train": 3
    },
    {
      "operation": 206,
      "time": 11021,
      "train": 0
    },
    {
      "operation": 145,
      "time": 11022,
      "train": 1
    },
    {
      "operation": 207,
      "time": 11027,
      "train": 0
    },
    {
      "operation": 148,
      "time": 11040,
      "train": 1
    },
    {
      "operation": 145,
      "time": 11068,
      "train": 2
    },
    {
      "operation": 148,
      "time": 11072,
      "train": 2
    },
    {
      "operation": 210,
      "time": 11130,
      "train": 3
    },
    {
      "operation": 211,
      "time": 11136,
      "train": 3
    },
    {
      "operation": 151,
      "time": 11272,
      "train": 2
    },
    {
      "operation": 153,
      "time": 11293,
      "train": 2
    },
    {
      "operation": 155,
      "time": 11345,
      "train": 2
    },
    {
      "operation": 159,
      "time": 11349,
      "train": 2
    },
    {
      "operation": 208,
      "time": 11373,
      "train": 0
    },
    {
      "operation": 209,
      "time": 11390,
      "train": 0
    },
    {
      "operation": 212,
      "time": 11390,
      "train": 3
    },
    {
      "operation": 214,
      "time": 11396,
      "train": 3
    },
    {
      "operation": 163,
      "time": 11455,
      "train": 2
    },
    {
      "operation": 166,
      "time": 11460,
      "train": 2
    },
    {
      "operation": 151,
      "time": 11602,
      "train": 1
    },
    {
      "operation": 216,
      "time": 11608,
      "train": 3
    },
    {
      "operation": 218,
      "time": 11614,
      "train": 3
    },
    {
      "operation": 197,
      "time": 11618,
      "train": 5
    },
    {
      "operation": 154,
      "time": 11623,
      "train": 1
    },
    {
      "operation": 198,
      "time": 11635,
      "train": 5
    },
    {
      "operation": 210,
      "time": 11730,
      "train": 0
    },
    {
      "operation": 211,
      "time": 11735,
      "train": 0
    },
    {
      "operation": 199,
      "time": 11826,
      "train": 5
    },
    {
      "operation": 200,
      "time": 11830,
      "train": 5
    },
    {
      "operation": 212,
      "time": 11860,
      "train": 0
    },
    {
      "operation": 213,
      "time": 11866,
      "train": 0
    },
    {
      "operation": 169,
      "time": 11894,
      "train": 2
    },
    {
      "operation": 171,
      "time": 11913,
      "train": 2
    },
    {
      "operation": 201,
      "time": 11925,
      "train": 5
    },
    {
      "operation": 202,
      "time": 11925,
      "train": 5
    },
    {
      "operation": 220,
      "time": 11948,
      "train": 3
    },
    {
      "operation": 222,
      "time": 11953,
      "train": 3
    },
    {
      "operation": 165,
      "time": 12074,
      "train": 1
    },
    {
      "operation": 169,
      "time": 12096,
      "train": 1
    },
    {
      "operation": 214,
      "time": 12119,
      "train": 0
    },
    {
      "operation": 216,
      "time": 12124,
      "train": 0
    },
    {
      "operation": 224,
      "time": 12187,
      "train": 3
    },
    {
      "operation": 226,
      "time": 12193,
      "train": 3
    },
    {
      "operation": 218,
      "time": 12301,
      "train": 0
    },
    {
      "operation": 220,
      "time": 12306,
      "train": 0
    },
    {
      "operation": 173,
      "time": 12478,
      "train": 2
    },
    {
      "operation": 176,
      "time": 12493,
      "train": 2
    },
    {
      "operation": 222,
      "time": 12584,
      "train": 0
    },
    {
      "operation": 224,
      "time": 12588,
      "train": 0
    },
    {
      "operation": 173,
      "time": 12687,
      "train": 1
    },
    {
      "operation": 228,
      "time": 12704,
      "train": 3
    },
    {
      "operation": 176,
      "time": 12704,
      "train": 1
    },
    {
      "operation": 230,
      "time": 12708,
      "train": 3
    },
    {
      "operation": 226,
      "time": 12783,
      "train": 0
    },
    {
      "operation": 232,
      "time": 12823,
      "train": 3
    },
    {
      "operation": 234,
      "time": 12829,
      "train": 3
    },
    {
      "operation": 228,
      "time": 12920,
      "train": 0
    },
    {
      "operation": 183,
      "time": 13017,
      "train": 2
    },
    {
      "operation": 186,
      "time": 13031,
      "train": 2
    },
    {
      "operation": 236,
      "time": 13138,
      "train": 3
    },
    {
      "operation": 238,
      "time": 13143,
      "train": 3
    },
    {
      "operation": 179,
      "time": 13322,
      "train": 1
    },
    {
      "operation": 183,
      "time": 13338,
      "train": 1
    },
    {
      "operation": 230,
      "time": 13346,
      "train": 0
    },
    {
      "operation": 232,
      "time": 13350,
      "train": 0
    },
    {
      "operation": 240,
      "time": 13356,
      "train": 3
    },
    {
      "operation": 242,
      "time": 13362,
      "train": 3
    },
    {
      "operation": 234,
      "time": 13445,
      "train": 0
    },
    {
      "operation": 236,
      "time": 13450,
      "train": 0
    },
    {
      "operation": 189,
      "time": 13501,
      "train": 2
    },
    {
      "operation": 192,
      "time": 13516,
      "train": 2
    },
    {
      "operation": 238,
      "time": 13707,
      "train": 0
    },
    {
      "operation": 240,
      "time": 13711,
      "train": 0
    },
    {
      "operation": 244,
      "time": 13833,
      "train": 3
    },
    {
      "operation": 246,
      "time": 13856,
      "train": 3
    },
    {
      "operation": 242,
      "time": 13889,
      "train": 0
    },
    {
      "operation": 187,
      "time": 13896,
      "train": 1
    },
    {
      "operation": 190,
      "time": 13913,
      "train": 1
    },
    {
      "operation": 195,
      "time": 13999,
      "train": 2
    },
    {
      "operation": 198,
      "time": 14020,
      "train": 2
    },
    {
      "operation": 244,
      "time": 14068,
      "train": 0
    },
    {
      "operation": 248,
      "time": 14244,
      "train": 3
    },
    {
      "operation": 250,
      "time": 14268,
      "train": 3
    },
    {
      "operation": 209,
      "time": 14407,
      "train": 2
    },
    {
      "operation": 213,
      "time": 14429,
      "train": 2
    },
    {
      "operation": 246,
      "time": 14461,
      "train": 0
    },
    {
      "operation": 248,
      "time": 14484,
      "train": 0
    },
    {
      "operation": 193,
      "time": 14529,
      "train": 1
    },
    {
      "operation": 196,
      "time": 14546,
      "train": 1
    },
    {
      "operation": 252,
      "time": 14720,
      "train": 3
    },
    {
      "operation": 254,
      "time": 14743,
      "train": 3
    },
    {
      "operation": 250,
      "time": 14807,
      "train": 0
    },
    {
      "operation": 217,
      "time": 14936,
      "train": 2
    },
    {
      "operation": 220,
      "time": 14951,
      "train": 2
    },
    {
      "operation": 252,
      "time": 14955,
      "train": 0
    },
    {
      "operation": 199,
      "time": 15146,
      "train": 1
    },
    {
      "operation": 203,
      "time": 15163,
      "train": 1
    },
    {
      "operation": 256,
      "time": 15207,
      "train": 3
    },
    {
      "operation": 258,
      "time": 15212,
      "train": 3
    },
    {
      "operation": 254,
      "time": 15387,
      "train": 0
    },
    {
      "operation": 260,
      "time": 15417,
      "train": 3
    },
    {
      "operation": 262,
      "time": 15423,
      "train": 3
    },
    {
      "operation": 256,
      "time": 15424,
      "train": 0
    },
    {
      "operation": 223,
      "time": 15481,
      "train": 2
    },
    {
      "operation": 227,
      "time": 15495,
      "train": 2
    },
    {
      "operation": 207,
      "time": 15738,
      "train": 1
    },
    {
      "operation": 211,
      "time": 15755,
      "train": 1
    },
    {
      "operation": 258,
      "time": 15811,
      "train": 0
    },
    {
      "operation": 260,
      "time": 15815,
      "train": 0
    },
    {
      "operation": 215,
      "time": 15938,
      "train": 1
    },
    {
      "operation": 219,
      "time": 15957,
      "train": 1
    },
    {
      "operation": 264,
      "time": 15964,
      "train": 3
    },
    {
      "operation": 266,
      "time": 15969,
      "train": 3
    },
    {
      "operation": 231,
      "time": 15974,
      "train": 2
    },
    {
      "operation": 262,
      "time": 15986,
      "train": 0
    },
    {
      "operation": 234,
      "time": 15989,
      "train": 2
    },
    {
      "operation": 223,
      "time": 16071,
      "train": 1
    },
    {
      "operation": 268,
      "time": 16083,
      "train": 3
    },
    {
      "operation": 270,
      "time": 16089,
      "train": 3
    },
    {
      "operation": 229,
      "time": 16093,
      "train": 1
    },
    {
      "operation": 255,
      "time": 16147,
      "train": 1
    },
    {
      "operation": 264,
      "time": 16181,
      "train": 0
    },
    {
      "operation": 272,
      "time": 16370,
      "train": 3
    },
    {
      "operation": 274,
      "time": 16389,
      "train": 3
    },
    {
      "operation": 283,
      "time": 16397,
      "train": 1
    },
    {
      "operation": 297,
      "time": 16451,
      "train": 1
    },
    {
      "operation": 323,
      "time": 16494,
      "train": 1
    },
    {
      "operation": 237,
      "time": 16517,
      "train": 2
    },
    {
      "operation": 240,
      "time": 16531,
      "train": 2
    },
    {
      "operation": 266,
      "time": 16632,
      "train": 0
    },
    {
      "operation": 268,
      "time": 16636,
      "train": 0
    },
    {
      "operation": 344,
      "time": 16647,
      "train": 1
    },
    {
      "operation": 349,
      "time": 16681,
      "train": 1
    },
    {
      "operation": 270,
      "time": 16731,
      "train": 0
    },
    {
      "operation": 272,
      "time": 16736,
      "train": 0
    },
    {
      "operation": 274,
      "time": 16971,
      "train": 0
    },
    {
      "operation": 243,
      "time": 17045,
      "train": 2
    },
    {
      "operation": 247,
      "time": 17060,
      "train": 2
    },
    {
      "operation": 276,
      "time": 17177,
      "train": 3
    },
    {
      "operation": 278,
      "time": 17204,
      "train": 3
    },
    {
      "operation": 354,
      "time": 17218,
      "train": 1
    },
    {
      "operation": 356,
      "time": 17218,
      "train": 1
    },
    {
      "operation": 280,
      "time": 17320,
      "train": 3
    },
    {
      "operation": 282,
      "time": 17326,
      "train": 3
    },
    {
      "operation": 276,
      "time": 17416,
      "train": 0
    },
    {
      "operation": 251,
      "time": 17553,
      "train": 2
    },
    {
      "operation": 255,
      "time": 17568,
      "train": 2
    },
    {
      "operation": 259,
      "time": 17726,
      "train": 2
    },
    {
      "operation": 284,
      "time": 17735,
      "train": 3
    },
    {
      "operation": 286,
      "time": 17741,
      "train": 3
    },
    {
      "operation": 263,
      "time": 17742,
      "train": 2
    },
    {
      "operation": 267,
      "time": 17840,
      "train": 2
    },
    {
      "operation": 288,
      "time": 17855,
      "train": 3
    },
    {
      "operation": 273,
      "time": 17859,
      "train": 2
    },
    {
      "operation": 290,
      "time": 17861,
      "train": 3
    },
    {
      "operation": 299,
      "time": 17913,
      "train": 2
    },
    {
      "operation": 278,
      "time": 18125,
      "train": 0
    },
    {
      "operation": 280,
      "time": 18152,
      "train": 0
    },
    {
      "operation": 327,
      "time": 18163,
      "train": 2
    },
    {
      "operation": 292,
      "time": 18215,
      "train": 3
    },
    {
      "operation": 341,
      "time": 18217,
      "train": 2
    },
    {
      "operation": 294,
      "time": 18235,
      "train": 3
    },
    {
      "operation": 367,
      "time": 18260,
      "train": 2
    },
    {
      "operation": 282,
      "time": 18267,
      "train": 0
    },
    {
      "operation": 284,
      "time": 18272,
      "train": 0
    },
    {
      "operation": 388,
      "time": 18413,
      "train": 2
    },
    {
      "operation": 296,
      "time": 18416,
      "train": 3
    },
    {
      "operation": 300,
      "time": 18425,
      "train": 3
    },
    {
      "operation": 393,
      "time": 18447,
      "train": 2
    },
    {
      "operation": 286,
      "time": 18613,
      "train": 0
    },
    {
      "operation": 288,
      "time": 18618,
      "train": 0
    },
    {
      "operation": 290,
      "time": 18713,
      "train": 0
    },
    {
      "operation": 292,
      "time": 18718,
      "train": 0
    },
    {
      "operation": 398,
      "time": 18984,
      "train": 2
    },
    {
      "operation": 400,
      "time": 18984,
      "train": 2
    },
    {
      "operation": 294,
      "time": 19024,
      "train": 0
    },
    {
      "operation": 296,
      "time": 19044,
      "train": 0
    },
    {
      "operation": 298,
      "time": 19195,
      "train": 0
    },
    {
      "operation": 304,
      "time": 19571,
      "train": 3
    },
    {
      "operation": 306,
      "time": 19583,
      "train": 3
    },
    {
      "operation": 302,
      "time": 19795,
      "train": 0
    },
    {
      "operation": 308,
      "time": 19799,
      "train": 3
    },
    {
      "operation": 310,
      "time": 19807,
      "train": 3
    },
    {
      "operation": 312,
      "time": 19972,
      "train": 3
    },
    {
      "operation": 314,
      "time": 19981,
      "train": 3
    },
    {
      "operation": 316,
      "time": 20258,
      "train": 3
    },
    {
      "operation": 318,
      "time": 20279,
      "train": 3
    },
    {
      "operation": 320,
      "time": 20534,
      "train": 3
    },
    {
      "operation": 322,
      "time": 20540,
      "train": 3
    },
    {
      "operation": 306,
      "time": 20883,
      "train": 0
    },
    {
      "operation": 308,
      "time": 20895,
      "train": 0
    },
    {
      "operation": 324,
      "time": 20926,
      "train": 3
    },
    {
      "operation": 326,
      "time": 20932,
      "train": 3
    },
    {
      "operation": 328,
      "time": 21046,
      "train": 3
    },
    {
      "operation": 330,
      "time": 21074,
      "train": 3
    },
    {
      "operation": 310,
      "time": 21111,
      "train": 0
    },
    {
      "operation": 312,
      "time": 21119,
      "train": 0
    },
    {
      "operation": 314,
      "time": 21284,
      "train": 0
    },
    {
      "operation": 316,
      "time": 21293,
      "train": 0
    },
    {
      "operation": 332,
      "time": 21345,
      "train": 3
    },
    {
      "operation": 334,
      "time": 21416,
      "train": 3
    },
    {
      "operation": 318,
      "time": 21567,
      "train": 0
    },
    {
      "operation": 320,
      "time": 21584,
      "train": 0
    },
    {
      "operation": 322,
      "time": 21797,
      "train": 0
    },
    {
      "operation": 324,
      "time": 21802,
      "train": 0
    },
    {
      "operation": 336,
      "time": 22079,
      "train": 3
    },
    {
      "operation": 340,
      "time": 22103,
      "train": 3
    },
    {
      "operation": 326,
      "time": 22124,
      "train": 0
    },
    {
      "operation": 328,
      "time": 22130,
      "train": 0
    },
    {
      "operation": 330,
      "time": 22244,
      "train": 0
    },
    {
      "operation": 332,
      "time": 22272,
      "train": 0
    },
    {
      "operation": 334,
      "time": 22543,
      "train": 0
    },
    {
      "operation": 336,
      "time": 22614,
      "train": 0
    },
    {
      "operation": 344,
      "time": 22736,
      "train": 3
    },
    {
      "operation": 346,
      "time": 22757,
      "train": 3
    },
    {
      "operation": 348,
      "time": 23250,
      "train": 3
    },
    {
      "operation": 350,
      "time": 23255,
      "train": 3
    },
    {
      "operation": 338,
      "time": 23273,
      "train": 0
    },
    {
      "operation": 342,
      "time": 23297,
      "train": 0
    },
    {
      "operation": 352,
      "time": 23463,
      "train": 3
    },
    {
      "operation": 354,
      "time": 23469,
      "train": 3
    },
    {
      "operation": 346,
      "time": 23858,
      "train": 0
    },
    {
      "operation": 348,
      "time": 23879,
      "train": 0
    },
    {
      "operation": 356,
      "time": 23913,
      "train": 3
    },
    {
      "operation": 358,
      "time": 23921,
      "train": 3
    },
    {
      "operation": 360,
      "time": 24031,
      "train": 3
    },
    {
      "operation": 363,
      "time": 24064,
      "train": 3
    },
    {
      "operation": 350,
      "time": 24290,
      "train": 0
    },
    {
      "operation": 352,
      "time": 24294,
      "train": 0
    },
    {
      "operation": 354,
      "time": 24467,
      "train": 0
    },
    {
      "operation": 356,
      "time": 24472,
      "train": 0
    },
    {
      "operation": 366,
      "time": 24737,
      "train": 3
    },
    {
      "operation": 369,
      "time": 24755,
      "train": 3
    },
    {
      "operation": 358,
      "time": 24843,
      "train": 0
    },
    {
      "operation": 359,
      "time": 24853,
      "train": 0
    },
    {
      "operation": 360,
      "time": 24945,
      "train": 0
    },
    {
      "operation": 361,
      "time": 24972,
      "train": 0
    },
    {
      "operation": 362,
      "time": 25533,
      "train": 0
    },
    {
      "operation": 372,
      "time": 25535,
      "train": 3
    },
    {
      "operation": 363,
      "time": 25549,
      "train": 0
    },
    {
      "operation": 375,
      "time": 25554,
      "train": 3
    },
    {
      "operation": 364,
      "time": 26198,
      "train": 0
    },
    {
      "operation": 365,
      "time": 26214,
      "train": 0
    },
    {
      "operation": 378,
      "time": 26332,
      "train": 3
    },
    {
      "operation": 380,
      "time": 26354,
      "train": 3
    },
    {
      "operation": 382,
      "time": 26509,
      "train": 3
    },
    {
      "operation": 385,
      "time": 26538,
      "train": 3
    },
    {
      "operation": 366,
      "time": 26687,
      "train": 0
    },
    {
      "operation": 367,
      "time": 26795,
      "train": 0
    },
    {
      "operation": 368,
      "time": 26835,
      "train": 0
    },
    {
      "operation": 369,
      "time": 26861,
      "train": 0
    },
    {
      "operation": 396,
      "time": 27186,
      "train": 3
    },
    {
      "operation": 399,
      "time": 27207,
      "train": 3
    },
    {
      "operation": 370,
      "time": 27617,
      "train": 0
    },
    {
      "operation": 371,
      "time": 27617,
      "train": 0
    },
    {
      "operation": 372,
      "time": 27617,
      "train": 0
    },
    {
      "operation": 402,
      "time": 27908,
      "train": 3
    },
    {
      "operation": 405,
      "time": 27928,
      "train": 3
    },
    {
      "operation": 408,
      "time": 28697,
      "train": 3
    },
    {
      "operation": 410,
      "time": 28718,
      "train": 3
    },
    {
      "operation": 414,
      "time": 28887,
      "train": 3
    },
    {
      "operation": 416,
      "time": 28892,
      "train": 3
    },
    {
      "operation": 418,
      "time": 29007,
      "train": 3
    },
    {
      "operation": 420,
      "time": 29013,
      "train": 3
    },
    {
      "operation": 422,
      "time": 29445,
      "train": 3
    },
    {
      "operation": 424,
      "time": 29450,
      "train": 3
    },
    {
      "operation": 426,
      "time": 29647,
      "train": 3
    },
    {
      "operation": 428,
      "time": 29654,
      "train": 3
    },
    {
      "operation": 430,
      "time": 29925,
      "train": 3
    },
    {
      "operation": 432,
      "time": 29935,
      "train": 3
    },
    {
      "operation": 434,
      "time": 30391,
      "train": 3
    },
    {
      "operation": 438,
      "time": 30412,
      "train": 3
    },
    {
      "operation": 442,
      "time": 31142,
      "train": 3
    },
    {
      "operation": 445,
      "time": 31162,
      "train": 3
    },
    {
      "operation": 448,
      "time": 31646,
      "train": 3
    },
    {
      "operation": 451,
      "time": 31668,
      "train": 3
    },
    {
      "operation": 454,
      "time": 32062,
      "train": 3
    },
    {
      "operation": 457,
      "time": 32069,
      "train": 3
    },
    {
      "operation": 460,
      "time": 32161,
      "train": 3
    },
    {
      "operation": 462,
      "time": 32167,
      "train": 3
    },
    {
      "operation": 464,
      "time": 32282,
      "train": 3
    },
    {
      "operation": 467,
      "time": 32315,
      "train": 3
    },
    {
      "operation": 470,
      "time": 32947,
      "train": 3
    },
    {
      "operation": 473,
      "time": 32970,
      "train": 3
    },
    {
      "operation": 476,
      "time": 33624,
      "train": 3
    },
    {
      "operation": 478,
      "time": 33649,
      "train": 3
    },
    {
      "operation": 480,
      "time": 34145,
      "train": 3
    },
    {
      "operation": 483,
      "time": 34169,
      "train": 3
    },
    {
      "operation": 486,
      "time": 34727,
      "train": 3
    },
    {
      "operation": 489,
      "time": 34752,
      "train": 3
    },
    {
      "operation": 492,
      "time": 35193,
      "train": 3
    },
    {
      "operation": 495,
      "time": 35216,
      "train": 3
    },
    {
      "operation": 498,
      "time": 35972,
      "train": 3
    },
    {
      "operation": 502,
      "time": 35995,
      "train": 3
    },
    {
      "operation": 506,
      "time": 36590,
      "train": 3
    },
    {
      "operation": 508,
      "time": 36590,
      "train": 3
    }
  ],
  "objective_value": 7069
}
