{
  "events": [
    {
      "operation": 0,
      "time": 0,
      "train": 0
    },
    {
      "operation": 0,
      "time": 0,
      "train": 2
    },
    {
      "operation": 0,
      "time": 0,
      "train": 6
    },
    {
      "operation": 0,
      "time": 0,
      "train": 11
    },
    {
      "operation": 0,
      "time": 0,
      "train": 5
    },
    {
      "operation": 0,
      "time": 0,
      "train": 1
    },
    {
      "operation": 0,
      "time": 0,
      "train": 4
    },
    {
      "operation": 0,
      "time": 0,
      "train": 10
    },
    {
      "operation": 0,
      "time": 0,
      "train": 9
    },
    {
      "operation": 0,
      "time": 0,
      "train": 3
    },
    {
      "operation": 0,
      "time": 0,
      "train": 8
    },
    {
      "operation": 0,
      "time": 0,
      "train": 7
    },
    {
      "operation": 1,
      "time": 8727,
      "train": 5
    },
    {
      "operation": 1,
      "time": 8757,
      "train": 2
    },
    {
      "operation": 1,
      "time": 8757,
      "train": 1
    },
    {
      "operation": 1,
      "time": 8766,
      "train": 0
    },
    {
      "operation": 1,
      "time": 8817,
      "train": 8
    },
    {
      "operation": 5,
      "time": 8877,
      "train": 1
    },
    {
      "operation": 2,
      "time": 8877,
      "train": 5
    },
    {
      "operation": 2,
      "time": 8907,
      "train": 2
    },
    {
      "operation": 2,
      "time": 8907,
      "train": 0
    },
    {
      "operation": 1,
      "time": 8937,
      "train": 6
    },
    {
      "operation": 2,
      "time": 8967,
      "train": 8
    },
    {
      "operation": 2,
      "time": 9102,
      "train": 6
    },
    {
      "operation": 3,
      "time": 9102,
      "train": 6
    },
    {
      "operation": 6,
      "time": 9267,
      "train": 6
    },
    {
      "operation": 7,
      "time": 9297,
      "train": 6
    },
    {
      "operation": 8,
      "time": 9487,
      "train": 6
    },
    {
      "operation": 11,
      "time": 9537,
      "train": 6
    },
    {
      "operation": 4,
      "time": 9557,
      "train": 2
    },
    {
      "operation": 6,
      "time": 9568,
      "train": 1
    },
    {
      "operation": 3,
      "time": 9597,
      "train": 3
    },
    {
      "operation": 6,
      "time": 9597,
      "train": 3
    },
    {
      "operation": 6,
      "time": 9671,
      "train": 2
    },
    {
      "operation": 7,
      "time": 9687,
      "train": 3
    },
    {
      "operation": 9,
      "time": 9717,
      "train": 3
    },
    {
      "operation": 12,
      "time": 9777,
      "train": 6
    },
    {
      "operation": 4,
      "time": 9783,
      "train": 5
    },
    {
      "operation": 10,
      "time": 9791,
      "train": 2
    },
    {
      "operation": 11,
      "time": 9867,
      "train": 3
    },
    {
      "operation": 12,
      "time": 9897,
      "train": 3
    },
    {
      "operation": 14,
      "time": 9897,
      "train": 6
    },
    {
      "operation": 7,
      "time": 9983,
      "train": 5
    },
    {
      "operation": 14,
      "time": 9997,
      "train": 3
    },
    {
      "operation": 15,
      "time": 9997,
      "train": 3
    },
    {
      "operation": 4,
      "time": 9997,
      "train": 8
    },
    {
      "operation": 8,
      "time": 10013,
      "train": 5
    },
    {
      "operation": 17,
      "time": 10047,
      "train": 3
    },
    {
      "operation": 18,
      "time": 10077,
      "train": 3
    },
    {
      "operation": 6,
      "time": 10092,
      "train": 8
    },
    {
      "operation": 7,
      "time": 10092,
      "train": 8
    },
    {
      "operation": 15,
      "time": 10107,
      "train": 6
    },
    {
      "operation": 17,
      "time": 10137,
      "train": 6
    },
    {
      "operation": 9,
      "time": 10140,
      "train": 8
    },
    {
      "operation": 9,
      "time": 10155,
      "train": 5
    },
    {
      "operation": 10,
      "time": 10185,
      "train": 5
    },
    {
      "operation": 20,
      "time": 10227,
      "train": 3
    },
    {
      "operation": 10,
      "time": 10227,
      "train": 8
    },
    {
      "operation": 11,
      "time": 10236,
      "train": 5
    },
    {
      "operation": 12,
      "time": 10236,
      "train": 5
    },
    {
      "operation": 21,
      "time": 10257,
      "train": 3
    },
    {
      "operation": 18,
      "time": 10287,
      "train": 6
    },
    {
      "operation": 20,
      "time": 10317,
      "train": 6
    },
    {
      "operation": 11,
      "time": 10369,
      "train": 8
    },
    {
      "operation": 13,
      "time": 10384,
      "train": 5
    },
    {
      "operation": 15,
      "time": 10414,
      "train": 5
    },
    {
      "operation": 21,
      "time": 10467,
      "train": 6
    },
    {
      "operation": 3,
      "time": 10497,
      "train": 4
    },
    {
      "operation": 6,
      "time": 10497,
      "train": 4
    },
    {
      "operation": 22,
      "time": 10497,
      "train": 3
    },
    {
      "operation": 22,
      "time": 10497,
      "train": 6
    },
    {
      "operation": 13,
      "time": 10497,
      "train": 8
    },
    {
      "operation": 16,
      "time": 10556,
      "train": 5
    },
    {
      "operation": 24,
      "time": 10557,
      "train": 3
    },
    {
      "operation": 20,
      "time": 10586,
      "train": 5
    },
    {
      "operation": 23,
      "time": 10587,
      "train": 6
    },
    {
      "operation": 24,
      "time": 10587,
      "train": 6
    },
    {
      "operation": 21,
      "time": 10643,
      "train": 5
    },
    {
      "operation": 2,
      "time": 10677,
      "train": 7
    },
    {
      "operation": 27,
      "time": 10677,
      "train": 3
    },
    {
      "operation": 5,
      "time": 10677,
      "train": 7
    },
    {
      "operation": 23,
      "time": 10703,
      "train": 5
    },
    {
      "operation": 15,
      "time": 10725,
      "train": 8
    },
    {
      "operation": 26,
      "time": 10767,
      "train": 6
    },
    {
      "operation": 4,
      "time": 10767,
      "train": 0
    },
    {
      "operation": 16,
      "time": 10785,
      "train": 8
    },
    {
      "operation": 7,
      "time": 10785,
      "train": 7
    },
    {
      "operation": 27,
      "time": 10797,
      "train": 6
    },
    {
      "operation": 29,
      "time": 10797,
      "train": 3
    },
    {
      "operation": 20,
      "time": 10871,
      "train": 8
    },
    {
      "operation": 21,
      "time": 10901,
      "train": 8
    },
    {
      "operation": 5,
      "time": 10938,
      "train": 0
    },
    {
      "operation": 6,
      "time": 10938,
      "train": 0
    },
    {
      "operation": 28,
      "time": 10951,
      "train": 6
    },
    {
      "operation": 29,
      "time": 10951,
      "train": 6
    },
    {
      "operation": 25,
      "time": 10959,
      "train": 5
    },
    {
      "operation": 8,
      "time": 10959,
      "train": 7
    },
    {
      "operation": 26,
      "time": 10989,
      "train": 5
    },
    {
      "operation": 7,
      "time": 11024,
      "train": 0
    },
    {
      "operation": 23,
      "time": 11043,
      "train": 8
    },
    {
      "operation": 8,
      "time": 11054,
      "train": 0
    },
    {
      "operation": 24,
      "time": 11073,
      "train": 8
    },
    {
      "operation": 27,
      "time": 11131,
      "train": 5
    },
    {
      "operation": 31,
      "time": 11157,
      "train": 6
    },
    {
      "operation": 29,
      "time": 11161,
      "train": 5
    },
    {
      "operation": 9,
      "time": 11196,
      "train": 0
    },
    {
      "operation": 30,
      "time": 11209,
      "train": 5
    },
    {
      "operation": 32,
      "time": 11209,
      "train": 5
    },
    {
      "operation": 10,
      "time": 11215,
      "train": 7
    },
    {
      "operation": 25,
      "time": 11217,
      "train": 8
    },
    {
      "operation": 26,
      "time": 11217,
      "train": 8
    },
    {
      "operation": 11,
      "time": 11226,
      "train": 0
    },
    {
      "operation": 11,
      "time": 11245,
      "train": 7
    },
    {
      "operation": 27,
      "time": 11272,
      "train": 8
    },
    {
      "operation": 34,
      "time": 11277,
      "train": 6
    },
    {
      "operation": 2,
      "time": 11277,
      "train": 10
    },
    {
      "operation": 5,
      "time": 11277,
      "train": 10
    },
    {
      "operation": 28,
      "time": 11302,
      "train": 8
    },
    {
      "operation": 34,
      "time": 11304,
      "train": 5
    },
    {
      "operation": 35,
      "time": 11334,
      "train": 5
    },
    {
      "operation": 13,
      "time": 11387,
      "train": 7
    },
    {
      "operation": 14,
      "time": 11417,
      "train": 7
    },
    {
      "operation": 12,
      "time": 11426,
      "train": 0
    },
    {
      "operation": 31,
      "time": 11444,
      "train": 8
    },
    {
      "operation": 14,
      "time": 11456,
      "train": 0
    },
    {
      "operation": 16,
      "time": 11465,
      "train": 7
    },
    {
      "operation": 17,
      "time": 11465,
      "train": 7
    },
    {
      "operation": 6,
      "time": 11473,
      "train": 10
    },
    {
      "operation": 7,
      "time": 11473,
      "train": 10
    },
    {
      "operation": 32,
      "time": 11474,
      "train": 8
    },
    {
      "operation": 36,
      "time": 11476,
      "train": 5
    },
    {
      "operation": 38,
      "time": 11506,
      "train": 5
    },
    {
      "operation": 7,
      "time": 11506,
      "train": 4
    },
    {
      "operation": 9,
      "time": 11536,
      "train": 4
    },
    {
      "operation": 18,
      "time": 11560,
      "train": 7
    },
    {
      "operation": 20,
      "time": 11590,
      "train": 7
    },
    {
      "operation": 9,
      "time": 11619,
      "train": 10
    },
    {
      "operation": 43,
      "time": 11620,
      "train": 5
    },
    {
      "operation": 15,
      "time": 11656,
      "train": 0
    },
    {
      "operation": 34,
      "time": 11674,
      "train": 8
    },
    {
      "operation": 10,
      "time": 11678,
      "train": 4
    },
    {
      "operation": 17,
      "time": 11686,
      "train": 0
    },
    {
      "operation": 12,
      "time": 11708,
      "train": 4
    },
    {
      "operation": 22,
      "time": 11732,
      "train": 7
    },
    {
      "operation": 10,
      "time": 11739,
      "train": 10
    },
    {
      "operation": 44,
      "time": 11740,
      "train": 5
    },
    {
      "operation": 23,
      "time": 11762,
      "train": 7
    },
    {
      "operation": 13,
      "time": 11803,
      "train": 4
    },
    {
      "operation": 15,
      "time": 11803,
      "train": 4
    },
    {
      "operation": 35,
      "time": 11824,
      "train": 8
    },
    {
      "operation": 17,
      "time": 11851,
      "train": 4
    },
    {
      "operation": 25,
      "time": 11876,
      "train": 7
    },
    {
      "operation": 18,
      "time": 11881,
      "train": 4
    },
    {
      "operation": 18,
      "time": 11886,
      "train": 0
    },
    {
      "operation": 11,
      "time": 11910,
      "train": 10
    },
    {
      "operation": 12,
      "time": 11910,
      "train": 10
    },
    {
      "operation": 21,
      "time": 11916,
      "train": 0
    },
    {
      "operation": 36,
      "time": 11981,
      "train": 8
    },
    {
      "operation": 37,
      "time": 11981,
      "train": 8
    },
    {
      "operation": 13,
      "time": 11996,
      "train": 10
    },
    {
      "operation": 29,
      "time": 11996,
      "train": 7
    },
    {
      "operation": 20,
      "time": 12023,
      "train": 4
    },
    {
      "operation": 14,
      "time": 12026,
      "train": 10
    },
    {
      "operation": 21,
      "time": 12053,
      "train": 4
    },
    {
      "operation": 22,
      "time": 12116,
      "train": 0
    },
    {
      "operation": 2,
      "time": 12117,
      "train": 11
    },
    {
      "operation": 5,
      "time": 12117,
      "train": 11
    },
    {
      "operation": 39,
      "time": 12138,
      "train": 8
    },
    {
      "operation": 25,
      "time": 12146,
      "train": 0
    },
    {
      "operation": 41,
      "time": 12168,
      "train": 8
    },
    {
      "operation": 16,
      "time": 12168,
      "train": 10
    },
    {
      "operation": 17,
      "time": 12198,
      "train": 10
    },
    {
      "operation": 26,
      "time": 12303,
      "train": 0
    },
    {
      "operation": 27,
      "time": 12303,
      "train": 0
    },
    {
      "operation": 6,
      "time": 12323,
      "train": 11
    },
    {
      "operation": 7,
      "time": 12323,
      "train": 11
    },
    {
      "operation": 19,
      "time": 12340,
      "train": 10
    },
    {
      "operation": 42,
      "time": 12368,
      "train": 8
    },
    {
      "operation": 20,
      "time": 12370,
      "train": 10
    },
    {
      "operation": 45,
      "time": 12398,
      "train": 8
    },
    {
      "operation": 29,
      "time": 12460,
      "train": 0
    },
    {
      "operation": 9,
      "time": 12477,
      "train": 11
    },
    {
      "operation": 2,
      "time": 12477,
      "train": 9
    },
    {
      "operation": 5,
      "time": 12477,
      "train": 9
    },
    {
      "operation": 30,
      "time": 12490,
      "train": 0
    },
    {
      "operation": 6,
      "time": 12537,
      "train": 9
    },
    {
      "operation": 22,
      "time": 12570,
      "train": 10
    },
    {
      "operation": 10,
      "time": 12597,
      "train": 11
    },
    {
      "operation": 8,
      "time": 12597,
      "train": 9
    },
    {
      "operation": 22,
      "time": 12597,
      "train": 4
    },
    {
      "operation": 46,
      "time": 12626,
      "train": 8
    },
    {
      "operation": 23,
      "time": 12626,
      "train": 10
    },
    {
      "operation": 24,
      "time": 12657,
      "train": 4
    },
    {
      "operation": 33,
      "time": 12690,
      "train": 0
    },
    {
      "operation": 34,
      "time": 12720,
      "train": 0
    },
    {
      "operation": 11,
      "time": 12737,
      "train": 11
    },
    {
      "operation": 12,
      "time": 12737,
      "train": 11
    },
    {
      "operation": 26,
      "time": 12743,
      "train": 4
    },
    {
      "operation": 48,
      "time": 12746,
      "train": 8
    },
    {
      "operation": 13,
      "time": 12807,
      "train": 11
    },
    {
      "operation": 26,
      "time": 12826,
      "train": 10
    },
    {
      "operation": 14,
      "time": 12837,
      "train": 11
    },
    {
      "operation": 27,
      "time": 12856,
      "train": 10
    },
    {
      "operation": 35,
      "time": 12862,
      "train": 0
    },
    {
      "operation": 9,
      "time": 12867,
      "train": 9
    },
    {
      "operation": 36,
      "time": 12892,
      "train": 0
    },
    {
      "operation": 11,
      "time": 12897,
      "train": 9
    },
    {
      "operation": 50,
      "time": 12946,
      "train": 8
    },
    {
      "operation": 37,
      "time": 12950,
      "train": 0
    },
    {
      "operation": 38,
      "time": 12950,
      "train": 0
    },
    {
      "operation": 16,
      "time": 12987,
      "train": 11
    },
    {
      "operation": 17,
      "time": 13017,
      "train": 11
    },
    {
      "operation": 13,
      "time": 13047,
      "train": 9
    },
    {
      "operation": 30,
      "time": 13056,
      "train": 10
    },
    {
      "operation": 14,
      "time": 13077,
      "train": 9
    },
    {
      "operation": 31,
      "time": 13086,
      "train": 10
    },
    {
      "operation": 40,
      "time": 13092,
      "train": 0
    },
    {
      "operation": 41,
      "time": 13122,
      "train": 0
    },
    {
      "operation": 15,
      "time": 13127,
      "train": 9
    },
    {
      "operation": 17,
      "time": 13127,
      "train": 9
    },
    {
      "operation": 18,
      "time": 13167,
      "train": 11
    },
    {
      "operation": 51,
      "time": 13167,
      "train": 8
    },
    {
      "operation": 20,
      "time": 13197,
      "train": 11
    },
    {
      "operation": 18,
      "time": 13227,
      "train": 9
    },
    {
      "operation": 32,
      "time": 13228,
      "train": 10
    },
    {
      "operation": 33,
      "time": 13228,
      "train": 10
    },
    {
      "operation": 20,
      "time": 13257,
      "train": 9
    },
    {
      "operation": 44,
      "time": 13264,
      "train": 0
    },
    {
      "operation": 46,
      "time": 13294,
      "train": 0
    },
    {
      "operation": 53,
      "time": 13309,
      "train": 8
    },
    {
      "operation": 54,
      "time": 13339,
      "train": 8
    },
    {
      "operation": 47,
      "time": 13351,
      "train": 0
    },
    {
      "operation": 34,
      "time": 13370,
      "train": 10
    },
    {
      "operation": 21,
      "time": 13407,
      "train": 11
    },
    {
      "operation": 21,
      "time": 13407,
      "train": 9
    },
    {
      "operation": 49,
      "time": 13411,
      "train": 0
    },
    {
      "operation": 36,
      "time": 13430,
      "train": 10
    },
    {
      "operation": 23,
      "time": 13437,
      "train": 11
    },
    {
      "operation": 23,
      "time": 13437,
      "train": 9
    },
    {
      "operation": 55,
      "time": 13481,
      "train": 8
    },
    {
      "operation": 56,
      "time": 13511,
      "train": 8
    },
    {
      "operation": 27,
      "time": 13557,
      "train": 9
    },
    {
      "operation": 57,
      "time": 13597,
      "train": 8
    },
    {
      "operation": 58,
      "time": 13597,
      "train": 8
    },
    {
      "operation": 39,
      "time": 13630,
      "train": 10
    },
    {
      "operation": 40,
      "time": 13660,
      "train": 10
    },
    {
      "operation": 51,
      "time": 13667,
      "train": 0
    },
    {
      "operation": 29,
      "time": 13677,
      "train": 9
    },
    {
      "operation": 52,
      "time": 13697,
      "train": 0
    },
    {
      "operation": 24,
      "time": 13707,
      "train": 11
    },
    {
      "operation": 27,
      "time": 13737,
      "train": 11
    },
    {
      "operation": 60,
      "time": 13768,
      "train": 8
    },
    {
      "operation": 61,
      "time": 13798,
      "train": 8
    },
    {
      "operation": 41,
      "time": 13802,
      "train": 10
    },
    {
      "operation": 42,
      "time": 13832,
      "train": 10
    },
    {
      "operation": 54,
      "time": 13839,
      "train": 0
    },
    {
      "operation": 55,
      "time": 13869,
      "train": 0
    },
    {
      "operation": 43,
      "time": 13883,
      "train": 10
    },
    {
      "operation": 44,
      "time": 13883,
      "train": 10
    },
    {
      "operation": 57,
      "time": 13917,
      "train": 0
    },
    {
      "operation": 58,
      "time": 13917,
      "train": 0
    },
    {
      "operation": 62,
      "time": 13944,
      "train": 8
    },
    {
      "operation": 63,
      "time": 13944,
      "train": 8
    },
    {
      "operation": 28,
      "time": 13947,
      "train": 11
    },
    {
      "operation": 31,
      "time": 13977,
      "train": 11
    },
    {
      "operation": 59,
      "time": 14012,
      "train": 0
    },
    {
      "operation": 46,
      "time": 14031,
      "train": 10
    },
    {
      "operation": 61,
      "time": 14042,
      "train": 0
    },
    {
      "operation": 47,
      "time": 14061,
      "train": 10
    },
    {
      "operation": 32,
      "time": 14127,
      "train": 11
    },
    {
      "operation": 33,
      "time": 14127,
      "train": 11
    },
    {
      "operation": 65,
      "time": 14140,
      "train": 8
    },
    {
      "operation": 62,
      "time": 14184,
      "train": 0
    },
    {
      "operation": 51,
      "time": 14203,
      "train": 10
    },
    {
      "operation": 29,
      "time": 14203,
      "train": 4
    },
    {
      "operation": 64,
      "time": 14214,
      "train": 0
    },
    {
      "operation": 52,
      "time": 14233,
      "train": 10
    },
    {
      "operation": 68,
      "time": 14260,
      "train": 8
    },
    {
      "operation": 35,
      "time": 14277,
      "train": 11
    },
    {
      "operation": 53,
      "time": 14290,
      "train": 10
    },
    {
      "operation": 65,
      "time": 14328,
      "train": 0
    },
    {
      "operation": 36,
      "time": 14337,
      "train": 11
    },
    {
      "operation": 31,
      "time": 14345,
      "train": 4
    },
    {
      "operation": 55,
      "time": 14350,
      "train": 10
    },
    {
      "operation": 32,
      "time": 14375,
      "train": 4
    },
    {
      "operation": 70,
      "time": 14448,
      "train": 0
    },
    {
      "operation": 33,
      "time": 14519,
      "train": 4
    },
    {
      "operation": 34,
      "time": 14519,
      "train": 4
    },
    {
      "operation": 37,
      "time": 14547,
      "train": 11
    },
    {
      "operation": 35,
      "time": 14574,
      "train": 4
    },
    {
      "operation": 36,
      "time": 14604,
      "train": 4
    },
    {
      "operation": 57,
      "time": 14606,
      "train": 10
    },
    {
      "operation": 58,
      "time": 14636,
      "train": 10
    },
    {
      "operation": 39,
      "time": 14746,
      "train": 4
    },
    {
      "operation": 40,
      "time": 14746,
      "train": 11
    },
    {
      "operation": 40,
      "time": 14776,
      "train": 4
    },
    {
      "operation": 59,
      "time": 14778,
      "train": 10
    },
    {
      "operation": 61,
      "time": 14808,
      "train": 10
    },
    {
      "operation": 41,
      "time": 14832,
      "train": 11
    },
    {
      "operation": 62,
      "time": 14856,
      "train": 10
    },
    {
      "operation": 64,
      "time": 14856,
      "train": 10
    },
    {
      "operation": 42,
      "time": 14862,
      "train": 11
    },
    {
      "operation": 43,
      "time": 14920,
      "train": 11
    },
    {
      "operation": 44,
      "time": 14920,
      "train": 11
    },
    {
      "operation": 66,
      "time": 14951,
      "train": 10
    },
    {
      "operation": 41,
      "time": 14976,
      "train": 4
    },
    {
      "operation": 67,
      "time": 14981,
      "train": 10
    },
    {
      "operation": 46,
      "time": 15062,
      "train": 11
    },
    {
      "operation": 47,
      "time": 15121,
      "train": 11
    },
    {
      "operation": 68,
      "time": 15123,
      "train": 10
    },
    {
      "operation": 43,
      "time": 15126,
      "train": 4
    },
    {
      "operation": 70,
      "time": 15153,
      "train": 10
    },
    {
      "operation": 44,
      "time": 15254,
      "train": 4
    },
    {
      "operation": 45,
      "time": 15254,
      "train": 4
    },
    {
      "operation": 73,
      "time": 15267,
      "train": 10
    },
    {
      "operation": 50,
      "time": 15293,
      "train": 11
    },
    {
      "operation": 52,
      "time": 15323,
      "train": 11
    },
    {
      "operation": 54,
      "time": 15380,
      "train": 11
    },
    {
      "operation": 48,
      "time": 15382,
      "train": 4
    },
    {
      "operation": 76,
      "time": 15387,
      "train": 10
    },
    {
      "operation": 49,
      "time": 15412,
      "train": 4
    },
    {
      "operation": 55,
      "time": 15440,
      "train": 11
    },
    {
      "operation": 52,
      "time": 15612,
      "train": 4
    },
    {
      "operation": 53,
      "time": 15642,
      "train": 4
    },
    {
      "operation": 56,
      "time": 15696,
      "train": 11
    },
    {
      "operation": 58,
      "time": 15726,
      "train": 11
    },
    {
      "operation": 60,
      "time": 15868,
      "train": 11
    },
    {
      "operation": 55,
      "time": 15870,
      "train": 4
    },
    {
      "operation": 61,
      "time": 15898,
      "train": 11
    },
    {
      "operation": 62,
      "time": 15946,
      "train": 11
    },
    {
      "operation": 64,
      "time": 15946,
      "train": 11
    },
    {
      "operation": 56,
      "time": 15990,
      "train": 4
    },
    {
      "operation": 65,
      "time": 16041,
      "train": 11
    },
    {
      "operation": 67,
      "time": 16071,
      "train": 11
    },
    {
      "operation": 58,
      "time": 16190,
      "train": 4
    },
    {
      "operation": 68,
      "time": 16213,
      "train": 11
    },
    {
      "operation": 59,
      "time": 16220,
      "train": 4
    },
    {
      "operation": 70,
      "time": 16243,
      "train": 11
    },
    {
      "operation": 71,
      "time": 16357,
      "train": 11
    },
    {
      "operation": 60,
      "time": 16362,
      "train": 4
    },
    {
      "operation": 62,
      "time": 16392,
      "train": 4
    },
    {
      "operation": 76,
      "time": 16477,
      "train": 11
    },
    {
      "operation": 63,
      "time": 16534,
      "train": 4
    },
    {
      "operation": 64,
      "time": 16564,
      "train": 4
    },
    {
      "operation": 65,
      "time": 16650,
      "train": 4
    },
    {
      "operation": 66,
      "time": 16650,
      "train": 4
    },
    {
      "operation": 68,
      "time": 16821,
      "train": 4
    },
    {
      "operation": 69,
      "time": 16851,
      "train": 4
    },
    {
      "operation": 70,
      "time": 16985,
      "train": 4
    },
    {
      "operation": 71,
      "time": 16985,
      "train": 4
    },
    {
      "operation": 74,
      "time": 17165,
      "train": 4
    },
    {
      "operation": 76,
      "time": 17285,
      "train": 4
    }
  ],
  "objective_value": 8329
}
