{"events":[{"operation":0,"time":0,"train":0},{"operation":0,"time":0,"train":1},{"operation":0,"time":0,"train":2},{"operation":0,"time":0,"train":3},{"operation":0,"time":0,"train":4},{"operation":0,"time":0,"train":5},{"operation":0,"time":0,"train":6},{"operation":0,"time":0,"train":7},{"operation":0,"time":0,"train":8},{"operation":0,"time":0,"train":9},{"operation":0,"time":0,"train":10},{"operation":0,"time":0,"train":11},{"operation":0,"time":0,"train":12},{"operation":0,"time":0,"train":13},{"operation":0,"time":0,"train":14},{"operation":0,"time":0,"train":15},{"operation":1,"time":49977,"train":9},{"operation":1,"time":50063,"train":6},{"operation":1,"time":50097,"train":12},{"operation":1,"time":50127,"train":2},{"operation":1,"time":50137,"train":0},{"operation":1,"time":50142,"train":8},{"operation":1,"time":50157,"train":4},{"operation":1,"time":50157,"train":3},{"operation":1,"time":50157,"train":10},{"operation":2,"time":50187,"train":9},{"operation":2,"time":50187,"train":12},{"operation":2,"time":50217,"train":6},{"operation":3,"time":50249,"train":10},{"operation":5,"time":50277,"train":4},{"operation":2,"time":50277,"train":5},{"operation":3,"time":50307,"train":2},{"operation":3,"time":50307,"train":8},{"operation":3,"time":50307,"train":3},{"operation":4,"time":50327,"train":0},{"operation":3,"time":50707,"train":1},{"operation":4,"time":50707,"train":1},{"operation":5,"time":50814,"train":0},{"operation":4,"time":50825,"train":8},{"operation":4,"time":50866,"train":10},{"operation":4,"time":50987,"train":3},{"operation":2,"time":50997,"train":7},{"operation":6,"time":50997,"train":7},{"operation":7,"time":51020,"train":0},{"operation":5,"time":51025,"train":8},{"operation":4,"time":51039,"train":9},{"operation":4,"time":51045,"train":12},{"operation":8,"time":51055,"train":8},{"operation":5,"time":51079,"train":5},{"operation":7,"time":51087,"train":7},{"operation":4,"time":51100,"train":2},{"operation":5,"time":51101,"train":3},{"operation":4,"time":51113,"train":6},{"operation":6,"time":51121,"train":10},{"operation":6,"time":51136,"train":5},{"operation":9,"time":51141,"train":8},{"operation":10,"time":51171,"train":8},{"operation":7,"time":51181,"train":10},{"operation":5,"time":51187,"train":12},{"operation":9,"time":51187,"train":7},{"operation":5,"time":51196,"train":9},{"operation":6,"time":51196,"train":9},{"operation":8,"time":51196,"train":5},{"operation":7,"time":51217,"train":12},{"operation":10,"time":51221,"train":3},{"operation":11,"time":51245,"train":8},{"operation":12,"time":51245,"train":8},{"operation":5,"time":51246,"train":2},{"operation":6,"time":51246,"train":2},{"operation":10,"time":51256,"train":10},{"operation":12,"time":51256,"train":10},{"operation":5,"time":51284,"train":6},{"operation":6,"time":51284,"train":6},{"operation":6,"time":51294,"train":4},{"operation":9,"time":51312,"train":12},{"operation":10,"time":51312,"train":12},{"operation":10,"time":51329,"train":7},{"operation":9,"time":51353,"train":9},{"operation":9,"time":51353,"train":0},{"operation":12,"time":51359,"train":7},{"operation":11,"time":51360,"train":12},{"operation":7,"time":51370,"train":6},{"operation":13,"time":51370,"train":8},{"operation":10,"time":51383,"train":9},{"operation":13,"time":51390,"train":12},{"operation":8,"time":51400,"train":6},{"operation":14,"time":51409,"train":10},{"operation":15,"time":51409,"train":8},{"operation":9,"time":51442,"train":2},{"operation":5,"time":51452,"train":1},{"operation":7,"time":51452,"train":1},{"operation":10,"time":51452,"train":5},{"operation":13,"time":51454,"train":7},{"operation":15,"time":51454,"train":7},{"operation":11,"time":51482,"train":5},{"operation":17,"time":51502,"train":7},{"operation":10,"time":51524,"train":0},{"operation":11,"time":51524,"train":0},{"operation":15,"time":51529,"train":10},{"operation":14,"time":51532,"train":12},{"operation":18,"time":51532,"train":7},{"operation":10,"time":51542,"train":6},{"operation":16,"time":51562,"train":12},{"operation":11,"time":51562,"train":2},{"operation":11,"time":51572,"train":6},{"operation":11,"time":51583,"train":9},{"operation":18,"time":51609,"train":8},{"operation":14,"time":51613,"train":9},{"operation":12,"time":51624,"train":5},{"operation":20,"time":51639,"train":8},{"operation":14,"time":51654,"train":5},{"operation":16,"time":51659,"train":10},{"operation":17,"time":51659,"train":10},{"operation":20,"time":51674,"train":7},{"operation":13,"time":51695,"train":0},{"operation":21,"time":51696,"train":8},{"operation":18,"time":51697,"train":10},{"operation":19,"time":51697,"train":10},{"operation":15,"time":51702,"train":5},{"operation":17,"time":51702,"train":5},{"operation":2,"time":51717,"train":13},{"operation":5,"time":51717,"train":13},{"operation":23,"time":51756,"train":8},{"operation":20,"time":51757,"train":10},{"operation":23,"time":51757,"train":10},{"operation":9,"time":51767,"train":1},{"operation":10,"time":51767,"train":1},{"operation":12,"time":51772,"train":6},{"operation":18,"time":51790,"train":12},{"operation":21,"time":51790,"train":7},{"operation":19,"time":51797,"train":5},{"operation":14,"time":51802,"train":6},{"operation":20,"time":51827,"train":5},{"operation":15,"time":51841,"train":9},{"operation":19,"time":51850,"train":12},{"operation":4,"time":51897,"train":11},{"operation":6,"time":51897,"train":11},{"operation":6,"time":51923,"train":13},{"operation":7,"time":51923,"train":13},{"operation":24,"time":51928,"train":10},{"operation":20,"time":51936,"train":12},{"operation":24,"time":51966,"train":12},{"operation":22,"time":51969,"train":5},{"operation":7,"time":51987,"train":11},{"operation":26,"time":51988,"train":10},{"operation":14,"time":51995,"train":0},{"operation":23,"time":51999,"train":5},{"operation":16,"time":52002,"train":6},{"operation":17,"time":52002,"train":9},{"operation":25,"time":52012,"train":8},{"operation":9,"time":52017,"train":11},{"operation":23,"time":52018,"train":7},{"operation":17,"time":52032,"train":6},{"operation":26,"time":52042,"train":8},{"operation":8,"time":52077,"train":13},{"operation":24,"time":52078,"train":7},{"operation":26,"time":52108,"train":12},{"operation":25,"time":52113,"train":5},{"operation":27,"time":52130,"train":10},{"operation":28,"time":52130,"train":10},{"operation":27,"time":52138,"train":12},{"operation":10,"time":52167,"train":11},{"operation":27,"time":52184,"train":8},{"operation":28,"time":52192,"train":7},{"operation":17,"time":52194,"train":0},{"operation":10,"time":52197,"train":13},{"operation":12,"time":52197,"train":11},{"operation":19,"time":52202,"train":9},{"operation":29,"time":52214,"train":8},{"operation":20,"time":52232,"train":9},{"operation":29,"time":52233,"train":5},{"operation":30,"time":52262,"train":8},{"operation":32,"time":52262,"train":8},{"operation":28,"time":52267,"train":12},{"operation":29,"time":52267,"train":12},{"operation":29,"time":52272,"train":10},{"operation":18,"time":52288,"train":6},{"operation":14,"time":52297,"train":11},{"operation":15,"time":52297,"train":11},{"operation":29,"time":52312,"train":7},{"operation":21,"time":52318,"train":6},{"operation":30,"time":52337,"train":12},{"operation":17,"time":52347,"train":11},{"operation":11,"time":52350,"train":1},{"operation":13,"time":52350,"train":1},{"operation":33,"time":52357,"train":8},{"operation":31,"time":52367,"train":12},{"operation":21,"time":52374,"train":9},{"operation":11,"time":52377,"train":13},{"operation":12,"time":52377,"train":13},{"operation":18,"time":52377,"train":11},{"operation":35,"time":52387,"train":8},{"operation":13,"time":52467,"train":13},{"operation":14,"time":52497,"train":13},{"operation":33,"time":52509,"train":12},{"operation":18,"time":52509,"train":0},{"operation":24,"time":52518,"train":6},{"operation":32,"time":52518,"train":10},{"operation":19,"time":52527,"train":11},{"operation":36,"time":52529,"train":8},{"operation":35,"time":52539,"train":12},{"operation":25,"time":52548,"train":6},{"operation":21,"time":52557,"train":11},{"operation":38,"time":52559,"train":8},{"operation":19,"time":52603,"train":0},{"operation":20,"time":52603,"train":0},{"operation":16,"time":52647,"train":13},{"operation":23,"time":52647,"train":9},{"operation":21,"time":52662,"train":0},{"operation":22,"time":52662,"train":0},{"operation":42,"time":52673,"train":8},{"operation":17,"time":52677,"train":13},{"operation":26,"time":52690,"train":6},{"operation":27,"time":52690,"train":6},{"operation":34,"time":52700,"train":10},{"operation":36,"time":52700,"train":10},{"operation":1,"time":52738,"train":15},{"operation":37,"time":52767,"train":12},{"operation":24,"time":52789,"train":9},{"operation":44,"time":52793,"train":8},{"operation":23,"time":52794,"train":0},{"operation":25,"time":52794,"train":0},{"operation":4,"time":52797,"train":15},{"operation":22,"time":52797,"train":11},{"operation":25,"time":52819,"train":9},{"operation":19,"time":52827,"train":13},{"operation":28,"time":52832,"train":6},{"operation":20,"time":52857,"train":13},{"operation":24,"time":52857,"train":11},{"operation":37,"time":52869,"train":10},{"operation":38,"time":52887,"train":12},{"operation":30,"time":52892,"train":6},{"operation":26,"time":52905,"train":9},{"operation":27,"time":52905,"train":9},{"operation":26,"time":52908,"train":0},{"operation":30,"time":52908,"train":0},{"operation":26,"time":52947,"train":11},{"operation":31,"time":52965,"train":0},{"operation":29,"time":52977,"train":11},{"operation":14,"time":52979,"train":1},{"operation":18,"time":52979,"train":1},{"operation":39,"time":53044,"train":12},{"operation":40,"time":53044,"train":12},{"operation":22,"time":53067,"train":13},{"operation":39,"time":53067,"train":10},{"operation":28,"time":53076,"train":9},{"operation":32,"time":53092,"train":6},{"operation":23,"time":53097,"train":13},{"operation":34,"time":53122,"train":6},{"operation":30,"time":53127,"train":11},{"operation":33,"time":53145,"train":0},{"operation":19,"time":53152,"train":1},{"operation":20,"time":53152,"train":1},{"operation":43,"time":53201,"train":12},{"operation":40,"time":53214,"train":10},{"operation":42,"time":53214,"train":10},{"operation":44,"time":53231,"train":12},{"operation":35,"time":53264,"train":6},{"operation":22,"time":53281,"train":1},{"operation":30,"time":53281,"train":9},{"operation":23,"time":53281,"train":1},{"operation":36,"time":53294,"train":6},{"operation":37,"time":53343,"train":6},{"operation":38,"time":53343,"train":6},{"operation":26,"time":53367,"train":13},{"operation":44,"time":53371,"train":10},{"operation":31,"time":53427,"train":9},{"operation":32,"time":53427,"train":9},{"operation":45,"time":53431,"train":12},{"operation":27,"time":53431,"train":13},{"operation":40,"time":53436,"train":6},{"operation":32,"time":53436,"train":11},{"operation":35,"time":53443,"train":0},{"operation":36,"time":53443,"train":0},{"operation":24,"time":53456,"train":1},{"operation":25,"time":53456,"train":1},{"operation":48,"time":53461,"train":12},{"operation":41,"time":53466,"train":6},{"operation":5,"time":53502,"train":15},{"operation":7,"time":53502,"train":15},{"operation":26,"time":53544,"train":1},{"operation":27,"time":53544,"train":1},{"operation":38,"time":53545,"train":0},{"operation":33,"time":53580,"train":11},{"operation":34,"time":53580,"train":11},{"operation":39,"time":53604,"train":0},{"operation":43,"time":53608,"train":6},{"operation":34,"time":53623,"train":9},{"operation":28,"time":53631,"train":13},{"operation":35,"time":53635,"train":11},{"operation":46,"time":53638,"train":6},{"operation":31,"time":53661,"train":13},{"operation":36,"time":53665,"train":11},{"operation":41,"time":53670,"train":0},{"operation":42,"time":53670,"train":0},{"operation":28,"time":53676,"train":1},{"operation":30,"time":53676,"train":1},{"operation":45,"time":53676,"train":10},{"operation":49,"time":53689,"train":12},{"operation":48,"time":53695,"train":6},{"operation":37,"time":53743,"train":9},{"operation":49,"time":53755,"train":6},{"operation":46,"time":53771,"train":10},{"operation":47,"time":53771,"train":10},{"operation":8,"time":53778,"train":15},{"operation":10,"time":53778,"train":15},{"operation":32,"time":53803,"train":13},{"operation":33,"time":53803,"train":13},{"operation":44,"time":53803,"train":0},{"operation":45,"time":53803,"train":0},{"operation":37,"time":53807,"train":11},{"operation":51,"time":53809,"train":12},{"operation":40,"time":53837,"train":11},{"operation":48,"time":53849,"train":10},{"operation":49,"time":53849,"train":10},{"operation":31,"time":53875,"train":1},{"operation":47,"time":53916,"train":0},{"operation":48,"time":53916,"train":0},{"operation":35,"time":53945,"train":13},{"operation":51,"time":54002,"train":0},{"operation":51,"time":54004,"train":10},{"operation":53,"time":54009,"train":12},{"operation":33,"time":54009,"train":1},{"operation":50,"time":54011,"train":6},{"operation":54,"time":54039,"train":12},{"operation":52,"time":54041,"train":6},{"operation":41,"time":54065,"train":11},{"operation":36,"time":54065,"train":13},{"operation":54,"time":54183,"train":6},{"operation":43,"time":54185,"train":11},{"operation":55,"time":54210,"train":12},{"operation":34,"time":54210,"train":1},{"operation":36,"time":54210,"train":1},{"operation":55,"time":54213,"train":6},{"operation":52,"time":54249,"train":10},{"operation":57,"time":54261,"train":6},{"operation":58,"time":54261,"train":6},{"operation":37,"time":54265,"train":13},{"operation":40,"time":54295,"train":13},{"operation":12,"time":54307,"train":15},{"operation":13,"time":54307,"train":15},{"operation":59,"time":54356,"train":6},{"operation":53,"time":54363,"train":10},{"operation":54,"time":54363,"train":10},{"operation":41,"time":54381,"train":13},{"operation":44,"time":54385,"train":11},{"operation":45,"time":54385,"train":11},{"operation":61,"time":54386,"train":6},{"operation":57,"time":54390,"train":12},{"operation":42,"time":54411,"train":13},{"operation":37,"time":54470,"train":1},{"operation":40,"time":54470,"train":1},{"operation":43,"time":54485,"train":13},{"operation":44,"time":54485,"train":13},{"operation":57,"time":54515,"train":10},{"operation":62,"time":54528,"train":6},{"operation":58,"time":54532,"train":12},{"operation":64,"time":54558,"train":6},{"operation":59,"time":54562,"train":12},{"operation":48,"time":54585,"train":11},{"operation":46,"time":54610,"train":13},{"operation":47,"time":54640,"train":13},{"operation":60,"time":54648,"train":12},{"operation":61,"time":54648,"train":12},{"operation":65,"time":54672,"train":6},{"operation":42,"time":54691,"train":1},{"operation":44,"time":54691,"train":1},{"operation":49,"time":54705,"train":11},{"operation":50,"time":54782,"train":13},{"operation":70,"time":54792,"train":6},{"operation":52,"time":54812,"train":13},{"operation":63,"time":54819,"train":12},{"operation":64,"time":54849,"train":12},{"operation":45,"time":54855,"train":1},{"operation":46,"time":54855,"train":1},{"operation":53,"time":54869,"train":13},{"operation":14,"time":54906,"train":15},{"operation":59,"time":54906,"train":10},{"operation":55,"time":54929,"train":13},{"operation":65,"time":54995,"train":12},{"operation":66,"time":54995,"train":12},{"operation":48,"time":55018,"train":1},{"operation":49,"time":55018,"train":1},{"operation":56,"time":55185,"train":13},{"operation":69,"time":55191,"train":12},{"operation":18,"time":55191,"train":15},{"operation":4,"time":55197,"train":14},{"operation":58,"time":55215,"train":13},{"operation":51,"time":55249,"train":1},{"operation":71,"time":55311,"train":12},{"operation":19,"time":55341,"train":15},{"operation":20,"time":55341,"train":15},{"operation":5,"time":55341,"train":14},{"operation":59,"time":55357,"train":13},{"operation":61,"time":55387,"train":13},{"operation":63,"time":55435,"train":13},{"operation":64,"time":55435,"train":13},{"operation":53,"time":55444,"train":1},{"operation":61,"time":55447,"train":10},{"operation":21,"time":55453,"train":15},{"operation":23,"time":55453,"train":15},{"operation":6,"time":55521,"train":14},{"operation":7,"time":55521,"train":14},{"operation":66,"time":55530,"train":13},{"operation":67,"time":55560,"train":13},{"operation":62,"time":55567,"train":10},{"operation":54,"time":55576,"train":1},{"operation":55,"time":55576,"train":1},{"operation":24,"time":55593,"train":15},{"operation":25,"time":55593,"train":15},{"operation":54,"time":55622,"train":0},{"operation":9,"time":55655,"train":14},{"operation":26,"time":55662,"train":15},{"operation":27,"time":55662,"train":15},{"operation":10,"time":55685,"train":14},{"operation":68,"time":55707,"train":13},{"operation":70,"time":55737,"train":13},{"operation":28,"time":55752,"train":15},{"operation":30,"time":55752,"train":15},{"operation":56,"time":55843,"train":1},{"operation":11,"time":55856,"train":14},{"operation":12,"time":55856,"train":14},{"operation":75,"time":55857,"train":13},{"operation":32,"time":55866,"train":15},{"operation":33,"time":55866,"train":15},{"operation":13,"time":55942,"train":14},{"operation":57,"time":55963,"train":1},{"operation":14,"time":55972,"train":14},{"operation":76,"time":55977,"train":13},{"operation":34,"time":56018,"train":15},{"operation":36,"time":56018,"train":15},{"operation":64,"time":56058,"train":10},{"operation":65,"time":56058,"train":10},{"operation":16,"time":56114,"train":14},{"operation":17,"time":56144,"train":14},{"operation":39,"time":56251,"train":15},{"operation":18,"time":56286,"train":14},{"operation":66,"time":56305,"train":10},{"operation":68,"time":56305,"train":10},{"operation":20,"time":56316,"train":14},{"operation":40,"time":56431,"train":15},{"operation":22,"time":56516,"train":14},{"operation":41,"time":56620,"train":15},{"operation":44,"time":56620,"train":15},{"operation":23,"time":56666,"train":14},{"operation":45,"time":56756,"train":15},{"operation":46,"time":56756,"train":15},{"operation":47,"time":56892,"train":15},{"operation":24,"time":56922,"train":14},{"operation":27,"time":56952,"train":14},{"operation":49,"time":57042,"train":15},{"operation":69,"time":57079,"train":10},{"operation":72,"time":57138,"train":10},{"operation":29,"time":57175,"train":14},{"operation":51,"time":57251,"train":15},{"operation":31,"time":57300,"train":14},{"operation":53,"time":57431,"train":15},{"operation":32,"time":57457,"train":14},{"operation":33,"time":57457,"train":14},{"operation":54,"time":57526,"train":15},{"operation":55,"time":57526,"train":15},{"operation":56,"time":57599,"train":15},{"operation":57,"time":57599,"train":15},{"operation":35,"time":57614,"train":14},{"operation":36,"time":57644,"train":14},{"operation":59,"time":57716,"train":15},{"operation":60,"time":57716,"train":15},{"operation":61,"time":57830,"train":15},{"operation":65,"time":57830,"train":15},{"operation":39,"time":57844,"train":14},{"operation":40,"time":57874,"train":14},{"operation":67,"time":57887,"train":15},{"operation":41,"time":57960,"train":14},{"operation":42,"time":57990,"train":14},{"operation":68,"time":58007,"train":15},{"operation":43,"time":58064,"train":14},{"operation":44,"time":58064,"train":14},{"operation":45,"time":58189,"train":14},{"operation":47,"time":58219,"train":14},{"operation":69,"time":58305,"train":15},{"operation":71,"time":58305,"train":15},{"operation":51,"time":58361,"train":14},{"operation":52,"time":58391,"train":14},{"operation":72,"time":58407,"train":15},{"operation":54,"time":58448,"train":14},{"operation":74,"time":58466,"train":15},{"operation":55,"time":58508,"train":14},{"operation":76,"time":58528,"train":15},{"operation":77,"time":58528,"train":15},{"operation":78,"time":58652,"train":15},{"operation":80,"time":58652,"train":15},{"operation":82,"time":58757,"train":15},{"operation":83,"time":58757,"train":15},{"operation":57,"time":58767,"train":14},{"operation":58,"time":58797,"train":14},{"operation":84,"time":58865,"train":15},{"operation":59,"time":58947,"train":14},{"operation":61,"time":58977,"train":14},{"operation":89,"time":58985,"train":15},{"operation":63,"time":59027,"train":14},{"operation":64,"time":59027,"train":14},{"operation":65,"time":59127,"train":14},{"operation":67,"time":59157,"train":14},{"operation":68,"time":59307,"train":14},{"operation":70,"time":59337,"train":14},{"operation":74,"time":59457,"train":14},{"operation":76,"time":59577,"train":14}],"objective_value":8016}