{"objective_value": 6186, "events": [{"train": 0, "operation": 0, "time": 0}, {"train": 10, "operation": 0, "time": 0}, {"train": 11, "operation": 0, "time": 0}, {"train": 12, "operation": 0, "time": 0}, {"train": 13, "operation": 0, "time": 0}, {"train": 14, "operation": 0, "time": 0}, {"train": 15, "operation": 0, "time": 0}, {"train": 16, "operation": 0, "time": 0}, {"train": 17, "operation": 0, "time": 0}, {"train": 18, "operation": 0, "time": 0}, {"train": 19, "operation": 0, "time": 0}, {"train": 1, "operation": 0, "time": 0}, {"train": 20, "operation": 0, "time": 0}, {"train": 21, "operation": 0, "time": 0}, {"train": 22, "operation": 0, "time": 0}, {"train": 2, "operation": 0, "time": 0}, {"train": 3, "operation": 0, "time": 0}, {"train": 4, "operation": 0, "time": 0}, {"train": 5, "operation": 0, "time": 0}, {"train": 6, "operation": 0, "time": 0}, {"train": 7, "operation": 0, "time": 0}, {"train": 8, "operation": 0, "time": 0}, {"train": 9, "operation": 0, "time": 0}, {"train": 17, "operation": 1, "time": 60180}, {"train": 22, "operation": 1, "time": 60240}, {"train": 9, "operation": 1, "time": 60240}, {"train": 15, "operation": 1, "time": 60330}, {"train": 8, "operation": 1, "time": 60360}, {"train": 0, "operation": 1, "time": 60420}, {"train": 1, "operation": 1, "time": 60420}, {"train": 2, "operation": 1, "time": 60439}, {"train": 10, "operation": 1, "time": 60480}, {"train": 15, "operation": 19, "time": 60480}, {"train": 17, "operation": 2, "time": 60510}, {"train": 9, "operation": 2, "time": 60510}, {"train": 10, "operation": 2, "time": 60570}, {"train": 1, "operation": 3, "time": 60600}, {"train": 2, "operation": 2, "time": 60600}, {"train": 8, "operation": 2, "time": 60660}, {"train": 8, "operation": 5, "time": 60660}, {"train": 0, "operation": 2, "time": 60690}, {"train": 0, "operation": 3, "time": 60720}, {"train": 22, "operation": 2, "time": 60900}, {"train": 22, "operation": 6, "time": 60900}, {"train": 17, "operation": 4, "time": 61025}, {"train": 0, "operation": 4, "time": 61070}, {"train": 0, "operation": 5, "time": 61070}, {"train": 1, "operation": 4, "time": 61136}, {"train": 3, "operation": 13, "time": 61200}, {"train": 3, "operation": 19, "time": 61200}, {"train": 10, "operation": 3, "time": 61284}, {"train": 22, "operation": 7, "time": 61284}, {"train": 17, "operation": 5, "time": 61310}, {"train": 0, "operation": 8, "time": 61320}, {"train": 3, "operation": 21, "time": 61324}, {"train": 3, "operation": 22, "time": 61324}, {"train": 9, "operation": 5, "time": 61330}, {"train": 1, "operation": 5, "time": 61336}, {"train": 2, "operation": 4, "time": 61338}, {"train": 1, "operation": 7, "time": 61366}, {"train": 0, "operation": 9, "time": 61440}, {"train": 15, "operation": 20, "time": 61446}, {"train": 3, "operation": 23, "time": 61447}, {"train": 3, "operation": 25, "time": 61447}, {"train": 10, "operation": 4, "time": 61484}, {"train": 22, "operation": 8, "time": 61484}, {"train": 3, "operation": 26, "time": 61495}, {"train": 3, "operation": 28, "time": 61495}, {"train": 2, "operation": 6, "time": 61509}, {"train": 2, "operation": 8, "time": 61509}, {"train": 10, "operation": 6, "time": 61514}, {"train": 9, "operation": 6, "time": 61517}, {"train": 9, "operation": 7, "time": 61517}, {"train": 2, "operation": 9, "time": 61566}, {"train": 2, "operation": 10, "time": 61566}, {"train": 3, "operation": 29, "time": 61590}, {"train": 3, "operation": 33, "time": 61620}, {"train": 1, "operation": 10, "time": 61622}, {"train": 22, "operation": 9, "time": 61642}, {"train": 1, "operation": 11, "time": 61652}, {"train": 3, "operation": 34, "time": 61710}, {"train": 2, "operation": 12, "time": 61737}, {"train": 17, "operation": 7, "time": 61737}, {"train": 2, "operation": 13, "time": 61737}, {"train": 3, "operation": 35, "time": 61740}, {"train": 10, "operation": 7, "time": 61799}, {"train": 10, "operation": 9, "time": 61799}, {"train": 22, "operation": 11, "time": 61799}, {"train": 1, "operation": 12, "time": 61814}, {"train": 10, "operation": 10, "time": 61827}, {"train": 9, "operation": 8, "time": 61833}, {"train": 1, "operation": 13, "time": 61833}, {"train": 9, "operation": 9, "time": 61833}, {"train": 10, "operation": 11, "time": 61857}, {"train": 17, "operation": 8, "time": 61879}, {"train": 17, "operation": 9, "time": 61909}, {"train": 2, "operation": 15, "time": 61917}, {"train": 3, "operation": 37, "time": 61920}, {"train": 2, "operation": 16, "time": 61967}, {"train": 10, "operation": 12, "time": 62028}, {"train": 4, "operation": 1, "time": 62040}, {"train": 17, "operation": 10, "time": 62080}, {"train": 22, "operation": 12, "time": 62141}, {"train": 3, "operation": 38, "time": 62141}, {"train": 9, "operation": 10, "time": 62151}, {"train": 9, "operation": 11, "time": 62151}, {"train": 17, "operation": 13, "time": 62200}, {"train": 1, "operation": 14, "time": 62203}, {"train": 1, "operation": 15, "time": 62233}, {"train": 2, "operation": 18, "time": 62252}, {"train": 10, "operation": 14, "time": 62252}, {"train": 1, "operation": 16, "time": 62375}, {"train": 6, "operation": 1, "time": 62400}, {"train": 6, "operation": 4, "time": 62400}, {"train": 3, "operation": 40, "time": 62426}, {"train": 3, "operation": 41, "time": 62426}, {"train": 9, "operation": 13, "time": 62469}, {"train": 1, "operation": 17, "time": 62469}, {"train": 9, "operation": 15, "time": 62469}, {"train": 3, "operation": 42, "time": 62483}, {"train": 22, "operation": 14, "time": 62483}, {"train": 3, "operation": 43, "time": 62483}, {"train": 16, "operation": 1, "time": 62520}, {"train": 16, "operation": 4, "time": 62520}, {"train": 10, "operation": 16, "time": 62537}, {"train": 10, "operation": 17, "time": 62597}, {"train": 3, "operation": 44, "time": 62597}, {"train": 3, "operation": 46, "time": 62597}, {"train": 16, "operation": 5, "time": 62610}, {"train": 1, "operation": 19, "time": 62611}, {"train": 4, "operation": 4, "time": 62611}, {"train": 22, "operation": 15, "time": 62635}, {"train": 22, "operation": 16, "time": 62635}, {"train": 16, "operation": 6, "time": 62640}, {"train": 6, "operation": 5, "time": 62663}, {"train": 6, "operation": 6, "time": 62663}, {"train": 1, "operation": 21, "time": 62671}, {"train": 4, "operation": 5, "time": 62739}, {"train": 4, "operation": 6, "time": 62739}, {"train": 22, "operation": 17, "time": 62776}, {"train": 2, "operation": 19, "time": 62776}, {"train": 10, "operation": 18, "time": 62797}, {"train": 16, "operation": 8, "time": 62820}, {"train": 10, "operation": 20, "time": 62827}, {"train": 3, "operation": 47, "time": 62853}, {"train": 22, "operation": 19, "time": 62853}, {"train": 2, "operation": 20, "time": 62859}, {"train": 2, "operation": 21, "time": 62859}, {"train": 4, "operation": 7, "time": 62867}, {"train": 3, "operation": 49, "time": 62883}, {"train": 4, "operation": 8, "time": 62897}, {"train": 10, "operation": 21, "time": 62922}, {"train": 10, "operation": 22, "time": 62942}, {"train": 2, "operation": 23, "time": 62947}, {"train": 2, "operation": 24, "time": 62947}, {"train": 6, "operation": 7, "time": 63030}, {"train": 3, "operation": 50, "time": 63054}, {"train": 16, "operation": 9, "time": 63054}, {"train": 3, "operation": 52, "time": 63054}, {"train": 6, "operation": 8, "time": 63060}, {"train": 1, "operation": 22, "time": 63061}, {"train": 1, "operation": 23, "time": 63071}, {"train": 10, "operation": 24, "time": 63084}, {"train": 3, "operation": 53, "time": 63111}, {"train": 3, "operation": 54, "time": 63111}, {"train": 10, "operation": 26, "time": 63114}, {"train": 2, "operation": 26, "time": 63203}, {"train": 4, "operation": 9, "time": 63211}, {"train": 3, "operation": 56, "time": 63225}, {"train": 2, "operation": 27, "time": 63233}, {"train": 4, "operation": 10, "time": 63241}, {"train": 22, "operation": 20, "time": 63244}, {"train": 16, "operation": 11, "time": 63254}, {"train": 16, "operation": 12, "time": 63284}, {"train": 6, "operation": 9, "time": 63300}, {"train": 2, "operation": 28, "time": 63319}, {"train": 10, "operation": 27, "time": 63342}, {"train": 10, "operation": 29, "time": 63342}, {"train": 3, "operation": 58, "time": 63342}, {"train": 2, "operation": 29, "time": 63349}, {"train": 6, "operation": 10, "time": 63360}, {"train": 2, "operation": 32, "time": 63491}, {"train": 4, "operation": 11, "time": 63497}, {"train": 10, "operation": 30, "time": 63513}, {"train": 10, "operation": 32, "time": 63513}, {"train": 2, "operation": 34, "time": 63521}, {"train": 16, "operation": 13, "time": 63540}, {"train": 16, "operation": 15, "time": 63570}, {"train": 3, "operation": 59, "time": 63570}, {"train": 3, "operation": 61, "time": 63570}, {"train": 4, "operation": 14, "time": 63587}, {"train": 11, "operation": 17, "time": 63600}, {"train": 11, "operation": 19, "time": 63600}, {"train": 2, "operation": 36, "time": 63632}, {"train": 2, "operation": 37, "time": 63632}, {"train": 16, "operation": 16, "time": 63656}, {"train": 10, "operation": 34, "time": 63684}, {"train": 10, "operation": 35, "time": 63684}, {"train": 16, "operation": 17, "time": 63686}, {"train": 2, "operation": 38, "time": 63687}, {"train": 2, "operation": 40, "time": 63687}, {"train": 6, "operation": 11, "time": 63690}, {"train": 10, "operation": 36, "time": 63712}, {"train": 11, "operation": 21, "time": 63735}, {"train": 11, "operation": 22, "time": 63735}, {"train": 3, "operation": 63, "time": 63741}, {"train": 3, "operation": 64, "time": 63741}, {"train": 10, "operation": 37, "time": 63742}, {"train": 16, "operation": 18, "time": 63800}, {"train": 16, "operation": 20, "time": 63800}, {"train": 2, "operation": 41, "time": 63861}, {"train": 2, "operation": 43, "time": 63861}, {"train": 11, "operation": 23, "time": 63870}, {"train": 4, "operation": 16, "time": 63872}, {"train": 11, "operation": 25, "time": 63900}, {"train": 3, "operation": 65, "time": 63912}, {"train": 3, "operation": 67, "time": 63912}, {"train": 10, "operation": 39, "time": 63913}, {"train": 10, "operation": 40, "time": 63913}, {"train": 3, "operation": 68, "time": 63940}, {"train": 11, "operation": 26, "time": 63950}, {"train": 11, "operation": 28, "time": 63950}, {"train": 3, "operation": 69, "time": 63970}, {"train": 22, "operation": 22, "time": 64024}, {"train": 2, "operation": 59, "time": 64034}, {"train": 1, "operation": 26, "time": 64040}, {"train": 6, "operation": 14, "time": 64040}, {"train": 11, "operation": 32, "time": 64050}, {"train": 11, "operation": 33, "time": 64080}, {"train": 10, "operation": 41, "time": 64113}, {"train": 3, "operation": 71, "time": 64141}, {"train": 3, "operation": 72, "time": 64141}, {"train": 16, "operation": 22, "time": 64142}, {"train": 10, "operation": 43, "time": 64143}, {"train": 2, "operation": 62, "time": 64154}, {"train": 11, "operation": 34, "time": 64170}, {"train": 11, "operation": 35, "time": 64200}, {"train": 1, "operation": 27, "time": 64220}, {"train": 22, "operation": 23, "time": 64309}, {"train": 22, "operation": 25, "time": 64309}, {"train": 11, "operation": 36, "time": 64320}, {"train": 16, "operation": 23, "time": 64322}, {"train": 3, "operation": 73, "time": 64341}, {"train": 4, "operation": 17, "time": 64341}, {"train": 11, "operation": 38, "time": 64380}, {"train": 10, "operation": 45, "time": 64399}, {"train": 3, "operation": 75, "time": 64399}, {"train": 16, "operation": 24, "time": 64410}, {"train": 10, "operation": 47, "time": 64429}, {"train": 16, "operation": 25, "time": 64440}, {"train": 22, "operation": 26, "time": 64450}, {"train": 22, "operation": 27, "time": 64450}, {"train": 1, "operation": 28, "time": 64476}, {"train": 1, "operation": 29, "time": 64506}, {"train": 22, "operation": 28, "time": 64537}, {"train": 22, "operation": 31, "time": 64537}, {"train": 16, "operation": 26, "time": 64620}, {"train": 4, "operation": 18, "time": 64626}, {"train": 10, "operation": 48, "time": 64638}, {"train": 3, "operation": 76, "time": 64655}, {"train": 10, "operation": 49, "time": 64658}, {"train": 11, "operation": 39, "time": 64680}, {"train": 16, "operation": 30, "time": 64680}, {"train": 11, "operation": 41, "time": 64680}, {"train": 3, "operation": 79, "time": 64685}, {"train": 16, "operation": 32, "time": 64740}, {"train": 16, "operation": 33, "time": 64740}, {"train": 1, "operation": 30, "time": 64762}, {"train": 11, "operation": 42, "time": 64770}, {"train": 16, "operation": 35, "time": 64770}, {"train": 1, "operation": 31, "time": 64792}, {"train": 11, "operation": 43, "time": 64800}, {"train": 16, "operation": 36, "time": 64800}, {"train": 4, "operation": 20, "time": 64806}, {"train": 6, "operation": 15, "time": 64819}, {"train": 6, "operation": 16, "time": 64839}, {"train": 22, "operation": 32, "time": 64879}, {"train": 11, "operation": 44, "time": 64890}, {"train": 3, "operation": 80, "time": 64903}, {"train": 11, "operation": 46, "time": 64920}, {"train": 20, "operation": 15, "time": 64920}, {"train": 20, "operation": 21, "time": 64920}, {"train": 4, "operation": 21, "time": 64948}, {"train": 4, "operation": 22, "time": 64978}, {"train": 16, "operation": 37, "time": 65010}, {"train": 16, "operation": 39, "time": 65010}, {"train": 10, "operation": 50, "time": 65028}, {"train": 3, "operation": 81, "time": 65028}, {"train": 10, "operation": 51, "time": 65058}, {"train": 4, "operation": 24, "time": 65092}, {"train": 4, "operation": 25, "time": 65092}, {"train": 1, "operation": 32, "time": 65124}, {"train": 1, "operation": 33, "time": 65124}, {"train": 11, "operation": 48, "time": 65220}, {"train": 16, "operation": 55, "time": 65220}, {"train": 4, "operation": 26, "time": 65263}, {"train": 4, "operation": 28, "time": 65263}, {"train": 11, "operation": 49, "time": 65280}, {"train": 6, "operation": 18, "time": 65295}, {"train": 16, "operation": 58, "time": 65340}, {"train": 1, "operation": 34, "time": 65362}, {"train": 10, "operation": 52, "time": 65372}, {"train": 10, "operation": 53, "time": 65372}, {"train": 3, "operation": 82, "time": 65398}, {"train": 3, "operation": 83, "time": 65428}, {"train": 4, "operation": 30, "time": 65434}, {"train": 4, "operation": 31, "time": 65434}, {"train": 22, "operation": 34, "time": 65479}, {"train": 1, "operation": 37, "time": 65482}, {"train": 11, "operation": 50, "time": 65550}, {"train": 20, "operation": 25, "time": 65580}, {"train": 20, "operation": 26, "time": 65580}, {"train": 3, "operation": 84, "time": 65628}, {"train": 4, "operation": 32, "time": 65634}, {"train": 4, "operation": 35, "time": 65664}, {"train": 10, "operation": 54, "time": 65686}, {"train": 10, "operation": 57, "time": 65686}, {"train": 3, "operation": 85, "time": 65686}, {"train": 20, "operation": 27, "time": 65692}, {"train": 20, "operation": 28, "time": 65692}, {"train": 4, "operation": 36, "time": 65750}, {"train": 22, "operation": 35, "time": 65764}, {"train": 22, "operation": 37, "time": 65764}, {"train": 4, "operation": 37, "time": 65780}, {"train": 20, "operation": 29, "time": 65820}, {"train": 20, "operation": 31, "time": 65820}, {"train": 3, "operation": 88, "time": 65886}, {"train": 6, "operation": 20, "time": 65895}, {"train": 22, "operation": 39, "time": 65935}, {"train": 22, "operation": 40, "time": 65935}, {"train": 3, "operation": 89, "time": 65946}, {"train": 4, "operation": 39, "time": 65951}, {"train": 11, "operation": 52, "time": 65951}, {"train": 19, "operation": 15, "time": 66000}, {"train": 19, "operation": 19, "time": 66000}, {"train": 6, "operation": 21, "time": 66023}, {"train": 6, "operation": 22, "time": 66023}, {"train": 11, "operation": 53, "time": 66046}, {"train": 11, "operation": 54, "time": 66066}, {"train": 22, "operation": 41, "time": 66080}, {"train": 22, "operation": 42, "time": 66080}, {"train": 19, "operation": 21, "time": 66135}, {"train": 19, "operation": 22, "time": 66135}, {"train": 6, "operation": 23, "time": 66151}, {"train": 6, "operation": 24, "time": 66181}, {"train": 11, "operation": 57, "time": 66208}, {"train": 22, "operation": 43, "time": 66220}, {"train": 22, "operation": 45, "time": 66220}, {"train": 11, "operation": 58, "time": 66238}, {"train": 19, "operation": 23, "time": 66270}, {"train": 19, "operation": 25, "time": 66300}, {"train": 20, "operation": 32, "time": 66300}, {"train": 4, "operation": 40, "time": 66311}, {"train": 3, "operation": 90, "time": 66336}, {"train": 3, "operation": 91, "time": 66346}, {"train": 19, "operation": 27, "time": 66350}, {"train": 19, "operation": 28, "time": 66350}, {"train": 22, "operation": 46, "time": 66448}, {"train": 22, "operation": 48, "time": 66448}, {"train": 19, "operation": 31, "time": 66450}, {"train": 11, "operation": 60, "time": 66466}, {"train": 11, "operation": 61, "time": 66466}, {"train": 19, "operation": 33, "time": 66480}, {"train": 20, "operation": 34, "time": 66480}, {"train": 6, "operation": 25, "time": 66513}, {"train": 6, "operation": 26, "time": 66523}, {"train": 4, "operation": 41, "time": 66549}, {"train": 19, "operation": 34, "time": 66570}, {"train": 4, "operation": 43, "time": 66599}, {"train": 19, "operation": 35, "time": 66600}, {"train": 20, "operation": 35, "time": 66612}, {"train": 20, "operation": 36, "time": 66612}, {"train": 11, "operation": 63, "time": 66637}, {"train": 11, "operation": 64, "time": 66637}, {"train": 22, "operation": 51, "time": 66733}, {"train": 22, "operation": 52, "time": 66733}, {"train": 20, "operation": 38, "time": 66737}, {"train": 6, "operation": 29, "time": 66779}, {"train": 19, "operation": 37, "time": 66780}, {"train": 11, "operation": 66, "time": 66808}, {"train": 11, "operation": 67, "time": 66808}, {"train": 4, "operation": 44, "time": 66855}, {"train": 20, "operation": 39, "time": 66855}, {"train": 6, "operation": 30, "time": 66869}, {"train": 4, "operation": 46, "time": 66885}, {"train": 11, "operation": 68, "time": 66894}, {"train": 19, "operation": 38, "time": 66900}, {"train": 11, "operation": 69, "time": 66924}, {"train": 4, "operation": 47, "time": 66971}, {"train": 4, "operation": 48, "time": 67001}, {"train": 20, "operation": 40, "time": 67124}, {"train": 20, "operation": 42, "time": 67124}, {"train": 6, "operation": 31, "time": 67125}, {"train": 11, "operation": 70, "time": 67152}, {"train": 6, "operation": 33, "time": 67155}, {"train": 4, "operation": 50, "time": 67172}, {"train": 19, "operation": 39, "time": 67200}, {"train": 19, "operation": 41, "time": 67200}, {"train": 4, "operation": 51, "time": 67200}, {"train": 19, "operation": 42, "time": 67230}, {"train": 22, "operation": 54, "time": 67246}, {"train": 22, "operation": 55, "time": 67246}, {"train": 19, "operation": 43, "time": 67260}, {"train": 3, "operation": 92, "time": 67286}, {"train": 20, "operation": 43, "time": 67295}, {"train": 20, "operation": 45, "time": 67295}, {"train": 3, "operation": 95, "time": 67316}, {"train": 6, "operation": 35, "time": 67383}, {"train": 6, "operation": 36, "time": 67383}, {"train": 19, "operation": 45, "time": 67410}, {"train": 20, "operation": 46, "time": 67438}, {"train": 20, "operation": 47, "time": 67438}, {"train": 19, "operation": 46, "time": 67440}, {"train": 11, "operation": 72, "time": 67512}, {"train": 6, "operation": 37, "time": 67525}, {"train": 20, "operation": 49, "time": 67541}, {"train": 20, "operation": 51, "time": 67541}, {"train": 6, "operation": 38, "time": 67555}, {"train": 4, "operation": 53, "time": 67570}, {"train": 3, "operation": 96, "time": 67572}, {"train": 4, "operation": 54, "time": 67600}, {"train": 3, "operation": 97, "time": 67602}, {"train": 6, "operation": 40, "time": 67669}, {"train": 6, "operation": 41, "time": 67669}, {"train": 4, "operation": 55, "time": 67686}, {"train": 4, "operation": 56, "time": 67716}, {"train": 22, "operation": 56, "time": 67759}, {"train": 22, "operation": 58, "time": 67759}, {"train": 11, "operation": 74, "time": 67768}, {"train": 19, "operation": 47, "time": 67770}, {"train": 11, "operation": 75, "time": 67798}, {"train": 19, "operation": 49, "time": 67800}, {"train": 3, "operation": 98, "time": 67858}, {"train": 4, "operation": 58, "time": 67858}, {"train": 6, "operation": 42, "time": 67858}, {"train": 6, "operation": 44, "time": 67858}, {"train": 20, "operation": 52, "time": 67865}, {"train": 3, "operation": 99, "time": 67888}, {"train": 4, "operation": 61, "time": 67888}, {"train": 4, "operation": 63, "time": 67945}, {"train": 4, "operation": 64, "time": 67945}, {"train": 4, "operation": 65, "time": 67973}, {"train": 4, "operation": 67, "time": 68003}, {"train": 6, "operation": 46, "time": 68011}, {"train": 20, "operation": 54, "time": 68011}, {"train": 6, "operation": 47, "time": 68011}, {"train": 11, "operation": 78, "time": 68054}, {"train": 11, "operation": 79, "time": 68084}, {"train": 19, "operation": 51, "time": 68100}, {"train": 4, "operation": 68, "time": 68174}, {"train": 4, "operation": 70, "time": 68174}, {"train": 6, "operation": 50, "time": 68182}, {"train": 6, "operation": 51, "time": 68182}, {"train": 3, "operation": 100, "time": 68220}, {"train": 3, "operation": 101, "time": 68220}, {"train": 6, "operation": 52, "time": 68258}, {"train": 6, "operation": 53, "time": 68258}, {"train": 22, "operation": 59, "time": 68272}, {"train": 22, "operation": 61, "time": 68272}, {"train": 11, "operation": 80, "time": 68293}, {"train": 20, "operation": 56, "time": 68296}, {"train": 20, "operation": 57, "time": 68296}, {"train": 11, "operation": 81, "time": 68313}, {"train": 4, "operation": 87, "time": 68345}, {"train": 5, "operation": 15, "time": 68400}, {"train": 5, "operation": 19, "time": 68400}, {"train": 6, "operation": 54, "time": 68410}, {"train": 19, "operation": 52, "time": 68410}, {"train": 6, "operation": 56, "time": 68410}, {"train": 3, "operation": 103, "time": 68458}, {"train": 4, "operation": 89, "time": 68465}, {"train": 20, "operation": 58, "time": 68467}, {"train": 20, "operation": 60, "time": 68467}, {"train": 19, "operation": 53, "time": 68496}, {"train": 5, "operation": 21, "time": 68524}, {"train": 5, "operation": 22, "time": 68524}, {"train": 19, "operation": 54, "time": 68526}, {"train": 3, "operation": 105, "time": 68578}, {"train": 20, "operation": 61, "time": 68580}, {"train": 20, "operation": 62, "time": 68580}, {"train": 6, "operation": 58, "time": 68581}, {"train": 6, "operation": 59, "time": 68641}, {"train": 5, "operation": 24, "time": 68647}, {"train": 5, "operation": 25, "time": 68647}, {"train": 11, "operation": 82, "time": 68683}, {"train": 5, "operation": 27, "time": 68695}, {"train": 5, "operation": 28, "time": 68695}, {"train": 19, "operation": 55, "time": 68697}, {"train": 20, "operation": 64, "time": 68706}, {"train": 20, "operation": 65, "time": 68706}, {"train": 11, "operation": 83, "time": 68713}, {"train": 5, "operation": 30, "time": 68790}, {"train": 19, "operation": 58, "time": 68817}, {"train": 5, "operation": 33, "time": 68820}, {"train": 11, "operation": 84, "time": 68827}, {"train": 11, "operation": 85, "time": 68827}, {"train": 6, "operation": 60, "time": 68869}, {"train": 6, "operation": 62, "time": 68869}, {"train": 5, "operation": 34, "time": 68910}, {"train": 20, "operation": 66, "time": 68923}, {"train": 20, "operation": 68, "time": 68923}, {"train": 5, "operation": 35, "time": 68940}, {"train": 11, "operation": 88, "time": 68941}, {"train": 11, "operation": 89, "time": 68941}, {"train": 6, "operation": 63, "time": 68952}, {"train": 6, "operation": 64, "time": 68952}, {"train": 6, "operation": 65, "time": 69040}, {"train": 6, "operation": 67, "time": 69040}, {"train": 5, "operation": 36, "time": 69120}, {"train": 20, "operation": 69, "time": 69208}, {"train": 20, "operation": 72, "time": 69208}, {"train": 6, "operation": 69, "time": 69296}, {"train": 5, "operation": 38, "time": 69296}, {"train": 6, "operation": 70, "time": 69326}, {"train": 6, "operation": 71, "time": 69468}, {"train": 6, "operation": 72, "time": 69498}, {"train": 5, "operation": 39, "time": 69581}, {"train": 5, "operation": 41, "time": 69581}, {"train": 13, "operation": 3, "time": 69600}, {"train": 13, "operation": 4, "time": 69600}, {"train": 6, "operation": 76, "time": 69640}, {"train": 5, "operation": 42, "time": 69650}, {"train": 5, "operation": 43, "time": 69650}, {"train": 18, "operation": 1, "time": 69660}, {"train": 18, "operation": 4, "time": 69660}, {"train": 20, "operation": 74, "time": 69664}, {"train": 20, "operation": 75, "time": 69664}, {"train": 6, "operation": 77, "time": 69670}, {"train": 13, "operation": 5, "time": 69735}, {"train": 13, "operation": 6, "time": 69735}, {"train": 5, "operation": 44, "time": 69752}, {"train": 5, "operation": 46, "time": 69752}, {"train": 6, "operation": 79, "time": 69765}, {"train": 6, "operation": 80, "time": 69765}, {"train": 18, "operation": 5, "time": 69810}, {"train": 6, "operation": 81, "time": 69813}, {"train": 6, "operation": 83, "time": 69813}, {"train": 18, "operation": 6, "time": 69840}, {"train": 13, "operation": 7, "time": 69870}, {"train": 13, "operation": 8, "time": 69900}, {"train": 6, "operation": 85, "time": 69970}, {"train": 6, "operation": 86, "time": 69970}, {"train": 5, "operation": 47, "time": 70008}, {"train": 18, "operation": 8, "time": 70020}, {"train": 5, "operation": 49, "time": 70038}, {"train": 7, "operation": 1, "time": 70080}, {"train": 7, "operation": 4, "time": 70080}, {"train": 6, "operation": 99, "time": 70127}, {"train": 20, "operation": 76, "time": 70177}, {"train": 20, "operation": 78, "time": 70177}, {"train": 5, "operation": 50, "time": 70209}, {"train": 18, "operation": 9, "time": 70209}, {"train": 5, "operation": 52, "time": 70209}, {"train": 13, "operation": 9, "time": 70230}, {"train": 6, "operation": 105, "time": 70247}, {"train": 13, "operation": 10, "time": 70260}, {"train": 5, "operation": 53, "time": 70266}, {"train": 5, "operation": 54, "time": 70266}, {"train": 7, "operation": 5, "time": 70343}, {"train": 7, "operation": 6, "time": 70343}, {"train": 5, "operation": 55, "time": 70380}, {"train": 5, "operation": 58, "time": 70380}, {"train": 18, "operation": 10, "time": 70410}, {"train": 18, "operation": 12, "time": 70440}, {"train": 13, "operation": 11, "time": 70530}, {"train": 13, "operation": 14, "time": 70560}, {"train": 5, "operation": 60, "time": 70620}, {"train": 5, "operation": 61, "time": 70620}, {"train": 20, "operation": 79, "time": 70706}, {"train": 20, "operation": 81, "time": 70706}, {"train": 7, "operation": 7, "time": 70710}, {"train": 7, "operation": 8, "time": 70740}, {"train": 12, "operation": 18, "time": 70800}, {"train": 5, "operation": 62, "time": 70800}, {"train": 12, "operation": 19, "time": 70800}, {"train": 5, "operation": 64, "time": 70800}, {"train": 13, "operation": 15, "time": 70830}, {"train": 18, "operation": 13, "time": 70830}, {"train": 13, "operation": 17, "time": 70860}, {"train": 18, "operation": 15, "time": 70860}, {"train": 12, "operation": 21, "time": 70935}, {"train": 12, "operation": 22, "time": 70935}, {"train": 7, "operation": 9, "time": 70950}, {"train": 5, "operation": 66, "time": 70980}, {"train": 7, "operation": 10, "time": 70980}, {"train": 5, "operation": 67, "time": 70980}, {"train": 18, "operation": 16, "time": 71010}, {"train": 18, "operation": 17, "time": 71040}, {"train": 12, "operation": 23, "time": 71070}, {"train": 5, "operation": 68, "time": 71070}, {"train": 12, "operation": 25, "time": 71100}, {"train": 5, "operation": 69, "time": 71100}, {"train": 12, "operation": 26, "time": 71150}, {"train": 12, "operation": 28, "time": 71150}, {"train": 13, "operation": 18, "time": 71160}, {"train": 18, "operation": 18, "time": 71160}, {"train": 18, "operation": 20, "time": 71160}, {"train": 12, "operation": 30, "time": 71250}, {"train": 12, "operation": 33, "time": 71280}, {"train": 7, "operation": 12, "time": 71310}, {"train": 5, "operation": 71, "time": 71340}, {"train": 7, "operation": 14, "time": 71340}, {"train": 13, "operation": 20, "time": 71340}, {"train": 5, "operation": 72, "time": 71340}, {"train": 12, "operation": 34, "time": 71370}, {"train": 12, "operation": 35, "time": 71400}, {"train": 18, "operation": 21, "time": 71460}, {"train": 13, "operation": 21, "time": 71490}, {"train": 13, "operation": 22, "time": 71520}, {"train": 12, "operation": 37, "time": 71550}, {"train": 12, "operation": 38, "time": 71580}, {"train": 18, "operation": 23, "time": 71580}, {"train": 5, "operation": 74, "time": 71610}, {"train": 5, "operation": 75, "time": 71640}, {"train": 13, "operation": 24, "time": 71700}, {"train": 13, "operation": 25, "time": 71700}, {"train": 18, "operation": 24, "time": 71730}, {"train": 18, "operation": 25, "time": 71760}, {"train": 12, "operation": 40, "time": 71880}, {"train": 13, "operation": 27, "time": 71880}, {"train": 12, "operation": 41, "time": 71880}, {"train": 13, "operation": 28, "time": 71880}, {"train": 12, "operation": 42, "time": 71910}, {"train": 18, "operation": 29, "time": 71910}, {"train": 5, "operation": 76, "time": 71910}, {"train": 12, "operation": 43, "time": 71940}, {"train": 18, "operation": 30, "time": 71940}, {"train": 5, "operation": 79, "time": 71940}, {"train": 18, "operation": 31, "time": 72000}, {"train": 18, "operation": 33, "time": 72000}, {"train": 18, "operation": 34, "time": 72030}, {"train": 13, "operation": 30, "time": 72060}, {"train": 18, "operation": 36, "time": 72060}, {"train": 13, "operation": 31, "time": 72060}, {"train": 12, "operation": 44, "time": 72090}, {"train": 5, "operation": 80, "time": 72110}, {"train": 12, "operation": 46, "time": 72120}, {"train": 5, "operation": 81, "time": 72120}, {"train": 7, "operation": 15, "time": 72160}, {"train": 7, "operation": 16, "time": 72180}, {"train": 18, "operation": 37, "time": 72240}, {"train": 18, "operation": 39, "time": 72240}, {"train": 13, "operation": 34, "time": 72270}, {"train": 13, "operation": 35, "time": 72300}, {"train": 21, "operation": 18, "time": 72313}, {"train": 21, "operation": 21, "time": 72313}, {"train": 13, "operation": 36, "time": 72390}, {"train": 13, "operation": 37, "time": 72420}, {"train": 18, "operation": 57, "time": 72420}, {"train": 12, "operation": 48, "time": 72480}, {"train": 5, "operation": 82, "time": 72510}, {"train": 12, "operation": 49, "time": 72540}, {"train": 5, "operation": 83, "time": 72540}, {"train": 18, "operation": 58, "time": 72540}, {"train": 13, "operation": 38, "time": 72660}, {"train": 5, "operation": 84, "time": 72705}, {"train": 5, "operation": 85, "time": 72705}, {"train": 7, "operation": 19, "time": 72780}, {"train": 12, "operation": 51, "time": 72810}, {"train": 12, "operation": 52, "time": 72840}, {"train": 13, "operation": 40, "time": 72840}, {"train": 21, "operation": 25, "time": 72840}, {"train": 5, "operation": 86, "time": 72870}, {"train": 5, "operation": 89, "time": 72900}, {"train": 7, "operation": 20, "time": 72900}, {"train": 12, "operation": 53, "time": 72940}, {"train": 12, "operation": 54, "time": 72960}, {"train": 7, "operation": 21, "time": 73035}, {"train": 7, "operation": 22, "time": 73035}, {"train": 13, "operation": 41, "time": 73080}, {"train": 12, "operation": 55, "time": 73110}, {"train": 12, "operation": 58, "time": 73140}, {"train": 21, "operation": 26, "time": 73140}, {"train": 7, "operation": 23, "time": 73170}, {"train": 13, "operation": 43, "time": 73200}, {"train": 14, "operation": 16, "time": 73200}, {"train": 7, "operation": 24, "time": 73200}, {"train": 14, "operation": 19, "time": 73200}, {"train": 5, "operation": 90, "time": 73310}, {"train": 5, "operation": 91, "time": 73320}, {"train": 14, "operation": 20, "time": 73335}, {"train": 14, "operation": 22, "time": 73335}, {"train": 12, "operation": 60, "time": 73380}, {"train": 12, "operation": 61, "time": 73380}, {"train": 13, "operation": 44, "time": 73470}, {"train": 14, "operation": 24, "time": 73470}, {"train": 13, "operation": 46, "time": 73500}, {"train": 14, "operation": 25, "time": 73500}, {"train": 14, "operation": 27, "time": 73550}, {"train": 7, "operation": 25, "time": 73550}, {"train": 14, "operation": 28, "time": 73550}, {"train": 12, "operation": 62, "time": 73560}, {"train": 7, "operation": 26, "time": 73560}, {"train": 12, "operation": 64, "time": 73560}, {"train": 13, "operation": 47, "time": 73590}, {"train": 13, "operation": 48, "time": 73620}, {"train": 14, "operation": 32, "time": 73650}, {"train": 14, "operation": 33, "time": 73680}, {"train": 12, "operation": 65, "time": 73740}, {"train": 13, "operation": 50, "time": 73740}, {"train": 12, "operation": 67, "time": 73740}, {"train": 13, "operation": 51, "time": 73740}, {"train": 12, "operation": 68, "time": 73770}, {"train": 14, "operation": 34, "time": 73770}, {"train": 12, "operation": 69, "time": 73800}, {"train": 14, "operation": 35, "time": 73800}, {"train": 7, "operation": 27, "time": 73830}, {"train": 7, "operation": 30, "time": 73860}, {"train": 14, "operation": 36, "time": 73980}, {"train": 12, "operation": 70, "time": 74040}, {"train": 13, "operation": 53, "time": 74070}, {"train": 13, "operation": 54, "time": 74100}, {"train": 14, "operation": 38, "time": 74100}, {"train": 7, "operation": 32, "time": 74130}, {"train": 7, "operation": 33, "time": 74160}, {"train": 13, "operation": 55, "time": 74190}, {"train": 13, "operation": 56, "time": 74220}, {"train": 5, "operation": 94, "time": 74310}, {"train": 5, "operation": 95, "time": 74340}, {"train": 13, "operation": 59, "time": 74370}, {"train": 13, "operation": 61, "time": 74400}, {"train": 14, "operation": 40, "time": 74400}, {"train": 7, "operation": 35, "time": 74400}, {"train": 14, "operation": 41, "time": 74400}, {"train": 12, "operation": 72, "time": 74400}, {"train": 7, "operation": 36, "time": 74400}, {"train": 14, "operation": 42, "time": 74430}, {"train": 13, "operation": 62, "time": 74460}, {"train": 14, "operation": 43, "time": 74460}, {"train": 13, "operation": 64, "time": 74460}, {"train": 13, "operation": 66, "time": 74490}, {"train": 13, "operation": 67, "time": 74520}, {"train": 7, "operation": 37, "time": 74550}, {"train": 7, "operation": 38, "time": 74580}, {"train": 14, "operation": 45, "time": 74610}, {"train": 5, "operation": 96, "time": 74610}, {"train": 14, "operation": 46, "time": 74640}, {"train": 5, "operation": 97, "time": 74640}, {"train": 12, "operation": 73, "time": 74670}, {"train": 12, "operation": 75, "time": 74700}, {"train": 13, "operation": 69, "time": 74700}, {"train": 7, "operation": 39, "time": 74700}, {"train": 13, "operation": 70, "time": 74700}, {"train": 7, "operation": 41, "time": 74700}, {"train": 13, "operation": 88, "time": 74880}, {"train": 7, "operation": 42, "time": 74899}, {"train": 7, "operation": 44, "time": 74899}, {"train": 5, "operation": 98, "time": 74910}, {"train": 5, "operation": 99, "time": 74940}, {"train": 12, "operation": 78, "time": 74970}, {"train": 14, "operation": 47, "time": 74970}, {"train": 12, "operation": 79, "time": 75000}, {"train": 14, "operation": 49, "time": 75000}, {"train": 13, "operation": 89, "time": 75000}, {"train": 7, "operation": 46, "time": 75060}, {"train": 7, "operation": 47, "time": 75060}, {"train": 12, "operation": 80, "time": 75220}, {"train": 12, "operation": 81, "time": 75240}, {"train": 7, "operation": 48, "time": 75240}, {"train": 7, "operation": 51, "time": 75240}, {"train": 5, "operation": 100, "time": 75290}, {"train": 5, "operation": 101, "time": 75290}, {"train": 14, "operation": 51, "time": 75300}, {"train": 7, "operation": 52, "time": 75300}, {"train": 7, "operation": 53, "time": 75300}, {"train": 7, "operation": 54, "time": 75480}, {"train": 14, "operation": 52, "time": 75480}, {"train": 7, "operation": 56, "time": 75480}, {"train": 5, "operation": 104, "time": 75540}, {"train": 14, "operation": 53, "time": 75570}, {"train": 14, "operation": 54, "time": 75600}, {"train": 7, "operation": 58, "time": 75610}, {"train": 12, "operation": 82, "time": 75630}, {"train": 12, "operation": 83, "time": 75660}, {"train": 7, "operation": 59, "time": 75660}, {"train": 5, "operation": 105, "time": 75660}, {"train": 14, "operation": 55, "time": 75750}, {"train": 14, "operation": 58, "time": 75780}, {"train": 12, "operation": 84, "time": 75840}, {"train": 12, "operation": 85, "time": 75840}, {"train": 7, "operation": 61, "time": 75960}, {"train": 7, "operation": 62, "time": 75960}, {"train": 14, "operation": 60, "time": 76020}, {"train": 7, "operation": 63, "time": 76020}, {"train": 12, "operation": 86, "time": 76020}, {"train": 14, "operation": 61, "time": 76020}, {"train": 7, "operation": 64, "time": 76020}, {"train": 12, "operation": 89, "time": 76020}, {"train": 7, "operation": 66, "time": 76140}, {"train": 7, "operation": 67, "time": 76140}, {"train": 14, "operation": 62, "time": 76200}, {"train": 14, "operation": 64, "time": 76200}, {"train": 14, "operation": 65, "time": 76380}, {"train": 14, "operation": 67, "time": 76380}, {"train": 14, "operation": 68, "time": 76410}, {"train": 7, "operation": 69, "time": 76410}, {"train": 14, "operation": 69, "time": 76440}, {"train": 7, "operation": 70, "time": 76440}, {"train": 7, "operation": 71, "time": 76590}, {"train": 7, "operation": 72, "time": 76620}, {"train": 14, "operation": 70, "time": 76680}, {"train": 14, "operation": 72, "time": 76680}, {"train": 7, "operation": 73, "time": 76770}, {"train": 7, "operation": 77, "time": 76800}, {"train": 14, "operation": 73, "time": 76890}, {"train": 7, "operation": 78, "time": 76900}, {"train": 7, "operation": 80, "time": 76900}, {"train": 14, "operation": 75, "time": 76920}, {"train": 7, "operation": 81, "time": 76950}, {"train": 7, "operation": 83, "time": 76950}, {"train": 7, "operation": 84, "time": 77115}, {"train": 7, "operation": 86, "time": 77115}, {"train": 14, "operation": 78, "time": 77220}, {"train": 7, "operation": 100, "time": 77280}, {"train": 14, "operation": 79, "time": 77400}, {"train": 7, "operation": 105, "time": 77400}, {"train": 14, "operation": 80, "time": 77620}, {"train": 14, "operation": 81, "time": 77640}, {"train": 14, "operation": 82, "time": 78030}, {"train": 14, "operation": 83, "time": 78060}, {"train": 14, "operation": 84, "time": 78210}, {"train": 14, "operation": 85, "time": 78210}, {"train": 14, "operation": 88, "time": 78360}, {"train": 14, "operation": 89, "time": 78480}]}