{"objective_value": 5500, "events": [{"train": 0, "operation": 0, "time": 0}, {"train": 10, "operation": 0, "time": 0}, {"train": 11, "operation": 0, "time": 0}, {"train": 12, "operation": 0, "time": 0}, {"train": 13, "operation": 0, "time": 0}, {"train": 14, "operation": 0, "time": 0}, {"train": 15, "operation": 0, "time": 0}, {"train": 16, "operation": 0, "time": 0}, {"train": 17, "operation": 0, "time": 0}, {"train": 18, "operation": 0, "time": 0}, {"train": 19, "operation": 0, "time": 0}, {"train": 1, "operation": 0, "time": 0}, {"train": 20, "operation": 0, "time": 0}, {"train": 21, "operation": 0, "time": 0}, {"train": 22, "operation": 0, "time": 0}, {"train": 2, "operation": 0, "time": 0}, {"train": 3, "operation": 0, "time": 0}, {"train": 4, "operation": 0, "time": 0}, {"train": 5, "operation": 0, "time": 0}, {"train": 6, "operation": 0, "time": 0}, {"train": 7, "operation": 0, "time": 0}, {"train": 8, "operation": 0, "time": 0}, {"train": 9, "operation": 0, "time": 0}, {"train": 0, "operation": 1, "time": 58920}, {"train": 17, "operation": 1, "time": 59580}, {"train": 1, "operation": 1, "time": 59640}, {"train": 8, "operation": 1, "time": 59640}, {"train": 9, "operation": 1, "time": 59640}, {"train": 2, "operation": 1, "time": 59700}, {"train": 15, "operation": 1, "time": 59880}, {"train": 17, "operation": 2, "time": 59880}, {"train": 1, "operation": 2, "time": 59880}, {"train": 9, "operation": 3, "time": 59880}, {"train": 0, "operation": 4, "time": 59940}, {"train": 15, "operation": 3, "time": 59970}, {"train": 10, "operation": 16, "time": 60000}, {"train": 2, "operation": 2, "time": 60000}, {"train": 8, "operation": 2, "time": 60030}, {"train": 8, "operation": 3, "time": 60060}, {"train": 22, "operation": 18, "time": 60240}, {"train": 22, "operation": 21, "time": 60240}, {"train": 1, "operation": 4, "time": 60299}, {"train": 8, "operation": 4, "time": 60360}, {"train": 8, "operation": 5, "time": 60360}, {"train": 15, "operation": 6, "time": 60399}, {"train": 17, "operation": 4, "time": 60421}, {"train": 17, "operation": 5, "time": 60449}, {"train": 1, "operation": 5, "time": 60470}, {"train": 1, "operation": 7, "time": 60470}, {"train": 17, "operation": 6, "time": 60479}, {"train": 15, "operation": 8, "time": 60494}, {"train": 15, "operation": 9, "time": 60494}, {"train": 15, "operation": 11, "time": 60542}, {"train": 10, "operation": 19, "time": 60557}, {"train": 2, "operation": 4, "time": 60567}, {"train": 15, "operation": 12, "time": 60572}, {"train": 1, "operation": 8, "time": 60641}, {"train": 8, "operation": 7, "time": 60660}, {"train": 8, "operation": 9, "time": 60660}, {"train": 17, "operation": 7, "time": 60679}, {"train": 10, "operation": 20, "time": 60685}, {"train": 10, "operation": 22, "time": 60685}, {"train": 0, "operation": 5, "time": 60696}, {"train": 17, "operation": 9, "time": 60709}, {"train": 2, "operation": 5, "time": 60709}, {"train": 15, "operation": 13, "time": 60714}, {"train": 15, "operation": 15, "time": 60714}, {"train": 2, "operation": 6, "time": 60739}, {"train": 10, "operation": 23, "time": 60813}, {"train": 10, "operation": 25, "time": 60843}, {"train": 2, "operation": 8, "time": 60853}, {"train": 1, "operation": 10, "time": 60853}, {"train": 2, "operation": 9, "time": 60853}, {"train": 15, "operation": 21, "time": 60856}, {"train": 9, "operation": 4, "time": 60883}, {"train": 10, "operation": 27, "time": 60891}, {"train": 10, "operation": 28, "time": 60891}, {"train": 22, "operation": 22, "time": 60900}, {"train": 1, "operation": 11, "time": 60939}, {"train": 0, "operation": 6, "time": 60952}, {"train": 1, "operation": 12, "time": 60969}, {"train": 15, "operation": 34, "time": 60976}, {"train": 0, "operation": 7, "time": 60982}, {"train": 2, "operation": 11, "time": 60985}, {"train": 2, "operation": 12, "time": 60985}, {"train": 10, "operation": 31, "time": 60986}, {"train": 10, "operation": 33, "time": 61016}, {"train": 17, "operation": 11, "time": 61023}, {"train": 17, "operation": 12, "time": 61053}, {"train": 9, "operation": 6, "time": 61083}, {"train": 10, "operation": 34, "time": 61102}, {"train": 22, "operation": 26, "time": 61102}, {"train": 9, "operation": 7, "time": 61113}, {"train": 10, "operation": 35, "time": 61132}, {"train": 2, "operation": 14, "time": 61138}, {"train": 2, "operation": 15, "time": 61138}, {"train": 1, "operation": 13, "time": 61140}, {"train": 1, "operation": 15, "time": 61140}, {"train": 3, "operation": 10, "time": 61200}, {"train": 3, "operation": 19, "time": 61200}, {"train": 22, "operation": 27, "time": 61229}, {"train": 0, "operation": 8, "time": 61238}, {"train": 0, "operation": 9, "time": 61268}, {"train": 2, "operation": 18, "time": 61309}, {"train": 2, "operation": 19, "time": 61309}, {"train": 3, "operation": 20, "time": 61324}, {"train": 3, "operation": 22, "time": 61324}, {"train": 10, "operation": 37, "time": 61332}, {"train": 22, "operation": 28, "time": 61332}, {"train": 17, "operation": 14, "time": 61338}, {"train": 1, "operation": 17, "time": 61340}, {"train": 10, "operation": 38, "time": 61362}, {"train": 2, "operation": 20, "time": 61366}, {"train": 2, "operation": 21, "time": 61366}, {"train": 9, "operation": 10, "time": 61369}, {"train": 1, "operation": 18, "time": 61370}, {"train": 9, "operation": 11, "time": 61399}, {"train": 3, "operation": 23, "time": 61447}, {"train": 3, "operation": 25, "time": 61447}, {"train": 22, "operation": 29, "time": 61490}, {"train": 3, "operation": 27, "time": 61495}, {"train": 3, "operation": 28, "time": 61495}, {"train": 2, "operation": 22, "time": 61537}, {"train": 17, "operation": 15, "time": 61537}, {"train": 2, "operation": 24, "time": 61537}, {"train": 9, "operation": 12, "time": 61586}, {"train": 9, "operation": 13, "time": 61586}, {"train": 3, "operation": 31, "time": 61590}, {"train": 0, "operation": 10, "time": 61600}, {"train": 0, "operation": 11, "time": 61600}, {"train": 3, "operation": 33, "time": 61620}, {"train": 1, "operation": 20, "time": 61626}, {"train": 10, "operation": 40, "time": 61647}, {"train": 10, "operation": 41, "time": 61647}, {"train": 22, "operation": 31, "time": 61647}, {"train": 1, "operation": 22, "time": 61656}, {"train": 10, "operation": 42, "time": 61675}, {"train": 17, "operation": 16, "time": 61679}, {"train": 10, "operation": 43, "time": 61705}, {"train": 17, "operation": 17, "time": 61709}, {"train": 3, "operation": 34, "time": 61710}, {"train": 2, "operation": 26, "time": 61717}, {"train": 3, "operation": 35, "time": 61740}, {"train": 2, "operation": 27, "time": 61767}, {"train": 1, "operation": 23, "time": 61818}, {"train": 0, "operation": 13, "time": 61838}, {"train": 10, "operation": 45, "time": 61876}, {"train": 17, "operation": 18, "time": 61880}, {"train": 9, "operation": 14, "time": 61902}, {"train": 1, "operation": 24, "time": 61902}, {"train": 9, "operation": 15, "time": 61902}, {"train": 3, "operation": 37, "time": 61920}, {"train": 0, "operation": 15, "time": 61958}, {"train": 22, "operation": 32, "time": 61989}, {"train": 17, "operation": 21, "time": 62000}, {"train": 4, "operation": 1, "time": 62040}, {"train": 2, "operation": 28, "time": 62052}, {"train": 2, "operation": 30, "time": 62052}, {"train": 10, "operation": 46, "time": 62056}, {"train": 2, "operation": 31, "time": 62135}, {"train": 2, "operation": 32, "time": 62135}, {"train": 9, "operation": 16, "time": 62220}, {"train": 9, "operation": 17, "time": 62220}, {"train": 2, "operation": 34, "time": 62223}, {"train": 22, "operation": 34, "time": 62223}, {"train": 2, "operation": 35, "time": 62223}, {"train": 1, "operation": 25, "time": 62272}, {"train": 1, "operation": 26, "time": 62302}, {"train": 10, "operation": 48, "time": 62341}, {"train": 22, "operation": 35, "time": 62375}, {"train": 22, "operation": 36, "time": 62375}, {"train": 6, "operation": 2, "time": 62400}, {"train": 6, "operation": 4, "time": 62400}, {"train": 10, "operation": 49, "time": 62401}, {"train": 1, "operation": 27, "time": 62444}, {"train": 2, "operation": 36, "time": 62479}, {"train": 3, "operation": 38, "time": 62479}, {"train": 2, "operation": 38, "time": 62509}, {"train": 22, "operation": 37, "time": 62516}, {"train": 22, "operation": 39, "time": 62516}, {"train": 16, "operation": 2, "time": 62520}, {"train": 9, "operation": 19, "time": 62538}, {"train": 1, "operation": 28, "time": 62538}, {"train": 9, "operation": 21, "time": 62538}, {"train": 2, "operation": 39, "time": 62595}, {"train": 10, "operation": 50, "time": 62601}, {"train": 2, "operation": 40, "time": 62625}, {"train": 10, "operation": 52, "time": 62631}, {"train": 6, "operation": 5, "time": 62663}, {"train": 6, "operation": 6, "time": 62663}, {"train": 1, "operation": 31, "time": 62680}, {"train": 4, "operation": 4, "time": 62680}, {"train": 10, "operation": 53, "time": 62726}, {"train": 1, "operation": 32, "time": 62740}, {"train": 10, "operation": 54, "time": 62746}, {"train": 3, "operation": 39, "time": 62764}, {"train": 3, "operation": 41, "time": 62764}, {"train": 2, "operation": 41, "time": 62767}, {"train": 2, "operation": 45, "time": 62797}, {"train": 4, "operation": 5, "time": 62808}, {"train": 4, "operation": 6, "time": 62808}, {"train": 3, "operation": 42, "time": 62821}, {"train": 3, "operation": 43, "time": 62821}, {"train": 10, "operation": 55, "time": 62888}, {"train": 16, "operation": 4, "time": 62888}, {"train": 22, "operation": 41, "time": 62907}, {"train": 2, "operation": 46, "time": 62908}, {"train": 2, "operation": 48, "time": 62908}, {"train": 10, "operation": 58, "time": 62918}, {"train": 3, "operation": 45, "time": 62935}, {"train": 3, "operation": 46, "time": 62935}, {"train": 4, "operation": 7, "time": 62936}, {"train": 2, "operation": 49, "time": 62963}, {"train": 2, "operation": 51, "time": 62963}, {"train": 4, "operation": 8, "time": 62966}, {"train": 16, "operation": 5, "time": 62974}, {"train": 16, "operation": 6, "time": 63004}, {"train": 6, "operation": 7, "time": 63030}, {"train": 6, "operation": 8, "time": 63060}, {"train": 1, "operation": 33, "time": 63130}, {"train": 2, "operation": 53, "time": 63137}, {"train": 2, "operation": 54, "time": 63137}, {"train": 1, "operation": 34, "time": 63140}, {"train": 10, "operation": 60, "time": 63146}, {"train": 10, "operation": 61, "time": 63146}, {"train": 16, "operation": 8, "time": 63175}, {"train": 3, "operation": 47, "time": 63191}, {"train": 3, "operation": 49, "time": 63221}, {"train": 4, "operation": 9, "time": 63280}, {"train": 6, "operation": 9, "time": 63300}, {"train": 2, "operation": 57, "time": 63310}, {"train": 4, "operation": 10, "time": 63310}, {"train": 10, "operation": 62, "time": 63317}, {"train": 10, "operation": 64, "time": 63317}, {"train": 6, "operation": 10, "time": 63360}, {"train": 3, "operation": 50, "time": 63392}, {"train": 16, "operation": 9, "time": 63392}, {"train": 3, "operation": 52, "time": 63392}, {"train": 2, "operation": 73, "time": 63430}, {"train": 3, "operation": 53, "time": 63449}, {"train": 3, "operation": 54, "time": 63449}, {"train": 10, "operation": 65, "time": 63488}, {"train": 10, "operation": 67, "time": 63488}, {"train": 10, "operation": 68, "time": 63516}, {"train": 10, "operation": 69, "time": 63546}, {"train": 3, "operation": 57, "time": 63563}, {"train": 3, "operation": 58, "time": 63563}, {"train": 4, "operation": 13, "time": 63566}, {"train": 16, "operation": 10, "time": 63592}, {"train": 11, "operation": 16, "time": 63600}, {"train": 11, "operation": 19, "time": 63600}, {"train": 16, "operation": 12, "time": 63622}, {"train": 4, "operation": 14, "time": 63656}, {"train": 22, "operation": 42, "time": 63687}, {"train": 6, "operation": 13, "time": 63690}, {"train": 10, "operation": 71, "time": 63717}, {"train": 10, "operation": 72, "time": 63717}, {"train": 11, "operation": 21, "time": 63735}, {"train": 11, "operation": 22, "time": 63735}, {"train": 3, "operation": 59, "time": 63791}, {"train": 3, "operation": 61, "time": 63791}, {"train": 11, "operation": 23, "time": 63870}, {"train": 16, "operation": 13, "time": 63878}, {"train": 11, "operation": 25, "time": 63900}, {"train": 16, "operation": 15, "time": 63908}, {"train": 10, "operation": 73, "time": 63917}, {"train": 4, "operation": 16, "time": 63941}, {"train": 10, "operation": 75, "time": 63947}, {"train": 11, "operation": 26, "time": 63950}, {"train": 11, "operation": 28, "time": 63950}, {"train": 3, "operation": 62, "time": 63962}, {"train": 3, "operation": 64, "time": 63962}, {"train": 22, "operation": 43, "time": 63972}, {"train": 22, "operation": 45, "time": 63972}, {"train": 16, "operation": 16, "time": 63994}, {"train": 16, "operation": 17, "time": 64024}, {"train": 11, "operation": 31, "time": 64050}, {"train": 11, "operation": 33, "time": 64080}, {"train": 1, "operation": 35, "time": 64109}, {"train": 6, "operation": 14, "time": 64109}, {"train": 22, "operation": 46, "time": 64113}, {"train": 22, "operation": 47, "time": 64113}, {"train": 4, "operation": 17, "time": 64121}, {"train": 3, "operation": 66, "time": 64133}, {"train": 3, "operation": 67, "time": 64133}, {"train": 16, "operation": 18, "time": 64138}, {"train": 16, "operation": 20, "time": 64138}, {"train": 3, "operation": 68, "time": 64161}, {"train": 11, "operation": 34, "time": 64170}, {"train": 3, "operation": 69, "time": 64191}, {"train": 11, "operation": 35, "time": 64200}, {"train": 22, "operation": 50, "time": 64200}, {"train": 22, "operation": 51, "time": 64200}, {"train": 10, "operation": 76, "time": 64203}, {"train": 10, "operation": 79, "time": 64233}, {"train": 1, "operation": 38, "time": 64289}, {"train": 11, "operation": 37, "time": 64320}, {"train": 3, "operation": 71, "time": 64362}, {"train": 4, "operation": 18, "time": 64406}, {"train": 3, "operation": 72, "time": 64406}, {"train": 10, "operation": 80, "time": 64442}, {"train": 10, "operation": 81, "time": 64462}, {"train": 16, "operation": 21, "time": 64480}, {"train": 11, "operation": 38, "time": 64480}, {"train": 22, "operation": 52, "time": 64542}, {"train": 1, "operation": 39, "time": 64545}, {"train": 1, "operation": 40, "time": 64575}, {"train": 4, "operation": 20, "time": 64586}, {"train": 3, "operation": 74, "time": 64606}, {"train": 3, "operation": 75, "time": 64636}, {"train": 16, "operation": 23, "time": 64660}, {"train": 4, "operation": 21, "time": 64728}, {"train": 16, "operation": 24, "time": 64746}, {"train": 4, "operation": 22, "time": 64758}, {"train": 11, "operation": 40, "time": 64765}, {"train": 11, "operation": 41, "time": 64765}, {"train": 16, "operation": 25, "time": 64776}, {"train": 1, "operation": 41, "time": 64831}, {"train": 10, "operation": 82, "time": 64832}, {"train": 11, "operation": 42, "time": 64851}, {"train": 1, "operation": 42, "time": 64861}, {"train": 10, "operation": 83, "time": 64862}, {"train": 4, "operation": 23, "time": 64872}, {"train": 4, "operation": 25, "time": 64872}, {"train": 11, "operation": 43, "time": 64881}, {"train": 6, "operation": 15, "time": 64888}, {"train": 3, "operation": 78, "time": 64892}, {"train": 6, "operation": 16, "time": 64908}, {"train": 20, "operation": 18, "time": 64920}, {"train": 20, "operation": 21, "time": 64920}, {"train": 3, "operation": 79, "time": 64922}, {"train": 16, "operation": 29, "time": 64947}, {"train": 11, "operation": 45, "time": 64967}, {"train": 11, "operation": 46, "time": 64997}, {"train": 16, "operation": 30, "time": 65007}, {"train": 4, "operation": 27, "time": 65043}, {"train": 4, "operation": 28, "time": 65043}, {"train": 16, "operation": 31, "time": 65064}, {"train": 16, "operation": 33, "time": 65064}, {"train": 16, "operation": 35, "time": 65092}, {"train": 16, "operation": 36, "time": 65122}, {"train": 3, "operation": 80, "time": 65140}, {"train": 3, "operation": 81, "time": 65150}, {"train": 10, "operation": 84, "time": 65176}, {"train": 10, "operation": 85, "time": 65176}, {"train": 1, "operation": 43, "time": 65193}, {"train": 1, "operation": 44, "time": 65193}, {"train": 4, "operation": 30, "time": 65214}, {"train": 22, "operation": 54, "time": 65214}, {"train": 4, "operation": 31, "time": 65214}, {"train": 11, "operation": 48, "time": 65282}, {"train": 16, "operation": 38, "time": 65322}, {"train": 16, "operation": 39, "time": 65322}, {"train": 11, "operation": 49, "time": 65342}, {"train": 6, "operation": 17, "time": 65364}, {"train": 4, "operation": 32, "time": 65414}, {"train": 1, "operation": 47, "time": 65431}, {"train": 4, "operation": 35, "time": 65444}, {"train": 10, "operation": 87, "time": 65490}, {"train": 10, "operation": 89, "time": 65490}, {"train": 22, "operation": 55, "time": 65499}, {"train": 22, "operation": 57, "time": 65499}, {"train": 3, "operation": 82, "time": 65520}, {"train": 16, "operation": 49, "time": 65522}, {"train": 4, "operation": 36, "time": 65530}, {"train": 3, "operation": 83, "time": 65550}, {"train": 1, "operation": 48, "time": 65551}, {"train": 4, "operation": 37, "time": 65560}, {"train": 20, "operation": 22, "time": 65580}, {"train": 20, "operation": 26, "time": 65580}, {"train": 11, "operation": 51, "time": 65598}, {"train": 16, "operation": 58, "time": 65642}, {"train": 22, "operation": 58, "time": 65670}, {"train": 22, "operation": 60, "time": 65670}, {"train": 20, "operation": 27, "time": 65692}, {"train": 20, "operation": 28, "time": 65692}, {"train": 4, "operation": 38, "time": 65731}, {"train": 11, "operation": 52, "time": 65731}, {"train": 3, "operation": 84, "time": 65750}, {"train": 3, "operation": 85, "time": 65750}, {"train": 22, "operation": 61, "time": 65815}, {"train": 22, "operation": 62, "time": 65815}, {"train": 20, "operation": 29, "time": 65820}, {"train": 20, "operation": 31, "time": 65820}, {"train": 11, "operation": 53, "time": 65826}, {"train": 11, "operation": 54, "time": 65846}, {"train": 3, "operation": 87, "time": 65950}, {"train": 22, "operation": 63, "time": 65955}, {"train": 22, "operation": 65, "time": 65955}, {"train": 6, "operation": 20, "time": 65964}, {"train": 11, "operation": 56, "time": 65988}, {"train": 19, "operation": 18, "time": 66000}, {"train": 19, "operation": 19, "time": 66000}, {"train": 3, "operation": 89, "time": 66010}, {"train": 11, "operation": 58, "time": 66018}, {"train": 4, "operation": 40, "time": 66091}, {"train": 6, "operation": 21, "time": 66092}, {"train": 6, "operation": 22, "time": 66092}, {"train": 19, "operation": 20, "time": 66135}, {"train": 19, "operation": 22, "time": 66135}, {"train": 22, "operation": 67, "time": 66183}, {"train": 22, "operation": 68, "time": 66183}, {"train": 6, "operation": 23, "time": 66220}, {"train": 11, "operation": 60, "time": 66246}, {"train": 11, "operation": 61, "time": 66246}, {"train": 6, "operation": 24, "time": 66250}, {"train": 19, "operation": 24, "time": 66270}, {"train": 19, "operation": 25, "time": 66300}, {"train": 20, "operation": 33, "time": 66300}, {"train": 4, "operation": 42, "time": 66329}, {"train": 19, "operation": 27, "time": 66350}, {"train": 19, "operation": 28, "time": 66350}, {"train": 4, "operation": 43, "time": 66379}, {"train": 3, "operation": 90, "time": 66400}, {"train": 3, "operation": 91, "time": 66410}, {"train": 11, "operation": 63, "time": 66417}, {"train": 11, "operation": 64, "time": 66417}, {"train": 19, "operation": 29, "time": 66450}, {"train": 22, "operation": 69, "time": 66468}, {"train": 22, "operation": 72, "time": 66468}, {"train": 19, "operation": 33, "time": 66480}, {"train": 20, "operation": 34, "time": 66480}, {"train": 19, "operation": 34, "time": 66570}, {"train": 6, "operation": 25, "time": 66582}, {"train": 11, "operation": 66, "time": 66588}, {"train": 11, "operation": 67, "time": 66588}, {"train": 6, "operation": 26, "time": 66592}, {"train": 19, "operation": 35, "time": 66600}, {"train": 20, "operation": 35, "time": 66612}, {"train": 20, "operation": 36, "time": 66612}, {"train": 4, "operation": 45, "time": 66635}, {"train": 11, "operation": 68, "time": 66674}, {"train": 11, "operation": 69, "time": 66704}, {"train": 20, "operation": 37, "time": 66737}, {"train": 20, "operation": 39, "time": 66737}, {"train": 4, "operation": 46, "time": 66737}, {"train": 19, "operation": 36, "time": 66780}, {"train": 4, "operation": 47, "time": 66823}, {"train": 6, "operation": 28, "time": 66848}, {"train": 4, "operation": 48, "time": 66853}, {"train": 19, "operation": 38, "time": 66900}, {"train": 11, "operation": 71, "time": 66932}, {"train": 6, "operation": 30, "time": 66938}, {"train": 22, "operation": 73, "time": 66981}, {"train": 22, "operation": 75, "time": 66981}, {"train": 20, "operation": 40, "time": 67020}, {"train": 20, "operation": 42, "time": 67020}, {"train": 4, "operation": 49, "time": 67024}, {"train": 6, "operation": 31, "time": 67194}, {"train": 19, "operation": 40, "time": 67200}, {"train": 20, "operation": 44, "time": 67200}, {"train": 19, "operation": 41, "time": 67200}, {"train": 4, "operation": 51, "time": 67200}, {"train": 20, "operation": 45, "time": 67200}, {"train": 6, "operation": 33, "time": 67224}, {"train": 19, "operation": 42, "time": 67230}, {"train": 19, "operation": 43, "time": 67260}, {"train": 3, "operation": 92, "time": 67350}, {"train": 20, "operation": 46, "time": 67351}, {"train": 20, "operation": 47, "time": 67351}, {"train": 3, "operation": 95, "time": 67380}, {"train": 19, "operation": 45, "time": 67410}, {"train": 19, "operation": 46, "time": 67440}, {"train": 6, "operation": 34, "time": 67452}, {"train": 11, "operation": 72, "time": 67452}, {"train": 6, "operation": 36, "time": 67452}, {"train": 20, "operation": 50, "time": 67459}, {"train": 20, "operation": 51, "time": 67459}, {"train": 22, "operation": 77, "time": 67494}, {"train": 22, "operation": 78, "time": 67494}, {"train": 4, "operation": 53, "time": 67570}, {"train": 6, "operation": 37, "time": 67594}, {"train": 4, "operation": 54, "time": 67600}, {"train": 6, "operation": 38, "time": 67624}, {"train": 3, "operation": 96, "time": 67636}, {"train": 3, "operation": 97, "time": 67666}, {"train": 4, "operation": 55, "time": 67686}, {"train": 11, "operation": 74, "time": 67708}, {"train": 4, "operation": 56, "time": 67716}, {"train": 11, "operation": 75, "time": 67738}, {"train": 6, "operation": 40, "time": 67738}, {"train": 6, "operation": 41, "time": 67738}, {"train": 19, "operation": 47, "time": 67770}, {"train": 19, "operation": 49, "time": 67800}, {"train": 20, "operation": 52, "time": 67800}, {"train": 4, "operation": 59, "time": 67858}, {"train": 4, "operation": 61, "time": 67888}, {"train": 3, "operation": 98, "time": 67922}, {"train": 6, "operation": 42, "time": 67927}, {"train": 6, "operation": 44, "time": 67927}, {"train": 4, "operation": 63, "time": 67945}, {"train": 4, "operation": 64, "time": 67945}, {"train": 3, "operation": 99, "time": 67952}, {"train": 4, "operation": 65, "time": 67973}, {"train": 11, "operation": 76, "time": 67994}, {"train": 4, "operation": 67, "time": 68003}, {"train": 22, "operation": 79, "time": 68007}, {"train": 22, "operation": 81, "time": 68007}, {"train": 11, "operation": 79, "time": 68024}, {"train": 6, "operation": 46, "time": 68080}, {"train": 20, "operation": 54, "time": 68080}, {"train": 6, "operation": 47, "time": 68080}, {"train": 19, "operation": 51, "time": 68100}, {"train": 4, "operation": 68, "time": 68174}, {"train": 4, "operation": 70, "time": 68174}, {"train": 11, "operation": 80, "time": 68233}, {"train": 6, "operation": 48, "time": 68251}, {"train": 6, "operation": 51, "time": 68251}, {"train": 11, "operation": 81, "time": 68253}, {"train": 3, "operation": 100, "time": 68284}, {"train": 3, "operation": 101, "time": 68284}, {"train": 6, "operation": 52, "time": 68327}, {"train": 6, "operation": 53, "time": 68327}, {"train": 4, "operation": 78, "time": 68345}, {"train": 20, "operation": 55, "time": 68365}, {"train": 20, "operation": 57, "time": 68365}, {"train": 5, "operation": 16, "time": 68400}, {"train": 5, "operation": 19, "time": 68400}, {"train": 4, "operation": 89, "time": 68465}, {"train": 6, "operation": 54, "time": 68479}, {"train": 19, "operation": 52, "time": 68479}, {"train": 6, "operation": 56, "time": 68479}, {"train": 3, "operation": 103, "time": 68522}, {"train": 5, "operation": 20, "time": 68524}, {"train": 5, "operation": 22, "time": 68524}, {"train": 20, "operation": 58, "time": 68536}, {"train": 20, "operation": 60, "time": 68536}, {"train": 19, "operation": 53, "time": 68565}, {"train": 19, "operation": 54, "time": 68595}, {"train": 11, "operation": 82, "time": 68623}, {"train": 3, "operation": 105, "time": 68642}, {"train": 5, "operation": 23, "time": 68647}, {"train": 5, "operation": 25, "time": 68647}, {"train": 20, "operation": 61, "time": 68649}, {"train": 20, "operation": 62, "time": 68649}, {"train": 6, "operation": 58, "time": 68650}, {"train": 11, "operation": 83, "time": 68653}, {"train": 5, "operation": 27, "time": 68695}, {"train": 5, "operation": 28, "time": 68695}, {"train": 6, "operation": 59, "time": 68710}, {"train": 19, "operation": 56, "time": 68766}, {"train": 11, "operation": 84, "time": 68767}, {"train": 11, "operation": 85, "time": 68767}, {"train": 20, "operation": 63, "time": 68775}, {"train": 20, "operation": 65, "time": 68775}, {"train": 5, "operation": 30, "time": 68790}, {"train": 5, "operation": 33, "time": 68820}, {"train": 11, "operation": 88, "time": 68881}, {"train": 11, "operation": 89, "time": 68881}, {"train": 19, "operation": 58, "time": 68886}, {"train": 5, "operation": 34, "time": 68910}, {"train": 6, "operation": 60, "time": 68938}, {"train": 6, "operation": 62, "time": 68938}, {"train": 5, "operation": 35, "time": 68940}, {"train": 20, "operation": 67, "time": 68992}, {"train": 20, "operation": 68, "time": 68992}, {"train": 6, "operation": 63, "time": 69021}, {"train": 6, "operation": 64, "time": 69021}, {"train": 6, "operation": 66, "time": 69109}, {"train": 6, "operation": 67, "time": 69109}, {"train": 5, "operation": 37, "time": 69120}, {"train": 20, "operation": 70, "time": 69277}, {"train": 20, "operation": 72, "time": 69277}, {"train": 6, "operation": 68, "time": 69365}, {"train": 5, "operation": 38, "time": 69365}, {"train": 6, "operation": 70, "time": 69395}, {"train": 6, "operation": 71, "time": 69537}, {"train": 6, "operation": 72, "time": 69567}, {"train": 13, "operation": 2, "time": 69600}, {"train": 13, "operation": 4, "time": 69600}, {"train": 5, "operation": 40, "time": 69650}, {"train": 5, "operation": 41, "time": 69650}, {"train": 18, "operation": 3, "time": 69660}, {"train": 18, "operation": 4, "time": 69660}, {"train": 6, "operation": 76, "time": 69709}, {"train": 5, "operation": 42, "time": 69719}, {"train": 5, "operation": 43, "time": 69719}, {"train": 20, "operation": 73, "time": 69733}, {"train": 20, "operation": 75, "time": 69733}, {"train": 13, "operation": 5, "time": 69735}, {"train": 13, "operation": 6, "time": 69735}, {"train": 6, "operation": 77, "time": 69739}, {"train": 18, "operation": 5, "time": 69810}, {"train": 5, "operation": 44, "time": 69821}, {"train": 5, "operation": 46, "time": 69821}, {"train": 6, "operation": 79, "time": 69834}, {"train": 6, "operation": 80, "time": 69834}, {"train": 18, "operation": 6, "time": 69840}, {"train": 13, "operation": 7, "time": 69870}, {"train": 6, "operation": 81, "time": 69882}, {"train": 6, "operation": 83, "time": 69882}, {"train": 13, "operation": 8, "time": 69900}, {"train": 18, "operation": 7, "time": 70020}, {"train": 6, "operation": 84, "time": 70039}, {"train": 6, "operation": 86, "time": 70039}, {"train": 5, "operation": 47, "time": 70077}, {"train": 7, "operation": 3, "time": 70080}, {"train": 7, "operation": 4, "time": 70080}, {"train": 5, "operation": 49, "time": 70107}, {"train": 6, "operation": 102, "time": 70196}, {"train": 13, "operation": 9, "time": 70230}, {"train": 20, "operation": 76, "time": 70246}, {"train": 20, "operation": 78, "time": 70246}, {"train": 13, "operation": 10, "time": 70260}, {"train": 5, "operation": 51, "time": 70278}, {"train": 18, "operation": 9, "time": 70278}, {"train": 5, "operation": 52, "time": 70278}, {"train": 6, "operation": 105, "time": 70316}, {"train": 5, "operation": 53, "time": 70335}, {"train": 5, "operation": 54, "time": 70335}, {"train": 7, "operation": 5, "time": 70343}, {"train": 7, "operation": 6, "time": 70343}, {"train": 5, "operation": 55, "time": 70449}, {"train": 5, "operation": 58, "time": 70449}, {"train": 18, "operation": 11, "time": 70478}, {"train": 18, "operation": 12, "time": 70508}, {"train": 13, "operation": 11, "time": 70530}, {"train": 13, "operation": 14, "time": 70560}, {"train": 5, "operation": 60, "time": 70677}, {"train": 5, "operation": 61, "time": 70677}, {"train": 7, "operation": 7, "time": 70710}, {"train": 7, "operation": 8, "time": 70740}, {"train": 20, "operation": 80, "time": 70775}, {"train": 20, "operation": 81, "time": 70775}, {"train": 12, "operation": 15, "time": 70800}, {"train": 12, "operation": 19, "time": 70800}, {"train": 13, "operation": 16, "time": 70830}, {"train": 5, "operation": 62, "time": 70848}, {"train": 5, "operation": 64, "time": 70848}, {"train": 13, "operation": 17, "time": 70860}, {"train": 18, "operation": 14, "time": 70878}, {"train": 18, "operation": 15, "time": 70908}, {"train": 12, "operation": 21, "time": 70935}, {"train": 12, "operation": 22, "time": 70935}, {"train": 7, "operation": 9, "time": 70950}, {"train": 7, "operation": 10, "time": 70980}, {"train": 5, "operation": 66, "time": 71019}, {"train": 5, "operation": 67, "time": 71019}, {"train": 18, "operation": 16, "time": 71050}, {"train": 12, "operation": 23, "time": 71070}, {"train": 18, "operation": 17, "time": 71080}, {"train": 12, "operation": 25, "time": 71100}, {"train": 5, "operation": 68, "time": 71105}, {"train": 5, "operation": 69, "time": 71135}, {"train": 12, "operation": 26, "time": 71150}, {"train": 12, "operation": 28, "time": 71150}, {"train": 13, "operation": 19, "time": 71160}, {"train": 18, "operation": 18, "time": 71194}, {"train": 18, "operation": 20, "time": 71194}, {"train": 12, "operation": 30, "time": 71250}, {"train": 12, "operation": 33, "time": 71280}, {"train": 7, "operation": 13, "time": 71310}, {"train": 7, "operation": 14, "time": 71340}, {"train": 5, "operation": 70, "time": 71363}, {"train": 13, "operation": 20, "time": 71363}, {"train": 5, "operation": 72, "time": 71363}, {"train": 12, "operation": 34, "time": 71370}, {"train": 12, "operation": 35, "time": 71400}, {"train": 18, "operation": 22, "time": 71479}, {"train": 13, "operation": 21, "time": 71505}, {"train": 13, "operation": 22, "time": 71535}, {"train": 12, "operation": 36, "time": 71550}, {"train": 12, "operation": 38, "time": 71580}, {"train": 18, "operation": 23, "time": 71599}, {"train": 5, "operation": 74, "time": 71619}, {"train": 5, "operation": 75, "time": 71649}, {"train": 13, "operation": 23, "time": 71706}, {"train": 13, "operation": 25, "time": 71706}, {"train": 18, "operation": 24, "time": 71741}, {"train": 18, "operation": 25, "time": 71771}, {"train": 12, "operation": 39, "time": 71880}, {"train": 13, "operation": 27, "time": 71880}, {"train": 12, "operation": 41, "time": 71880}, {"train": 13, "operation": 28, "time": 71880}, {"train": 12, "operation": 42, "time": 71910}, {"train": 5, "operation": 77, "time": 71910}, {"train": 18, "operation": 27, "time": 71913}, {"train": 12, "operation": 43, "time": 71940}, {"train": 5, "operation": 79, "time": 71940}, {"train": 18, "operation": 30, "time": 71943}, {"train": 18, "operation": 32, "time": 72000}, {"train": 18, "operation": 33, "time": 72000}, {"train": 18, "operation": 34, "time": 72030}, {"train": 13, "operation": 29, "time": 72060}, {"train": 18, "operation": 36, "time": 72060}, {"train": 13, "operation": 31, "time": 72060}, {"train": 12, "operation": 44, "time": 72090}, {"train": 5, "operation": 80, "time": 72110}, {"train": 12, "operation": 46, "time": 72120}, {"train": 5, "operation": 81, "time": 72120}, {"train": 7, "operation": 15, "time": 72160}, {"train": 7, "operation": 16, "time": 72180}, {"train": 18, "operation": 37, "time": 72240}, {"train": 18, "operation": 39, "time": 72240}, {"train": 13, "operation": 33, "time": 72270}, {"train": 13, "operation": 35, "time": 72300}, {"train": 21, "operation": 20, "time": 72313}, {"train": 21, "operation": 21, "time": 72313}, {"train": 13, "operation": 36, "time": 72390}, {"train": 13, "operation": 37, "time": 72420}, {"train": 18, "operation": 51, "time": 72420}, {"train": 12, "operation": 47, "time": 72480}, {"train": 5, "operation": 82, "time": 72510}, {"train": 12, "operation": 49, "time": 72540}, {"train": 5, "operation": 83, "time": 72540}, {"train": 18, "operation": 58, "time": 72540}, {"train": 13, "operation": 38, "time": 72660}, {"train": 5, "operation": 84, "time": 72705}, {"train": 5, "operation": 85, "time": 72705}, {"train": 7, "operation": 17, "time": 72780}, {"train": 12, "operation": 51, "time": 72810}, {"train": 12, "operation": 52, "time": 72840}, {"train": 13, "operation": 40, "time": 72840}, {"train": 21, "operation": 25, "time": 72840}, {"train": 5, "operation": 87, "time": 72870}, {"train": 5, "operation": 89, "time": 72900}, {"train": 7, "operation": 20, "time": 72900}, {"train": 12, "operation": 53, "time": 72940}, {"train": 12, "operation": 54, "time": 72960}, {"train": 7, "operation": 21, "time": 73035}, {"train": 7, "operation": 22, "time": 73035}, {"train": 13, "operation": 41, "time": 73080}, {"train": 12, "operation": 57, "time": 73110}, {"train": 12, "operation": 58, "time": 73140}, {"train": 21, "operation": 26, "time": 73140}, {"train": 7, "operation": 23, "time": 73170}, {"train": 13, "operation": 43, "time": 73200}, {"train": 14, "operation": 13, "time": 73200}, {"train": 7, "operation": 24, "time": 73200}, {"train": 14, "operation": 19, "time": 73200}, {"train": 5, "operation": 90, "time": 73310}, {"train": 5, "operation": 91, "time": 73320}, {"train": 14, "operation": 21, "time": 73335}, {"train": 14, "operation": 22, "time": 73335}, {"train": 12, "operation": 60, "time": 73380}, {"train": 12, "operation": 61, "time": 73380}, {"train": 13, "operation": 45, "time": 73470}, {"train": 14, "operation": 23, "time": 73470}, {"train": 13, "operation": 46, "time": 73500}, {"train": 14, "operation": 25, "time": 73500}, {"train": 14, "operation": 26, "time": 73550}, {"train": 7, "operation": 25, "time": 73550}, {"train": 14, "operation": 28, "time": 73550}, {"train": 12, "operation": 63, "time": 73560}, {"train": 7, "operation": 26, "time": 73560}, {"train": 12, "operation": 64, "time": 73560}, {"train": 13, "operation": 47, "time": 73590}, {"train": 13, "operation": 48, "time": 73620}, {"train": 14, "operation": 31, "time": 73650}, {"train": 14, "operation": 33, "time": 73680}, {"train": 12, "operation": 65, "time": 73740}, {"train": 13, "operation": 50, "time": 73740}, {"train": 12, "operation": 67, "time": 73740}, {"train": 13, "operation": 51, "time": 73740}, {"train": 12, "operation": 68, "time": 73770}, {"train": 14, "operation": 34, "time": 73770}, {"train": 12, "operation": 69, "time": 73800}, {"train": 14, "operation": 35, "time": 73800}, {"train": 7, "operation": 29, "time": 73830}, {"train": 7, "operation": 30, "time": 73860}, {"train": 14, "operation": 36, "time": 73980}, {"train": 12, "operation": 70, "time": 74040}, {"train": 13, "operation": 53, "time": 74070}, {"train": 13, "operation": 54, "time": 74100}, {"train": 14, "operation": 38, "time": 74100}, {"train": 7, "operation": 32, "time": 74130}, {"train": 7, "operation": 33, "time": 74160}, {"train": 13, "operation": 55, "time": 74190}, {"train": 13, "operation": 56, "time": 74220}, {"train": 5, "operation": 92, "time": 74310}, {"train": 5, "operation": 95, "time": 74340}, {"train": 13, "operation": 60, "time": 74370}, {"train": 13, "operation": 61, "time": 74400}, {"train": 14, "operation": 40, "time": 74400}, {"train": 7, "operation": 35, "time": 74400}, {"train": 14, "operation": 41, "time": 74400}, {"train": 12, "operation": 72, "time": 74400}, {"train": 7, "operation": 36, "time": 74400}, {"train": 14, "operation": 42, "time": 74430}, {"train": 13, "operation": 63, "time": 74460}, {"train": 14, "operation": 43, "time": 74460}, {"train": 13, "operation": 64, "time": 74460}, {"train": 13, "operation": 66, "time": 74490}, {"train": 13, "operation": 67, "time": 74520}, {"train": 7, "operation": 37, "time": 74550}, {"train": 7, "operation": 38, "time": 74580}, {"train": 14, "operation": 44, "time": 74610}, {"train": 5, "operation": 96, "time": 74610}, {"train": 14, "operation": 46, "time": 74640}, {"train": 5, "operation": 97, "time": 74640}, {"train": 12, "operation": 74, "time": 74670}, {"train": 12, "operation": 75, "time": 74700}, {"train": 13, "operation": 69, "time": 74700}, {"train": 7, "operation": 40, "time": 74700}, {"train": 13, "operation": 70, "time": 74700}, {"train": 7, "operation": 41, "time": 74700}, {"train": 13, "operation": 86, "time": 74880}, {"train": 7, "operation": 42, "time": 74899}, {"train": 7, "operation": 44, "time": 74899}, {"train": 5, "operation": 98, "time": 74910}, {"train": 5, "operation": 99, "time": 74940}, {"train": 12, "operation": 78, "time": 74970}, {"train": 14, "operation": 48, "time": 74970}, {"train": 12, "operation": 79, "time": 75000}, {"train": 14, "operation": 49, "time": 75000}, {"train": 13, "operation": 89, "time": 75000}, {"train": 7, "operation": 46, "time": 75060}, {"train": 7, "operation": 47, "time": 75060}, {"train": 12, "operation": 80, "time": 75220}, {"train": 12, "operation": 81, "time": 75240}, {"train": 7, "operation": 49, "time": 75240}, {"train": 7, "operation": 51, "time": 75240}, {"train": 5, "operation": 100, "time": 75290}, {"train": 5, "operation": 101, "time": 75290}, {"train": 14, "operation": 51, "time": 75300}, {"train": 7, "operation": 52, "time": 75300}, {"train": 7, "operation": 53, "time": 75300}, {"train": 7, "operation": 54, "time": 75480}, {"train": 14, "operation": 52, "time": 75480}, {"train": 7, "operation": 56, "time": 75480}, {"train": 5, "operation": 103, "time": 75540}, {"train": 14, "operation": 53, "time": 75570}, {"train": 14, "operation": 54, "time": 75600}, {"train": 7, "operation": 57, "time": 75610}, {"train": 12, "operation": 82, "time": 75630}, {"train": 12, "operation": 83, "time": 75660}, {"train": 7, "operation": 59, "time": 75660}, {"train": 5, "operation": 105, "time": 75660}, {"train": 14, "operation": 56, "time": 75750}, {"train": 14, "operation": 58, "time": 75780}, {"train": 12, "operation": 84, "time": 75840}, {"train": 12, "operation": 85, "time": 75840}, {"train": 7, "operation": 61, "time": 75960}, {"train": 7, "operation": 62, "time": 75960}, {"train": 14, "operation": 60, "time": 76020}, {"train": 7, "operation": 63, "time": 76020}, {"train": 12, "operation": 87, "time": 76020}, {"train": 14, "operation": 61, "time": 76020}, {"train": 7, "operation": 64, "time": 76020}, {"train": 12, "operation": 89, "time": 76020}, {"train": 7, "operation": 66, "time": 76140}, {"train": 7, "operation": 67, "time": 76140}, {"train": 14, "operation": 63, "time": 76200}, {"train": 14, "operation": 64, "time": 76200}, {"train": 14, "operation": 66, "time": 76380}, {"train": 14, "operation": 67, "time": 76380}, {"train": 14, "operation": 68, "time": 76410}, {"train": 7, "operation": 69, "time": 76410}, {"train": 14, "operation": 69, "time": 76440}, {"train": 7, "operation": 70, "time": 76440}, {"train": 7, "operation": 71, "time": 76590}, {"train": 7, "operation": 72, "time": 76620}, {"train": 14, "operation": 71, "time": 76680}, {"train": 14, "operation": 72, "time": 76680}, {"train": 7, "operation": 76, "time": 76770}, {"train": 7, "operation": 77, "time": 76800}, {"train": 14, "operation": 74, "time": 76890}, {"train": 7, "operation": 79, "time": 76900}, {"train": 7, "operation": 80, "time": 76900}, {"train": 14, "operation": 75, "time": 76920}, {"train": 7, "operation": 81, "time": 76950}, {"train": 7, "operation": 83, "time": 76950}, {"train": 7, "operation": 84, "time": 77115}, {"train": 7, "operation": 86, "time": 77115}, {"train": 14, "operation": 76, "time": 77220}, {"train": 7, "operation": 103, "time": 77280}, {"train": 14, "operation": 79, "time": 77400}, {"train": 7, "operation": 105, "time": 77400}, {"train": 14, "operation": 80, "time": 77620}, {"train": 14, "operation": 81, "time": 77640}, {"train": 14, "operation": 82, "time": 78030}, {"train": 14, "operation": 83, "time": 78060}, {"train": 14, "operation": 84, "time": 78210}, {"train": 14, "operation": 85, "time": 78210}, {"train": 14, "operation": 88, "time": 78360}, {"train": 14, "operation": 89, "time": 78480}]}