{"objective_value": 5416, "events": [{"train": 0, "operation": 0, "time": 0}, {"train": 10, "operation": 0, "time": 0}, {"train": 11, "operation": 0, "time": 0}, {"train": 12, "operation": 0, "time": 0}, {"train": 13, "operation": 0, "time": 0}, {"train": 14, "operation": 0, "time": 0}, {"train": 15, "operation": 0, "time": 0}, {"train": 16, "operation": 0, "time": 0}, {"train": 17, "operation": 0, "time": 0}, {"train": 18, "operation": 0, "time": 0}, {"train": 19, "operation": 0, "time": 0}, {"train": 1, "operation": 0, "time": 0}, {"train": 20, "operation": 0, "time": 0}, {"train": 21, "operation": 0, "time": 0}, {"train": 22, "operation": 0, "time": 0}, {"train": 2, "operation": 0, "time": 0}, {"train": 3, "operation": 0, "time": 0}, {"train": 4, "operation": 0, "time": 0}, {"train": 5, "operation": 0, "time": 0}, {"train": 6, "operation": 0, "time": 0}, {"train": 7, "operation": 0, "time": 0}, {"train": 8, "operation": 0, "time": 0}, {"train": 9, "operation": 0, "time": 0}, {"train": 17, "operation": 1, "time": 60180}, {"train": 22, "operation": 1, "time": 60240}, {"train": 9, "operation": 1, "time": 60240}, {"train": 15, "operation": 1, "time": 60330}, {"train": 8, "operation": 1, "time": 60360}, {"train": 0, "operation": 1, "time": 60420}, {"train": 1, "operation": 1, "time": 60420}, {"train": 2, "operation": 1, "time": 60439}, {"train": 10, "operation": 1, "time": 60480}, {"train": 15, "operation": 3, "time": 60480}, {"train": 17, "operation": 2, "time": 60510}, {"train": 9, "operation": 2, "time": 60510}, {"train": 10, "operation": 2, "time": 60570}, {"train": 1, "operation": 3, "time": 60600}, {"train": 2, "operation": 2, "time": 60600}, {"train": 8, "operation": 4, "time": 60660}, {"train": 8, "operation": 5, "time": 60660}, {"train": 0, "operation": 2, "time": 60690}, {"train": 0, "operation": 3, "time": 60720}, {"train": 22, "operation": 2, "time": 60900}, {"train": 22, "operation": 6, "time": 60900}, {"train": 2, "operation": 4, "time": 60939}, {"train": 17, "operation": 4, "time": 61011}, {"train": 0, "operation": 4, "time": 61070}, {"train": 0, "operation": 5, "time": 61070}, {"train": 1, "operation": 4, "time": 61092}, {"train": 2, "operation": 6, "time": 61110}, {"train": 2, "operation": 8, "time": 61110}, {"train": 2, "operation": 9, "time": 61167}, {"train": 2, "operation": 10, "time": 61167}, {"train": 10, "operation": 3, "time": 61187}, {"train": 22, "operation": 7, "time": 61187}, {"train": 3, "operation": 18, "time": 61200}, {"train": 3, "operation": 19, "time": 61200}, {"train": 1, "operation": 5, "time": 61292}, {"train": 17, "operation": 5, "time": 61296}, {"train": 0, "operation": 7, "time": 61320}, {"train": 1, "operation": 7, "time": 61322}, {"train": 3, "operation": 20, "time": 61324}, {"train": 3, "operation": 22, "time": 61324}, {"train": 2, "operation": 12, "time": 61338}, {"train": 2, "operation": 13, "time": 61338}, {"train": 10, "operation": 4, "time": 61387}, {"train": 22, "operation": 8, "time": 61387}, {"train": 15, "operation": 20, "time": 61392}, {"train": 10, "operation": 6, "time": 61417}, {"train": 9, "operation": 5, "time": 61423}, {"train": 0, "operation": 9, "time": 61440}, {"train": 3, "operation": 23, "time": 61447}, {"train": 3, "operation": 25, "time": 61447}, {"train": 17, "operation": 7, "time": 61476}, {"train": 3, "operation": 26, "time": 61495}, {"train": 3, "operation": 28, "time": 61495}, {"train": 2, "operation": 15, "time": 61518}, {"train": 22, "operation": 9, "time": 61545}, {"train": 2, "operation": 16, "time": 61568}, {"train": 1, "operation": 10, "time": 61578}, {"train": 3, "operation": 29, "time": 61590}, {"train": 9, "operation": 6, "time": 61610}, {"train": 1, "operation": 11, "time": 61610}, {"train": 9, "operation": 7, "time": 61610}, {"train": 17, "operation": 8, "time": 61618}, {"train": 3, "operation": 33, "time": 61620}, {"train": 17, "operation": 9, "time": 61648}, {"train": 10, "operation": 7, "time": 61702}, {"train": 10, "operation": 9, "time": 61702}, {"train": 22, "operation": 11, "time": 61702}, {"train": 3, "operation": 34, "time": 61710}, {"train": 10, "operation": 10, "time": 61730}, {"train": 3, "operation": 35, "time": 61740}, {"train": 10, "operation": 11, "time": 61760}, {"train": 1, "operation": 12, "time": 61772}, {"train": 17, "operation": 12, "time": 61819}, {"train": 2, "operation": 18, "time": 61853}, {"train": 3, "operation": 37, "time": 61920}, {"train": 9, "operation": 8, "time": 61926}, {"train": 1, "operation": 13, "time": 61926}, {"train": 9, "operation": 9, "time": 61926}, {"train": 10, "operation": 12, "time": 61931}, {"train": 2, "operation": 19, "time": 61931}, {"train": 17, "operation": 13, "time": 61939}, {"train": 2, "operation": 20, "time": 62014}, {"train": 2, "operation": 21, "time": 62014}, {"train": 4, "operation": 2, "time": 62040}, {"train": 22, "operation": 13, "time": 62044}, {"train": 2, "operation": 22, "time": 62102}, {"train": 2, "operation": 24, "time": 62102}, {"train": 10, "operation": 14, "time": 62111}, {"train": 22, "operation": 14, "time": 62224}, {"train": 9, "operation": 10, "time": 62244}, {"train": 9, "operation": 11, "time": 62244}, {"train": 1, "operation": 14, "time": 62296}, {"train": 1, "operation": 15, "time": 62326}, {"train": 2, "operation": 25, "time": 62358}, {"train": 3, "operation": 38, "time": 62358}, {"train": 22, "operation": 15, "time": 62376}, {"train": 22, "operation": 16, "time": 62376}, {"train": 2, "operation": 27, "time": 62388}, {"train": 10, "operation": 16, "time": 62396}, {"train": 6, "operation": 3, "time": 62400}, {"train": 6, "operation": 4, "time": 62400}, {"train": 10, "operation": 17, "time": 62456}, {"train": 1, "operation": 16, "time": 62468}, {"train": 2, "operation": 28, "time": 62474}, {"train": 2, "operation": 29, "time": 62504}, {"train": 22, "operation": 17, "time": 62517}, {"train": 22, "operation": 19, "time": 62517}, {"train": 16, "operation": 2, "time": 62520}, {"train": 9, "operation": 12, "time": 62562}, {"train": 1, "operation": 17, "time": 62562}, {"train": 9, "operation": 15, "time": 62562}, {"train": 3, "operation": 40, "time": 62643}, {"train": 3, "operation": 41, "time": 62643}, {"train": 2, "operation": 30, "time": 62646}, {"train": 10, "operation": 18, "time": 62656}, {"train": 6, "operation": 5, "time": 62663}, {"train": 6, "operation": 6, "time": 62663}, {"train": 2, "operation": 34, "time": 62676}, {"train": 10, "operation": 20, "time": 62686}, {"train": 3, "operation": 42, "time": 62700}, {"train": 3, "operation": 43, "time": 62700}, {"train": 1, "operation": 20, "time": 62704}, {"train": 4, "operation": 4, "time": 62704}, {"train": 1, "operation": 21, "time": 62764}, {"train": 10, "operation": 21, "time": 62781}, {"train": 2, "operation": 35, "time": 62787}, {"train": 2, "operation": 37, "time": 62787}, {"train": 10, "operation": 22, "time": 62801}, {"train": 3, "operation": 45, "time": 62814}, {"train": 4, "operation": 5, "time": 62832}, {"train": 4, "operation": 6, "time": 62832}, {"train": 2, "operation": 38, "time": 62842}, {"train": 2, "operation": 40, "time": 62842}, {"train": 22, "operation": 20, "time": 62908}, {"train": 3, "operation": 46, "time": 62908}, {"train": 10, "operation": 25, "time": 62943}, {"train": 16, "operation": 4, "time": 62943}, {"train": 4, "operation": 7, "time": 62960}, {"train": 10, "operation": 26, "time": 62973}, {"train": 4, "operation": 8, "time": 62990}, {"train": 2, "operation": 42, "time": 63016}, {"train": 2, "operation": 43, "time": 63016}, {"train": 16, "operation": 5, "time": 63029}, {"train": 6, "operation": 7, "time": 63030}, {"train": 16, "operation": 6, "time": 63059}, {"train": 6, "operation": 8, "time": 63060}, {"train": 1, "operation": 22, "time": 63154}, {"train": 1, "operation": 23, "time": 63164}, {"train": 3, "operation": 48, "time": 63164}, {"train": 2, "operation": 61, "time": 63189}, {"train": 3, "operation": 49, "time": 63194}, {"train": 10, "operation": 28, "time": 63201}, {"train": 10, "operation": 29, "time": 63201}, {"train": 16, "operation": 8, "time": 63230}, {"train": 6, "operation": 9, "time": 63300}, {"train": 4, "operation": 9, "time": 63304}, {"train": 2, "operation": 62, "time": 63309}, {"train": 4, "operation": 10, "time": 63334}, {"train": 6, "operation": 10, "time": 63360}, {"train": 3, "operation": 50, "time": 63365}, {"train": 3, "operation": 52, "time": 63365}, {"train": 10, "operation": 30, "time": 63372}, {"train": 10, "operation": 32, "time": 63372}, {"train": 16, "operation": 9, "time": 63410}, {"train": 3, "operation": 53, "time": 63422}, {"train": 3, "operation": 54, "time": 63422}, {"train": 3, "operation": 56, "time": 63536}, {"train": 3, "operation": 58, "time": 63536}, {"train": 10, "operation": 34, "time": 63543}, {"train": 10, "operation": 35, "time": 63543}, {"train": 10, "operation": 36, "time": 63571}, {"train": 4, "operation": 13, "time": 63590}, {"train": 11, "operation": 18, "time": 63600}, {"train": 11, "operation": 19, "time": 63600}, {"train": 10, "operation": 37, "time": 63601}, {"train": 16, "operation": 11, "time": 63610}, {"train": 16, "operation": 12, "time": 63640}, {"train": 4, "operation": 14, "time": 63680}, {"train": 22, "operation": 22, "time": 63688}, {"train": 6, "operation": 11, "time": 63690}, {"train": 11, "operation": 21, "time": 63735}, {"train": 11, "operation": 22, "time": 63735}, {"train": 3, "operation": 60, "time": 63764}, {"train": 3, "operation": 61, "time": 63764}, {"train": 10, "operation": 38, "time": 63772}, {"train": 10, "operation": 40, "time": 63772}, {"train": 11, "operation": 24, "time": 63870}, {"train": 16, "operation": 14, "time": 63896}, {"train": 11, "operation": 25, "time": 63900}, {"train": 16, "operation": 15, "time": 63926}, {"train": 3, "operation": 62, "time": 63935}, {"train": 3, "operation": 64, "time": 63935}, {"train": 11, "operation": 27, "time": 63950}, {"train": 11, "operation": 28, "time": 63950}, {"train": 4, "operation": 16, "time": 63965}, {"train": 10, "operation": 41, "time": 63972}, {"train": 22, "operation": 23, "time": 63973}, {"train": 22, "operation": 25, "time": 63973}, {"train": 10, "operation": 43, "time": 64002}, {"train": 16, "operation": 16, "time": 64012}, {"train": 16, "operation": 17, "time": 64042}, {"train": 11, "operation": 30, "time": 64050}, {"train": 11, "operation": 33, "time": 64080}, {"train": 3, "operation": 66, "time": 64106}, {"train": 3, "operation": 67, "time": 64106}, {"train": 22, "operation": 26, "time": 64114}, {"train": 22, "operation": 27, "time": 64114}, {"train": 1, "operation": 26, "time": 64133}, {"train": 6, "operation": 14, "time": 64133}, {"train": 3, "operation": 68, "time": 64134}, {"train": 4, "operation": 17, "time": 64145}, {"train": 16, "operation": 19, "time": 64156}, {"train": 16, "operation": 20, "time": 64156}, {"train": 3, "operation": 69, "time": 64164}, {"train": 11, "operation": 34, "time": 64170}, {"train": 11, "operation": 35, "time": 64200}, {"train": 22, "operation": 29, "time": 64201}, {"train": 22, "operation": 31, "time": 64201}, {"train": 10, "operation": 46, "time": 64258}, {"train": 10, "operation": 47, "time": 64288}, {"train": 1, "operation": 27, "time": 64313}, {"train": 11, "operation": 37, "time": 64320}, {"train": 3, "operation": 71, "time": 64335}, {"train": 4, "operation": 18, "time": 64430}, {"train": 3, "operation": 72, "time": 64430}, {"train": 10, "operation": 48, "time": 64497}, {"train": 16, "operation": 21, "time": 64498}, {"train": 11, "operation": 38, "time": 64498}, {"train": 10, "operation": 49, "time": 64517}, {"train": 22, "operation": 32, "time": 64543}, {"train": 1, "operation": 28, "time": 64569}, {"train": 1, "operation": 29, "time": 64599}, {"train": 4, "operation": 20, "time": 64610}, {"train": 3, "operation": 73, "time": 64630}, {"train": 3, "operation": 75, "time": 64660}, {"train": 16, "operation": 23, "time": 64678}, {"train": 4, "operation": 21, "time": 64752}, {"train": 16, "operation": 24, "time": 64764}, {"train": 4, "operation": 22, "time": 64782}, {"train": 11, "operation": 39, "time": 64783}, {"train": 11, "operation": 41, "time": 64783}, {"train": 16, "operation": 25, "time": 64794}, {"train": 1, "operation": 30, "time": 64855}, {"train": 11, "operation": 42, "time": 64869}, {"train": 1, "operation": 31, "time": 64885}, {"train": 10, "operation": 50, "time": 64887}, {"train": 4, "operation": 24, "time": 64896}, {"train": 4, "operation": 25, "time": 64896}, {"train": 11, "operation": 43, "time": 64899}, {"train": 6, "operation": 15, "time": 64912}, {"train": 3, "operation": 78, "time": 64916}, {"train": 10, "operation": 51, "time": 64917}, {"train": 20, "operation": 19, "time": 64920}, {"train": 20, "operation": 21, "time": 64920}, {"train": 6, "operation": 16, "time": 64932}, {"train": 3, "operation": 79, "time": 64946}, {"train": 16, "operation": 28, "time": 64965}, {"train": 11, "operation": 45, "time": 64985}, {"train": 11, "operation": 46, "time": 65015}, {"train": 16, "operation": 30, "time": 65025}, {"train": 4, "operation": 26, "time": 65067}, {"train": 4, "operation": 28, "time": 65067}, {"train": 16, "operation": 31, "time": 65082}, {"train": 16, "operation": 33, "time": 65082}, {"train": 16, "operation": 35, "time": 65110}, {"train": 16, "operation": 36, "time": 65140}, {"train": 3, "operation": 80, "time": 65164}, {"train": 3, "operation": 81, "time": 65174}, {"train": 1, "operation": 32, "time": 65217}, {"train": 1, "operation": 33, "time": 65217}, {"train": 10, "operation": 52, "time": 65231}, {"train": 10, "operation": 53, "time": 65231}, {"train": 4, "operation": 30, "time": 65238}, {"train": 22, "operation": 34, "time": 65238}, {"train": 4, "operation": 31, "time": 65238}, {"train": 11, "operation": 48, "time": 65300}, {"train": 16, "operation": 37, "time": 65340}, {"train": 16, "operation": 39, "time": 65340}, {"train": 11, "operation": 49, "time": 65360}, {"train": 6, "operation": 17, "time": 65388}, {"train": 4, "operation": 34, "time": 65438}, {"train": 1, "operation": 34, "time": 65455}, {"train": 4, "operation": 35, "time": 65468}, {"train": 22, "operation": 35, "time": 65523}, {"train": 22, "operation": 37, "time": 65523}, {"train": 16, "operation": 57, "time": 65540}, {"train": 3, "operation": 82, "time": 65544}, {"train": 10, "operation": 55, "time": 65545}, {"train": 10, "operation": 57, "time": 65545}, {"train": 4, "operation": 36, "time": 65554}, {"train": 3, "operation": 83, "time": 65574}, {"train": 1, "operation": 37, "time": 65575}, {"train": 20, "operation": 23, "time": 65580}, {"train": 20, "operation": 26, "time": 65580}, {"train": 4, "operation": 37, "time": 65584}, {"train": 11, "operation": 50, "time": 65616}, {"train": 16, "operation": 58, "time": 65660}, {"train": 20, "operation": 27, "time": 65692}, {"train": 20, "operation": 28, "time": 65692}, {"train": 22, "operation": 38, "time": 65694}, {"train": 22, "operation": 40, "time": 65694}, {"train": 4, "operation": 39, "time": 65755}, {"train": 11, "operation": 52, "time": 65755}, {"train": 3, "operation": 84, "time": 65774}, {"train": 3, "operation": 85, "time": 65774}, {"train": 20, "operation": 29, "time": 65820}, {"train": 20, "operation": 31, "time": 65820}, {"train": 22, "operation": 41, "time": 65839}, {"train": 22, "operation": 42, "time": 65839}, {"train": 11, "operation": 53, "time": 65850}, {"train": 11, "operation": 54, "time": 65870}, {"train": 3, "operation": 87, "time": 65974}, {"train": 22, "operation": 43, "time": 65979}, {"train": 22, "operation": 45, "time": 65979}, {"train": 6, "operation": 20, "time": 65988}, {"train": 19, "operation": 18, "time": 66000}, {"train": 19, "operation": 19, "time": 66000}, {"train": 11, "operation": 57, "time": 66012}, {"train": 3, "operation": 89, "time": 66034}, {"train": 11, "operation": 58, "time": 66042}, {"train": 4, "operation": 40, "time": 66115}, {"train": 6, "operation": 21, "time": 66116}, {"train": 6, "operation": 22, "time": 66116}, {"train": 19, "operation": 20, "time": 66135}, {"train": 19, "operation": 22, "time": 66135}, {"train": 22, "operation": 46, "time": 66207}, {"train": 22, "operation": 48, "time": 66207}, {"train": 6, "operation": 23, "time": 66244}, {"train": 11, "operation": 60, "time": 66270}, {"train": 19, "operation": 23, "time": 66270}, {"train": 11, "operation": 61, "time": 66270}, {"train": 6, "operation": 24, "time": 66274}, {"train": 19, "operation": 25, "time": 66300}, {"train": 20, "operation": 32, "time": 66300}, {"train": 19, "operation": 26, "time": 66350}, {"train": 19, "operation": 28, "time": 66350}, {"train": 4, "operation": 41, "time": 66353}, {"train": 4, "operation": 43, "time": 66403}, {"train": 3, "operation": 90, "time": 66424}, {"train": 3, "operation": 91, "time": 66434}, {"train": 11, "operation": 63, "time": 66441}, {"train": 11, "operation": 64, "time": 66441}, {"train": 19, "operation": 30, "time": 66450}, {"train": 19, "operation": 33, "time": 66480}, {"train": 20, "operation": 34, "time": 66480}, {"train": 22, "operation": 49, "time": 66492}, {"train": 22, "operation": 52, "time": 66492}, {"train": 19, "operation": 34, "time": 66570}, {"train": 19, "operation": 35, "time": 66600}, {"train": 6, "operation": 25, "time": 66606}, {"train": 11, "operation": 66, "time": 66612}, {"train": 20, "operation": 35, "time": 66612}, {"train": 11, "operation": 67, "time": 66612}, {"train": 20, "operation": 36, "time": 66612}, {"train": 6, "operation": 26, "time": 66616}, {"train": 4, "operation": 45, "time": 66659}, {"train": 11, "operation": 68, "time": 66698}, {"train": 11, "operation": 69, "time": 66728}, {"train": 20, "operation": 37, "time": 66737}, {"train": 20, "operation": 39, "time": 66737}, {"train": 4, "operation": 46, "time": 66737}, {"train": 19, "operation": 36, "time": 66780}, {"train": 4, "operation": 47, "time": 66823}, {"train": 4, "operation": 48, "time": 66853}, {"train": 6, "operation": 27, "time": 66872}, {"train": 19, "operation": 38, "time": 66900}, {"train": 11, "operation": 71, "time": 66956}, {"train": 6, "operation": 30, "time": 66962}, {"train": 22, "operation": 53, "time": 67005}, {"train": 22, "operation": 55, "time": 67005}, {"train": 20, "operation": 41, "time": 67020}, {"train": 20, "operation": 42, "time": 67020}, {"train": 4, "operation": 50, "time": 67024}, {"train": 19, "operation": 39, "time": 67200}, {"train": 20, "operation": 43, "time": 67200}, {"train": 19, "operation": 41, "time": 67200}, {"train": 4, "operation": 51, "time": 67200}, {"train": 20, "operation": 45, "time": 67200}, {"train": 6, "operation": 31, "time": 67218}, {"train": 19, "operation": 42, "time": 67230}, {"train": 19, "operation": 43, "time": 67260}, {"train": 11, "operation": 72, "time": 67316}, {"train": 20, "operation": 46, "time": 67351}, {"train": 20, "operation": 47, "time": 67351}, {"train": 3, "operation": 93, "time": 67374}, {"train": 3, "operation": 95, "time": 67404}, {"train": 19, "operation": 45, "time": 67410}, {"train": 19, "operation": 46, "time": 67440}, {"train": 20, "operation": 50, "time": 67459}, {"train": 20, "operation": 51, "time": 67459}, {"train": 22, "operation": 57, "time": 67518}, {"train": 22, "operation": 58, "time": 67518}, {"train": 4, "operation": 52, "time": 67570}, {"train": 11, "operation": 74, "time": 67572}, {"train": 6, "operation": 33, "time": 67572}, {"train": 4, "operation": 54, "time": 67600}, {"train": 11, "operation": 75, "time": 67602}, {"train": 3, "operation": 96, "time": 67660}, {"train": 4, "operation": 55, "time": 67686}, {"train": 3, "operation": 97, "time": 67690}, {"train": 4, "operation": 56, "time": 67716}, {"train": 19, "operation": 48, "time": 67770}, {"train": 19, "operation": 49, "time": 67800}, {"train": 20, "operation": 52, "time": 67800}, {"train": 6, "operation": 34, "time": 67800}, {"train": 6, "operation": 36, "time": 67800}, {"train": 11, "operation": 78, "time": 67858}, {"train": 4, "operation": 58, "time": 67858}, {"train": 20, "operation": 54, "time": 67860}, {"train": 11, "operation": 79, "time": 67888}, {"train": 4, "operation": 61, "time": 67888}, {"train": 6, "operation": 37, "time": 67942}, {"train": 4, "operation": 62, "time": 67945}, {"train": 4, "operation": 64, "time": 67945}, {"train": 3, "operation": 98, "time": 67946}, {"train": 6, "operation": 38, "time": 67972}, {"train": 4, "operation": 66, "time": 67973}, {"train": 3, "operation": 99, "time": 67976}, {"train": 4, "operation": 67, "time": 68003}, {"train": 22, "operation": 59, "time": 68031}, {"train": 22, "operation": 61, "time": 68031}, {"train": 6, "operation": 40, "time": 68086}, {"train": 6, "operation": 41, "time": 68086}, {"train": 11, "operation": 80, "time": 68097}, {"train": 19, "operation": 51, "time": 68100}, {"train": 11, "operation": 81, "time": 68117}, {"train": 20, "operation": 55, "time": 68160}, {"train": 4, "operation": 68, "time": 68174}, {"train": 4, "operation": 70, "time": 68174}, {"train": 6, "operation": 43, "time": 68275}, {"train": 20, "operation": 57, "time": 68275}, {"train": 6, "operation": 44, "time": 68275}, {"train": 19, "operation": 52, "time": 68280}, {"train": 3, "operation": 100, "time": 68308}, {"train": 3, "operation": 101, "time": 68308}, {"train": 4, "operation": 88, "time": 68345}, {"train": 19, "operation": 53, "time": 68370}, {"train": 19, "operation": 54, "time": 68400}, {"train": 5, "operation": 17, "time": 68400}, {"train": 5, "operation": 19, "time": 68400}, {"train": 6, "operation": 46, "time": 68428}, {"train": 6, "operation": 47, "time": 68428}, {"train": 20, "operation": 58, "time": 68446}, {"train": 20, "operation": 60, "time": 68446}, {"train": 4, "operation": 89, "time": 68465}, {"train": 11, "operation": 82, "time": 68487}, {"train": 11, "operation": 83, "time": 68517}, {"train": 5, "operation": 20, "time": 68524}, {"train": 5, "operation": 22, "time": 68524}, {"train": 3, "operation": 103, "time": 68546}, {"train": 20, "operation": 61, "time": 68559}, {"train": 20, "operation": 62, "time": 68559}, {"train": 19, "operation": 55, "time": 68580}, {"train": 6, "operation": 50, "time": 68599}, {"train": 6, "operation": 51, "time": 68599}, {"train": 11, "operation": 84, "time": 68631}, {"train": 11, "operation": 85, "time": 68631}, {"train": 5, "operation": 24, "time": 68647}, {"train": 5, "operation": 25, "time": 68647}, {"train": 3, "operation": 105, "time": 68666}, {"train": 6, "operation": 52, "time": 68675}, {"train": 6, "operation": 53, "time": 68675}, {"train": 20, "operation": 64, "time": 68685}, {"train": 20, "operation": 65, "time": 68685}, {"train": 5, "operation": 27, "time": 68695}, {"train": 5, "operation": 28, "time": 68695}, {"train": 19, "operation": 58, "time": 68700}, {"train": 11, "operation": 88, "time": 68745}, {"train": 11, "operation": 89, "time": 68745}, {"train": 5, "operation": 32, "time": 68790}, {"train": 5, "operation": 33, "time": 68820}, {"train": 6, "operation": 54, "time": 68827}, {"train": 6, "operation": 56, "time": 68827}, {"train": 20, "operation": 66, "time": 68902}, {"train": 20, "operation": 68, "time": 68902}, {"train": 5, "operation": 34, "time": 68910}, {"train": 5, "operation": 35, "time": 68940}, {"train": 6, "operation": 58, "time": 68998}, {"train": 6, "operation": 59, "time": 69058}, {"train": 5, "operation": 37, "time": 69120}, {"train": 20, "operation": 71, "time": 69187}, {"train": 20, "operation": 72, "time": 69187}, {"train": 5, "operation": 38, "time": 69240}, {"train": 6, "operation": 60, "time": 69286}, {"train": 6, "operation": 62, "time": 69286}, {"train": 6, "operation": 63, "time": 69369}, {"train": 6, "operation": 64, "time": 69369}, {"train": 6, "operation": 65, "time": 69457}, {"train": 5, "operation": 40, "time": 69540}, {"train": 5, "operation": 41, "time": 69540}, {"train": 6, "operation": 67, "time": 69540}, {"train": 13, "operation": 2, "time": 69600}, {"train": 13, "operation": 4, "time": 69600}, {"train": 5, "operation": 42, "time": 69613}, {"train": 5, "operation": 43, "time": 69613}, {"train": 20, "operation": 73, "time": 69643}, {"train": 20, "operation": 75, "time": 69643}, {"train": 18, "operation": 1, "time": 69660}, {"train": 18, "operation": 4, "time": 69660}, {"train": 5, "operation": 45, "time": 69720}, {"train": 5, "operation": 46, "time": 69720}, {"train": 13, "operation": 5, "time": 69735}, {"train": 13, "operation": 6, "time": 69735}, {"train": 6, "operation": 68, "time": 69796}, {"train": 18, "operation": 5, "time": 69810}, {"train": 6, "operation": 70, "time": 69826}, {"train": 18, "operation": 6, "time": 69840}, {"train": 13, "operation": 7, "time": 69870}, {"train": 13, "operation": 8, "time": 69900}, {"train": 6, "operation": 71, "time": 69968}, {"train": 5, "operation": 48, "time": 69990}, {"train": 6, "operation": 72, "time": 69998}, {"train": 18, "operation": 7, "time": 70020}, {"train": 5, "operation": 49, "time": 70020}, {"train": 7, "operation": 1, "time": 70080}, {"train": 7, "operation": 4, "time": 70080}, {"train": 6, "operation": 76, "time": 70140}, {"train": 20, "operation": 76, "time": 70156}, {"train": 20, "operation": 78, "time": 70156}, {"train": 6, "operation": 77, "time": 70170}, {"train": 5, "operation": 51, "time": 70200}, {"train": 18, "operation": 9, "time": 70200}, {"train": 5, "operation": 52, "time": 70200}, {"train": 13, "operation": 9, "time": 70230}, {"train": 13, "operation": 10, "time": 70260}, {"train": 5, "operation": 53, "time": 70260}, {"train": 5, "operation": 54, "time": 70260}, {"train": 6, "operation": 79, "time": 70265}, {"train": 6, "operation": 80, "time": 70265}, {"train": 6, "operation": 81, "time": 70313}, {"train": 6, "operation": 83, "time": 70313}, {"train": 7, "operation": 5, "time": 70343}, {"train": 7, "operation": 6, "time": 70343}, {"train": 5, "operation": 55, "time": 70380}, {"train": 5, "operation": 58, "time": 70380}, {"train": 18, "operation": 10, "time": 70410}, {"train": 18, "operation": 12, "time": 70440}, {"train": 6, "operation": 85, "time": 70470}, {"train": 6, "operation": 86, "time": 70470}, {"train": 13, "operation": 11, "time": 70530}, {"train": 13, "operation": 14, "time": 70560}, {"train": 5, "operation": 59, "time": 70620}, {"train": 5, "operation": 61, "time": 70620}, {"train": 6, "operation": 101, "time": 70627}, {"train": 20, "operation": 80, "time": 70697}, {"train": 20, "operation": 81, "time": 70697}, {"train": 7, "operation": 7, "time": 70710}, {"train": 7, "operation": 8, "time": 70740}, {"train": 6, "operation": 105, "time": 70747}, {"train": 12, "operation": 13, "time": 70800}, {"train": 5, "operation": 63, "time": 70800}, {"train": 12, "operation": 19, "time": 70800}, {"train": 5, "operation": 64, "time": 70800}, {"train": 13, "operation": 15, "time": 70830}, {"train": 18, "operation": 14, "time": 70830}, {"train": 13, "operation": 17, "time": 70860}, {"train": 18, "operation": 15, "time": 70860}, {"train": 12, "operation": 21, "time": 70935}, {"train": 12, "operation": 22, "time": 70935}, {"train": 7, "operation": 9, "time": 70950}, {"train": 5, "operation": 66, "time": 70980}, {"train": 7, "operation": 10, "time": 70980}, {"train": 5, "operation": 67, "time": 70980}, {"train": 18, "operation": 16, "time": 71010}, {"train": 18, "operation": 17, "time": 71040}, {"train": 12, "operation": 23, "time": 71070}, {"train": 5, "operation": 68, "time": 71070}, {"train": 12, "operation": 25, "time": 71100}, {"train": 5, "operation": 69, "time": 71100}, {"train": 12, "operation": 27, "time": 71150}, {"train": 12, "operation": 28, "time": 71150}, {"train": 13, "operation": 18, "time": 71160}, {"train": 18, "operation": 18, "time": 71160}, {"train": 18, "operation": 20, "time": 71160}, {"train": 12, "operation": 31, "time": 71250}, {"train": 12, "operation": 33, "time": 71280}, {"train": 7, "operation": 12, "time": 71310}, {"train": 5, "operation": 71, "time": 71340}, {"train": 7, "operation": 14, "time": 71340}, {"train": 13, "operation": 20, "time": 71340}, {"train": 5, "operation": 72, "time": 71340}, {"train": 12, "operation": 34, "time": 71370}, {"train": 12, "operation": 35, "time": 71400}, {"train": 18, "operation": 21, "time": 71460}, {"train": 13, "operation": 21, "time": 71490}, {"train": 13, "operation": 22, "time": 71520}, {"train": 12, "operation": 37, "time": 71550}, {"train": 12, "operation": 38, "time": 71580}, {"train": 18, "operation": 23, "time": 71580}, {"train": 5, "operation": 73, "time": 71610}, {"train": 5, "operation": 75, "time": 71640}, {"train": 13, "operation": 24, "time": 71700}, {"train": 13, "operation": 25, "time": 71700}, {"train": 18, "operation": 24, "time": 71730}, {"train": 18, "operation": 25, "time": 71760}, {"train": 12, "operation": 39, "time": 71880}, {"train": 13, "operation": 26, "time": 71880}, {"train": 12, "operation": 41, "time": 71880}, {"train": 13, "operation": 28, "time": 71880}, {"train": 12, "operation": 42, "time": 71910}, {"train": 18, "operation": 26, "time": 71910}, {"train": 5, "operation": 77, "time": 71910}, {"train": 12, "operation": 43, "time": 71940}, {"train": 18, "operation": 30, "time": 71940}, {"train": 5, "operation": 79, "time": 71940}, {"train": 18, "operation": 32, "time": 72000}, {"train": 18, "operation": 33, "time": 72000}, {"train": 18, "operation": 34, "time": 72030}, {"train": 13, "operation": 30, "time": 72060}, {"train": 18, "operation": 36, "time": 72060}, {"train": 13, "operation": 31, "time": 72060}, {"train": 12, "operation": 44, "time": 72090}, {"train": 5, "operation": 80, "time": 72110}, {"train": 12, "operation": 46, "time": 72120}, {"train": 5, "operation": 81, "time": 72120}, {"train": 7, "operation": 15, "time": 72160}, {"train": 7, "operation": 16, "time": 72180}, {"train": 18, "operation": 37, "time": 72240}, {"train": 18, "operation": 39, "time": 72240}, {"train": 13, "operation": 34, "time": 72270}, {"train": 13, "operation": 35, "time": 72300}, {"train": 21, "operation": 18, "time": 72313}, {"train": 21, "operation": 21, "time": 72313}, {"train": 13, "operation": 36, "time": 72390}, {"train": 13, "operation": 37, "time": 72420}, {"train": 18, "operation": 43, "time": 72420}, {"train": 12, "operation": 47, "time": 72480}, {"train": 5, "operation": 82, "time": 72510}, {"train": 12, "operation": 49, "time": 72540}, {"train": 5, "operation": 83, "time": 72540}, {"train": 18, "operation": 58, "time": 72540}, {"train": 13, "operation": 39, "time": 72660}, {"train": 5, "operation": 84, "time": 72705}, {"train": 5, "operation": 85, "time": 72705}, {"train": 7, "operation": 18, "time": 72780}, {"train": 12, "operation": 50, "time": 72810}, {"train": 12, "operation": 52, "time": 72840}, {"train": 13, "operation": 40, "time": 72840}, {"train": 21, "operation": 23, "time": 72840}, {"train": 5, "operation": 88, "time": 72870}, {"train": 5, "operation": 89, "time": 72900}, {"train": 7, "operation": 20, "time": 72900}, {"train": 12, "operation": 53, "time": 72940}, {"train": 12, "operation": 54, "time": 72960}, {"train": 7, "operation": 21, "time": 73035}, {"train": 7, "operation": 22, "time": 73035}, {"train": 13, "operation": 41, "time": 73080}, {"train": 12, "operation": 57, "time": 73110}, {"train": 12, "operation": 58, "time": 73140}, {"train": 21, "operation": 26, "time": 73140}, {"train": 7, "operation": 23, "time": 73170}, {"train": 13, "operation": 43, "time": 73200}, {"train": 14, "operation": 15, "time": 73200}, {"train": 7, "operation": 24, "time": 73200}, {"train": 14, "operation": 19, "time": 73200}, {"train": 5, "operation": 90, "time": 73310}, {"train": 5, "operation": 91, "time": 73320}, {"train": 14, "operation": 20, "time": 73335}, {"train": 14, "operation": 22, "time": 73335}, {"train": 12, "operation": 60, "time": 73380}, {"train": 12, "operation": 61, "time": 73380}, {"train": 13, "operation": 44, "time": 73470}, {"train": 14, "operation": 24, "time": 73470}, {"train": 13, "operation": 46, "time": 73500}, {"train": 14, "operation": 25, "time": 73500}, {"train": 14, "operation": 27, "time": 73550}, {"train": 7, "operation": 25, "time": 73550}, {"train": 14, "operation": 28, "time": 73550}, {"train": 12, "operation": 62, "time": 73560}, {"train": 7, "operation": 26, "time": 73560}, {"train": 12, "operation": 64, "time": 73560}, {"train": 13, "operation": 47, "time": 73590}, {"train": 13, "operation": 48, "time": 73620}, {"train": 14, "operation": 30, "time": 73650}, {"train": 14, "operation": 33, "time": 73680}, {"train": 12, "operation": 66, "time": 73740}, {"train": 13, "operation": 50, "time": 73740}, {"train": 12, "operation": 67, "time": 73740}, {"train": 13, "operation": 51, "time": 73740}, {"train": 12, "operation": 68, "time": 73770}, {"train": 14, "operation": 34, "time": 73770}, {"train": 12, "operation": 69, "time": 73800}, {"train": 14, "operation": 35, "time": 73800}, {"train": 7, "operation": 27, "time": 73830}, {"train": 7, "operation": 30, "time": 73860}, {"train": 14, "operation": 36, "time": 73980}, {"train": 12, "operation": 70, "time": 74040}, {"train": 13, "operation": 53, "time": 74070}, {"train": 13, "operation": 54, "time": 74100}, {"train": 14, "operation": 38, "time": 74100}, {"train": 7, "operation": 32, "time": 74130}, {"train": 7, "operation": 33, "time": 74160}, {"train": 13, "operation": 55, "time": 74190}, {"train": 13, "operation": 56, "time": 74220}, {"train": 5, "operation": 92, "time": 74310}, {"train": 5, "operation": 95, "time": 74340}, {"train": 13, "operation": 59, "time": 74370}, {"train": 13, "operation": 61, "time": 74400}, {"train": 14, "operation": 40, "time": 74400}, {"train": 7, "operation": 35, "time": 74400}, {"train": 14, "operation": 41, "time": 74400}, {"train": 12, "operation": 72, "time": 74400}, {"train": 7, "operation": 36, "time": 74400}, {"train": 14, "operation": 42, "time": 74430}, {"train": 13, "operation": 62, "time": 74460}, {"train": 14, "operation": 43, "time": 74460}, {"train": 13, "operation": 64, "time": 74460}, {"train": 13, "operation": 65, "time": 74490}, {"train": 13, "operation": 67, "time": 74520}, {"train": 7, "operation": 37, "time": 74550}, {"train": 7, "operation": 38, "time": 74580}, {"train": 14, "operation": 44, "time": 74610}, {"train": 5, "operation": 96, "time": 74610}, {"train": 14, "operation": 46, "time": 74640}, {"train": 5, "operation": 97, "time": 74640}, {"train": 12, "operation": 74, "time": 74670}, {"train": 12, "operation": 75, "time": 74700}, {"train": 13, "operation": 69, "time": 74700}, {"train": 7, "operation": 39, "time": 74700}, {"train": 13, "operation": 70, "time": 74700}, {"train": 7, "operation": 41, "time": 74700}, {"train": 13, "operation": 83, "time": 74880}, {"train": 7, "operation": 42, "time": 74899}, {"train": 7, "operation": 44, "time": 74899}, {"train": 5, "operation": 98, "time": 74910}, {"train": 5, "operation": 99, "time": 74940}, {"train": 12, "operation": 78, "time": 74970}, {"train": 14, "operation": 48, "time": 74970}, {"train": 12, "operation": 79, "time": 75000}, {"train": 14, "operation": 49, "time": 75000}, {"train": 13, "operation": 89, "time": 75000}, {"train": 7, "operation": 45, "time": 75060}, {"train": 7, "operation": 47, "time": 75060}, {"train": 12, "operation": 80, "time": 75220}, {"train": 12, "operation": 81, "time": 75240}, {"train": 7, "operation": 48, "time": 75240}, {"train": 7, "operation": 51, "time": 75240}, {"train": 5, "operation": 100, "time": 75290}, {"train": 5, "operation": 101, "time": 75290}, {"train": 14, "operation": 51, "time": 75300}, {"train": 7, "operation": 52, "time": 75300}, {"train": 7, "operation": 53, "time": 75300}, {"train": 7, "operation": 54, "time": 75480}, {"train": 14, "operation": 52, "time": 75480}, {"train": 7, "operation": 56, "time": 75480}, {"train": 5, "operation": 102, "time": 75540}, {"train": 14, "operation": 53, "time": 75570}, {"train": 14, "operation": 54, "time": 75600}, {"train": 7, "operation": 58, "time": 75610}, {"train": 12, "operation": 82, "time": 75630}, {"train": 12, "operation": 83, "time": 75660}, {"train": 7, "operation": 59, "time": 75660}, {"train": 5, "operation": 105, "time": 75660}, {"train": 14, "operation": 55, "time": 75750}, {"train": 14, "operation": 58, "time": 75780}, {"train": 12, "operation": 84, "time": 75840}, {"train": 12, "operation": 85, "time": 75840}, {"train": 7, "operation": 60, "time": 75960}, {"train": 7, "operation": 62, "time": 75960}, {"train": 14, "operation": 59, "time": 76020}, {"train": 7, "operation": 63, "time": 76020}, {"train": 12, "operation": 86, "time": 76020}, {"train": 14, "operation": 61, "time": 76020}, {"train": 7, "operation": 64, "time": 76020}, {"train": 12, "operation": 89, "time": 76020}, {"train": 7, "operation": 66, "time": 76140}, {"train": 7, "operation": 67, "time": 76140}, {"train": 14, "operation": 62, "time": 76200}, {"train": 14, "operation": 64, "time": 76200}, {"train": 14, "operation": 66, "time": 76380}, {"train": 14, "operation": 67, "time": 76380}, {"train": 14, "operation": 68, "time": 76410}, {"train": 7, "operation": 68, "time": 76410}, {"train": 14, "operation": 69, "time": 76440}, {"train": 7, "operation": 70, "time": 76440}, {"train": 7, "operation": 71, "time": 76590}, {"train": 7, "operation": 72, "time": 76620}, {"train": 14, "operation": 70, "time": 76680}, {"train": 14, "operation": 72, "time": 76680}, {"train": 7, "operation": 73, "time": 76770}, {"train": 7, "operation": 77, "time": 76800}, {"train": 14, "operation": 74, "time": 76890}, {"train": 7, "operation": 79, "time": 76900}, {"train": 7, "operation": 80, "time": 76900}, {"train": 14, "operation": 75, "time": 76920}, {"train": 7, "operation": 81, "time": 76950}, {"train": 7, "operation": 83, "time": 76950}, {"train": 7, "operation": 84, "time": 77115}, {"train": 7, "operation": 86, "time": 77115}, {"train": 14, "operation": 76, "time": 77220}, {"train": 7, "operation": 100, "time": 77280}, {"train": 14, "operation": 79, "time": 77400}, {"train": 7, "operation": 105, "time": 77400}, {"train": 14, "operation": 80, "time": 77620}, {"train": 14, "operation": 81, "time": 77640}, {"train": 14, "operation": 82, "time": 78030}, {"train": 14, "operation": 83, "time": 78060}, {"train": 14, "operation": 84, "time": 78210}, {"train": 14, "operation": 85, "time": 78210}, {"train": 14, "operation": 88, "time": 78360}, {"train": 14, "operation": 89, "time": 78480}]}