{"objective_value": 4937, "events": [{"train": 0, "operation": 0, "time": 0}, {"train": 10, "operation": 0, "time": 0}, {"train": 11, "operation": 0, "time": 0}, {"train": 12, "operation": 0, "time": 0}, {"train": 13, "operation": 0, "time": 0}, {"train": 14, "operation": 0, "time": 0}, {"train": 15, "operation": 0, "time": 0}, {"train": 16, "operation": 0, "time": 0}, {"train": 17, "operation": 0, "time": 0}, {"train": 18, "operation": 0, "time": 0}, {"train": 19, "operation": 0, "time": 0}, {"train": 1, "operation": 0, "time": 0}, {"train": 20, "operation": 0, "time": 0}, {"train": 21, "operation": 0, "time": 0}, {"train": 22, "operation": 0, "time": 0}, {"train": 2, "operation": 0, "time": 0}, {"train": 3, "operation": 0, "time": 0}, {"train": 4, "operation": 0, "time": 0}, {"train": 5, "operation": 0, "time": 0}, {"train": 6, "operation": 0, "time": 0}, {"train": 7, "operation": 0, "time": 0}, {"train": 8, "operation": 0, "time": 0}, {"train": 9, "operation": 0, "time": 0}, {"train": 0, "operation": 1, "time": 55320}, {"train": 4, "operation": 1, "time": 56160}, {"train": 2, "operation": 1, "time": 56220}, {"train": 15, "operation": 1, "time": 56280}, {"train": 1, "operation": 1, "time": 56280}, {"train": 0, "operation": 4, "time": 56340}, {"train": 10, "operation": 1, "time": 56340}, {"train": 15, "operation": 2, "time": 56380}, {"train": 11, "operation": 16, "time": 56400}, {"train": 1, "operation": 2, "time": 56460}, {"train": 2, "operation": 3, "time": 56460}, {"train": 4, "operation": 2, "time": 56490}, {"train": 10, "operation": 2, "time": 56550}, {"train": 10, "operation": 4, "time": 56580}, {"train": 15, "operation": 4, "time": 56771}, {"train": 15, "operation": 5, "time": 56819}, {"train": 2, "operation": 4, "time": 56834}, {"train": 15, "operation": 7, "time": 56849}, {"train": 10, "operation": 6, "time": 56880}, {"train": 2, "operation": 5, "time": 56920}, {"train": 10, "operation": 7, "time": 56940}, {"train": 0, "operation": 5, "time": 56949}, {"train": 2, "operation": 6, "time": 56950}, {"train": 15, "operation": 8, "time": 57049}, {"train": 15, "operation": 10, "time": 57049}, {"train": 2, "operation": 8, "time": 57064}, {"train": 2, "operation": 9, "time": 57064}, {"train": 10, "operation": 8, "time": 57180}, {"train": 2, "operation": 11, "time": 57196}, {"train": 2, "operation": 12, "time": 57196}, {"train": 4, "operation": 5, "time": 57201}, {"train": 0, "operation": 6, "time": 57205}, {"train": 0, "operation": 7, "time": 57235}, {"train": 15, "operation": 23, "time": 57249}, {"train": 11, "operation": 19, "time": 57249}, {"train": 1, "operation": 4, "time": 57272}, {"train": 2, "operation": 14, "time": 57349}, {"train": 2, "operation": 15, "time": 57349}, {"train": 15, "operation": 29, "time": 57369}, {"train": 11, "operation": 21, "time": 57377}, {"train": 11, "operation": 22, "time": 57377}, {"train": 1, "operation": 5, "time": 57443}, {"train": 0, "operation": 8, "time": 57491}, {"train": 1, "operation": 7, "time": 57503}, {"train": 11, "operation": 24, "time": 57505}, {"train": 2, "operation": 16, "time": 57520}, {"train": 2, "operation": 19, "time": 57520}, {"train": 0, "operation": 9, "time": 57521}, {"train": 11, "operation": 25, "time": 57535}, {"train": 2, "operation": 20, "time": 57577}, {"train": 2, "operation": 21, "time": 57577}, {"train": 11, "operation": 26, "time": 57583}, {"train": 11, "operation": 28, "time": 57583}, {"train": 1, "operation": 8, "time": 57589}, {"train": 3, "operation": 10, "time": 57600}, {"train": 3, "operation": 19, "time": 57600}, {"train": 1, "operation": 9, "time": 57619}, {"train": 11, "operation": 32, "time": 57678}, {"train": 11, "operation": 33, "time": 57708}, {"train": 3, "operation": 21, "time": 57724}, {"train": 3, "operation": 22, "time": 57724}, {"train": 2, "operation": 23, "time": 57748}, {"train": 10, "operation": 10, "time": 57748}, {"train": 2, "operation": 24, "time": 57748}, {"train": 1, "operation": 10, "time": 57790}, {"train": 1, "operation": 12, "time": 57790}, {"train": 11, "operation": 34, "time": 57794}, {"train": 11, "operation": 35, "time": 57824}, {"train": 16, "operation": 1, "time": 57840}, {"train": 10, "operation": 11, "time": 57843}, {"train": 3, "operation": 24, "time": 57847}, {"train": 3, "operation": 25, "time": 57847}, {"train": 0, "operation": 10, "time": 57853}, {"train": 0, "operation": 11, "time": 57853}, {"train": 10, "operation": 12, "time": 57863}, {"train": 3, "operation": 26, "time": 57895}, {"train": 3, "operation": 28, "time": 57895}, {"train": 2, "operation": 25, "time": 57928}, {"train": 18, "operation": 16, "time": 57960}, {"train": 10, "operation": 14, "time": 57977}, {"train": 16, "operation": 4, "time": 57977}, {"train": 2, "operation": 27, "time": 57978}, {"train": 1, "operation": 13, "time": 57990}, {"train": 3, "operation": 31, "time": 57990}, {"train": 1, "operation": 15, "time": 58020}, {"train": 3, "operation": 33, "time": 58020}, {"train": 11, "operation": 37, "time": 58024}, {"train": 4, "operation": 6, "time": 58037}, {"train": 11, "operation": 38, "time": 58054}, {"train": 4, "operation": 7, "time": 58057}, {"train": 16, "operation": 5, "time": 58063}, {"train": 0, "operation": 14, "time": 58091}, {"train": 16, "operation": 6, "time": 58093}, {"train": 3, "operation": 34, "time": 58110}, {"train": 3, "operation": 35, "time": 58140}, {"train": 10, "operation": 16, "time": 58157}, {"train": 0, "operation": 15, "time": 58211}, {"train": 2, "operation": 29, "time": 58263}, {"train": 2, "operation": 30, "time": 58263}, {"train": 1, "operation": 17, "time": 58276}, {"train": 16, "operation": 8, "time": 58293}, {"train": 1, "operation": 19, "time": 58306}, {"train": 3, "operation": 37, "time": 58320}, {"train": 16, "operation": 9, "time": 58323}, {"train": 11, "operation": 39, "time": 58339}, {"train": 2, "operation": 31, "time": 58346}, {"train": 2, "operation": 32, "time": 58346}, {"train": 10, "operation": 17, "time": 58385}, {"train": 10, "operation": 19, "time": 58385}, {"train": 2, "operation": 34, "time": 58434}, {"train": 11, "operation": 41, "time": 58434}, {"train": 2, "operation": 35, "time": 58434}, {"train": 4, "operation": 9, "time": 58456}, {"train": 11, "operation": 42, "time": 58462}, {"train": 1, "operation": 20, "time": 58468}, {"train": 1, "operation": 21, "time": 58478}, {"train": 11, "operation": 43, "time": 58492}, {"train": 16, "operation": 10, "time": 58523}, {"train": 16, "operation": 12, "time": 58553}, {"train": 10, "operation": 21, "time": 58556}, {"train": 10, "operation": 22, "time": 58556}, {"train": 11, "operation": 44, "time": 58663}, {"train": 18, "operation": 19, "time": 58680}, {"train": 2, "operation": 36, "time": 58690}, {"train": 3, "operation": 38, "time": 58690}, {"train": 2, "operation": 38, "time": 58720}, {"train": 10, "operation": 23, "time": 58727}, {"train": 10, "operation": 25, "time": 58727}, {"train": 10, "operation": 26, "time": 58813}, {"train": 18, "operation": 21, "time": 58815}, {"train": 18, "operation": 22, "time": 58815}, {"train": 16, "operation": 14, "time": 58838}, {"train": 10, "operation": 27, "time": 58843}, {"train": 11, "operation": 46, "time": 58843}, {"train": 1, "operation": 22, "time": 58848}, {"train": 2, "operation": 39, "time": 58862}, {"train": 1, "operation": 23, "time": 58878}, {"train": 2, "operation": 40, "time": 58892}, {"train": 18, "operation": 24, "time": 58950}, {"train": 3, "operation": 39, "time": 58975}, {"train": 18, "operation": 25, "time": 58980}, {"train": 10, "operation": 28, "time": 59014}, {"train": 10, "operation": 30, "time": 59014}, {"train": 16, "operation": 15, "time": 59018}, {"train": 1, "operation": 24, "time": 59020}, {"train": 1, "operation": 25, "time": 59020}, {"train": 18, "operation": 27, "time": 59030}, {"train": 18, "operation": 28, "time": 59030}, {"train": 2, "operation": 41, "time": 59034}, {"train": 2, "operation": 45, "time": 59064}, {"train": 11, "operation": 47, "time": 59128}, {"train": 18, "operation": 32, "time": 59130}, {"train": 2, "operation": 46, "time": 59159}, {"train": 2, "operation": 48, "time": 59159}, {"train": 16, "operation": 16, "time": 59160}, {"train": 18, "operation": 33, "time": 59160}, {"train": 1, "operation": 26, "time": 59162}, {"train": 4, "operation": 11, "time": 59162}, {"train": 16, "operation": 17, "time": 59190}, {"train": 2, "operation": 50, "time": 59207}, {"train": 2, "operation": 51, "time": 59207}, {"train": 10, "operation": 31, "time": 59214}, {"train": 1, "operation": 29, "time": 59222}, {"train": 10, "operation": 33, "time": 59244}, {"train": 18, "operation": 34, "time": 59250}, {"train": 18, "operation": 35, "time": 59280}, {"train": 4, "operation": 12, "time": 59290}, {"train": 4, "operation": 13, "time": 59290}, {"train": 16, "operation": 19, "time": 59304}, {"train": 16, "operation": 20, "time": 59304}, {"train": 3, "operation": 41, "time": 59304}, {"train": 11, "operation": 49, "time": 59308}, {"train": 2, "operation": 53, "time": 59364}, {"train": 2, "operation": 54, "time": 59364}, {"train": 3, "operation": 42, "time": 59373}, {"train": 3, "operation": 43, "time": 59373}, {"train": 4, "operation": 14, "time": 59418}, {"train": 4, "operation": 15, "time": 59448}, {"train": 18, "operation": 36, "time": 59460}, {"train": 10, "operation": 34, "time": 59472}, {"train": 3, "operation": 44, "time": 59475}, {"train": 3, "operation": 46, "time": 59475}, {"train": 11, "operation": 51, "time": 59508}, {"train": 2, "operation": 56, "time": 59521}, {"train": 11, "operation": 52, "time": 59538}, {"train": 1, "operation": 30, "time": 59612}, {"train": 1, "operation": 31, "time": 59622}, {"train": 11, "operation": 53, "time": 59633}, {"train": 2, "operation": 73, "time": 59641}, {"train": 16, "operation": 22, "time": 59646}, {"train": 18, "operation": 38, "time": 59646}, {"train": 11, "operation": 54, "time": 59653}, {"train": 3, "operation": 48, "time": 59731}, {"train": 3, "operation": 49, "time": 59761}, {"train": 16, "operation": 23, "time": 59766}, {"train": 4, "operation": 16, "time": 59780}, {"train": 4, "operation": 17, "time": 59790}, {"train": 11, "operation": 56, "time": 59795}, {"train": 11, "operation": 58, "time": 59825}, {"train": 16, "operation": 24, "time": 59908}, {"train": 18, "operation": 39, "time": 59931}, {"train": 18, "operation": 41, "time": 59931}, {"train": 16, "operation": 25, "time": 59938}, {"train": 18, "operation": 42, "time": 59959}, {"train": 18, "operation": 43, "time": 59989}, {"train": 3, "operation": 50, "time": 59989}, {"train": 3, "operation": 52, "time": 59989}, {"train": 4, "operation": 19, "time": 59990}, {"train": 10, "operation": 37, "time": 59990}, {"train": 12, "operation": 6, "time": 60000}, {"train": 12, "operation": 19, "time": 60000}, {"train": 16, "operation": 27, "time": 60024}, {"train": 3, "operation": 53, "time": 60046}, {"train": 3, "operation": 54, "time": 60046}, {"train": 11, "operation": 59, "time": 60053}, {"train": 11, "operation": 61, "time": 60053}, {"train": 16, "operation": 30, "time": 60054}, {"train": 4, "operation": 21, "time": 60080}, {"train": 12, "operation": 20, "time": 60135}, {"train": 12, "operation": 22, "time": 60135}, {"train": 16, "operation": 31, "time": 60149}, {"train": 16, "operation": 33, "time": 60149}, {"train": 3, "operation": 57, "time": 60160}, {"train": 3, "operation": 58, "time": 60160}, {"train": 18, "operation": 45, "time": 60189}, {"train": 16, "operation": 34, "time": 60197}, {"train": 10, "operation": 38, "time": 60199}, {"train": 10, "operation": 39, "time": 60219}, {"train": 18, "operation": 46, "time": 60219}, {"train": 11, "operation": 63, "time": 60224}, {"train": 11, "operation": 64, "time": 60224}, {"train": 16, "operation": 36, "time": 60227}, {"train": 22, "operation": 19, "time": 60240}, {"train": 22, "operation": 21, "time": 60240}, {"train": 12, "operation": 24, "time": 60270}, {"train": 12, "operation": 25, "time": 60300}, {"train": 4, "operation": 23, "time": 60336}, {"train": 12, "operation": 26, "time": 60350}, {"train": 12, "operation": 28, "time": 60350}, {"train": 4, "operation": 24, "time": 60366}, {"train": 16, "operation": 37, "time": 60369}, {"train": 16, "operation": 39, "time": 60369}, {"train": 3, "operation": 59, "time": 60388}, {"train": 3, "operation": 61, "time": 60388}, {"train": 11, "operation": 66, "time": 60395}, {"train": 11, "operation": 67, "time": 60395}, {"train": 11, "operation": 68, "time": 60423}, {"train": 12, "operation": 31, "time": 60450}, {"train": 11, "operation": 69, "time": 60453}, {"train": 12, "operation": 33, "time": 60480}, {"train": 16, "operation": 49, "time": 60511}, {"train": 18, "operation": 48, "time": 60533}, {"train": 3, "operation": 63, "time": 60559}, {"train": 3, "operation": 64, "time": 60559}, {"train": 18, "operation": 49, "time": 60563}, {"train": 12, "operation": 34, "time": 60570}, {"train": 10, "operation": 40, "time": 60589}, {"train": 1, "operation": 32, "time": 60591}, {"train": 12, "operation": 35, "time": 60600}, {"train": 10, "operation": 41, "time": 60619}, {"train": 16, "operation": 58, "time": 60631}, {"train": 4, "operation": 26, "time": 60651}, {"train": 11, "operation": 70, "time": 60681}, {"train": 4, "operation": 27, "time": 60681}, {"train": 3, "operation": 65, "time": 60730}, {"train": 1, "operation": 35, "time": 60771}, {"train": 11, "operation": 72, "time": 60801}, {"train": 12, "operation": 37, "time": 60810}, {"train": 4, "operation": 28, "time": 60823}, {"train": 12, "operation": 38, "time": 60840}, {"train": 18, "operation": 50, "time": 60848}, {"train": 4, "operation": 29, "time": 60853}, {"train": 22, "operation": 22, "time": 60900}, {"train": 22, "operation": 26, "time": 60900}, {"train": 10, "operation": 42, "time": 60904}, {"train": 10, "operation": 43, "time": 60904}, {"train": 4, "operation": 31, "time": 60967}, {"train": 3, "operation": 67, "time": 60967}, {"train": 4, "operation": 32, "time": 60967}, {"train": 11, "operation": 73, "time": 61001}, {"train": 1, "operation": 36, "time": 61027}, {"train": 18, "operation": 52, "time": 61028}, {"train": 11, "operation": 75, "time": 61031}, {"train": 22, "operation": 27, "time": 61034}, {"train": 22, "operation": 28, "time": 61034}, {"train": 3, "operation": 68, "time": 61053}, {"train": 1, "operation": 37, "time": 61057}, {"train": 3, "operation": 69, "time": 61083}, {"train": 4, "operation": 33, "time": 61099}, {"train": 4, "operation": 35, "time": 61099}, {"train": 12, "operation": 40, "time": 61140}, {"train": 12, "operation": 41, "time": 61140}, {"train": 12, "operation": 42, "time": 61170}, {"train": 18, "operation": 53, "time": 61170}, {"train": 10, "operation": 45, "time": 61189}, {"train": 10, "operation": 47, "time": 61189}, {"train": 12, "operation": 43, "time": 61200}, {"train": 18, "operation": 54, "time": 61200}, {"train": 22, "operation": 29, "time": 61200}, {"train": 5, "operation": 14, "time": 61200}, {"train": 22, "operation": 31, "time": 61200}, {"train": 5, "operation": 19, "time": 61200}, {"train": 4, "operation": 37, "time": 61252}, {"train": 4, "operation": 38, "time": 61252}, {"train": 3, "operation": 70, "time": 61254}, {"train": 3, "operation": 72, "time": 61254}, {"train": 11, "operation": 78, "time": 61287}, {"train": 1, "operation": 38, "time": 61313}, {"train": 11, "operation": 79, "time": 61317}, {"train": 5, "operation": 20, "time": 61324}, {"train": 5, "operation": 22, "time": 61324}, {"train": 1, "operation": 39, "time": 61343}, {"train": 12, "operation": 45, "time": 61380}, {"train": 18, "operation": 57, "time": 61380}, {"train": 4, "operation": 39, "time": 61423}, {"train": 4, "operation": 42, "time": 61423}, {"train": 5, "operation": 24, "time": 61447}, {"train": 5, "operation": 25, "time": 61447}, {"train": 3, "operation": 73, "time": 61454}, {"train": 4, "operation": 43, "time": 61480}, {"train": 4, "operation": 44, "time": 61480}, {"train": 3, "operation": 75, "time": 61484}, {"train": 5, "operation": 27, "time": 61495}, {"train": 5, "operation": 28, "time": 61495}, {"train": 18, "operation": 58, "time": 61500}, {"train": 11, "operation": 80, "time": 61504}, {"train": 11, "operation": 81, "time": 61504}, {"train": 12, "operation": 46, "time": 61560}, {"train": 22, "operation": 32, "time": 61560}, {"train": 5, "operation": 31, "time": 61590}, {"train": 5, "operation": 33, "time": 61620}, {"train": 4, "operation": 45, "time": 61651}, {"train": 4, "operation": 47, "time": 61651}, {"train": 1, "operation": 40, "time": 61675}, {"train": 1, "operation": 41, "time": 61675}, {"train": 5, "operation": 34, "time": 61710}, {"train": 22, "operation": 34, "time": 61740}, {"train": 3, "operation": 78, "time": 61740}, {"train": 5, "operation": 35, "time": 61740}, {"train": 3, "operation": 79, "time": 61770}, {"train": 11, "operation": 82, "time": 61820}, {"train": 11, "operation": 83, "time": 61820}, {"train": 4, "operation": 48, "time": 61831}, {"train": 12, "operation": 48, "time": 61860}, {"train": 4, "operation": 50, "time": 61881}, {"train": 22, "operation": 35, "time": 61900}, {"train": 22, "operation": 36, "time": 61900}, {"train": 1, "operation": 44, "time": 61913}, {"train": 12, "operation": 49, "time": 61920}, {"train": 5, "operation": 37, "time": 61920}, {"train": 3, "operation": 80, "time": 61932}, {"train": 3, "operation": 81, "time": 61942}, {"train": 1, "operation": 45, "time": 62033}, {"train": 5, "operation": 38, "time": 62040}, {"train": 6, "operation": 3, "time": 62040}, {"train": 22, "operation": 37, "time": 62048}, {"train": 12, "operation": 50, "time": 62130}, {"train": 11, "operation": 84, "time": 62138}, {"train": 11, "operation": 85, "time": 62138}, {"train": 12, "operation": 52, "time": 62160}, {"train": 4, "operation": 52, "time": 62166}, {"train": 4, "operation": 53, "time": 62166}, {"train": 22, "operation": 39, "time": 62167}, {"train": 4, "operation": 54, "time": 62249}, {"train": 4, "operation": 55, "time": 62249}, {"train": 12, "operation": 53, "time": 62260}, {"train": 12, "operation": 54, "time": 62280}, {"train": 3, "operation": 82, "time": 62312}, {"train": 4, "operation": 57, "time": 62337}, {"train": 5, "operation": 39, "time": 62340}, {"train": 4, "operation": 58, "time": 62340}, {"train": 5, "operation": 41, "time": 62341}, {"train": 3, "operation": 83, "time": 62342}, {"train": 5, "operation": 42, "time": 62400}, {"train": 8, "operation": 3, "time": 62400}, {"train": 5, "operation": 43, "time": 62400}, {"train": 8, "operation": 4, "time": 62400}, {"train": 12, "operation": 56, "time": 62430}, {"train": 11, "operation": 86, "time": 62456}, {"train": 11, "operation": 89, "time": 62456}, {"train": 12, "operation": 58, "time": 62460}, {"train": 3, "operation": 84, "time": 62484}, {"train": 3, "operation": 85, "time": 62484}, {"train": 17, "operation": 1, "time": 62520}, {"train": 5, "operation": 44, "time": 62520}, {"train": 17, "operation": 4, "time": 62520}, {"train": 22, "operation": 40, "time": 62558}, {"train": 5, "operation": 46, "time": 62558}, {"train": 4, "operation": 59, "time": 62596}, {"train": 17, "operation": 5, "time": 62610}, {"train": 3, "operation": 87, "time": 62626}, {"train": 4, "operation": 61, "time": 62626}, {"train": 6, "operation": 4, "time": 62626}, {"train": 17, "operation": 6, "time": 62640}, {"train": 8, "operation": 5, "time": 62663}, {"train": 8, "operation": 6, "time": 62663}, {"train": 3, "operation": 89, "time": 62686}, {"train": 12, "operation": 60, "time": 62700}, {"train": 12, "operation": 61, "time": 62700}, {"train": 4, "operation": 62, "time": 62712}, {"train": 4, "operation": 63, "time": 62742}, {"train": 6, "operation": 5, "time": 62754}, {"train": 6, "operation": 6, "time": 62754}, {"train": 5, "operation": 48, "time": 62814}, {"train": 17, "operation": 8, "time": 62820}, {"train": 5, "operation": 49, "time": 62844}, {"train": 12, "operation": 63, "time": 62880}, {"train": 12, "operation": 64, "time": 62880}, {"train": 6, "operation": 7, "time": 62882}, {"train": 4, "operation": 64, "time": 62884}, {"train": 6, "operation": 8, "time": 62912}, {"train": 4, "operation": 68, "time": 62914}, {"train": 5, "operation": 50, "time": 63015}, {"train": 17, "operation": 9, "time": 63015}, {"train": 5, "operation": 52, "time": 63015}, {"train": 4, "operation": 70, "time": 63025}, {"train": 4, "operation": 71, "time": 63025}, {"train": 8, "operation": 7, "time": 63030}, {"train": 12, "operation": 65, "time": 63060}, {"train": 8, "operation": 8, "time": 63060}, {"train": 12, "operation": 67, "time": 63060}, {"train": 5, "operation": 53, "time": 63072}, {"train": 5, "operation": 54, "time": 63072}, {"train": 3, "operation": 90, "time": 63076}, {"train": 4, "operation": 73, "time": 63080}, {"train": 4, "operation": 74, "time": 63080}, {"train": 3, "operation": 91, "time": 63086}, {"train": 12, "operation": 68, "time": 63090}, {"train": 12, "operation": 69, "time": 63120}, {"train": 5, "operation": 57, "time": 63186}, {"train": 5, "operation": 58, "time": 63186}, {"train": 17, "operation": 11, "time": 63215}, {"train": 6, "operation": 9, "time": 63226}, {"train": 17, "operation": 12, "time": 63245}, {"train": 4, "operation": 75, "time": 63254}, {"train": 4, "operation": 77, "time": 63254}, {"train": 6, "operation": 10, "time": 63256}, {"train": 12, "operation": 70, "time": 63300}, {"train": 8, "operation": 9, "time": 63300}, {"train": 12, "operation": 72, "time": 63300}, {"train": 22, "operation": 42, "time": 63338}, {"train": 8, "operation": 10, "time": 63360}, {"train": 5, "operation": 60, "time": 63420}, {"train": 5, "operation": 61, "time": 63420}, {"train": 4, "operation": 92, "time": 63427}, {"train": 12, "operation": 73, "time": 63510}, {"train": 17, "operation": 13, "time": 63510}, {"train": 6, "operation": 11, "time": 63512}, {"train": 12, "operation": 75, "time": 63540}, {"train": 17, "operation": 15, "time": 63540}, {"train": 4, "operation": 96, "time": 63547}, {"train": 13, "operation": 16, "time": 63600}, {"train": 5, "operation": 62, "time": 63600}, {"train": 13, "operation": 19, "time": 63600}, {"train": 5, "operation": 64, "time": 63600}, {"train": 22, "operation": 43, "time": 63623}, {"train": 22, "operation": 45, "time": 63623}, {"train": 17, "operation": 16, "time": 63630}, {"train": 17, "operation": 17, "time": 63660}, {"train": 8, "operation": 12, "time": 63690}, {"train": 13, "operation": 20, "time": 63735}, {"train": 13, "operation": 22, "time": 63735}, {"train": 22, "operation": 46, "time": 63764}, {"train": 22, "operation": 47, "time": 63764}, {"train": 17, "operation": 18, "time": 63780}, {"train": 5, "operation": 66, "time": 63780}, {"train": 17, "operation": 20, "time": 63780}, {"train": 5, "operation": 67, "time": 63780}, {"train": 12, "operation": 78, "time": 63810}, {"train": 5, "operation": 68, "time": 63810}, {"train": 6, "operation": 14, "time": 63810}, {"train": 12, "operation": 79, "time": 63840}, {"train": 5, "operation": 69, "time": 63840}, {"train": 22, "operation": 49, "time": 63851}, {"train": 22, "operation": 51, "time": 63851}, {"train": 13, "operation": 24, "time": 63870}, {"train": 13, "operation": 25, "time": 63900}, {"train": 13, "operation": 27, "time": 63950}, {"train": 13, "operation": 28, "time": 63950}, {"train": 5, "operation": 70, "time": 64020}, {"train": 5, "operation": 72, "time": 64020}, {"train": 13, "operation": 31, "time": 64050}, {"train": 3, "operation": 92, "time": 64055}, {"train": 8, "operation": 14, "time": 64055}, {"train": 12, "operation": 80, "time": 64060}, {"train": 12, "operation": 81, "time": 64080}, {"train": 13, "operation": 33, "time": 64080}, {"train": 6, "operation": 15, "time": 64095}, {"train": 17, "operation": 21, "time": 64140}, {"train": 13, "operation": 34, "time": 64170}, {"train": 22, "operation": 53, "time": 64193}, {"train": 13, "operation": 35, "time": 64200}, {"train": 5, "operation": 74, "time": 64230}, {"train": 3, "operation": 95, "time": 64235}, {"train": 5, "operation": 75, "time": 64260}, {"train": 6, "operation": 17, "time": 64275}, {"train": 13, "operation": 37, "time": 64320}, {"train": 17, "operation": 23, "time": 64320}, {"train": 13, "operation": 38, "time": 64380}, {"train": 17, "operation": 24, "time": 64410}, {"train": 17, "operation": 25, "time": 64440}, {"train": 12, "operation": 82, "time": 64470}, {"train": 3, "operation": 96, "time": 64491}, {"train": 12, "operation": 83, "time": 64500}, {"train": 3, "operation": 97, "time": 64521}, {"train": 5, "operation": 78, "time": 64530}, {"train": 5, "operation": 79, "time": 64560}, {"train": 6, "operation": 19, "time": 64560}, {"train": 17, "operation": 26, "time": 64620}, {"train": 13, "operation": 39, "time": 64680}, {"train": 17, "operation": 30, "time": 64680}, {"train": 13, "operation": 41, "time": 64680}, {"train": 17, "operation": 31, "time": 64740}, {"train": 6, "operation": 20, "time": 64740}, {"train": 17, "operation": 33, "time": 64740}, {"train": 13, "operation": 42, "time": 64770}, {"train": 17, "operation": 34, "time": 64770}, {"train": 3, "operation": 98, "time": 64777}, {"train": 5, "operation": 80, "time": 64790}, {"train": 22, "operation": 54, "time": 64793}, {"train": 13, "operation": 43, "time": 64800}, {"train": 17, "operation": 36, "time": 64800}, {"train": 5, "operation": 81, "time": 64800}, {"train": 3, "operation": 99, "time": 64807}, {"train": 12, "operation": 84, "time": 64830}, {"train": 12, "operation": 85, "time": 64830}, {"train": 8, "operation": 15, "time": 64834}, {"train": 8, "operation": 16, "time": 64854}, {"train": 6, "operation": 21, "time": 64882}, {"train": 13, "operation": 44, "time": 64890}, {"train": 6, "operation": 22, "time": 64912}, {"train": 13, "operation": 46, "time": 64920}, {"train": 21, "operation": 19, "time": 64920}, {"train": 21, "operation": 21, "time": 64920}, {"train": 17, "operation": 38, "time": 65010}, {"train": 17, "operation": 39, "time": 65010}, {"train": 6, "operation": 24, "time": 65026}, {"train": 6, "operation": 25, "time": 65026}, {"train": 22, "operation": 55, "time": 65078}, {"train": 3, "operation": 100, "time": 65139}, {"train": 3, "operation": 101, "time": 65139}, {"train": 12, "operation": 86, "time": 65160}, {"train": 12, "operation": 89, "time": 65160}, {"train": 5, "operation": 82, "time": 65190}, {"train": 6, "operation": 27, "time": 65197}, {"train": 22, "operation": 57, "time": 65197}, {"train": 6, "operation": 28, "time": 65197}, {"train": 13, "operation": 47, "time": 65220}, {"train": 17, "operation": 50, "time": 65220}, {"train": 5, "operation": 83, "time": 65220}, {"train": 13, "operation": 49, "time": 65280}, {"train": 8, "operation": 17, "time": 65310}, {"train": 17, "operation": 58, "time": 65340}, {"train": 22, "operation": 58, "time": 65368}, {"train": 6, "operation": 29, "time": 65368}, {"train": 22, "operation": 60, "time": 65368}, {"train": 6, "operation": 31, "time": 65368}, {"train": 3, "operation": 104, "time": 65377}, {"train": 5, "operation": 84, "time": 65430}, {"train": 5, "operation": 85, "time": 65430}, {"train": 3, "operation": 105, "time": 65497}, {"train": 22, "operation": 61, "time": 65513}, {"train": 22, "operation": 62, "time": 65513}, {"train": 13, "operation": 50, "time": 65550}, {"train": 6, "operation": 33, "time": 65568}, {"train": 21, "operation": 23, "time": 65580}, {"train": 21, "operation": 26, "time": 65580}, {"train": 6, "operation": 35, "time": 65598}, {"train": 5, "operation": 88, "time": 65640}, {"train": 22, "operation": 63, "time": 65653}, {"train": 22, "operation": 65, "time": 65653}, {"train": 6, "operation": 36, "time": 65684}, {"train": 21, "operation": 27, "time": 65692}, {"train": 21, "operation": 28, "time": 65692}, {"train": 5, "operation": 89, "time": 65700}, {"train": 6, "operation": 37, "time": 65714}, {"train": 21, "operation": 29, "time": 65820}, {"train": 21, "operation": 31, "time": 65820}, {"train": 22, "operation": 67, "time": 65881}, {"train": 22, "operation": 68, "time": 65881}, {"train": 6, "operation": 39, "time": 65885}, {"train": 13, "operation": 52, "time": 65885}, {"train": 8, "operation": 20, "time": 65910}, {"train": 13, "operation": 53, "time": 65980}, {"train": 13, "operation": 54, "time": 66000}, {"train": 20, "operation": 12, "time": 66000}, {"train": 20, "operation": 19, "time": 66000}, {"train": 8, "operation": 21, "time": 66038}, {"train": 8, "operation": 22, "time": 66038}, {"train": 5, "operation": 90, "time": 66110}, {"train": 5, "operation": 91, "time": 66120}, {"train": 20, "operation": 21, "time": 66135}, {"train": 20, "operation": 22, "time": 66135}, {"train": 13, "operation": 57, "time": 66142}, {"train": 22, "operation": 69, "time": 66166}, {"train": 8, "operation": 23, "time": 66166}, {"train": 22, "operation": 72, "time": 66166}, {"train": 13, "operation": 58, "time": 66172}, {"train": 8, "operation": 24, "time": 66196}, {"train": 6, "operation": 40, "time": 66245}, {"train": 20, "operation": 23, "time": 66270}, {"train": 20, "operation": 25, "time": 66300}, {"train": 21, "operation": 32, "time": 66300}, {"train": 20, "operation": 27, "time": 66350}, {"train": 20, "operation": 28, "time": 66350}, {"train": 13, "operation": 59, "time": 66400}, {"train": 13, "operation": 61, "time": 66400}, {"train": 20, "operation": 31, "time": 66450}, {"train": 20, "operation": 33, "time": 66480}, {"train": 21, "operation": 34, "time": 66480}, {"train": 6, "operation": 42, "time": 66483}, {"train": 8, "operation": 25, "time": 66528}, {"train": 6, "operation": 43, "time": 66533}, {"train": 8, "operation": 26, "time": 66538}, {"train": 20, "operation": 34, "time": 66570}, {"train": 13, "operation": 62, "time": 66571}, {"train": 13, "operation": 64, "time": 66571}, {"train": 20, "operation": 35, "time": 66600}, {"train": 21, "operation": 35, "time": 66612}, {"train": 21, "operation": 36, "time": 66612}, {"train": 22, "operation": 74, "time": 66679}, {"train": 22, "operation": 75, "time": 66679}, {"train": 21, "operation": 38, "time": 66737}, {"train": 13, "operation": 65, "time": 66742}, {"train": 13, "operation": 67, "time": 66742}, {"train": 20, "operation": 37, "time": 66780}, {"train": 6, "operation": 44, "time": 66789}, {"train": 21, "operation": 39, "time": 66789}, {"train": 8, "operation": 28, "time": 66794}, {"train": 6, "operation": 46, "time": 66819}, {"train": 13, "operation": 68, "time": 66828}, {"train": 13, "operation": 69, "time": 66858}, {"train": 8, "operation": 30, "time": 66884}, {"train": 20, "operation": 38, "time": 66900}, {"train": 6, "operation": 47, "time": 66905}, {"train": 6, "operation": 48, "time": 66935}, {"train": 21, "operation": 41, "time": 67058}, {"train": 21, "operation": 42, "time": 67058}, {"train": 13, "operation": 70, "time": 67086}, {"train": 6, "operation": 50, "time": 67106}, {"train": 5, "operation": 94, "time": 67110}, {"train": 5, "operation": 95, "time": 67140}, {"train": 8, "operation": 32, "time": 67140}, {"train": 8, "operation": 33, "time": 67170}, {"train": 22, "operation": 77, "time": 67192}, {"train": 22, "operation": 78, "time": 67192}, {"train": 20, "operation": 39, "time": 67200}, {"train": 20, "operation": 41, "time": 67200}, {"train": 6, "operation": 51, "time": 67200}, {"train": 21, "operation": 43, "time": 67229}, {"train": 21, "operation": 45, "time": 67229}, {"train": 20, "operation": 42, "time": 67230}, {"train": 20, "operation": 43, "time": 67260}, {"train": 21, "operation": 46, "time": 67372}, {"train": 21, "operation": 47, "time": 67372}, {"train": 8, "operation": 35, "time": 67398}, {"train": 8, "operation": 36, "time": 67398}, {"train": 20, "operation": 45, "time": 67410}, {"train": 5, "operation": 96, "time": 67410}, {"train": 20, "operation": 46, "time": 67440}, {"train": 5, "operation": 97, "time": 67440}, {"train": 13, "operation": 72, "time": 67446}, {"train": 21, "operation": 49, "time": 67475}, {"train": 21, "operation": 51, "time": 67475}, {"train": 8, "operation": 37, "time": 67540}, {"train": 6, "operation": 52, "time": 67570}, {"train": 8, "operation": 38, "time": 67570}, {"train": 6, "operation": 54, "time": 67600}, {"train": 8, "operation": 39, "time": 67684}, {"train": 8, "operation": 41, "time": 67684}, {"train": 6, "operation": 55, "time": 67686}, {"train": 13, "operation": 73, "time": 67702}, {"train": 22, "operation": 79, "time": 67705}, {"train": 22, "operation": 81, "time": 67705}, {"train": 5, "operation": 98, "time": 67710}, {"train": 6, "operation": 56, "time": 67716}, {"train": 13, "operation": 75, "time": 67732}, {"train": 5, "operation": 99, "time": 67740}, {"train": 20, "operation": 48, "time": 67770}, {"train": 20, "operation": 49, "time": 67800}, {"train": 21, "operation": 53, "time": 67800}, {"train": 6, "operation": 57, "time": 67858}, {"train": 8, "operation": 43, "time": 67873}, {"train": 8, "operation": 44, "time": 67873}, {"train": 6, "operation": 61, "time": 67888}, {"train": 6, "operation": 63, "time": 67945}, {"train": 6, "operation": 64, "time": 67945}, {"train": 6, "operation": 66, "time": 67973}, {"train": 13, "operation": 78, "time": 67988}, {"train": 6, "operation": 67, "time": 68003}, {"train": 13, "operation": 79, "time": 68018}, {"train": 8, "operation": 45, "time": 68026}, {"train": 21, "operation": 54, "time": 68026}, {"train": 8, "operation": 47, "time": 68026}, {"train": 5, "operation": 100, "time": 68090}, {"train": 5, "operation": 101, "time": 68090}, {"train": 20, "operation": 50, "time": 68100}, {"train": 6, "operation": 68, "time": 68174}, {"train": 6, "operation": 70, "time": 68174}, {"train": 8, "operation": 50, "time": 68197}, {"train": 8, "operation": 51, "time": 68197}, {"train": 13, "operation": 80, "time": 68227}, {"train": 13, "operation": 81, "time": 68247}, {"train": 8, "operation": 52, "time": 68273}, {"train": 8, "operation": 53, "time": 68273}, {"train": 21, "operation": 56, "time": 68311}, {"train": 21, "operation": 57, "time": 68311}, {"train": 5, "operation": 104, "time": 68340}, {"train": 6, "operation": 78, "time": 68345}, {"train": 7, "operation": 18, "time": 68400}, {"train": 7, "operation": 19, "time": 68400}, {"train": 8, "operation": 55, "time": 68425}, {"train": 20, "operation": 52, "time": 68425}, {"train": 8, "operation": 56, "time": 68425}, {"train": 5, "operation": 105, "time": 68460}, {"train": 6, "operation": 89, "time": 68465}, {"train": 21, "operation": 59, "time": 68482}, {"train": 21, "operation": 60, "time": 68482}, {"train": 20, "operation": 53, "time": 68511}, {"train": 7, "operation": 21, "time": 68524}, {"train": 7, "operation": 22, "time": 68524}, {"train": 20, "operation": 54, "time": 68541}, {"train": 21, "operation": 61, "time": 68595}, {"train": 21, "operation": 62, "time": 68595}, {"train": 8, "operation": 57, "time": 68596}, {"train": 13, "operation": 82, "time": 68617}, {"train": 13, "operation": 83, "time": 68647}, {"train": 7, "operation": 23, "time": 68647}, {"train": 7, "operation": 25, "time": 68647}, {"train": 8, "operation": 59, "time": 68656}, {"train": 7, "operation": 27, "time": 68695}, {"train": 7, "operation": 28, "time": 68695}, {"train": 20, "operation": 55, "time": 68712}, {"train": 21, "operation": 64, "time": 68721}, {"train": 21, "operation": 65, "time": 68721}, {"train": 13, "operation": 84, "time": 68761}, {"train": 13, "operation": 85, "time": 68761}, {"train": 7, "operation": 29, "time": 68790}, {"train": 7, "operation": 33, "time": 68820}, {"train": 20, "operation": 58, "time": 68832}, {"train": 13, "operation": 86, "time": 68875}, {"train": 13, "operation": 89, "time": 68875}, {"train": 8, "operation": 60, "time": 68884}, {"train": 8, "operation": 62, "time": 68884}, {"train": 7, "operation": 34, "time": 68910}, {"train": 21, "operation": 66, "time": 68938}, {"train": 21, "operation": 68, "time": 68938}, {"train": 7, "operation": 35, "time": 68940}, {"train": 8, "operation": 63, "time": 68967}, {"train": 8, "operation": 64, "time": 68967}, {"train": 8, "operation": 65, "time": 69055}, {"train": 8, "operation": 67, "time": 69055}, {"train": 7, "operation": 37, "time": 69120}, {"train": 21, "operation": 71, "time": 69223}, {"train": 21, "operation": 72, "time": 69223}, {"train": 8, "operation": 68, "time": 69311}, {"train": 7, "operation": 38, "time": 69311}, {"train": 8, "operation": 70, "time": 69341}, {"train": 8, "operation": 71, "time": 69483}, {"train": 8, "operation": 72, "time": 69513}, {"train": 7, "operation": 39, "time": 69596}, {"train": 7, "operation": 41, "time": 69596}, {"train": 14, "operation": 2, "time": 69600}, {"train": 14, "operation": 4, "time": 69600}, {"train": 8, "operation": 75, "time": 69655}, {"train": 19, "operation": 1, "time": 69660}, {"train": 19, "operation": 4, "time": 69660}, {"train": 7, "operation": 42, "time": 69665}, {"train": 7, "operation": 43, "time": 69665}, {"train": 21, "operation": 74, "time": 69679}, {"train": 21, "operation": 75, "time": 69679}, {"train": 8, "operation": 77, "time": 69685}, {"train": 14, "operation": 5, "time": 69735}, {"train": 14, "operation": 6, "time": 69735}, {"train": 7, "operation": 44, "time": 69767}, {"train": 7, "operation": 46, "time": 69767}, {"train": 8, "operation": 78, "time": 69780}, {"train": 8, "operation": 80, "time": 69780}, {"train": 19, "operation": 5, "time": 69810}, {"train": 8, "operation": 82, "time": 69828}, {"train": 8, "operation": 83, "time": 69828}, {"train": 19, "operation": 6, "time": 69840}, {"train": 14, "operation": 7, "time": 69870}, {"train": 14, "operation": 8, "time": 69900}, {"train": 8, "operation": 84, "time": 69985}, {"train": 8, "operation": 86, "time": 69985}, {"train": 19, "operation": 8, "time": 70020}, {"train": 7, "operation": 47, "time": 70023}, {"train": 7, "operation": 49, "time": 70053}, {"train": 9, "operation": 1, "time": 70080}, {"train": 9, "operation": 4, "time": 70080}, {"train": 8, "operation": 104, "time": 70142}, {"train": 21, "operation": 77, "time": 70192}, {"train": 21, "operation": 78, "time": 70192}, {"train": 7, "operation": 50, "time": 70224}, {"train": 19, "operation": 9, "time": 70224}, {"train": 7, "operation": 52, "time": 70224}, {"train": 14, "operation": 9, "time": 70230}, {"train": 14, "operation": 10, "time": 70260}, {"train": 8, "operation": 105, "time": 70262}, {"train": 7, "operation": 53, "time": 70281}, {"train": 7, "operation": 54, "time": 70281}, {"train": 9, "operation": 5, "time": 70343}, {"train": 9, "operation": 6, "time": 70343}, {"train": 7, "operation": 56, "time": 70395}, {"train": 7, "operation": 58, "time": 70395}, {"train": 19, "operation": 10, "time": 70424}, {"train": 19, "operation": 12, "time": 70454}, {"train": 14, "operation": 13, "time": 70530}, {"train": 14, "operation": 14, "time": 70560}, {"train": 7, "operation": 59, "time": 70623}, {"train": 7, "operation": 61, "time": 70623}, {"train": 9, "operation": 7, "time": 70710}, {"train": 21, "operation": 79, "time": 70721}, {"train": 21, "operation": 81, "time": 70721}, {"train": 9, "operation": 8, "time": 70740}, {"train": 7, "operation": 63, "time": 70800}, {"train": 7, "operation": 64, "time": 70800}, {"train": 14, "operation": 15, "time": 70830}, {"train": 19, "operation": 14, "time": 70830}, {"train": 14, "operation": 17, "time": 70860}, {"train": 19, "operation": 15, "time": 70860}, {"train": 9, "operation": 9, "time": 70950}, {"train": 7, "operation": 65, "time": 70980}, {"train": 9, "operation": 10, "time": 70980}, {"train": 7, "operation": 67, "time": 70980}, {"train": 19, "operation": 16, "time": 71010}, {"train": 19, "operation": 17, "time": 71040}, {"train": 7, "operation": 68, "time": 71070}, {"train": 7, "operation": 69, "time": 71100}, {"train": 14, "operation": 19, "time": 71160}, {"train": 19, "operation": 18, "time": 71160}, {"train": 19, "operation": 20, "time": 71160}, {"train": 9, "operation": 11, "time": 71310}, {"train": 7, "operation": 70, "time": 71340}, {"train": 9, "operation": 14, "time": 71340}, {"train": 14, "operation": 20, "time": 71340}, {"train": 7, "operation": 72, "time": 71340}, {"train": 19, "operation": 22, "time": 71460}, {"train": 14, "operation": 21, "time": 71490}, {"train": 14, "operation": 22, "time": 71520}, {"train": 19, "operation": 23, "time": 71580}, {"train": 7, "operation": 73, "time": 71610}, {"train": 7, "operation": 75, "time": 71640}, {"train": 14, "operation": 24, "time": 71700}, {"train": 14, "operation": 25, "time": 71700}, {"train": 19, "operation": 24, "time": 71730}, {"train": 19, "operation": 25, "time": 71760}, {"train": 14, "operation": 26, "time": 71880}, {"train": 14, "operation": 28, "time": 71880}, {"train": 19, "operation": 27, "time": 71910}, {"train": 7, "operation": 76, "time": 71910}, {"train": 19, "operation": 30, "time": 71940}, {"train": 7, "operation": 79, "time": 71940}, {"train": 19, "operation": 32, "time": 72000}, {"train": 19, "operation": 33, "time": 72000}, {"train": 19, "operation": 34, "time": 72030}, {"train": 14, "operation": 30, "time": 72060}, {"train": 19, "operation": 36, "time": 72060}, {"train": 14, "operation": 31, "time": 72060}, {"train": 7, "operation": 80, "time": 72110}, {"train": 7, "operation": 81, "time": 72120}, {"train": 9, "operation": 15, "time": 72160}, {"train": 9, "operation": 16, "time": 72180}, {"train": 19, "operation": 37, "time": 72240}, {"train": 19, "operation": 39, "time": 72240}, {"train": 14, "operation": 33, "time": 72270}, {"train": 14, "operation": 35, "time": 72300}, {"train": 14, "operation": 36, "time": 72390}, {"train": 14, "operation": 37, "time": 72420}, {"train": 19, "operation": 56, "time": 72420}, {"train": 7, "operation": 82, "time": 72510}, {"train": 7, "operation": 83, "time": 72540}, {"train": 19, "operation": 58, "time": 72540}, {"train": 14, "operation": 38, "time": 72660}, {"train": 7, "operation": 84, "time": 72705}, {"train": 7, "operation": 85, "time": 72705}, {"train": 9, "operation": 17, "time": 72780}, {"train": 14, "operation": 40, "time": 72840}, {"train": 7, "operation": 87, "time": 72870}, {"train": 7, "operation": 89, "time": 72900}, {"train": 9, "operation": 20, "time": 72900}, {"train": 9, "operation": 21, "time": 73035}, {"train": 9, "operation": 22, "time": 73035}, {"train": 14, "operation": 42, "time": 73080}, {"train": 9, "operation": 23, "time": 73170}, {"train": 14, "operation": 43, "time": 73200}, {"train": 9, "operation": 24, "time": 73200}, {"train": 7, "operation": 90, "time": 73310}, {"train": 7, "operation": 91, "time": 73320}, {"train": 14, "operation": 45, "time": 73470}, {"train": 14, "operation": 46, "time": 73500}, {"train": 9, "operation": 25, "time": 73550}, {"train": 9, "operation": 26, "time": 73560}, {"train": 14, "operation": 47, "time": 73590}, {"train": 14, "operation": 48, "time": 73620}, {"train": 14, "operation": 50, "time": 73740}, {"train": 14, "operation": 51, "time": 73740}, {"train": 9, "operation": 29, "time": 73830}, {"train": 9, "operation": 30, "time": 73860}, {"train": 14, "operation": 53, "time": 74070}, {"train": 14, "operation": 54, "time": 74100}, {"train": 9, "operation": 32, "time": 74130}, {"train": 9, "operation": 33, "time": 74160}, {"train": 14, "operation": 55, "time": 74190}, {"train": 14, "operation": 56, "time": 74220}, {"train": 7, "operation": 94, "time": 74310}, {"train": 7, "operation": 95, "time": 74340}, {"train": 14, "operation": 60, "time": 74370}, {"train": 14, "operation": 61, "time": 74400}, {"train": 9, "operation": 34, "time": 74400}, {"train": 9, "operation": 36, "time": 74400}, {"train": 14, "operation": 63, "time": 74460}, {"train": 14, "operation": 64, "time": 74460}, {"train": 14, "operation": 66, "time": 74490}, {"train": 14, "operation": 67, "time": 74520}, {"train": 9, "operation": 37, "time": 74550}, {"train": 9, "operation": 38, "time": 74580}, {"train": 7, "operation": 96, "time": 74610}, {"train": 7, "operation": 97, "time": 74640}, {"train": 14, "operation": 69, "time": 74700}, {"train": 9, "operation": 40, "time": 74700}, {"train": 14, "operation": 70, "time": 74700}, {"train": 9, "operation": 41, "time": 74700}, {"train": 14, "operation": 84, "time": 74880}, {"train": 9, "operation": 43, "time": 74899}, {"train": 9, "operation": 44, "time": 74899}, {"train": 7, "operation": 98, "time": 74910}, {"train": 7, "operation": 99, "time": 74940}, {"train": 14, "operation": 89, "time": 75000}, {"train": 9, "operation": 45, "time": 75060}, {"train": 9, "operation": 47, "time": 75060}, {"train": 9, "operation": 48, "time": 75240}, {"train": 9, "operation": 51, "time": 75240}, {"train": 7, "operation": 100, "time": 75290}, {"train": 7, "operation": 101, "time": 75290}, {"train": 9, "operation": 52, "time": 75300}, {"train": 9, "operation": 53, "time": 75300}, {"train": 9, "operation": 55, "time": 75480}, {"train": 9, "operation": 56, "time": 75480}, {"train": 7, "operation": 103, "time": 75540}, {"train": 9, "operation": 58, "time": 75610}, {"train": 9, "operation": 59, "time": 75660}, {"train": 7, "operation": 105, "time": 75660}, {"train": 9, "operation": 61, "time": 75960}, {"train": 9, "operation": 62, "time": 75960}, {"train": 9, "operation": 63, "time": 76020}, {"train": 9, "operation": 64, "time": 76020}, {"train": 9, "operation": 65, "time": 76140}, {"train": 9, "operation": 67, "time": 76140}, {"train": 9, "operation": 68, "time": 76410}, {"train": 9, "operation": 70, "time": 76440}, {"train": 9, "operation": 71, "time": 76590}, {"train": 9, "operation": 72, "time": 76620}, {"train": 9, "operation": 75, "time": 76770}, {"train": 9, "operation": 77, "time": 76800}, {"train": 9, "operation": 78, "time": 76900}, {"train": 9, "operation": 80, "time": 76900}, {"train": 9, "operation": 81, "time": 76950}, {"train": 9, "operation": 83, "time": 76950}, {"train": 9, "operation": 84, "time": 77115}, {"train": 9, "operation": 86, "time": 77115}, {"train": 9, "operation": 100, "time": 77280}, {"train": 9, "operation": 105, "time": 77400}]}