{"objective_value": 4619, "events": [{"train": 0, "operation": 0, "time": 0}, {"train": 10, "operation": 0, "time": 0}, {"train": 11, "operation": 0, "time": 0}, {"train": 12, "operation": 0, "time": 0}, {"train": 13, "operation": 0, "time": 0}, {"train": 14, "operation": 0, "time": 0}, {"train": 15, "operation": 0, "time": 0}, {"train": 16, "operation": 0, "time": 0}, {"train": 17, "operation": 0, "time": 0}, {"train": 18, "operation": 0, "time": 0}, {"train": 19, "operation": 0, "time": 0}, {"train": 1, "operation": 0, "time": 0}, {"train": 20, "operation": 0, "time": 0}, {"train": 21, "operation": 0, "time": 0}, {"train": 22, "operation": 0, "time": 0}, {"train": 2, "operation": 0, "time": 0}, {"train": 3, "operation": 0, "time": 0}, {"train": 4, "operation": 0, "time": 0}, {"train": 5, "operation": 0, "time": 0}, {"train": 6, "operation": 0, "time": 0}, {"train": 7, "operation": 0, "time": 0}, {"train": 8, "operation": 0, "time": 0}, {"train": 9, "operation": 0, "time": 0}, {"train": 4, "operation": 1, "time": 56520}, {"train": 11, "operation": 1, "time": 57000}, {"train": 1, "operation": 1, "time": 57000}, {"train": 0, "operation": 1, "time": 57120}, {"train": 2, "operation": 1, "time": 57180}, {"train": 11, "operation": 3, "time": 57210}, {"train": 1, "operation": 2, "time": 57210}, {"train": 2, "operation": 2, "time": 57240}, {"train": 4, "operation": 2, "time": 57400}, {"train": 4, "operation": 3, "time": 57420}, {"train": 0, "operation": 2, "time": 57470}, {"train": 0, "operation": 3, "time": 57470}, {"train": 3, "operation": 2, "time": 57600}, {"train": 3, "operation": 19, "time": 57600}, {"train": 0, "operation": 4, "time": 57720}, {"train": 3, "operation": 20, "time": 57724}, {"train": 3, "operation": 22, "time": 57724}, {"train": 16, "operation": 3, "time": 57840}, {"train": 2, "operation": 3, "time": 57840}, {"train": 4, "operation": 5, "time": 57840}, {"train": 0, "operation": 7, "time": 57840}, {"train": 16, "operation": 4, "time": 57840}, {"train": 3, "operation": 23, "time": 57847}, {"train": 3, "operation": 25, "time": 57847}, {"train": 3, "operation": 26, "time": 57895}, {"train": 3, "operation": 28, "time": 57895}, {"train": 16, "operation": 5, "time": 57930}, {"train": 18, "operation": 15, "time": 57960}, {"train": 3, "operation": 31, "time": 57990}, {"train": 2, "operation": 4, "time": 58011}, {"train": 16, "operation": 6, "time": 58011}, {"train": 2, "operation": 6, "time": 58011}, {"train": 3, "operation": 33, "time": 58020}, {"train": 11, "operation": 4, "time": 58034}, {"train": 1, "operation": 4, "time": 58039}, {"train": 3, "operation": 34, "time": 58110}, {"train": 3, "operation": 35, "time": 58140}, {"train": 2, "operation": 7, "time": 58191}, {"train": 16, "operation": 8, "time": 58211}, {"train": 10, "operation": 1, "time": 58211}, {"train": 16, "operation": 9, "time": 58241}, {"train": 2, "operation": 9, "time": 58241}, {"train": 1, "operation": 5, "time": 58295}, {"train": 10, "operation": 2, "time": 58306}, {"train": 11, "operation": 6, "time": 58319}, {"train": 11, "operation": 7, "time": 58319}, {"train": 3, "operation": 36, "time": 58320}, {"train": 1, "operation": 8, "time": 58325}, {"train": 10, "operation": 3, "time": 58326}, {"train": 11, "operation": 8, "time": 58347}, {"train": 11, "operation": 9, "time": 58377}, {"train": 10, "operation": 5, "time": 58440}, {"train": 16, "operation": 11, "time": 58441}, {"train": 1, "operation": 9, "time": 58487}, {"train": 1, "operation": 10, "time": 58497}, {"train": 2, "operation": 11, "time": 58526}, {"train": 16, "operation": 12, "time": 58526}, {"train": 11, "operation": 10, "time": 58548}, {"train": 2, "operation": 12, "time": 58548}, {"train": 10, "operation": 7, "time": 58620}, {"train": 2, "operation": 13, "time": 58631}, {"train": 2, "operation": 14, "time": 58631}, {"train": 18, "operation": 19, "time": 58680}, {"train": 2, "operation": 16, "time": 58719}, {"train": 2, "operation": 17, "time": 58719}, {"train": 16, "operation": 14, "time": 58811}, {"train": 11, "operation": 12, "time": 58811}, {"train": 18, "operation": 21, "time": 58815}, {"train": 18, "operation": 22, "time": 58815}, {"train": 10, "operation": 9, "time": 58848}, {"train": 10, "operation": 10, "time": 58848}, {"train": 1, "operation": 11, "time": 58867}, {"train": 1, "operation": 12, "time": 58897}, {"train": 18, "operation": 24, "time": 58950}, {"train": 2, "operation": 19, "time": 58975}, {"train": 3, "operation": 38, "time": 58975}, {"train": 18, "operation": 25, "time": 58980}, {"train": 16, "operation": 15, "time": 58991}, {"train": 2, "operation": 20, "time": 59005}, {"train": 10, "operation": 11, "time": 59019}, {"train": 10, "operation": 13, "time": 59019}, {"train": 18, "operation": 27, "time": 59030}, {"train": 18, "operation": 28, "time": 59030}, {"train": 1, "operation": 13, "time": 59039}, {"train": 1, "operation": 14, "time": 59039}, {"train": 11, "operation": 14, "time": 59096}, {"train": 18, "operation": 31, "time": 59130}, {"train": 16, "operation": 16, "time": 59133}, {"train": 2, "operation": 21, "time": 59147}, {"train": 16, "operation": 17, "time": 59163}, {"train": 2, "operation": 22, "time": 59177}, {"train": 1, "operation": 17, "time": 59181}, {"train": 4, "operation": 7, "time": 59181}, {"train": 10, "operation": 15, "time": 59190}, {"train": 10, "operation": 16, "time": 59190}, {"train": 1, "operation": 18, "time": 59241}, {"train": 3, "operation": 39, "time": 59260}, {"train": 10, "operation": 17, "time": 59276}, {"train": 11, "operation": 15, "time": 59276}, {"train": 16, "operation": 19, "time": 59277}, {"train": 16, "operation": 20, "time": 59277}, {"train": 3, "operation": 41, "time": 59277}, {"train": 10, "operation": 18, "time": 59306}, {"train": 4, "operation": 8, "time": 59309}, {"train": 4, "operation": 9, "time": 59309}, {"train": 2, "operation": 26, "time": 59319}, {"train": 18, "operation": 33, "time": 59319}, {"train": 3, "operation": 42, "time": 59346}, {"train": 3, "operation": 43, "time": 59346}, {"train": 2, "operation": 27, "time": 59349}, {"train": 18, "operation": 34, "time": 59405}, {"train": 18, "operation": 35, "time": 59435}, {"train": 4, "operation": 10, "time": 59437}, {"train": 2, "operation": 28, "time": 59444}, {"train": 2, "operation": 30, "time": 59444}, {"train": 3, "operation": 45, "time": 59448}, {"train": 3, "operation": 46, "time": 59448}, {"train": 4, "operation": 11, "time": 59467}, {"train": 11, "operation": 17, "time": 59476}, {"train": 10, "operation": 20, "time": 59477}, {"train": 10, "operation": 21, "time": 59477}, {"train": 2, "operation": 31, "time": 59492}, {"train": 2, "operation": 33, "time": 59492}, {"train": 11, "operation": 18, "time": 59506}, {"train": 11, "operation": 19, "time": 59601}, {"train": 18, "operation": 36, "time": 59606}, {"train": 16, "operation": 22, "time": 59619}, {"train": 11, "operation": 20, "time": 59621}, {"train": 1, "operation": 19, "time": 59631}, {"train": 1, "operation": 20, "time": 59641}, {"train": 2, "operation": 34, "time": 59649}, {"train": 2, "operation": 36, "time": 59649}, {"train": 10, "operation": 23, "time": 59677}, {"train": 3, "operation": 47, "time": 59704}, {"train": 10, "operation": 24, "time": 59707}, {"train": 18, "operation": 38, "time": 59726}, {"train": 3, "operation": 49, "time": 59734}, {"train": 16, "operation": 23, "time": 59739}, {"train": 11, "operation": 23, "time": 59763}, {"train": 11, "operation": 24, "time": 59793}, {"train": 4, "operation": 12, "time": 59799}, {"train": 2, "operation": 37, "time": 59806}, {"train": 4, "operation": 13, "time": 59809}, {"train": 16, "operation": 24, "time": 59881}, {"train": 16, "operation": 25, "time": 59911}, {"train": 2, "operation": 55, "time": 59926}, {"train": 10, "operation": 27, "time": 59935}, {"train": 3, "operation": 50, "time": 59962}, {"train": 3, "operation": 52, "time": 59962}, {"train": 16, "operation": 28, "time": 59997}, {"train": 12, "operation": 9, "time": 60000}, {"train": 12, "operation": 19, "time": 60000}, {"train": 4, "operation": 15, "time": 60009}, {"train": 18, "operation": 40, "time": 60011}, {"train": 18, "operation": 41, "time": 60011}, {"train": 3, "operation": 53, "time": 60019}, {"train": 3, "operation": 54, "time": 60019}, {"train": 11, "operation": 26, "time": 60021}, {"train": 11, "operation": 27, "time": 60021}, {"train": 16, "operation": 30, "time": 60027}, {"train": 18, "operation": 42, "time": 60039}, {"train": 18, "operation": 43, "time": 60069}, {"train": 4, "operation": 17, "time": 60099}, {"train": 10, "operation": 28, "time": 60115}, {"train": 16, "operation": 32, "time": 60122}, {"train": 16, "operation": 33, "time": 60122}, {"train": 3, "operation": 56, "time": 60133}, {"train": 3, "operation": 58, "time": 60133}, {"train": 12, "operation": 21, "time": 60135}, {"train": 12, "operation": 22, "time": 60135}, {"train": 16, "operation": 35, "time": 60170}, {"train": 11, "operation": 29, "time": 60192}, {"train": 11, "operation": 30, "time": 60192}, {"train": 16, "operation": 36, "time": 60200}, {"train": 22, "operation": 2, "time": 60240}, {"train": 22, "operation": 21, "time": 60240}, {"train": 18, "operation": 45, "time": 60269}, {"train": 12, "operation": 24, "time": 60270}, {"train": 18, "operation": 46, "time": 60299}, {"train": 12, "operation": 25, "time": 60300}, {"train": 10, "operation": 29, "time": 60324}, {"train": 16, "operation": 38, "time": 60342}, {"train": 16, "operation": 39, "time": 60342}, {"train": 10, "operation": 30, "time": 60344}, {"train": 12, "operation": 27, "time": 60350}, {"train": 12, "operation": 28, "time": 60350}, {"train": 4, "operation": 18, "time": 60355}, {"train": 3, "operation": 59, "time": 60361}, {"train": 3, "operation": 61, "time": 60361}, {"train": 11, "operation": 32, "time": 60363}, {"train": 11, "operation": 33, "time": 60363}, {"train": 4, "operation": 20, "time": 60385}, {"train": 11, "operation": 34, "time": 60391}, {"train": 11, "operation": 35, "time": 60421}, {"train": 12, "operation": 31, "time": 60450}, {"train": 12, "operation": 33, "time": 60480}, {"train": 16, "operation": 52, "time": 60484}, {"train": 3, "operation": 62, "time": 60532}, {"train": 3, "operation": 64, "time": 60532}, {"train": 12, "operation": 34, "time": 60570}, {"train": 12, "operation": 35, "time": 60600}, {"train": 16, "operation": 58, "time": 60604}, {"train": 1, "operation": 21, "time": 60610}, {"train": 18, "operation": 48, "time": 60613}, {"train": 18, "operation": 49, "time": 60643}, {"train": 11, "operation": 37, "time": 60649}, {"train": 4, "operation": 21, "time": 60670}, {"train": 4, "operation": 23, "time": 60670}, {"train": 3, "operation": 65, "time": 60703}, {"train": 10, "operation": 31, "time": 60714}, {"train": 10, "operation": 32, "time": 60744}, {"train": 11, "operation": 38, "time": 60769}, {"train": 1, "operation": 24, "time": 60790}, {"train": 12, "operation": 36, "time": 60810}, {"train": 4, "operation": 24, "time": 60812}, {"train": 12, "operation": 38, "time": 60840}, {"train": 4, "operation": 25, "time": 60842}, {"train": 22, "operation": 23, "time": 60900}, {"train": 22, "operation": 26, "time": 60900}, {"train": 18, "operation": 51, "time": 60928}, {"train": 4, "operation": 27, "time": 60956}, {"train": 3, "operation": 67, "time": 60956}, {"train": 4, "operation": 28, "time": 60956}, {"train": 11, "operation": 40, "time": 60969}, {"train": 11, "operation": 41, "time": 60999}, {"train": 10, "operation": 33, "time": 61029}, {"train": 10, "operation": 34, "time": 61029}, {"train": 22, "operation": 27, "time": 61034}, {"train": 22, "operation": 28, "time": 61034}, {"train": 3, "operation": 68, "time": 61042}, {"train": 1, "operation": 25, "time": 61046}, {"train": 3, "operation": 69, "time": 61072}, {"train": 1, "operation": 26, "time": 61076}, {"train": 4, "operation": 30, "time": 61088}, {"train": 4, "operation": 31, "time": 61088}, {"train": 18, "operation": 52, "time": 61108}, {"train": 12, "operation": 40, "time": 61140}, {"train": 12, "operation": 41, "time": 61140}, {"train": 12, "operation": 42, "time": 61170}, {"train": 12, "operation": 43, "time": 61200}, {"train": 22, "operation": 30, "time": 61200}, {"train": 5, "operation": 4, "time": 61200}, {"train": 22, "operation": 31, "time": 61200}, {"train": 5, "operation": 19, "time": 61200}, {"train": 4, "operation": 33, "time": 61241}, {"train": 4, "operation": 34, "time": 61241}, {"train": 3, "operation": 71, "time": 61243}, {"train": 3, "operation": 72, "time": 61243}, {"train": 18, "operation": 53, "time": 61250}, {"train": 11, "operation": 44, "time": 61255}, {"train": 18, "operation": 54, "time": 61280}, {"train": 11, "operation": 45, "time": 61285}, {"train": 10, "operation": 35, "time": 61314}, {"train": 10, "operation": 38, "time": 61314}, {"train": 5, "operation": 20, "time": 61324}, {"train": 5, "operation": 22, "time": 61324}, {"train": 1, "operation": 27, "time": 61332}, {"train": 1, "operation": 28, "time": 61362}, {"train": 12, "operation": 45, "time": 61380}, {"train": 4, "operation": 36, "time": 61412}, {"train": 3, "operation": 73, "time": 61443}, {"train": 5, "operation": 23, "time": 61447}, {"train": 5, "operation": 25, "time": 61447}, {"train": 18, "operation": 55, "time": 61451}, {"train": 4, "operation": 38, "time": 61451}, {"train": 11, "operation": 46, "time": 61472}, {"train": 11, "operation": 47, "time": 61472}, {"train": 3, "operation": 75, "time": 61473}, {"train": 5, "operation": 26, "time": 61495}, {"train": 5, "operation": 28, "time": 61495}, {"train": 4, "operation": 39, "time": 61508}, {"train": 4, "operation": 40, "time": 61508}, {"train": 12, "operation": 46, "time": 61560}, {"train": 22, "operation": 33, "time": 61560}, {"train": 18, "operation": 58, "time": 61571}, {"train": 5, "operation": 31, "time": 61590}, {"train": 5, "operation": 33, "time": 61620}, {"train": 4, "operation": 41, "time": 61679}, {"train": 4, "operation": 43, "time": 61679}, {"train": 1, "operation": 29, "time": 61694}, {"train": 1, "operation": 30, "time": 61694}, {"train": 5, "operation": 34, "time": 61710}, {"train": 3, "operation": 77, "time": 61729}, {"train": 22, "operation": 34, "time": 61740}, {"train": 5, "operation": 35, "time": 61740}, {"train": 3, "operation": 79, "time": 61759}, {"train": 11, "operation": 48, "time": 61788}, {"train": 11, "operation": 49, "time": 61788}, {"train": 4, "operation": 44, "time": 61859}, {"train": 12, "operation": 48, "time": 61860}, {"train": 22, "operation": 35, "time": 61900}, {"train": 22, "operation": 36, "time": 61900}, {"train": 4, "operation": 46, "time": 61909}, {"train": 12, "operation": 49, "time": 61920}, {"train": 5, "operation": 37, "time": 61920}, {"train": 3, "operation": 80, "time": 61921}, {"train": 3, "operation": 81, "time": 61931}, {"train": 1, "operation": 32, "time": 61932}, {"train": 5, "operation": 38, "time": 62040}, {"train": 6, "operation": 3, "time": 62040}, {"train": 22, "operation": 38, "time": 62048}, {"train": 1, "operation": 34, "time": 62052}, {"train": 11, "operation": 50, "time": 62106}, {"train": 11, "operation": 51, "time": 62106}, {"train": 12, "operation": 51, "time": 62130}, {"train": 12, "operation": 52, "time": 62160}, {"train": 4, "operation": 47, "time": 62194}, {"train": 22, "operation": 39, "time": 62194}, {"train": 4, "operation": 49, "time": 62194}, {"train": 12, "operation": 53, "time": 62260}, {"train": 4, "operation": 50, "time": 62277}, {"train": 4, "operation": 51, "time": 62277}, {"train": 12, "operation": 54, "time": 62280}, {"train": 3, "operation": 82, "time": 62301}, {"train": 3, "operation": 83, "time": 62331}, {"train": 5, "operation": 40, "time": 62340}, {"train": 4, "operation": 52, "time": 62365}, {"train": 4, "operation": 54, "time": 62365}, {"train": 5, "operation": 41, "time": 62365}, {"train": 8, "operation": 1, "time": 62400}, {"train": 8, "operation": 4, "time": 62400}, {"train": 5, "operation": 42, "time": 62422}, {"train": 5, "operation": 43, "time": 62422}, {"train": 11, "operation": 53, "time": 62424}, {"train": 11, "operation": 55, "time": 62424}, {"train": 12, "operation": 56, "time": 62430}, {"train": 12, "operation": 58, "time": 62460}, {"train": 3, "operation": 84, "time": 62473}, {"train": 3, "operation": 85, "time": 62473}, {"train": 17, "operation": 3, "time": 62520}, {"train": 17, "operation": 4, "time": 62520}, {"train": 5, "operation": 44, "time": 62536}, {"train": 22, "operation": 40, "time": 62585}, {"train": 5, "operation": 46, "time": 62585}, {"train": 17, "operation": 5, "time": 62610}, {"train": 3, "operation": 86, "time": 62615}, {"train": 6, "operation": 4, "time": 62615}, {"train": 4, "operation": 55, "time": 62621}, {"train": 17, "operation": 6, "time": 62640}, {"train": 4, "operation": 57, "time": 62651}, {"train": 8, "operation": 5, "time": 62663}, {"train": 8, "operation": 6, "time": 62663}, {"train": 3, "operation": 89, "time": 62675}, {"train": 12, "operation": 60, "time": 62700}, {"train": 12, "operation": 61, "time": 62700}, {"train": 4, "operation": 58, "time": 62737}, {"train": 6, "operation": 5, "time": 62743}, {"train": 6, "operation": 6, "time": 62743}, {"train": 4, "operation": 59, "time": 62767}, {"train": 17, "operation": 8, "time": 62820}, {"train": 5, "operation": 48, "time": 62841}, {"train": 5, "operation": 49, "time": 62871}, {"train": 6, "operation": 7, "time": 62871}, {"train": 12, "operation": 63, "time": 62880}, {"train": 12, "operation": 64, "time": 62880}, {"train": 6, "operation": 8, "time": 62901}, {"train": 4, "operation": 62, "time": 62909}, {"train": 4, "operation": 64, "time": 62939}, {"train": 8, "operation": 7, "time": 63030}, {"train": 5, "operation": 50, "time": 63042}, {"train": 17, "operation": 9, "time": 63042}, {"train": 5, "operation": 52, "time": 63042}, {"train": 4, "operation": 65, "time": 63050}, {"train": 4, "operation": 67, "time": 63050}, {"train": 12, "operation": 66, "time": 63060}, {"train": 8, "operation": 8, "time": 63060}, {"train": 12, "operation": 67, "time": 63060}, {"train": 3, "operation": 90, "time": 63065}, {"train": 3, "operation": 91, "time": 63075}, {"train": 12, "operation": 68, "time": 63090}, {"train": 5, "operation": 53, "time": 63099}, {"train": 5, "operation": 54, "time": 63099}, {"train": 4, "operation": 68, "time": 63105}, {"train": 4, "operation": 70, "time": 63105}, {"train": 12, "operation": 69, "time": 63120}, {"train": 5, "operation": 57, "time": 63213}, {"train": 5, "operation": 58, "time": 63213}, {"train": 6, "operation": 9, "time": 63215}, {"train": 17, "operation": 11, "time": 63242}, {"train": 6, "operation": 10, "time": 63245}, {"train": 17, "operation": 12, "time": 63272}, {"train": 4, "operation": 71, "time": 63279}, {"train": 4, "operation": 73, "time": 63279}, {"train": 12, "operation": 71, "time": 63300}, {"train": 8, "operation": 9, "time": 63300}, {"train": 12, "operation": 72, "time": 63300}, {"train": 8, "operation": 10, "time": 63360}, {"train": 22, "operation": 42, "time": 63365}, {"train": 5, "operation": 59, "time": 63441}, {"train": 5, "operation": 61, "time": 63441}, {"train": 4, "operation": 76, "time": 63452}, {"train": 6, "operation": 11, "time": 63501}, {"train": 12, "operation": 74, "time": 63510}, {"train": 17, "operation": 14, "time": 63528}, {"train": 12, "operation": 75, "time": 63540}, {"train": 17, "operation": 15, "time": 63558}, {"train": 4, "operation": 92, "time": 63572}, {"train": 13, "operation": 10, "time": 63600}, {"train": 13, "operation": 19, "time": 63600}, {"train": 5, "operation": 62, "time": 63612}, {"train": 5, "operation": 64, "time": 63612}, {"train": 17, "operation": 16, "time": 63644}, {"train": 22, "operation": 43, "time": 63650}, {"train": 22, "operation": 45, "time": 63650}, {"train": 17, "operation": 17, "time": 63674}, {"train": 8, "operation": 13, "time": 63690}, {"train": 13, "operation": 21, "time": 63735}, {"train": 13, "operation": 22, "time": 63735}, {"train": 5, "operation": 65, "time": 63783}, {"train": 5, "operation": 67, "time": 63783}, {"train": 17, "operation": 19, "time": 63788}, {"train": 17, "operation": 20, "time": 63788}, {"train": 22, "operation": 46, "time": 63791}, {"train": 22, "operation": 47, "time": 63791}, {"train": 12, "operation": 77, "time": 63810}, {"train": 6, "operation": 14, "time": 63810}, {"train": 5, "operation": 68, "time": 63811}, {"train": 12, "operation": 79, "time": 63840}, {"train": 5, "operation": 69, "time": 63841}, {"train": 13, "operation": 24, "time": 63870}, {"train": 22, "operation": 49, "time": 63878}, {"train": 22, "operation": 51, "time": 63878}, {"train": 13, "operation": 25, "time": 63900}, {"train": 13, "operation": 27, "time": 63950}, {"train": 13, "operation": 28, "time": 63950}, {"train": 5, "operation": 70, "time": 64020}, {"train": 5, "operation": 72, "time": 64020}, {"train": 3, "operation": 93, "time": 64044}, {"train": 8, "operation": 14, "time": 64044}, {"train": 13, "operation": 32, "time": 64050}, {"train": 12, "operation": 80, "time": 64060}, {"train": 12, "operation": 81, "time": 64080}, {"train": 13, "operation": 33, "time": 64080}, {"train": 6, "operation": 15, "time": 64095}, {"train": 17, "operation": 21, "time": 64140}, {"train": 13, "operation": 34, "time": 64170}, {"train": 13, "operation": 35, "time": 64200}, {"train": 22, "operation": 52, "time": 64220}, {"train": 3, "operation": 95, "time": 64224}, {"train": 5, "operation": 74, "time": 64230}, {"train": 5, "operation": 75, "time": 64260}, {"train": 6, "operation": 17, "time": 64275}, {"train": 13, "operation": 37, "time": 64320}, {"train": 17, "operation": 23, "time": 64320}, {"train": 13, "operation": 38, "time": 64380}, {"train": 17, "operation": 24, "time": 64410}, {"train": 17, "operation": 25, "time": 64440}, {"train": 12, "operation": 82, "time": 64470}, {"train": 3, "operation": 96, "time": 64480}, {"train": 12, "operation": 83, "time": 64500}, {"train": 3, "operation": 97, "time": 64510}, {"train": 5, "operation": 76, "time": 64530}, {"train": 5, "operation": 79, "time": 64560}, {"train": 6, "operation": 19, "time": 64560}, {"train": 17, "operation": 27, "time": 64620}, {"train": 13, "operation": 40, "time": 64680}, {"train": 17, "operation": 30, "time": 64680}, {"train": 13, "operation": 41, "time": 64680}, {"train": 17, "operation": 32, "time": 64740}, {"train": 6, "operation": 20, "time": 64740}, {"train": 17, "operation": 33, "time": 64740}, {"train": 3, "operation": 98, "time": 64766}, {"train": 13, "operation": 42, "time": 64770}, {"train": 17, "operation": 35, "time": 64770}, {"train": 5, "operation": 80, "time": 64790}, {"train": 3, "operation": 99, "time": 64796}, {"train": 13, "operation": 43, "time": 64800}, {"train": 17, "operation": 36, "time": 64800}, {"train": 5, "operation": 81, "time": 64800}, {"train": 22, "operation": 54, "time": 64820}, {"train": 8, "operation": 15, "time": 64823}, {"train": 12, "operation": 84, "time": 64830}, {"train": 12, "operation": 85, "time": 64830}, {"train": 8, "operation": 16, "time": 64843}, {"train": 6, "operation": 21, "time": 64882}, {"train": 13, "operation": 45, "time": 64890}, {"train": 6, "operation": 22, "time": 64912}, {"train": 13, "operation": 46, "time": 64920}, {"train": 21, "operation": 1, "time": 64920}, {"train": 21, "operation": 21, "time": 64920}, {"train": 17, "operation": 38, "time": 65010}, {"train": 17, "operation": 39, "time": 65010}, {"train": 6, "operation": 23, "time": 65026}, {"train": 6, "operation": 25, "time": 65026}, {"train": 22, "operation": 56, "time": 65105}, {"train": 3, "operation": 100, "time": 65128}, {"train": 3, "operation": 101, "time": 65128}, {"train": 12, "operation": 87, "time": 65160}, {"train": 12, "operation": 89, "time": 65160}, {"train": 5, "operation": 82, "time": 65190}, {"train": 6, "operation": 26, "time": 65197}, {"train": 22, "operation": 57, "time": 65197}, {"train": 6, "operation": 28, "time": 65197}, {"train": 13, "operation": 48, "time": 65220}, {"train": 17, "operation": 53, "time": 65220}, {"train": 5, "operation": 83, "time": 65220}, {"train": 13, "operation": 49, "time": 65280}, {"train": 8, "operation": 17, "time": 65299}, {"train": 17, "operation": 58, "time": 65340}, {"train": 3, "operation": 104, "time": 65366}, {"train": 22, "operation": 58, "time": 65368}, {"train": 6, "operation": 30, "time": 65368}, {"train": 22, "operation": 60, "time": 65368}, {"train": 6, "operation": 31, "time": 65368}, {"train": 5, "operation": 84, "time": 65430}, {"train": 5, "operation": 85, "time": 65430}, {"train": 3, "operation": 105, "time": 65486}, {"train": 22, "operation": 61, "time": 65513}, {"train": 22, "operation": 62, "time": 65513}, {"train": 13, "operation": 51, "time": 65550}, {"train": 6, "operation": 32, "time": 65568}, {"train": 21, "operation": 25, "time": 65580}, {"train": 21, "operation": 26, "time": 65580}, {"train": 6, "operation": 35, "time": 65598}, {"train": 5, "operation": 88, "time": 65640}, {"train": 22, "operation": 63, "time": 65653}, {"train": 22, "operation": 65, "time": 65653}, {"train": 6, "operation": 36, "time": 65684}, {"train": 21, "operation": 27, "time": 65692}, {"train": 21, "operation": 28, "time": 65692}, {"train": 5, "operation": 89, "time": 65700}, {"train": 6, "operation": 37, "time": 65714}, {"train": 21, "operation": 29, "time": 65820}, {"train": 21, "operation": 31, "time": 65820}, {"train": 22, "operation": 67, "time": 65881}, {"train": 22, "operation": 68, "time": 65881}, {"train": 6, "operation": 38, "time": 65885}, {"train": 13, "operation": 52, "time": 65885}, {"train": 8, "operation": 20, "time": 65899}, {"train": 13, "operation": 53, "time": 65980}, {"train": 13, "operation": 54, "time": 66000}, {"train": 20, "operation": 17, "time": 66000}, {"train": 20, "operation": 19, "time": 66000}, {"train": 8, "operation": 21, "time": 66027}, {"train": 8, "operation": 22, "time": 66027}, {"train": 5, "operation": 90, "time": 66110}, {"train": 5, "operation": 91, "time": 66120}, {"train": 20, "operation": 21, "time": 66135}, {"train": 20, "operation": 22, "time": 66135}, {"train": 13, "operation": 57, "time": 66142}, {"train": 8, "operation": 23, "time": 66155}, {"train": 22, "operation": 71, "time": 66166}, {"train": 22, "operation": 72, "time": 66166}, {"train": 13, "operation": 58, "time": 66172}, {"train": 8, "operation": 24, "time": 66185}, {"train": 6, "operation": 40, "time": 66245}, {"train": 20, "operation": 24, "time": 66270}, {"train": 20, "operation": 25, "time": 66300}, {"train": 21, "operation": 33, "time": 66300}, {"train": 20, "operation": 27, "time": 66350}, {"train": 20, "operation": 28, "time": 66350}, {"train": 13, "operation": 60, "time": 66400}, {"train": 13, "operation": 61, "time": 66400}, {"train": 20, "operation": 29, "time": 66450}, {"train": 20, "operation": 33, "time": 66480}, {"train": 21, "operation": 34, "time": 66480}, {"train": 6, "operation": 42, "time": 66483}, {"train": 8, "operation": 25, "time": 66517}, {"train": 8, "operation": 26, "time": 66527}, {"train": 6, "operation": 43, "time": 66533}, {"train": 20, "operation": 34, "time": 66570}, {"train": 13, "operation": 63, "time": 66571}, {"train": 13, "operation": 64, "time": 66571}, {"train": 20, "operation": 35, "time": 66600}, {"train": 21, "operation": 35, "time": 66612}, {"train": 21, "operation": 36, "time": 66612}, {"train": 22, "operation": 74, "time": 66679}, {"train": 22, "operation": 75, "time": 66679}, {"train": 21, "operation": 38, "time": 66737}, {"train": 13, "operation": 66, "time": 66742}, {"train": 13, "operation": 67, "time": 66742}, {"train": 20, "operation": 36, "time": 66780}, {"train": 8, "operation": 28, "time": 66783}, {"train": 6, "operation": 44, "time": 66789}, {"train": 21, "operation": 39, "time": 66789}, {"train": 6, "operation": 46, "time": 66819}, {"train": 13, "operation": 68, "time": 66828}, {"train": 13, "operation": 69, "time": 66858}, {"train": 8, "operation": 30, "time": 66873}, {"train": 20, "operation": 38, "time": 66900}, {"train": 6, "operation": 47, "time": 66905}, {"train": 6, "operation": 48, "time": 66935}, {"train": 21, "operation": 40, "time": 67058}, {"train": 21, "operation": 42, "time": 67058}, {"train": 13, "operation": 71, "time": 67086}, {"train": 6, "operation": 49, "time": 67106}, {"train": 5, "operation": 92, "time": 67110}, {"train": 8, "operation": 31, "time": 67129}, {"train": 5, "operation": 95, "time": 67140}, {"train": 8, "operation": 33, "time": 67159}, {"train": 22, "operation": 77, "time": 67192}, {"train": 22, "operation": 78, "time": 67192}, {"train": 20, "operation": 40, "time": 67200}, {"train": 20, "operation": 41, "time": 67200}, {"train": 6, "operation": 51, "time": 67200}, {"train": 21, "operation": 44, "time": 67229}, {"train": 21, "operation": 45, "time": 67229}, {"train": 20, "operation": 42, "time": 67230}, {"train": 20, "operation": 43, "time": 67260}, {"train": 21, "operation": 46, "time": 67372}, {"train": 21, "operation": 47, "time": 67372}, {"train": 8, "operation": 34, "time": 67387}, {"train": 8, "operation": 36, "time": 67387}, {"train": 20, "operation": 45, "time": 67410}, {"train": 5, "operation": 96, "time": 67410}, {"train": 20, "operation": 46, "time": 67440}, {"train": 5, "operation": 97, "time": 67440}, {"train": 13, "operation": 72, "time": 67446}, {"train": 21, "operation": 48, "time": 67475}, {"train": 21, "operation": 51, "time": 67475}, {"train": 8, "operation": 37, "time": 67529}, {"train": 8, "operation": 38, "time": 67559}, {"train": 6, "operation": 53, "time": 67570}, {"train": 6, "operation": 54, "time": 67600}, {"train": 8, "operation": 39, "time": 67673}, {"train": 8, "operation": 41, "time": 67673}, {"train": 6, "operation": 55, "time": 67686}, {"train": 13, "operation": 74, "time": 67702}, {"train": 22, "operation": 80, "time": 67705}, {"train": 22, "operation": 81, "time": 67705}, {"train": 5, "operation": 98, "time": 67710}, {"train": 6, "operation": 56, "time": 67716}, {"train": 13, "operation": 75, "time": 67732}, {"train": 5, "operation": 99, "time": 67740}, {"train": 20, "operation": 47, "time": 67770}, {"train": 20, "operation": 49, "time": 67800}, {"train": 21, "operation": 52, "time": 67800}, {"train": 6, "operation": 57, "time": 67858}, {"train": 8, "operation": 42, "time": 67862}, {"train": 8, "operation": 44, "time": 67862}, {"train": 6, "operation": 61, "time": 67888}, {"train": 6, "operation": 62, "time": 67945}, {"train": 6, "operation": 64, "time": 67945}, {"train": 6, "operation": 65, "time": 67973}, {"train": 13, "operation": 76, "time": 67988}, {"train": 6, "operation": 67, "time": 68003}, {"train": 8, "operation": 46, "time": 68015}, {"train": 21, "operation": 54, "time": 68015}, {"train": 8, "operation": 47, "time": 68015}, {"train": 13, "operation": 79, "time": 68018}, {"train": 5, "operation": 100, "time": 68090}, {"train": 5, "operation": 101, "time": 68090}, {"train": 20, "operation": 51, "time": 68100}, {"train": 6, "operation": 68, "time": 68174}, {"train": 6, "operation": 70, "time": 68174}, {"train": 8, "operation": 48, "time": 68186}, {"train": 8, "operation": 51, "time": 68186}, {"train": 13, "operation": 80, "time": 68227}, {"train": 13, "operation": 81, "time": 68247}, {"train": 8, "operation": 52, "time": 68262}, {"train": 8, "operation": 53, "time": 68262}, {"train": 21, "operation": 56, "time": 68300}, {"train": 21, "operation": 57, "time": 68300}, {"train": 5, "operation": 104, "time": 68340}, {"train": 6, "operation": 75, "time": 68345}, {"train": 7, "operation": 6, "time": 68400}, {"train": 7, "operation": 19, "time": 68400}, {"train": 8, "operation": 54, "time": 68414}, {"train": 20, "operation": 52, "time": 68414}, {"train": 8, "operation": 56, "time": 68414}, {"train": 5, "operation": 105, "time": 68460}, {"train": 6, "operation": 89, "time": 68465}, {"train": 21, "operation": 59, "time": 68471}, {"train": 21, "operation": 60, "time": 68471}, {"train": 20, "operation": 53, "time": 68500}, {"train": 7, "operation": 20, "time": 68524}, {"train": 7, "operation": 22, "time": 68524}, {"train": 20, "operation": 54, "time": 68530}, {"train": 21, "operation": 61, "time": 68584}, {"train": 21, "operation": 62, "time": 68584}, {"train": 8, "operation": 58, "time": 68585}, {"train": 13, "operation": 82, "time": 68617}, {"train": 8, "operation": 59, "time": 68645}, {"train": 13, "operation": 83, "time": 68647}, {"train": 7, "operation": 23, "time": 68647}, {"train": 7, "operation": 25, "time": 68647}, {"train": 7, "operation": 26, "time": 68695}, {"train": 7, "operation": 28, "time": 68695}, {"train": 20, "operation": 55, "time": 68701}, {"train": 21, "operation": 63, "time": 68710}, {"train": 21, "operation": 65, "time": 68710}, {"train": 13, "operation": 84, "time": 68761}, {"train": 13, "operation": 85, "time": 68761}, {"train": 7, "operation": 32, "time": 68790}, {"train": 7, "operation": 33, "time": 68820}, {"train": 20, "operation": 58, "time": 68821}, {"train": 8, "operation": 60, "time": 68873}, {"train": 8, "operation": 62, "time": 68873}, {"train": 13, "operation": 87, "time": 68875}, {"train": 13, "operation": 89, "time": 68875}, {"train": 7, "operation": 34, "time": 68910}, {"train": 21, "operation": 67, "time": 68927}, {"train": 21, "operation": 68, "time": 68927}, {"train": 7, "operation": 35, "time": 68940}, {"train": 8, "operation": 63, "time": 68956}, {"train": 8, "operation": 64, "time": 68956}, {"train": 8, "operation": 65, "time": 69044}, {"train": 8, "operation": 67, "time": 69044}, {"train": 7, "operation": 36, "time": 69120}, {"train": 21, "operation": 70, "time": 69212}, {"train": 21, "operation": 72, "time": 69212}, {"train": 8, "operation": 69, "time": 69300}, {"train": 7, "operation": 38, "time": 69300}, {"train": 8, "operation": 70, "time": 69330}, {"train": 8, "operation": 71, "time": 69472}, {"train": 8, "operation": 72, "time": 69502}, {"train": 7, "operation": 39, "time": 69585}, {"train": 7, "operation": 41, "time": 69585}, {"train": 15, "operation": 1, "time": 69600}, {"train": 15, "operation": 4, "time": 69600}, {"train": 8, "operation": 76, "time": 69644}, {"train": 7, "operation": 42, "time": 69654}, {"train": 7, "operation": 43, "time": 69654}, {"train": 19, "operation": 1, "time": 69660}, {"train": 19, "operation": 4, "time": 69660}, {"train": 21, "operation": 73, "time": 69668}, {"train": 21, "operation": 75, "time": 69668}, {"train": 8, "operation": 77, "time": 69674}, {"train": 15, "operation": 5, "time": 69735}, {"train": 15, "operation": 6, "time": 69735}, {"train": 7, "operation": 45, "time": 69756}, {"train": 7, "operation": 46, "time": 69756}, {"train": 8, "operation": 78, "time": 69769}, {"train": 8, "operation": 80, "time": 69769}, {"train": 19, "operation": 5, "time": 69810}, {"train": 8, "operation": 81, "time": 69817}, {"train": 8, "operation": 83, "time": 69817}, {"train": 19, "operation": 6, "time": 69840}, {"train": 15, "operation": 7, "time": 69870}, {"train": 15, "operation": 8, "time": 69900}, {"train": 8, "operation": 85, "time": 69974}, {"train": 8, "operation": 86, "time": 69974}, {"train": 7, "operation": 47, "time": 70012}, {"train": 19, "operation": 8, "time": 70020}, {"train": 7, "operation": 49, "time": 70042}, {"train": 9, "operation": 3, "time": 70080}, {"train": 9, "operation": 4, "time": 70080}, {"train": 8, "operation": 93, "time": 70131}, {"train": 21, "operation": 76, "time": 70181}, {"train": 21, "operation": 78, "time": 70181}, {"train": 7, "operation": 50, "time": 70213}, {"train": 19, "operation": 9, "time": 70213}, {"train": 7, "operation": 52, "time": 70213}, {"train": 15, "operation": 9, "time": 70230}, {"train": 8, "operation": 105, "time": 70251}, {"train": 15, "operation": 10, "time": 70260}, {"train": 7, "operation": 53, "time": 70270}, {"train": 7, "operation": 54, "time": 70270}, {"train": 9, "operation": 5, "time": 70343}, {"train": 9, "operation": 6, "time": 70343}, {"train": 7, "operation": 56, "time": 70384}, {"train": 7, "operation": 58, "time": 70384}, {"train": 19, "operation": 10, "time": 70413}, {"train": 19, "operation": 12, "time": 70443}, {"train": 15, "operation": 11, "time": 70530}, {"train": 15, "operation": 14, "time": 70560}, {"train": 7, "operation": 59, "time": 70620}, {"train": 7, "operation": 61, "time": 70620}, {"train": 9, "operation": 7, "time": 70710}, {"train": 21, "operation": 79, "time": 70710}, {"train": 21, "operation": 81, "time": 70710}, {"train": 9, "operation": 8, "time": 70740}, {"train": 14, "operation": 11, "time": 70800}, {"train": 7, "operation": 62, "time": 70800}, {"train": 14, "operation": 19, "time": 70800}, {"train": 7, "operation": 64, "time": 70800}, {"train": 15, "operation": 16, "time": 70830}, {"train": 19, "operation": 14, "time": 70830}, {"train": 15, "operation": 17, "time": 70860}, {"train": 19, "operation": 15, "time": 70860}, {"train": 14, "operation": 20, "time": 70935}, {"train": 14, "operation": 22, "time": 70935}, {"train": 9, "operation": 9, "time": 70950}, {"train": 7, "operation": 65, "time": 70980}, {"train": 9, "operation": 10, "time": 70980}, {"train": 7, "operation": 67, "time": 70980}, {"train": 19, "operation": 16, "time": 71010}, {"train": 19, "operation": 17, "time": 71040}, {"train": 14, "operation": 23, "time": 71070}, {"train": 7, "operation": 68, "time": 71070}, {"train": 14, "operation": 25, "time": 71100}, {"train": 7, "operation": 69, "time": 71100}, {"train": 14, "operation": 27, "time": 71150}, {"train": 14, "operation": 28, "time": 71150}, {"train": 15, "operation": 19, "time": 71160}, {"train": 19, "operation": 18, "time": 71160}, {"train": 19, "operation": 20, "time": 71160}, {"train": 14, "operation": 29, "time": 71250}, {"train": 14, "operation": 33, "time": 71280}, {"train": 9, "operation": 12, "time": 71310}, {"train": 7, "operation": 70, "time": 71340}, {"train": 9, "operation": 14, "time": 71340}, {"train": 15, "operation": 20, "time": 71340}, {"train": 7, "operation": 72, "time": 71340}, {"train": 14, "operation": 34, "time": 71370}, {"train": 14, "operation": 35, "time": 71400}, {"train": 19, "operation": 21, "time": 71460}, {"train": 15, "operation": 21, "time": 71490}, {"train": 15, "operation": 22, "time": 71520}, {"train": 14, "operation": 37, "time": 71550}, {"train": 14, "operation": 38, "time": 71580}, {"train": 19, "operation": 23, "time": 71580}, {"train": 7, "operation": 73, "time": 71610}, {"train": 7, "operation": 75, "time": 71640}, {"train": 15, "operation": 23, "time": 71700}, {"train": 15, "operation": 25, "time": 71700}, {"train": 19, "operation": 24, "time": 71730}, {"train": 19, "operation": 25, "time": 71760}, {"train": 14, "operation": 40, "time": 71880}, {"train": 15, "operation": 26, "time": 71880}, {"train": 14, "operation": 41, "time": 71880}, {"train": 15, "operation": 28, "time": 71880}, {"train": 14, "operation": 42, "time": 71910}, {"train": 19, "operation": 26, "time": 71910}, {"train": 7, "operation": 76, "time": 71910}, {"train": 14, "operation": 43, "time": 71940}, {"train": 19, "operation": 30, "time": 71940}, {"train": 7, "operation": 79, "time": 71940}, {"train": 19, "operation": 32, "time": 72000}, {"train": 19, "operation": 33, "time": 72000}, {"train": 19, "operation": 34, "time": 72030}, {"train": 15, "operation": 29, "time": 72060}, {"train": 19, "operation": 36, "time": 72060}, {"train": 15, "operation": 31, "time": 72060}, {"train": 14, "operation": 45, "time": 72090}, {"train": 7, "operation": 80, "time": 72110}, {"train": 14, "operation": 46, "time": 72120}, {"train": 7, "operation": 81, "time": 72120}, {"train": 9, "operation": 15, "time": 72160}, {"train": 9, "operation": 16, "time": 72180}, {"train": 19, "operation": 37, "time": 72240}, {"train": 19, "operation": 39, "time": 72240}, {"train": 15, "operation": 33, "time": 72270}, {"train": 15, "operation": 35, "time": 72300}, {"train": 15, "operation": 36, "time": 72390}, {"train": 15, "operation": 37, "time": 72420}, {"train": 19, "operation": 55, "time": 72420}, {"train": 14, "operation": 47, "time": 72480}, {"train": 7, "operation": 82, "time": 72510}, {"train": 14, "operation": 49, "time": 72540}, {"train": 7, "operation": 83, "time": 72540}, {"train": 19, "operation": 58, "time": 72540}, {"train": 15, "operation": 39, "time": 72660}, {"train": 7, "operation": 84, "time": 72705}, {"train": 7, "operation": 85, "time": 72705}, {"train": 9, "operation": 17, "time": 72780}, {"train": 14, "operation": 50, "time": 72810}, {"train": 14, "operation": 52, "time": 72840}, {"train": 15, "operation": 40, "time": 72840}, {"train": 7, "operation": 87, "time": 72870}, {"train": 7, "operation": 89, "time": 72900}, {"train": 9, "operation": 20, "time": 72900}, {"train": 14, "operation": 53, "time": 72940}, {"train": 14, "operation": 54, "time": 72960}, {"train": 9, "operation": 21, "time": 73035}, {"train": 9, "operation": 22, "time": 73035}, {"train": 15, "operation": 42, "time": 73080}, {"train": 14, "operation": 57, "time": 73110}, {"train": 14, "operation": 58, "time": 73140}, {"train": 9, "operation": 23, "time": 73170}, {"train": 15, "operation": 43, "time": 73200}, {"train": 9, "operation": 24, "time": 73200}, {"train": 7, "operation": 90, "time": 73310}, {"train": 7, "operation": 91, "time": 73320}, {"train": 14, "operation": 59, "time": 73380}, {"train": 14, "operation": 61, "time": 73380}, {"train": 15, "operation": 44, "time": 73470}, {"train": 15, "operation": 46, "time": 73500}, {"train": 9, "operation": 25, "time": 73550}, {"train": 14, "operation": 62, "time": 73560}, {"train": 9, "operation": 26, "time": 73560}, {"train": 14, "operation": 64, "time": 73560}, {"train": 15, "operation": 47, "time": 73590}, {"train": 15, "operation": 48, "time": 73620}, {"train": 14, "operation": 65, "time": 73740}, {"train": 15, "operation": 50, "time": 73740}, {"train": 14, "operation": 67, "time": 73740}, {"train": 15, "operation": 51, "time": 73740}, {"train": 14, "operation": 68, "time": 73770}, {"train": 14, "operation": 69, "time": 73800}, {"train": 9, "operation": 29, "time": 73830}, {"train": 9, "operation": 30, "time": 73860}, {"train": 14, "operation": 70, "time": 74040}, {"train": 15, "operation": 53, "time": 74070}, {"train": 15, "operation": 54, "time": 74100}, {"train": 9, "operation": 31, "time": 74130}, {"train": 9, "operation": 33, "time": 74160}, {"train": 15, "operation": 55, "time": 74190}, {"train": 15, "operation": 56, "time": 74220}, {"train": 7, "operation": 94, "time": 74310}, {"train": 7, "operation": 95, "time": 74340}, {"train": 15, "operation": 59, "time": 74370}, {"train": 15, "operation": 61, "time": 74400}, {"train": 9, "operation": 35, "time": 74400}, {"train": 14, "operation": 72, "time": 74400}, {"train": 9, "operation": 36, "time": 74400}, {"train": 15, "operation": 62, "time": 74460}, {"train": 15, "operation": 64, "time": 74460}, {"train": 15, "operation": 65, "time": 74490}, {"train": 15, "operation": 67, "time": 74520}, {"train": 9, "operation": 37, "time": 74550}, {"train": 9, "operation": 38, "time": 74580}, {"train": 7, "operation": 96, "time": 74610}, {"train": 7, "operation": 97, "time": 74640}, {"train": 14, "operation": 73, "time": 74670}, {"train": 14, "operation": 75, "time": 74700}, {"train": 15, "operation": 68, "time": 74700}, {"train": 9, "operation": 39, "time": 74700}, {"train": 15, "operation": 70, "time": 74700}, {"train": 9, "operation": 41, "time": 74700}, {"train": 15, "operation": 82, "time": 74880}, {"train": 9, "operation": 42, "time": 74899}, {"train": 9, "operation": 44, "time": 74899}, {"train": 7, "operation": 98, "time": 74910}, {"train": 7, "operation": 99, "time": 74940}, {"train": 14, "operation": 77, "time": 74970}, {"train": 14, "operation": 79, "time": 75000}, {"train": 15, "operation": 89, "time": 75000}, {"train": 9, "operation": 45, "time": 75060}, {"train": 9, "operation": 47, "time": 75060}, {"train": 14, "operation": 80, "time": 75220}, {"train": 14, "operation": 81, "time": 75240}, {"train": 9, "operation": 48, "time": 75240}, {"train": 9, "operation": 51, "time": 75240}, {"train": 7, "operation": 100, "time": 75290}, {"train": 7, "operation": 101, "time": 75290}, {"train": 9, "operation": 52, "time": 75300}, {"train": 9, "operation": 53, "time": 75300}, {"train": 9, "operation": 54, "time": 75480}, {"train": 9, "operation": 56, "time": 75480}, {"train": 7, "operation": 103, "time": 75540}, {"train": 9, "operation": 58, "time": 75610}, {"train": 14, "operation": 82, "time": 75630}, {"train": 14, "operation": 83, "time": 75660}, {"train": 9, "operation": 59, "time": 75660}, {"train": 7, "operation": 105, "time": 75660}, {"train": 14, "operation": 84, "time": 75840}, {"train": 14, "operation": 85, "time": 75840}, {"train": 9, "operation": 60, "time": 75960}, {"train": 9, "operation": 62, "time": 75960}, {"train": 9, "operation": 63, "time": 76020}, {"train": 14, "operation": 87, "time": 76020}, {"train": 9, "operation": 64, "time": 76020}, {"train": 14, "operation": 89, "time": 76020}, {"train": 9, "operation": 65, "time": 76140}, {"train": 9, "operation": 67, "time": 76140}, {"train": 9, "operation": 68, "time": 76410}, {"train": 9, "operation": 70, "time": 76440}, {"train": 9, "operation": 71, "time": 76590}, {"train": 9, "operation": 72, "time": 76620}, {"train": 9, "operation": 76, "time": 76770}, {"train": 9, "operation": 77, "time": 76800}, {"train": 9, "operation": 79, "time": 76900}, {"train": 9, "operation": 80, "time": 76900}, {"train": 9, "operation": 82, "time": 76950}, {"train": 9, "operation": 83, "time": 76950}, {"train": 9, "operation": 84, "time": 77115}, {"train": 9, "operation": 86, "time": 77115}, {"train": 9, "operation": 94, "time": 77280}, {"train": 9, "operation": 105, "time": 77400}]}