{"objective_value": 4605, "events": [{"train": 0, "operation": 0, "time": 0}, {"train": 10, "operation": 0, "time": 0}, {"train": 11, "operation": 0, "time": 0}, {"train": 12, "operation": 0, "time": 0}, {"train": 13, "operation": 0, "time": 0}, {"train": 14, "operation": 0, "time": 0}, {"train": 15, "operation": 0, "time": 0}, {"train": 16, "operation": 0, "time": 0}, {"train": 17, "operation": 0, "time": 0}, {"train": 18, "operation": 0, "time": 0}, {"train": 19, "operation": 0, "time": 0}, {"train": 1, "operation": 0, "time": 0}, {"train": 20, "operation": 0, "time": 0}, {"train": 2, "operation": 0, "time": 0}, {"train": 3, "operation": 0, "time": 0}, {"train": 4, "operation": 0, "time": 0}, {"train": 5, "operation": 0, "time": 0}, {"train": 6, "operation": 0, "time": 0}, {"train": 7, "operation": 0, "time": 0}, {"train": 8, "operation": 0, "time": 0}, {"train": 9, "operation": 0, "time": 0}, {"train": 18, "operation": 1, "time": 21250}, {"train": 1, "operation": 1, "time": 21420}, {"train": 16, "operation": 1, "time": 21480}, {"train": 18, "operation": 3, "time": 21484}, {"train": 14, "operation": 1, "time": 21540}, {"train": 1, "operation": 2, "time": 21542}, {"train": 9, "operation": 3, "time": 21660}, {"train": 16, "operation": 2, "time": 21703}, {"train": 0, "operation": 1, "time": 21900}, {"train": 14, "operation": 2, "time": 22005}, {"train": 9, "operation": 5, "time": 22266}, {"train": 1, "operation": 3, "time": 22297}, {"train": 0, "operation": 9, "time": 22362}, {"train": 16, "operation": 3, "time": 22365}, {"train": 1, "operation": 4, "time": 22375}, {"train": 1, "operation": 5, "time": 22375}, {"train": 14, "operation": 4, "time": 22407}, {"train": 16, "operation": 4, "time": 22471}, {"train": 16, "operation": 5, "time": 22471}, {"train": 1, "operation": 6, "time": 22495}, {"train": 16, "operation": 6, "time": 22523}, {"train": 16, "operation": 8, "time": 22523}, {"train": 1, "operation": 8, "time": 22525}, {"train": 0, "operation": 10, "time": 22533}, {"train": 0, "operation": 11, "time": 22533}, {"train": 9, "operation": 7, "time": 22551}, {"train": 9, "operation": 8, "time": 22551}, {"train": 16, "operation": 9, "time": 22558}, {"train": 16, "operation": 10, "time": 22558}, {"train": 1, "operation": 9, "time": 22611}, {"train": 18, "operation": 4, "time": 22618}, {"train": 0, "operation": 12, "time": 22619}, {"train": 14, "operation": 5, "time": 22626}, {"train": 14, "operation": 6, "time": 22626}, {"train": 1, "operation": 10, "time": 22641}, {"train": 0, "operation": 13, "time": 22649}, {"train": 16, "operation": 12, "time": 22689}, {"train": 16, "operation": 13, "time": 22689}, {"train": 9, "operation": 9, "time": 22724}, {"train": 9, "operation": 11, "time": 22724}, {"train": 16, "operation": 14, "time": 22725}, {"train": 16, "operation": 15, "time": 22725}, {"train": 0, "operation": 14, "time": 22735}, {"train": 0, "operation": 16, "time": 22765}, {"train": 1, "operation": 11, "time": 22783}, {"train": 1, "operation": 13, "time": 22813}, {"train": 16, "operation": 17, "time": 22834}, {"train": 16, "operation": 19, "time": 22834}, {"train": 0, "operation": 17, "time": 22851}, {"train": 0, "operation": 18, "time": 22881}, {"train": 1, "operation": 15, "time": 22927}, {"train": 14, "operation": 7, "time": 22934}, {"train": 14, "operation": 11, "time": 22934}, {"train": 9, "operation": 13, "time": 22979}, {"train": 0, "operation": 19, "time": 22995}, {"train": 0, "operation": 21, "time": 22995}, {"train": 13, "operation": 1, "time": 22995}, {"train": 16, "operation": 20, "time": 23007}, {"train": 16, "operation": 22, "time": 23007}, {"train": 9, "operation": 14, "time": 23009}, {"train": 0, "operation": 22, "time": 23038}, {"train": 0, "operation": 23, "time": 23038}, {"train": 18, "operation": 6, "time": 23091}, {"train": 16, "operation": 24, "time": 23121}, {"train": 16, "operation": 25, "time": 23121}, {"train": 0, "operation": 25, "time": 23166}, {"train": 16, "operation": 26, "time": 23209}, {"train": 16, "operation": 27, "time": 23209}, {"train": 3, "operation": 4, "time": 23220}, {"train": 9, "operation": 15, "time": 23220}, {"train": 9, "operation": 17, "time": 23220}, {"train": 13, "operation": 2, "time": 23223}, {"train": 13, "operation": 3, "time": 23223}, {"train": 0, "operation": 27, "time": 23226}, {"train": 13, "operation": 5, "time": 23270}, {"train": 13, "operation": 6, "time": 23270}, {"train": 16, "operation": 28, "time": 23292}, {"train": 16, "operation": 30, "time": 23292}, {"train": 14, "operation": 13, "time": 23322}, {"train": 14, "operation": 14, "time": 23322}, {"train": 3, "operation": 5, "time": 23322}, {"train": 13, "operation": 7, "time": 23336}, {"train": 13, "operation": 8, "time": 23336}, {"train": 9, "operation": 18, "time": 23404}, {"train": 9, "operation": 20, "time": 23404}, {"train": 0, "operation": 28, "time": 23426}, {"train": 1, "operation": 16, "time": 23426}, {"train": 16, "operation": 31, "time": 23444}, {"train": 16, "operation": 32, "time": 23444}, {"train": 0, "operation": 30, "time": 23456}, {"train": 13, "operation": 9, "time": 23483}, {"train": 13, "operation": 10, "time": 23483}, {"train": 16, "operation": 33, "time": 23543}, {"train": 16, "operation": 34, "time": 23543}, {"train": 14, "operation": 16, "time": 23561}, {"train": 0, "operation": 32, "time": 23598}, {"train": 3, "operation": 6, "time": 23607}, {"train": 3, "operation": 8, "time": 23607}, {"train": 0, "operation": 33, "time": 23628}, {"train": 1, "operation": 18, "time": 23654}, {"train": 13, "operation": 12, "time": 23679}, {"train": 13, "operation": 19, "time": 23679}, {"train": 16, "operation": 37, "time": 23691}, {"train": 0, "operation": 34, "time": 23714}, {"train": 0, "operation": 35, "time": 23744}, {"train": 9, "operation": 21, "time": 23769}, {"train": 3, "operation": 9, "time": 23786}, {"train": 3, "operation": 11, "time": 23786}, {"train": 1, "operation": 20, "time": 23834}, {"train": 0, "operation": 36, "time": 23858}, {"train": 16, "operation": 39, "time": 23871}, {"train": 1, "operation": 21, "time": 23962}, {"train": 1, "operation": 22, "time": 23962}, {"train": 1, "operation": 23, "time": 24005}, {"train": 1, "operation": 25, "time": 24005}, {"train": 3, "operation": 12, "time": 24006}, {"train": 0, "operation": 38, "time": 24038}, {"train": 0, "operation": 39, "time": 24087}, {"train": 0, "operation": 40, "time": 24087}, {"train": 1, "operation": 26, "time": 24091}, {"train": 1, "operation": 27, "time": 24121}, {"train": 16, "operation": 40, "time": 24177}, {"train": 16, "operation": 42, "time": 24177}, {"train": 3, "operation": 14, "time": 24186}, {"train": 1, "operation": 28, "time": 24207}, {"train": 0, "operation": 41, "time": 24211}, {"train": 0, "operation": 42, "time": 24211}, {"train": 1, "operation": 30, "time": 24237}, {"train": 1, "operation": 31, "time": 24323}, {"train": 1, "operation": 32, "time": 24353}, {"train": 16, "operation": 43, "time": 24372}, {"train": 0, "operation": 45, "time": 24398}, {"train": 9, "operation": 25, "time": 24398}, {"train": 0, "operation": 47, "time": 24438}, {"train": 1, "operation": 33, "time": 24457}, {"train": 1, "operation": 34, "time": 24457}, {"train": 3, "operation": 16, "time": 24468}, {"train": 16, "operation": 45, "time": 24468}, {"train": 3, "operation": 17, "time": 24468}, {"train": 19, "operation": 1, "time": 24507}, {"train": 19, "operation": 3, "time": 24507}, {"train": 9, "operation": 26, "time": 24518}, {"train": 9, "operation": 27, "time": 24518}, {"train": 9, "operation": 28, "time": 24598}, {"train": 9, "operation": 29, "time": 24628}, {"train": 19, "operation": 4, "time": 24684}, {"train": 19, "operation": 5, "time": 24684}, {"train": 1, "operation": 40, "time": 24695}, {"train": 14, "operation": 17, "time": 24701}, {"train": 16, "operation": 47, "time": 24714}, {"train": 3, "operation": 19, "time": 24756}, {"train": 9, "operation": 31, "time": 24799}, {"train": 9, "operation": 32, "time": 24799}, {"train": 1, "operation": 43, "time": 24815}, {"train": 0, "operation": 48, "time": 24837}, {"train": 3, "operation": 20, "time": 24837}, {"train": 19, "operation": 6, "time": 24848}, {"train": 19, "operation": 8, "time": 24848}, {"train": 9, "operation": 33, "time": 24941}, {"train": 9, "operation": 34, "time": 24971}, {"train": 0, "operation": 50, "time": 25017}, {"train": 9, "operation": 36, "time": 25113}, {"train": 9, "operation": 37, "time": 25143}, {"train": 14, "operation": 18, "time": 25157}, {"train": 16, "operation": 48, "time": 25157}, {"train": 3, "operation": 22, "time": 25198}, {"train": 10, "operation": 2, "time": 25200}, {"train": 19, "operation": 9, "time": 25200}, {"train": 10, "operation": 5, "time": 25200}, {"train": 3, "operation": 25, "time": 25238}, {"train": 0, "operation": 51, "time": 25245}, {"train": 0, "operation": 53, "time": 25245}, {"train": 9, "operation": 39, "time": 25285}, {"train": 9, "operation": 40, "time": 25315}, {"train": 3, "operation": 26, "time": 25330}, {"train": 3, "operation": 27, "time": 25330}, {"train": 3, "operation": 28, "time": 25391}, {"train": 3, "operation": 29, "time": 25391}, {"train": 16, "operation": 49, "time": 25432}, {"train": 16, "operation": 51, "time": 25432}, {"train": 0, "operation": 55, "time": 25445}, {"train": 0, "operation": 56, "time": 25475}, {"train": 10, "operation": 6, "time": 25500}, {"train": 19, "operation": 11, "time": 25500}, {"train": 2, "operation": 1, "time": 25500}, {"train": 14, "operation": 20, "time": 25517}, {"train": 3, "operation": 31, "time": 25552}, {"train": 2, "operation": 9, "time": 25560}, {"train": 9, "operation": 41, "time": 25562}, {"train": 3, "operation": 32, "time": 25582}, {"train": 16, "operation": 53, "time": 25593}, {"train": 10, "operation": 8, "time": 25593}, {"train": 16, "operation": 54, "time": 25593}, {"train": 9, "operation": 44, "time": 25602}, {"train": 3, "operation": 33, "time": 25668}, {"train": 3, "operation": 34, "time": 25698}, {"train": 2, "operation": 10, "time": 25712}, {"train": 2, "operation": 11, "time": 25712}, {"train": 19, "operation": 12, "time": 25725}, {"train": 19, "operation": 13, "time": 25725}, {"train": 9, "operation": 45, "time": 25730}, {"train": 9, "operation": 46, "time": 25730}, {"train": 0, "operation": 57, "time": 25760}, {"train": 10, "operation": 10, "time": 25764}, {"train": 10, "operation": 11, "time": 25764}, {"train": 9, "operation": 47, "time": 25773}, {"train": 9, "operation": 49, "time": 25773}, {"train": 14, "operation": 21, "time": 25819}, {"train": 14, "operation": 23, "time": 25819}, {"train": 2, "operation": 12, "time": 25830}, {"train": 3, "operation": 35, "time": 25840}, {"train": 2, "operation": 13, "time": 25860}, {"train": 3, "operation": 37, "time": 25870}, {"train": 9, "operation": 50, "time": 25915}, {"train": 0, "operation": 59, "time": 25940}, {"train": 9, "operation": 51, "time": 25945}, {"train": 2, "operation": 14, "time": 25950}, {"train": 16, "operation": 58, "time": 26007}, {"train": 3, "operation": 38, "time": 26012}, {"train": 10, "operation": 12, "time": 26020}, {"train": 9, "operation": 53, "time": 26031}, {"train": 2, "operation": 16, "time": 26031}, {"train": 19, "operation": 15, "time": 26040}, {"train": 16, "operation": 59, "time": 26040}, {"train": 3, "operation": 40, "time": 26042}, {"train": 10, "operation": 14, "time": 26050}, {"train": 9, "operation": 54, "time": 26061}, {"train": 14, "operation": 25, "time": 26087}, {"train": 14, "operation": 26, "time": 26087}, {"train": 0, "operation": 60, "time": 26115}, {"train": 0, "operation": 62, "time": 26115}, {"train": 2, "operation": 17, "time": 26117}, {"train": 2, "operation": 18, "time": 26147}, {"train": 9, "operation": 55, "time": 26147}, {"train": 19, "operation": 18, "time": 26160}, {"train": 9, "operation": 56, "time": 26177}, {"train": 2, "operation": 19, "time": 26260}, {"train": 2, "operation": 21, "time": 26260}, {"train": 10, "operation": 15, "time": 26261}, {"train": 10, "operation": 17, "time": 26261}, {"train": 3, "operation": 41, "time": 26270}, {"train": 2, "operation": 22, "time": 26303}, {"train": 2, "operation": 23, "time": 26303}, {"train": 16, "operation": 60, "time": 26307}, {"train": 16, "operation": 61, "time": 26307}, {"train": 9, "operation": 57, "time": 26319}, {"train": 9, "operation": 58, "time": 26349}, {"train": 14, "operation": 27, "time": 26429}, {"train": 2, "operation": 25, "time": 26432}, {"train": 10, "operation": 18, "time": 26445}, {"train": 10, "operation": 20, "time": 26445}, {"train": 3, "operation": 44, "time": 26450}, {"train": 0, "operation": 65, "time": 26453}, {"train": 2, "operation": 27, "time": 26492}, {"train": 16, "operation": 63, "time": 26498}, {"train": 16, "operation": 64, "time": 26498}, {"train": 0, "operation": 67, "time": 26573}, {"train": 9, "operation": 64, "time": 26577}, {"train": 3, "operation": 45, "time": 26578}, {"train": 3, "operation": 46, "time": 26578}, {"train": 14, "operation": 31, "time": 26609}, {"train": 3, "operation": 47, "time": 26621}, {"train": 3, "operation": 49, "time": 26621}, {"train": 2, "operation": 28, "time": 26692}, {"train": 17, "operation": 8, "time": 26700}, {"train": 3, "operation": 50, "time": 26707}, {"train": 2, "operation": 30, "time": 26722}, {"train": 3, "operation": 51, "time": 26737}, {"train": 10, "operation": 22, "time": 26753}, {"train": 14, "operation": 32, "time": 26755}, {"train": 14, "operation": 33, "time": 26755}, {"train": 9, "operation": 67, "time": 26757}, {"train": 10, "operation": 25, "time": 26793}, {"train": 16, "operation": 65, "time": 26817}, {"train": 16, "operation": 67, "time": 26817}, {"train": 3, "operation": 52, "time": 26823}, {"train": 2, "operation": 31, "time": 26836}, {"train": 14, "operation": 34, "time": 26853}, {"train": 3, "operation": 54, "time": 26853}, {"train": 14, "operation": 35, "time": 26853}, {"train": 10, "operation": 26, "time": 26913}, {"train": 10, "operation": 27, "time": 26913}, {"train": 3, "operation": 55, "time": 26939}, {"train": 16, "operation": 68, "time": 26959}, {"train": 16, "operation": 69, "time": 26959}, {"train": 3, "operation": 56, "time": 26969}, {"train": 10, "operation": 28, "time": 26993}, {"train": 14, "operation": 37, "time": 27039}, {"train": 10, "operation": 29, "time": 27039}, {"train": 14, "operation": 38, "time": 27039}, {"train": 3, "operation": 57, "time": 27073}, {"train": 3, "operation": 58, "time": 27073}, {"train": 14, "operation": 39, "time": 27110}, {"train": 14, "operation": 40, "time": 27110}, {"train": 5, "operation": 4, "time": 27120}, {"train": 5, "operation": 5, "time": 27120}, {"train": 16, "operation": 71, "time": 27151}, {"train": 16, "operation": 72, "time": 27151}, {"train": 10, "operation": 31, "time": 27210}, {"train": 14, "operation": 42, "time": 27235}, {"train": 14, "operation": 43, "time": 27235}, {"train": 2, "operation": 33, "time": 27235}, {"train": 3, "operation": 59, "time": 27311}, {"train": 17, "operation": 9, "time": 27311}, {"train": 2, "operation": 34, "time": 27377}, {"train": 14, "operation": 44, "time": 27403}, {"train": 14, "operation": 46, "time": 27403}, {"train": 2, "operation": 35, "time": 27407}, {"train": 5, "operation": 6, "time": 27420}, {"train": 5, "operation": 8, "time": 27420}, {"train": 3, "operation": 67, "time": 27431}, {"train": 17, "operation": 10, "time": 27470}, {"train": 17, "operation": 11, "time": 27470}, {"train": 2, "operation": 36, "time": 27549}, {"train": 10, "operation": 32, "time": 27549}, {"train": 17, "operation": 12, "time": 27562}, {"train": 17, "operation": 13, "time": 27562}, {"train": 2, "operation": 38, "time": 27579}, {"train": 5, "operation": 10, "time": 27600}, {"train": 5, "operation": 11, "time": 27600}, {"train": 14, "operation": 48, "time": 27609}, {"train": 14, "operation": 50, "time": 27609}, {"train": 17, "operation": 15, "time": 27660}, {"train": 10, "operation": 33, "time": 27691}, {"train": 10, "operation": 34, "time": 27721}, {"train": 2, "operation": 39, "time": 27726}, {"train": 2, "operation": 40, "time": 27726}, {"train": 14, "operation": 51, "time": 27762}, {"train": 14, "operation": 52, "time": 27762}, {"train": 2, "operation": 41, "time": 27789}, {"train": 2, "operation": 42, "time": 27789}, {"train": 10, "operation": 36, "time": 27807}, {"train": 14, "operation": 54, "time": 27812}, {"train": 14, "operation": 55, "time": 27812}, {"train": 10, "operation": 37, "time": 27837}, {"train": 5, "operation": 13, "time": 27870}, {"train": 2, "operation": 44, "time": 27883}, {"train": 5, "operation": 14, "time": 27900}, {"train": 2, "operation": 47, "time": 27923}, {"train": 11, "operation": 1, "time": 27972}, {"train": 11, "operation": 3, "time": 27972}, {"train": 14, "operation": 56, "time": 27978}, {"train": 14, "operation": 57, "time": 27978}, {"train": 10, "operation": 39, "time": 27979}, {"train": 10, "operation": 40, "time": 28009}, {"train": 14, "operation": 58, "time": 28032}, {"train": 14, "operation": 60, "time": 28032}, {"train": 17, "operation": 16, "time": 28032}, {"train": 14, "operation": 61, "time": 28091}, {"train": 14, "operation": 62, "time": 28091}, {"train": 17, "operation": 17, "time": 28093}, {"train": 17, "operation": 18, "time": 28093}, {"train": 5, "operation": 15, "time": 28140}, {"train": 5, "operation": 17, "time": 28140}, {"train": 11, "operation": 4, "time": 28195}, {"train": 11, "operation": 5, "time": 28195}, {"train": 14, "operation": 63, "time": 28206}, {"train": 14, "operation": 64, "time": 28206}, {"train": 10, "operation": 41, "time": 28256}, {"train": 10, "operation": 44, "time": 28296}, {"train": 17, "operation": 20, "time": 28317}, {"train": 5, "operation": 19, "time": 28320}, {"train": 2, "operation": 48, "time": 28322}, {"train": 5, "operation": 20, "time": 28322}, {"train": 14, "operation": 69, "time": 28374}, {"train": 14, "operation": 73, "time": 28374}, {"train": 11, "operation": 6, "time": 28378}, {"train": 11, "operation": 8, "time": 28378}, {"train": 10, "operation": 45, "time": 28424}, {"train": 10, "operation": 46, "time": 28424}, {"train": 10, "operation": 47, "time": 28467}, {"train": 10, "operation": 49, "time": 28467}, {"train": 17, "operation": 21, "time": 28467}, {"train": 2, "operation": 50, "time": 28502}, {"train": 17, "operation": 22, "time": 28521}, {"train": 17, "operation": 23, "time": 28521}, {"train": 10, "operation": 50, "time": 28609}, {"train": 10, "operation": 51, "time": 28639}, {"train": 5, "operation": 23, "time": 28640}, {"train": 5, "operation": 25, "time": 28680}, {"train": 17, "operation": 24, "time": 28684}, {"train": 17, "operation": 27, "time": 28684}, {"train": 10, "operation": 53, "time": 28725}, {"train": 2, "operation": 51, "time": 28730}, {"train": 2, "operation": 53, "time": 28730}, {"train": 11, "operation": 9, "time": 28744}, {"train": 11, "operation": 11, "time": 28744}, {"train": 10, "operation": 54, "time": 28755}, {"train": 5, "operation": 26, "time": 28769}, {"train": 5, "operation": 27, "time": 28769}, {"train": 5, "operation": 28, "time": 28829}, {"train": 5, "operation": 29, "time": 28829}, {"train": 10, "operation": 55, "time": 28841}, {"train": 17, "operation": 28, "time": 28862}, {"train": 17, "operation": 30, "time": 28862}, {"train": 10, "operation": 56, "time": 28871}, {"train": 2, "operation": 55, "time": 28930}, {"train": 18, "operation": 7, "time": 28953}, {"train": 2, "operation": 56, "time": 28960}, {"train": 11, "operation": 12, "time": 28967}, {"train": 11, "operation": 13, "time": 28967}, {"train": 5, "operation": 31, "time": 29010}, {"train": 10, "operation": 57, "time": 29013}, {"train": 17, "operation": 32, "time": 29037}, {"train": 5, "operation": 32, "time": 29040}, {"train": 10, "operation": 58, "time": 29043}, {"train": 4, "operation": 5, "time": 29100}, {"train": 18, "operation": 8, "time": 29168}, {"train": 18, "operation": 9, "time": 29168}, {"train": 5, "operation": 33, "time": 29190}, {"train": 5, "operation": 34, "time": 29220}, {"train": 2, "operation": 57, "time": 29245}, {"train": 2, "operation": 59, "time": 29245}, {"train": 10, "operation": 64, "time": 29271}, {"train": 4, "operation": 9, "time": 29271}, {"train": 11, "operation": 17, "time": 29280}, {"train": 12, "operation": 4, "time": 29280}, {"train": 5, "operation": 35, "time": 29310}, {"train": 5, "operation": 37, "time": 29340}, {"train": 18, "operation": 10, "time": 29386}, {"train": 18, "operation": 12, "time": 29386}, {"train": 2, "operation": 61, "time": 29416}, {"train": 2, "operation": 62, "time": 29416}, {"train": 4, "operation": 10, "time": 29442}, {"train": 12, "operation": 9, "time": 29442}, {"train": 4, "operation": 11, "time": 29442}, {"train": 10, "operation": 67, "time": 29451}, {"train": 17, "operation": 33, "time": 29457}, {"train": 5, "operation": 39, "time": 29490}, {"train": 5, "operation": 40, "time": 29520}, {"train": 4, "operation": 12, "time": 29528}, {"train": 17, "operation": 34, "time": 29547}, {"train": 17, "operation": 35, "time": 29547}, {"train": 4, "operation": 13, "time": 29558}, {"train": 17, "operation": 36, "time": 29616}, {"train": 17, "operation": 38, "time": 29616}, {"train": 4, "operation": 14, "time": 29644}, {"train": 12, "operation": 10, "time": 29668}, {"train": 12, "operation": 11, "time": 29668}, {"train": 4, "operation": 16, "time": 29674}, {"train": 17, "operation": 39, "time": 29758}, {"train": 2, "operation": 63, "time": 29758}, {"train": 17, "operation": 40, "time": 29758}, {"train": 4, "operation": 17, "time": 29760}, {"train": 4, "operation": 18, "time": 29790}, {"train": 5, "operation": 41, "time": 29820}, {"train": 17, "operation": 41, "time": 29824}, {"train": 17, "operation": 42, "time": 29824}, {"train": 12, "operation": 12, "time": 29855}, {"train": 12, "operation": 13, "time": 29855}, {"train": 2, "operation": 67, "time": 29878}, {"train": 4, "operation": 19, "time": 29904}, {"train": 4, "operation": 21, "time": 29904}, {"train": 17, "operation": 44, "time": 29923}, {"train": 17, "operation": 47, "time": 29923}, {"train": 12, "operation": 15, "time": 29938}, {"train": 12, "operation": 16, "time": 29938}, {"train": 20, "operation": 1, "time": 29940}, {"train": 20, "operation": 5, "time": 29940}, {"train": 4, "operation": 22, "time": 29947}, {"train": 4, "operation": 23, "time": 29947}, {"train": 12, "operation": 17, "time": 29986}, {"train": 12, "operation": 18, "time": 29986}, {"train": 4, "operation": 25, "time": 30075}, {"train": 5, "operation": 44, "time": 30075}, {"train": 4, "operation": 27, "time": 30135}, {"train": 17, "operation": 48, "time": 30199}, {"train": 17, "operation": 50, "time": 30199}, {"train": 5, "operation": 45, "time": 30203}, {"train": 5, "operation": 46, "time": 30203}, {"train": 20, "operation": 6, "time": 30220}, {"train": 20, "operation": 7, "time": 30220}, {"train": 12, "operation": 19, "time": 30240}, {"train": 5, "operation": 48, "time": 30246}, {"train": 5, "operation": 49, "time": 30246}, {"train": 12, "operation": 21, "time": 30300}, {"train": 5, "operation": 50, "time": 30332}, {"train": 4, "operation": 28, "time": 30335}, {"train": 5, "operation": 51, "time": 30362}, {"train": 4, "operation": 30, "time": 30365}, {"train": 12, "operation": 22, "time": 30372}, {"train": 12, "operation": 23, "time": 30372}, {"train": 17, "operation": 52, "time": 30396}, {"train": 17, "operation": 53, "time": 30396}, {"train": 20, "operation": 8, "time": 30420}, {"train": 20, "operation": 10, "time": 30420}, {"train": 5, "operation": 53, "time": 30448}, {"train": 5, "operation": 54, "time": 30478}, {"train": 4, "operation": 32, "time": 30507}, {"train": 4, "operation": 33, "time": 30537}, {"train": 5, "operation": 55, "time": 30564}, {"train": 17, "operation": 54, "time": 30588}, {"train": 17, "operation": 56, "time": 30588}, {"train": 12, "operation": 24, "time": 30589}, {"train": 12, "operation": 27, "time": 30589}, {"train": 5, "operation": 56, "time": 30594}, {"train": 7, "operation": 2, "time": 30600}, {"train": 7, "operation": 5, "time": 30600}, {"train": 4, "operation": 34, "time": 30679}, {"train": 5, "operation": 57, "time": 30698}, {"train": 5, "operation": 58, "time": 30698}, {"train": 4, "operation": 35, "time": 30709}, {"train": 20, "operation": 11, "time": 30736}, {"train": 20, "operation": 13, "time": 30736}, {"train": 12, "operation": 29, "time": 30795}, {"train": 4, "operation": 36, "time": 30795}, {"train": 12, "operation": 30, "time": 30795}, {"train": 4, "operation": 38, "time": 30825}, {"train": 20, "operation": 14, "time": 30874}, {"train": 4, "operation": 39, "time": 30874}, {"train": 20, "operation": 15, "time": 30874}, {"train": 4, "operation": 40, "time": 30874}, {"train": 17, "operation": 58, "time": 30883}, {"train": 7, "operation": 6, "time": 30900}, {"train": 7, "operation": 8, "time": 30900}, {"train": 5, "operation": 63, "time": 30936}, {"train": 12, "operation": 31, "time": 30964}, {"train": 12, "operation": 33, "time": 30964}, {"train": 4, "operation": 41, "time": 30998}, {"train": 4, "operation": 42, "time": 30998}, {"train": 12, "operation": 34, "time": 31056}, {"train": 12, "operation": 35, "time": 31056}, {"train": 5, "operation": 67, "time": 31056}, {"train": 20, "operation": 16, "time": 31062}, {"train": 20, "operation": 18, "time": 31062}, {"train": 7, "operation": 9, "time": 31080}, {"train": 7, "operation": 11, "time": 31080}, {"train": 17, "operation": 59, "time": 31123}, {"train": 12, "operation": 37, "time": 31164}, {"train": 12, "operation": 38, "time": 31164}, {"train": 4, "operation": 46, "time": 31185}, {"train": 4, "operation": 47, "time": 31225}, {"train": 17, "operation": 60, "time": 31316}, {"train": 17, "operation": 62, "time": 31316}, {"train": 7, "operation": 12, "time": 31350}, {"train": 7, "operation": 14, "time": 31380}, {"train": 12, "operation": 39, "time": 31400}, {"train": 12, "operation": 40, "time": 31400}, {"train": 12, "operation": 41, "time": 31530}, {"train": 12, "operation": 42, "time": 31530}, {"train": 7, "operation": 15, "time": 31620}, {"train": 7, "operation": 17, "time": 31620}, {"train": 4, "operation": 49, "time": 31681}, {"train": 17, "operation": 63, "time": 31693}, {"train": 12, "operation": 43, "time": 31725}, {"train": 17, "operation": 67, "time": 31753}, {"train": 7, "operation": 18, "time": 31860}, {"train": 7, "operation": 20, "time": 31860}, {"train": 4, "operation": 50, "time": 31861}, {"train": 17, "operation": 68, "time": 32008}, {"train": 17, "operation": 69, "time": 32008}, {"train": 4, "operation": 51, "time": 32100}, {"train": 4, "operation": 53, "time": 32100}, {"train": 7, "operation": 23, "time": 32180}, {"train": 17, "operation": 70, "time": 32200}, {"train": 17, "operation": 72, "time": 32200}, {"train": 7, "operation": 25, "time": 32220}, {"train": 12, "operation": 47, "time": 32265}, {"train": 4, "operation": 55, "time": 32310}, {"train": 7, "operation": 26, "time": 32327}, {"train": 7, "operation": 27, "time": 32327}, {"train": 4, "operation": 56, "time": 32340}, {"train": 7, "operation": 28, "time": 32399}, {"train": 7, "operation": 29, "time": 32399}, {"train": 17, "operation": 73, "time": 32564}, {"train": 17, "operation": 75, "time": 32564}, {"train": 11, "operation": 18, "time": 32580}, {"train": 7, "operation": 30, "time": 32610}, {"train": 4, "operation": 58, "time": 32640}, {"train": 7, "operation": 32, "time": 32640}, {"train": 4, "operation": 59, "time": 32640}, {"train": 12, "operation": 48, "time": 32675}, {"train": 12, "operation": 50, "time": 32675}, {"train": 6, "operation": 7, "time": 32700}, {"train": 17, "operation": 76, "time": 32727}, {"train": 17, "operation": 77, "time": 32727}, {"train": 6, "operation": 9, "time": 32760}, {"train": 7, "operation": 33, "time": 32790}, {"train": 4, "operation": 61, "time": 32820}, {"train": 7, "operation": 34, "time": 32820}, {"train": 12, "operation": 51, "time": 32895}, {"train": 12, "operation": 53, "time": 32895}, {"train": 7, "operation": 35, "time": 32910}, {"train": 7, "operation": 37, "time": 32940}, {"train": 17, "operation": 78, "time": 32944}, {"train": 17, "operation": 80, "time": 32944}, {"train": 6, "operation": 10, "time": 32951}, {"train": 6, "operation": 11, "time": 32951}, {"train": 11, "operation": 19, "time": 33000}, {"train": 11, "operation": 21, "time": 33000}, {"train": 4, "operation": 62, "time": 33000}, {"train": 6, "operation": 12, "time": 33030}, {"train": 6, "operation": 13, "time": 33060}, {"train": 7, "operation": 38, "time": 33090}, {"train": 12, "operation": 55, "time": 33120}, {"train": 7, "operation": 40, "time": 33120}, {"train": 12, "operation": 56, "time": 33120}, {"train": 6, "operation": 14, "time": 33150}, {"train": 6, "operation": 16, "time": 33180}, {"train": 11, "operation": 22, "time": 33240}, {"train": 6, "operation": 17, "time": 33270}, {"train": 6, "operation": 18, "time": 33300}, {"train": 4, "operation": 64, "time": 33360}, {"train": 12, "operation": 58, "time": 33420}, {"train": 6, "operation": 19, "time": 33420}, {"train": 7, "operation": 43, "time": 33420}, {"train": 11, "operation": 24, "time": 33420}, {"train": 12, "operation": 59, "time": 33420}, {"train": 6, "operation": 21, "time": 33420}, {"train": 6, "operation": 22, "time": 33465}, {"train": 6, "operation": 23, "time": 33465}, {"train": 4, "operation": 67, "time": 33480}, {"train": 6, "operation": 24, "time": 33600}, {"train": 7, "operation": 44, "time": 33600}, {"train": 12, "operation": 61, "time": 33615}, {"train": 12, "operation": 62, "time": 33615}, {"train": 6, "operation": 27, "time": 33660}, {"train": 7, "operation": 45, "time": 33735}, {"train": 7, "operation": 46, "time": 33735}, {"train": 11, "operation": 26, "time": 33768}, {"train": 11, "operation": 27, "time": 33768}, {"train": 7, "operation": 47, "time": 33780}, {"train": 7, "operation": 49, "time": 33780}, {"train": 6, "operation": 28, "time": 33870}, {"train": 7, "operation": 50, "time": 33870}, {"train": 6, "operation": 30, "time": 33900}, {"train": 7, "operation": 51, "time": 33900}, {"train": 12, "operation": 63, "time": 33960}, {"train": 12, "operation": 67, "time": 33960}, {"train": 7, "operation": 52, "time": 33990}, {"train": 11, "operation": 29, "time": 33996}, {"train": 11, "operation": 30, "time": 33996}, {"train": 7, "operation": 54, "time": 34020}, {"train": 6, "operation": 31, "time": 34050}, {"train": 6, "operation": 33, "time": 34080}, {"train": 7, "operation": 55, "time": 34110}, {"train": 7, "operation": 56, "time": 34140}, {"train": 8, "operation": 1, "time": 34200}, {"train": 8, "operation": 5, "time": 34200}, {"train": 6, "operation": 34, "time": 34230}, {"train": 11, "operation": 31, "time": 34240}, {"train": 11, "operation": 33, "time": 34240}, {"train": 12, "operation": 68, "time": 34250}, {"train": 7, "operation": 57, "time": 34250}, {"train": 12, "operation": 69, "time": 34250}, {"train": 7, "operation": 58, "time": 34250}, {"train": 6, "operation": 35, "time": 34260}, {"train": 6, "operation": 36, "time": 34350}, {"train": 6, "operation": 38, "time": 34380}, {"train": 6, "operation": 39, "time": 34432}, {"train": 6, "operation": 40, "time": 34432}, {"train": 12, "operation": 71, "time": 34457}, {"train": 12, "operation": 72, "time": 34457}, {"train": 7, "operation": 59, "time": 34500}, {"train": 8, "operation": 6, "time": 34500}, {"train": 8, "operation": 8, "time": 34500}, {"train": 6, "operation": 41, "time": 34563}, {"train": 6, "operation": 42, "time": 34563}, {"train": 15, "operation": 1, "time": 34612}, {"train": 15, "operation": 3, "time": 34612}, {"train": 11, "operation": 35, "time": 34620}, {"train": 7, "operation": 67, "time": 34620}, {"train": 8, "operation": 9, "time": 34680}, {"train": 8, "operation": 11, "time": 34680}, {"train": 6, "operation": 46, "time": 34760}, {"train": 11, "operation": 38, "time": 34800}, {"train": 6, "operation": 47, "time": 34800}, {"train": 15, "operation": 4, "time": 34818}, {"train": 15, "operation": 5, "time": 34818}, {"train": 12, "operation": 74, "time": 34860}, {"train": 11, "operation": 39, "time": 34942}, {"train": 11, "operation": 40, "time": 34942}, {"train": 8, "operation": 12, "time": 34950}, {"train": 8, "operation": 14, "time": 34980}, {"train": 11, "operation": 41, "time": 35037}, {"train": 11, "operation": 42, "time": 35037}, {"train": 15, "operation": 6, "time": 35040}, {"train": 12, "operation": 75, "time": 35040}, {"train": 15, "operation": 8, "time": 35040}, {"train": 11, "operation": 44, "time": 35220}, {"train": 8, "operation": 16, "time": 35220}, {"train": 11, "operation": 45, "time": 35220}, {"train": 8, "operation": 17, "time": 35220}, {"train": 6, "operation": 48, "time": 35280}, {"train": 12, "operation": 76, "time": 35288}, {"train": 12, "operation": 77, "time": 35288}, {"train": 11, "operation": 46, "time": 35293}, {"train": 11, "operation": 47, "time": 35293}, {"train": 11, "operation": 49, "time": 35384}, {"train": 11, "operation": 50, "time": 35384}, {"train": 15, "operation": 9, "time": 35388}, {"train": 15, "operation": 11, "time": 35388}, {"train": 8, "operation": 19, "time": 35460}, {"train": 6, "operation": 50, "time": 35460}, {"train": 8, "operation": 20, "time": 35460}, {"train": 11, "operation": 51, "time": 35497}, {"train": 11, "operation": 53, "time": 35497}, {"train": 12, "operation": 79, "time": 35536}, {"train": 12, "operation": 80, "time": 35536}, {"train": 15, "operation": 12, "time": 35593}, {"train": 15, "operation": 13, "time": 35593}, {"train": 11, "operation": 54, "time": 35673}, {"train": 11, "operation": 57, "time": 35673}, {"train": 6, "operation": 52, "time": 35700}, {"train": 6, "operation": 53, "time": 35700}, {"train": 8, "operation": 22, "time": 35780}, {"train": 11, "operation": 58, "time": 35802}, {"train": 11, "operation": 59, "time": 35802}, {"train": 8, "operation": 25, "time": 35820}, {"train": 11, "operation": 61, "time": 35845}, {"train": 11, "operation": 62, "time": 35845}, {"train": 15, "operation": 17, "time": 35880}, {"train": 15, "operation": 18, "time": 35880}, {"train": 6, "operation": 54, "time": 35910}, {"train": 6, "operation": 56, "time": 35940}, {"train": 8, "operation": 26, "time": 35942}, {"train": 8, "operation": 27, "time": 35942}, {"train": 11, "operation": 63, "time": 35988}, {"train": 11, "operation": 64, "time": 35988}, {"train": 8, "operation": 28, "time": 36024}, {"train": 8, "operation": 29, "time": 36024}, {"train": 11, "operation": 66, "time": 36044}, {"train": 11, "operation": 67, "time": 36044}, {"train": 11, "operation": 68, "time": 36100}, {"train": 11, "operation": 69, "time": 36100}, {"train": 8, "operation": 31, "time": 36210}, {"train": 15, "operation": 20, "time": 36225}, {"train": 15, "operation": 21, "time": 36225}, {"train": 11, "operation": 70, "time": 36230}, {"train": 11, "operation": 71, "time": 36230}, {"train": 6, "operation": 58, "time": 36240}, {"train": 8, "operation": 32, "time": 36240}, {"train": 8, "operation": 33, "time": 36390}, {"train": 11, "operation": 76, "time": 36420}, {"train": 15, "operation": 22, "time": 36420}, {"train": 8, "operation": 34, "time": 36420}, {"train": 15, "operation": 24, "time": 36420}, {"train": 6, "operation": 59, "time": 36420}, {"train": 8, "operation": 36, "time": 36510}, {"train": 8, "operation": 37, "time": 36540}, {"train": 11, "operation": 80, "time": 36540}, {"train": 6, "operation": 60, "time": 36620}, {"train": 6, "operation": 62, "time": 36620}, {"train": 15, "operation": 25, "time": 36690}, {"train": 8, "operation": 39, "time": 36690}, {"train": 15, "operation": 27, "time": 36690}, {"train": 8, "operation": 40, "time": 36720}, {"train": 15, "operation": 28, "time": 36885}, {"train": 15, "operation": 30, "time": 36885}, {"train": 6, "operation": 63, "time": 36960}, {"train": 8, "operation": 41, "time": 37020}, {"train": 6, "operation": 67, "time": 37080}, {"train": 15, "operation": 32, "time": 37089}, {"train": 15, "operation": 33, "time": 37089}, {"train": 8, "operation": 44, "time": 37200}, {"train": 8, "operation": 45, "time": 37335}, {"train": 8, "operation": 46, "time": 37335}, {"train": 8, "operation": 48, "time": 37380}, {"train": 8, "operation": 49, "time": 37380}, {"train": 15, "operation": 34, "time": 37385}, {"train": 15, "operation": 38, "time": 37385}, {"train": 8, "operation": 50, "time": 37470}, {"train": 15, "operation": 39, "time": 37480}, {"train": 15, "operation": 40, "time": 37480}, {"train": 8, "operation": 51, "time": 37500}, {"train": 15, "operation": 41, "time": 37543}, {"train": 15, "operation": 42, "time": 37543}, {"train": 8, "operation": 52, "time": 37590}, {"train": 8, "operation": 54, "time": 37620}, {"train": 8, "operation": 55, "time": 37710}, {"train": 15, "operation": 44, "time": 37740}, {"train": 8, "operation": 56, "time": 37740}, {"train": 8, "operation": 57, "time": 37850}, {"train": 8, "operation": 58, "time": 37850}, {"train": 15, "operation": 45, "time": 37980}, {"train": 15, "operation": 46, "time": 38064}, {"train": 15, "operation": 47, "time": 38064}, {"train": 8, "operation": 63, "time": 38100}, {"train": 15, "operation": 49, "time": 38146}, {"train": 15, "operation": 50, "time": 38146}, {"train": 8, "operation": 67, "time": 38220}, {"train": 15, "operation": 52, "time": 38238}, {"train": 15, "operation": 53, "time": 38238}, {"train": 15, "operation": 54, "time": 38396}, {"train": 15, "operation": 57, "time": 38396}, {"train": 15, "operation": 58, "time": 38496}, {"train": 15, "operation": 59, "time": 38496}, {"train": 15, "operation": 60, "time": 38529}, {"train": 15, "operation": 62, "time": 38529}, {"train": 15, "operation": 63, "time": 38643}, {"train": 15, "operation": 64, "time": 38643}, {"train": 15, "operation": 66, "time": 38692}, {"train": 15, "operation": 67, "time": 38692}, {"train": 15, "operation": 68, "time": 38737}, {"train": 15, "operation": 69, "time": 38737}, {"train": 15, "operation": 70, "time": 38835}, {"train": 15, "operation": 71, "time": 38835}, {"train": 15, "operation": 77, "time": 39000}, {"train": 15, "operation": 80, "time": 39000}]}