{"objective_value": 5562, "events": [{"train": 0, "operation": 0, "time": 0}, {"train": 10, "operation": 0, "time": 0}, {"train": 11, "operation": 0, "time": 0}, {"train": 12, "operation": 0, "time": 0}, {"train": 13, "operation": 0, "time": 0}, {"train": 14, "operation": 0, "time": 0}, {"train": 15, "operation": 0, "time": 0}, {"train": 16, "operation": 0, "time": 0}, {"train": 17, "operation": 0, "time": 0}, {"train": 18, "operation": 0, "time": 0}, {"train": 19, "operation": 0, "time": 0}, {"train": 1, "operation": 0, "time": 0}, {"train": 20, "operation": 0, "time": 0}, {"train": 21, "operation": 0, "time": 0}, {"train": 2, "operation": 0, "time": 0}, {"train": 3, "operation": 0, "time": 0}, {"train": 4, "operation": 0, "time": 0}, {"train": 5, "operation": 0, "time": 0}, {"train": 6, "operation": 0, "time": 0}, {"train": 7, "operation": 0, "time": 0}, {"train": 8, "operation": 0, "time": 0}, {"train": 9, "operation": 0, "time": 0}, {"train": 0, "operation": 1, "time": 27720}, {"train": 2, "operation": 1, "time": 27900}, {"train": 18, "operation": 1, "time": 27964}, {"train": 11, "operation": 1, "time": 27972}, {"train": 14, "operation": 1, "time": 28023}, {"train": 0, "operation": 3, "time": 28140}, {"train": 10, "operation": 1, "time": 28140}, {"train": 2, "operation": 2, "time": 28140}, {"train": 11, "operation": 2, "time": 28195}, {"train": 14, "operation": 8, "time": 28200}, {"train": 18, "operation": 3, "time": 28200}, {"train": 10, "operation": 2, "time": 28275}, {"train": 11, "operation": 3, "time": 28764}, {"train": 2, "operation": 4, "time": 28806}, {"train": 10, "operation": 3, "time": 28930}, {"train": 11, "operation": 4, "time": 28938}, {"train": 11, "operation": 6, "time": 28938}, {"train": 20, "operation": 1, "time": 28938}, {"train": 14, "operation": 10, "time": 28964}, {"train": 10, "operation": 4, "time": 28973}, {"train": 10, "operation": 6, "time": 28973}, {"train": 18, "operation": 4, "time": 28973}, {"train": 2, "operation": 5, "time": 28977}, {"train": 0, "operation": 4, "time": 28977}, {"train": 2, "operation": 7, "time": 28977}, {"train": 18, "operation": 5, "time": 29027}, {"train": 18, "operation": 6, "time": 29027}, {"train": 1, "operation": 3, "time": 29100}, {"train": 10, "operation": 7, "time": 29115}, {"train": 10, "operation": 8, "time": 29145}, {"train": 20, "operation": 2, "time": 29153}, {"train": 20, "operation": 3, "time": 29153}, {"train": 18, "operation": 8, "time": 29190}, {"train": 18, "operation": 10, "time": 29190}, {"train": 0, "operation": 6, "time": 29205}, {"train": 0, "operation": 7, "time": 29205}, {"train": 10, "operation": 10, "time": 29231}, {"train": 10, "operation": 11, "time": 29261}, {"train": 13, "operation": 6, "time": 29280}, {"train": 2, "operation": 8, "time": 29281}, {"train": 11, "operation": 8, "time": 29286}, {"train": 11, "operation": 9, "time": 29286}, {"train": 2, "operation": 12, "time": 29321}, {"train": 10, "operation": 12, "time": 29347}, {"train": 18, "operation": 11, "time": 29368}, {"train": 18, "operation": 13, "time": 29368}, {"train": 20, "operation": 5, "time": 29371}, {"train": 20, "operation": 6, "time": 29371}, {"train": 10, "operation": 13, "time": 29377}, {"train": 0, "operation": 8, "time": 29405}, {"train": 2, "operation": 13, "time": 29406}, {"train": 2, "operation": 14, "time": 29406}, {"train": 0, "operation": 10, "time": 29435}, {"train": 2, "operation": 15, "time": 29463}, {"train": 2, "operation": 16, "time": 29463}, {"train": 11, "operation": 10, "time": 29498}, {"train": 11, "operation": 11, "time": 29498}, {"train": 10, "operation": 14, "time": 29519}, {"train": 18, "operation": 15, "time": 29543}, {"train": 10, "operation": 15, "time": 29549}, {"train": 2, "operation": 17, "time": 29635}, {"train": 2, "operation": 19, "time": 29665}, {"train": 0, "operation": 11, "time": 29720}, {"train": 0, "operation": 13, "time": 29720}, {"train": 10, "operation": 23, "time": 29777}, {"train": 1, "operation": 9, "time": 29777}, {"train": 11, "operation": 15, "time": 29795}, {"train": 2, "operation": 20, "time": 29807}, {"train": 2, "operation": 21, "time": 29837}, {"train": 0, "operation": 14, "time": 29891}, {"train": 0, "operation": 16, "time": 29891}, {"train": 2, "operation": 22, "time": 29923}, {"train": 21, "operation": 1, "time": 29940}, {"train": 21, "operation": 5, "time": 29940}, {"train": 1, "operation": 10, "time": 29948}, {"train": 13, "operation": 9, "time": 29948}, {"train": 1, "operation": 11, "time": 29948}, {"train": 2, "operation": 24, "time": 29953}, {"train": 10, "operation": 24, "time": 29957}, {"train": 18, "operation": 16, "time": 29963}, {"train": 1, "operation": 12, "time": 30034}, {"train": 18, "operation": 17, "time": 30053}, {"train": 18, "operation": 18, "time": 30053}, {"train": 1, "operation": 13, "time": 30064}, {"train": 2, "operation": 26, "time": 30095}, {"train": 18, "operation": 20, "time": 30122}, {"train": 18, "operation": 21, "time": 30122}, {"train": 2, "operation": 27, "time": 30125}, {"train": 1, "operation": 14, "time": 30150}, {"train": 13, "operation": 10, "time": 30174}, {"train": 13, "operation": 11, "time": 30174}, {"train": 1, "operation": 16, "time": 30180}, {"train": 21, "operation": 6, "time": 30220}, {"train": 21, "operation": 7, "time": 30220}, {"train": 0, "operation": 19, "time": 30233}, {"train": 18, "operation": 22, "time": 30264}, {"train": 18, "operation": 23, "time": 30264}, {"train": 1, "operation": 17, "time": 30266}, {"train": 1, "operation": 18, "time": 30296}, {"train": 18, "operation": 24, "time": 30330}, {"train": 18, "operation": 25, "time": 30330}, {"train": 0, "operation": 21, "time": 30353}, {"train": 13, "operation": 12, "time": 30361}, {"train": 13, "operation": 13, "time": 30361}, {"train": 1, "operation": 19, "time": 30410}, {"train": 2, "operation": 28, "time": 30410}, {"train": 1, "operation": 21, "time": 30410}, {"train": 21, "operation": 8, "time": 30420}, {"train": 21, "operation": 10, "time": 30420}, {"train": 18, "operation": 26, "time": 30429}, {"train": 18, "operation": 30, "time": 30429}, {"train": 13, "operation": 14, "time": 30444}, {"train": 13, "operation": 16, "time": 30444}, {"train": 1, "operation": 22, "time": 30453}, {"train": 1, "operation": 23, "time": 30453}, {"train": 13, "operation": 17, "time": 30492}, {"train": 13, "operation": 18, "time": 30492}, {"train": 1, "operation": 25, "time": 30581}, {"train": 2, "operation": 31, "time": 30590}, {"train": 4, "operation": 2, "time": 30600}, {"train": 4, "operation": 5, "time": 30600}, {"train": 1, "operation": 27, "time": 30641}, {"train": 18, "operation": 31, "time": 30705}, {"train": 18, "operation": 33, "time": 30705}, {"train": 2, "operation": 32, "time": 30718}, {"train": 2, "operation": 33, "time": 30718}, {"train": 21, "operation": 11, "time": 30736}, {"train": 21, "operation": 13, "time": 30736}, {"train": 13, "operation": 20, "time": 30746}, {"train": 2, "operation": 34, "time": 30761}, {"train": 2, "operation": 36, "time": 30761}, {"train": 13, "operation": 21, "time": 30806}, {"train": 1, "operation": 29, "time": 30841}, {"train": 2, "operation": 37, "time": 30847}, {"train": 1, "operation": 30, "time": 30871}, {"train": 21, "operation": 14, "time": 30874}, {"train": 21, "operation": 15, "time": 30874}, {"train": 2, "operation": 38, "time": 30877}, {"train": 13, "operation": 22, "time": 30878}, {"train": 13, "operation": 23, "time": 30878}, {"train": 4, "operation": 6, "time": 30900}, {"train": 4, "operation": 8, "time": 30900}, {"train": 18, "operation": 35, "time": 30902}, {"train": 18, "operation": 36, "time": 30902}, {"train": 2, "operation": 39, "time": 30963}, {"train": 2, "operation": 41, "time": 30993}, {"train": 1, "operation": 31, "time": 31013}, {"train": 1, "operation": 33, "time": 31043}, {"train": 21, "operation": 16, "time": 31062}, {"train": 21, "operation": 18, "time": 31062}, {"train": 2, "operation": 42, "time": 31079}, {"train": 4, "operation": 10, "time": 31080}, {"train": 18, "operation": 37, "time": 31094}, {"train": 18, "operation": 39, "time": 31094}, {"train": 13, "operation": 25, "time": 31095}, {"train": 13, "operation": 27, "time": 31095}, {"train": 2, "operation": 43, "time": 31109}, {"train": 1, "operation": 34, "time": 31185}, {"train": 2, "operation": 44, "time": 31213}, {"train": 2, "operation": 45, "time": 31213}, {"train": 1, "operation": 35, "time": 31215}, {"train": 13, "operation": 28, "time": 31301}, {"train": 1, "operation": 36, "time": 31301}, {"train": 13, "operation": 30, "time": 31301}, {"train": 1, "operation": 38, "time": 31331}, {"train": 1, "operation": 39, "time": 31380}, {"train": 1, "operation": 40, "time": 31380}, {"train": 18, "operation": 40, "time": 31389}, {"train": 4, "operation": 11, "time": 31389}, {"train": 2, "operation": 53, "time": 31451}, {"train": 13, "operation": 32, "time": 31470}, {"train": 13, "operation": 33, "time": 31470}, {"train": 1, "operation": 41, "time": 31504}, {"train": 1, "operation": 42, "time": 31504}, {"train": 13, "operation": 34, "time": 31562}, {"train": 13, "operation": 35, "time": 31562}, {"train": 2, "operation": 54, "time": 31571}, {"train": 18, "operation": 42, "time": 31629}, {"train": 4, "operation": 13, "time": 31645}, {"train": 13, "operation": 36, "time": 31670}, {"train": 13, "operation": 38, "time": 31670}, {"train": 4, "operation": 14, "time": 31675}, {"train": 1, "operation": 46, "time": 31691}, {"train": 1, "operation": 47, "time": 31731}, {"train": 18, "operation": 44, "time": 31822}, {"train": 18, "operation": 45, "time": 31822}, {"train": 4, "operation": 16, "time": 31903}, {"train": 4, "operation": 17, "time": 31903}, {"train": 13, "operation": 39, "time": 31906}, {"train": 13, "operation": 40, "time": 31906}, {"train": 13, "operation": 41, "time": 32036}, {"train": 13, "operation": 42, "time": 32036}, {"train": 4, "operation": 19, "time": 32131}, {"train": 1, "operation": 48, "time": 32187}, {"train": 4, "operation": 20, "time": 32187}, {"train": 18, "operation": 47, "time": 32199}, {"train": 13, "operation": 44, "time": 32231}, {"train": 18, "operation": 50, "time": 32259}, {"train": 1, "operation": 50, "time": 32367}, {"train": 4, "operation": 21, "time": 32491}, {"train": 18, "operation": 51, "time": 32514}, {"train": 18, "operation": 52, "time": 32514}, {"train": 4, "operation": 25, "time": 32531}, {"train": 1, "operation": 52, "time": 32595}, {"train": 1, "operation": 53, "time": 32595}, {"train": 4, "operation": 26, "time": 32633}, {"train": 4, "operation": 27, "time": 32633}, {"train": 18, "operation": 53, "time": 32696}, {"train": 18, "operation": 55, "time": 32696}, {"train": 3, "operation": 2, "time": 32700}, {"train": 4, "operation": 28, "time": 32701}, {"train": 4, "operation": 29, "time": 32701}, {"train": 3, "operation": 9, "time": 32760}, {"train": 13, "operation": 47, "time": 32771}, {"train": 1, "operation": 54, "time": 32795}, {"train": 1, "operation": 56, "time": 32825}, {"train": 4, "operation": 30, "time": 32901}, {"train": 4, "operation": 32, "time": 32931}, {"train": 3, "operation": 10, "time": 32951}, {"train": 3, "operation": 11, "time": 32951}, {"train": 3, "operation": 12, "time": 33030}, {"train": 18, "operation": 56, "time": 33042}, {"train": 18, "operation": 58, "time": 33042}, {"train": 3, "operation": 13, "time": 33060}, {"train": 4, "operation": 33, "time": 33073}, {"train": 11, "operation": 16, "time": 33095}, {"train": 4, "operation": 34, "time": 33103}, {"train": 1, "operation": 57, "time": 33110}, {"train": 1, "operation": 59, "time": 33110}, {"train": 3, "operation": 14, "time": 33150}, {"train": 3, "operation": 16, "time": 33180}, {"train": 13, "operation": 49, "time": 33181}, {"train": 13, "operation": 50, "time": 33181}, {"train": 4, "operation": 35, "time": 33189}, {"train": 18, "operation": 59, "time": 33197}, {"train": 18, "operation": 60, "time": 33197}, {"train": 4, "operation": 37, "time": 33219}, {"train": 3, "operation": 17, "time": 33270}, {"train": 1, "operation": 60, "time": 33281}, {"train": 3, "operation": 18, "time": 33300}, {"train": 4, "operation": 38, "time": 33361}, {"train": 4, "operation": 40, "time": 33391}, {"train": 13, "operation": 52, "time": 33401}, {"train": 13, "operation": 53, "time": 33401}, {"train": 18, "operation": 62, "time": 33403}, {"train": 18, "operation": 63, "time": 33403}, {"train": 3, "operation": 20, "time": 33420}, {"train": 3, "operation": 21, "time": 33420}, {"train": 3, "operation": 22, "time": 33465}, {"train": 3, "operation": 23, "time": 33465}, {"train": 11, "operation": 18, "time": 33494}, {"train": 11, "operation": 19, "time": 33494}, {"train": 1, "operation": 62, "time": 33494}, {"train": 3, "operation": 26, "time": 33600}, {"train": 13, "operation": 54, "time": 33625}, {"train": 13, "operation": 56, "time": 33625}, {"train": 4, "operation": 41, "time": 33676}, {"train": 3, "operation": 27, "time": 33676}, {"train": 11, "operation": 21, "time": 33722}, {"train": 1, "operation": 66, "time": 33836}, {"train": 4, "operation": 44, "time": 33856}, {"train": 3, "operation": 28, "time": 33876}, {"train": 3, "operation": 30, "time": 33906}, {"train": 13, "operation": 57, "time": 33910}, {"train": 11, "operation": 22, "time": 33910}, {"train": 13, "operation": 59, "time": 33910}, {"train": 1, "operation": 67, "time": 33956}, {"train": 4, "operation": 45, "time": 33984}, {"train": 4, "operation": 46, "time": 33984}, {"train": 4, "operation": 48, "time": 34027}, {"train": 4, "operation": 49, "time": 34027}, {"train": 3, "operation": 31, "time": 34050}, {"train": 3, "operation": 33, "time": 34080}, {"train": 13, "operation": 61, "time": 34095}, {"train": 13, "operation": 62, "time": 34095}, {"train": 4, "operation": 50, "time": 34113}, {"train": 4, "operation": 51, "time": 34143}, {"train": 6, "operation": 1, "time": 34200}, {"train": 4, "operation": 52, "time": 34229}, {"train": 3, "operation": 34, "time": 34230}, {"train": 11, "operation": 24, "time": 34241}, {"train": 11, "operation": 25, "time": 34241}, {"train": 4, "operation": 54, "time": 34259}, {"train": 3, "operation": 35, "time": 34260}, {"train": 4, "operation": 55, "time": 34345}, {"train": 3, "operation": 36, "time": 34350}, {"train": 4, "operation": 56, "time": 34375}, {"train": 3, "operation": 38, "time": 34380}, {"train": 13, "operation": 64, "time": 34423}, {"train": 13, "operation": 67, "time": 34423}, {"train": 6, "operation": 5, "time": 34423}, {"train": 3, "operation": 39, "time": 34432}, {"train": 3, "operation": 40, "time": 34432}, {"train": 11, "operation": 27, "time": 34458}, {"train": 11, "operation": 28, "time": 34458}, {"train": 4, "operation": 57, "time": 34479}, {"train": 4, "operation": 58, "time": 34479}, {"train": 3, "operation": 41, "time": 34563}, {"train": 3, "operation": 42, "time": 34563}, {"train": 16, "operation": 2, "time": 34612}, {"train": 16, "operation": 3, "time": 34612}, {"train": 11, "operation": 29, "time": 34690}, {"train": 11, "operation": 31, "time": 34690}, {"train": 13, "operation": 68, "time": 34699}, {"train": 13, "operation": 69, "time": 34699}, {"train": 6, "operation": 7, "time": 34708}, {"train": 6, "operation": 8, "time": 34708}, {"train": 4, "operation": 65, "time": 34717}, {"train": 3, "operation": 46, "time": 34760}, {"train": 16, "operation": 4, "time": 34818}, {"train": 16, "operation": 5, "time": 34818}, {"train": 4, "operation": 67, "time": 34837}, {"train": 6, "operation": 9, "time": 34879}, {"train": 6, "operation": 11, "time": 34879}, {"train": 13, "operation": 71, "time": 34896}, {"train": 13, "operation": 72, "time": 34896}, {"train": 16, "operation": 6, "time": 35040}, {"train": 11, "operation": 33, "time": 35051}, {"train": 3, "operation": 47, "time": 35051}, {"train": 6, "operation": 13, "time": 35135}, {"train": 6, "operation": 14, "time": 35165}, {"train": 11, "operation": 36, "time": 35231}, {"train": 13, "operation": 74, "time": 35279}, {"train": 16, "operation": 8, "time": 35279}, {"train": 11, "operation": 37, "time": 35366}, {"train": 11, "operation": 38, "time": 35366}, {"train": 6, "operation": 16, "time": 35393}, {"train": 6, "operation": 17, "time": 35393}, {"train": 11, "operation": 39, "time": 35456}, {"train": 11, "operation": 40, "time": 35456}, {"train": 13, "operation": 75, "time": 35459}, {"train": 3, "operation": 48, "time": 35507}, {"train": 16, "operation": 9, "time": 35610}, {"train": 16, "operation": 11, "time": 35610}, {"train": 6, "operation": 19, "time": 35621}, {"train": 6, "operation": 20, "time": 35621}, {"train": 11, "operation": 42, "time": 35630}, {"train": 11, "operation": 43, "time": 35630}, {"train": 3, "operation": 50, "time": 35687}, {"train": 13, "operation": 76, "time": 35695}, {"train": 13, "operation": 77, "time": 35695}, {"train": 11, "operation": 44, "time": 35699}, {"train": 11, "operation": 45, "time": 35699}, {"train": 11, "operation": 47, "time": 35785}, {"train": 11, "operation": 48, "time": 35785}, {"train": 16, "operation": 12, "time": 35805}, {"train": 16, "operation": 13, "time": 35805}, {"train": 11, "operation": 50, "time": 35892}, {"train": 11, "operation": 51, "time": 35892}, {"train": 3, "operation": 52, "time": 35915}, {"train": 3, "operation": 53, "time": 35915}, {"train": 6, "operation": 22, "time": 35925}, {"train": 13, "operation": 78, "time": 35931}, {"train": 13, "operation": 80, "time": 35931}, {"train": 6, "operation": 25, "time": 35965}, {"train": 11, "operation": 54, "time": 36059}, {"train": 11, "operation": 55, "time": 36059}, {"train": 16, "operation": 16, "time": 36078}, {"train": 16, "operation": 18, "time": 36078}, {"train": 6, "operation": 26, "time": 36081}, {"train": 6, "operation": 27, "time": 36081}, {"train": 3, "operation": 54, "time": 36115}, {"train": 3, "operation": 56, "time": 36145}, {"train": 6, "operation": 28, "time": 36159}, {"train": 6, "operation": 29, "time": 36159}, {"train": 11, "operation": 56, "time": 36182}, {"train": 11, "operation": 57, "time": 36182}, {"train": 11, "operation": 58, "time": 36223}, {"train": 11, "operation": 60, "time": 36223}, {"train": 5, "operation": 6, "time": 36300}, {"train": 6, "operation": 30, "time": 36336}, {"train": 11, "operation": 61, "time": 36359}, {"train": 11, "operation": 62, "time": 36359}, {"train": 5, "operation": 9, "time": 36360}, {"train": 6, "operation": 32, "time": 36366}, {"train": 16, "operation": 19, "time": 36406}, {"train": 16, "operation": 21, "time": 36406}, {"train": 11, "operation": 63, "time": 36412}, {"train": 3, "operation": 58, "time": 36430}, {"train": 6, "operation": 33, "time": 36508}, {"train": 6, "operation": 34, "time": 36538}, {"train": 5, "operation": 10, "time": 36540}, {"train": 5, "operation": 11, "time": 36540}, {"train": 16, "operation": 22, "time": 36591}, {"train": 16, "operation": 24, "time": 36591}, {"train": 3, "operation": 59, "time": 36610}, {"train": 6, "operation": 35, "time": 36624}, {"train": 5, "operation": 12, "time": 36630}, {"train": 6, "operation": 37, "time": 36654}, {"train": 5, "operation": 13, "time": 36660}, {"train": 5, "operation": 15, "time": 36750}, {"train": 11, "operation": 65, "time": 36750}, {"train": 5, "operation": 16, "time": 36780}, {"train": 6, "operation": 39, "time": 36796}, {"train": 3, "operation": 60, "time": 36800}, {"train": 3, "operation": 62, "time": 36800}, {"train": 11, "operation": 66, "time": 36803}, {"train": 11, "operation": 67, "time": 36803}, {"train": 6, "operation": 40, "time": 36826}, {"train": 16, "operation": 26, "time": 36847}, {"train": 16, "operation": 27, "time": 36847}, {"train": 5, "operation": 17, "time": 36870}, {"train": 5, "operation": 18, "time": 36900}, {"train": 11, "operation": 68, "time": 36927}, {"train": 11, "operation": 69, "time": 36927}, {"train": 5, "operation": 19, "time": 37020}, {"train": 5, "operation": 21, "time": 37020}, {"train": 16, "operation": 29, "time": 37032}, {"train": 16, "operation": 30, "time": 37032}, {"train": 5, "operation": 22, "time": 37065}, {"train": 5, "operation": 23, "time": 37065}, {"train": 11, "operation": 76, "time": 37107}, {"train": 6, "operation": 41, "time": 37111}, {"train": 3, "operation": 64, "time": 37123}, {"train": 5, "operation": 26, "time": 37200}, {"train": 16, "operation": 32, "time": 37226}, {"train": 16, "operation": 33, "time": 37226}, {"train": 11, "operation": 78, "time": 37227}, {"train": 3, "operation": 67, "time": 37243}, {"train": 5, "operation": 27, "time": 37260}, {"train": 6, "operation": 44, "time": 37291}, {"train": 6, "operation": 45, "time": 37419}, {"train": 6, "operation": 46, "time": 37419}, {"train": 6, "operation": 47, "time": 37462}, {"train": 6, "operation": 49, "time": 37462}, {"train": 5, "operation": 29, "time": 37470}, {"train": 5, "operation": 30, "time": 37500}, {"train": 16, "operation": 35, "time": 37507}, {"train": 16, "operation": 38, "time": 37507}, {"train": 6, "operation": 50, "time": 37548}, {"train": 6, "operation": 51, "time": 37578}, {"train": 16, "operation": 39, "time": 37597}, {"train": 16, "operation": 40, "time": 37597}, {"train": 5, "operation": 31, "time": 37650}, {"train": 16, "operation": 41, "time": 37657}, {"train": 16, "operation": 42, "time": 37657}, {"train": 6, "operation": 52, "time": 37664}, {"train": 5, "operation": 33, "time": 37680}, {"train": 6, "operation": 54, "time": 37694}, {"train": 6, "operation": 55, "time": 37780}, {"train": 8, "operation": 3, "time": 37800}, {"train": 8, "operation": 5, "time": 37800}, {"train": 6, "operation": 56, "time": 37810}, {"train": 5, "operation": 34, "time": 37830}, {"train": 16, "operation": 43, "time": 37844}, {"train": 5, "operation": 35, "time": 37860}, {"train": 6, "operation": 57, "time": 37914}, {"train": 6, "operation": 58, "time": 37914}, {"train": 5, "operation": 37, "time": 37950}, {"train": 5, "operation": 38, "time": 37980}, {"train": 5, "operation": 39, "time": 38032}, {"train": 5, "operation": 40, "time": 38032}, {"train": 16, "operation": 45, "time": 38084}, {"train": 8, "operation": 7, "time": 38100}, {"train": 8, "operation": 8, "time": 38100}, {"train": 6, "operation": 64, "time": 38152}, {"train": 5, "operation": 41, "time": 38163}, {"train": 5, "operation": 42, "time": 38163}, {"train": 16, "operation": 46, "time": 38164}, {"train": 16, "operation": 47, "time": 38164}, {"train": 16, "operation": 48, "time": 38242}, {"train": 16, "operation": 50, "time": 38242}, {"train": 6, "operation": 67, "time": 38272}, {"train": 8, "operation": 10, "time": 38280}, {"train": 8, "operation": 11, "time": 38280}, {"train": 16, "operation": 51, "time": 38329}, {"train": 16, "operation": 53, "time": 38329}, {"train": 5, "operation": 46, "time": 38360}, {"train": 5, "operation": 47, "time": 38400}, {"train": 16, "operation": 56, "time": 38479}, {"train": 16, "operation": 57, "time": 38479}, {"train": 8, "operation": 12, "time": 38550}, {"train": 16, "operation": 58, "time": 38574}, {"train": 16, "operation": 59, "time": 38574}, {"train": 8, "operation": 14, "time": 38580}, {"train": 16, "operation": 61, "time": 38605}, {"train": 16, "operation": 62, "time": 38605}, {"train": 16, "operation": 63, "time": 38713}, {"train": 16, "operation": 64, "time": 38713}, {"train": 16, "operation": 65, "time": 38760}, {"train": 16, "operation": 67, "time": 38760}, {"train": 16, "operation": 68, "time": 38803}, {"train": 16, "operation": 69, "time": 38803}, {"train": 8, "operation": 15, "time": 38820}, {"train": 8, "operation": 17, "time": 38820}, {"train": 15, "operation": 4, "time": 38880}, {"train": 5, "operation": 49, "time": 38880}, {"train": 15, "operation": 5, "time": 38880}, {"train": 16, "operation": 70, "time": 38896}, {"train": 16, "operation": 71, "time": 38896}, {"train": 16, "operation": 75, "time": 39053}, {"train": 16, "operation": 80, "time": 39053}, {"train": 8, "operation": 18, "time": 39060}, {"train": 5, "operation": 50, "time": 39060}, {"train": 8, "operation": 20, "time": 39060}, {"train": 5, "operation": 52, "time": 39300}, {"train": 5, "operation": 53, "time": 39300}, {"train": 15, "operation": 7, "time": 39351}, {"train": 15, "operation": 8, "time": 39351}, {"train": 8, "operation": 21, "time": 39380}, {"train": 8, "operation": 25, "time": 39420}, {"train": 5, "operation": 54, "time": 39510}, {"train": 8, "operation": 26, "time": 39527}, {"train": 8, "operation": 27, "time": 39527}, {"train": 5, "operation": 56, "time": 39540}, {"train": 8, "operation": 28, "time": 39599}, {"train": 8, "operation": 29, "time": 39599}, {"train": 15, "operation": 9, "time": 39660}, {"train": 8, "operation": 31, "time": 39810}, {"train": 5, "operation": 58, "time": 39840}, {"train": 8, "operation": 32, "time": 39840}, {"train": 15, "operation": 11, "time": 39840}, {"train": 5, "operation": 59, "time": 39840}, {"train": 7, "operation": 8, "time": 39900}, {"train": 7, "operation": 9, "time": 39960}, {"train": 8, "operation": 33, "time": 39990}, {"train": 5, "operation": 61, "time": 40020}, {"train": 8, "operation": 34, "time": 40020}, {"train": 5, "operation": 62, "time": 40020}, {"train": 8, "operation": 35, "time": 40110}, {"train": 7, "operation": 10, "time": 40112}, {"train": 7, "operation": 11, "time": 40112}, {"train": 8, "operation": 37, "time": 40140}, {"train": 7, "operation": 12, "time": 40230}, {"train": 7, "operation": 13, "time": 40260}, {"train": 8, "operation": 38, "time": 40290}, {"train": 8, "operation": 40, "time": 40320}, {"train": 7, "operation": 14, "time": 40350}, {"train": 15, "operation": 13, "time": 40380}, {"train": 5, "operation": 66, "time": 40380}, {"train": 7, "operation": 16, "time": 40380}, {"train": 7, "operation": 17, "time": 40470}, {"train": 7, "operation": 18, "time": 40500}, {"train": 5, "operation": 67, "time": 40500}, {"train": 15, "operation": 14, "time": 40560}, {"train": 7, "operation": 20, "time": 40619}, {"train": 7, "operation": 21, "time": 40619}, {"train": 8, "operation": 42, "time": 40620}, {"train": 7, "operation": 22, "time": 40664}, {"train": 7, "operation": 23, "time": 40664}, {"train": 7, "operation": 24, "time": 40800}, {"train": 8, "operation": 44, "time": 40800}, {"train": 7, "operation": 27, "time": 40860}, {"train": 12, "operation": 2, "time": 40877}, {"train": 12, "operation": 3, "time": 40877}, {"train": 15, "operation": 15, "time": 40897}, {"train": 15, "operation": 17, "time": 40897}, {"train": 8, "operation": 45, "time": 40935}, {"train": 8, "operation": 46, "time": 40935}, {"train": 8, "operation": 48, "time": 40980}, {"train": 8, "operation": 49, "time": 40980}, {"train": 7, "operation": 28, "time": 41070}, {"train": 8, "operation": 50, "time": 41070}, {"train": 12, "operation": 4, "time": 41095}, {"train": 12, "operation": 5, "time": 41095}, {"train": 7, "operation": 30, "time": 41100}, {"train": 8, "operation": 51, "time": 41100}, {"train": 8, "operation": 52, "time": 41190}, {"train": 15, "operation": 19, "time": 41201}, {"train": 15, "operation": 20, "time": 41201}, {"train": 8, "operation": 54, "time": 41220}, {"train": 7, "operation": 31, "time": 41250}, {"train": 7, "operation": 33, "time": 41280}, {"train": 12, "operation": 6, "time": 41300}, {"train": 12, "operation": 8, "time": 41300}, {"train": 8, "operation": 55, "time": 41310}, {"train": 8, "operation": 56, "time": 41340}, {"train": 17, "operation": 2, "time": 41400}, {"train": 9, "operation": 2, "time": 41400}, {"train": 17, "operation": 3, "time": 41400}, {"train": 9, "operation": 5, "time": 41400}, {"train": 7, "operation": 34, "time": 41430}, {"train": 8, "operation": 57, "time": 41450}, {"train": 8, "operation": 58, "time": 41450}, {"train": 7, "operation": 35, "time": 41460}, {"train": 7, "operation": 36, "time": 41550}, {"train": 7, "operation": 38, "time": 41580}, {"train": 17, "operation": 4, "time": 41590}, {"train": 17, "operation": 5, "time": 41590}, {"train": 12, "operation": 9, "time": 41672}, {"train": 12, "operation": 11, "time": 41672}, {"train": 15, "operation": 23, "time": 41700}, {"train": 8, "operation": 66, "time": 41700}, {"train": 9, "operation": 7, "time": 41700}, {"train": 9, "operation": 8, "time": 41700}, {"train": 17, "operation": 7, "time": 41741}, {"train": 17, "operation": 8, "time": 41741}, {"train": 7, "operation": 39, "time": 41758}, {"train": 7, "operation": 40, "time": 41758}, {"train": 8, "operation": 67, "time": 41820}, {"train": 7, "operation": 41, "time": 41839}, {"train": 7, "operation": 42, "time": 41839}, {"train": 9, "operation": 9, "time": 41880}, {"train": 9, "operation": 11, "time": 41880}, {"train": 12, "operation": 12, "time": 41884}, {"train": 12, "operation": 13, "time": 41884}, {"train": 7, "operation": 43, "time": 41960}, {"train": 15, "operation": 25, "time": 42000}, {"train": 7, "operation": 47, "time": 42000}, {"train": 17, "operation": 9, "time": 42055}, {"train": 17, "operation": 11, "time": 42055}, {"train": 9, "operation": 12, "time": 42150}, {"train": 12, "operation": 17, "time": 42180}, {"train": 19, "operation": 3, "time": 42180}, {"train": 9, "operation": 14, "time": 42180}, {"train": 19, "operation": 9, "time": 42180}, {"train": 15, "operation": 26, "time": 42182}, {"train": 15, "operation": 27, "time": 42182}, {"train": 17, "operation": 12, "time": 42257}, {"train": 17, "operation": 13, "time": 42257}, {"train": 15, "operation": 28, "time": 42303}, {"train": 15, "operation": 29, "time": 42303}, {"train": 9, "operation": 16, "time": 42420}, {"train": 9, "operation": 17, "time": 42420}, {"train": 7, "operation": 49, "time": 42480}, {"train": 15, "operation": 30, "time": 42507}, {"train": 15, "operation": 32, "time": 42507}, {"train": 17, "operation": 14, "time": 42540}, {"train": 15, "operation": 33, "time": 42596}, {"train": 15, "operation": 34, "time": 42596}, {"train": 17, "operation": 18, "time": 42600}, {"train": 9, "operation": 18, "time": 42660}, {"train": 7, "operation": 50, "time": 42660}, {"train": 9, "operation": 20, "time": 42660}, {"train": 19, "operation": 10, "time": 42664}, {"train": 19, "operation": 11, "time": 42664}, {"train": 15, "operation": 35, "time": 42698}, {"train": 15, "operation": 37, "time": 42698}, {"train": 19, "operation": 12, "time": 42805}, {"train": 19, "operation": 13, "time": 42805}, {"train": 15, "operation": 38, "time": 42819}, {"train": 15, "operation": 40, "time": 42819}, {"train": 19, "operation": 14, "time": 42869}, {"train": 19, "operation": 16, "time": 42869}, {"train": 17, "operation": 20, "time": 42900}, {"train": 7, "operation": 52, "time": 42900}, {"train": 17, "operation": 21, "time": 42900}, {"train": 7, "operation": 53, "time": 42900}, {"train": 19, "operation": 17, "time": 42907}, {"train": 19, "operation": 18, "time": 42907}, {"train": 9, "operation": 24, "time": 42980}, {"train": 9, "operation": 25, "time": 43020}, {"train": 19, "operation": 20, "time": 43075}, {"train": 19, "operation": 21, "time": 43075}, {"train": 15, "operation": 41, "time": 43080}, {"train": 7, "operation": 54, "time": 43110}, {"train": 19, "operation": 22, "time": 43121}, {"train": 19, "operation": 23, "time": 43121}, {"train": 9, "operation": 26, "time": 43127}, {"train": 9, "operation": 27, "time": 43127}, {"train": 7, "operation": 56, "time": 43140}, {"train": 9, "operation": 28, "time": 43199}, {"train": 9, "operation": 29, "time": 43199}, {"train": 17, "operation": 23, "time": 43200}, {"train": 19, "operation": 26, "time": 43260}, {"train": 15, "operation": 44, "time": 43260}, {"train": 19, "operation": 27, "time": 43260}, {"train": 19, "operation": 28, "time": 43410}, {"train": 9, "operation": 30, "time": 43410}, {"train": 19, "operation": 30, "time": 43410}, {"train": 7, "operation": 57, "time": 43440}, {"train": 9, "operation": 32, "time": 43440}, {"train": 17, "operation": 24, "time": 43440}, {"train": 7, "operation": 59, "time": 43440}, {"train": 15, "operation": 45, "time": 43530}, {"train": 15, "operation": 46, "time": 43530}, {"train": 19, "operation": 31, "time": 43560}, {"train": 9, "operation": 33, "time": 43590}, {"train": 15, "operation": 48, "time": 43620}, {"train": 7, "operation": 60, "time": 43620}, {"train": 9, "operation": 34, "time": 43620}, {"train": 7, "operation": 62, "time": 43620}, {"train": 9, "operation": 36, "time": 43710}, {"train": 17, "operation": 26, "time": 43740}, {"train": 19, "operation": 33, "time": 43740}, {"train": 9, "operation": 37, "time": 43740}, {"train": 17, "operation": 27, "time": 43740}, {"train": 19, "operation": 34, "time": 43825}, {"train": 19, "operation": 35, "time": 43825}, {"train": 9, "operation": 39, "time": 43890}, {"train": 19, "operation": 37, "time": 43898}, {"train": 19, "operation": 38, "time": 43898}, {"train": 9, "operation": 40, "time": 43920}, {"train": 17, "operation": 29, "time": 43947}, {"train": 17, "operation": 30, "time": 43947}, {"train": 7, "operation": 65, "time": 43980}, {"train": 19, "operation": 39, "time": 44046}, {"train": 19, "operation": 40, "time": 44046}, {"train": 7, "operation": 67, "time": 44100}, {"train": 19, "operation": 41, "time": 44140}, {"train": 19, "operation": 42, "time": 44140}, {"train": 17, "operation": 32, "time": 44158}, {"train": 17, "operation": 33, "time": 44158}, {"train": 15, "operation": 49, "time": 44220}, {"train": 9, "operation": 42, "time": 44220}, {"train": 19, "operation": 46, "time": 44280}, {"train": 9, "operation": 44, "time": 44400}, {"train": 17, "operation": 34, "time": 44460}, {"train": 17, "operation": 38, "time": 44460}, {"train": 19, "operation": 47, "time": 44460}, {"train": 15, "operation": 50, "time": 44465}, {"train": 15, "operation": 51, "time": 44465}, {"train": 15, "operation": 53, "time": 44514}, {"train": 15, "operation": 54, "time": 44514}, {"train": 9, "operation": 45, "time": 44535}, {"train": 9, "operation": 46, "time": 44535}, {"train": 17, "operation": 39, "time": 44552}, {"train": 17, "operation": 40, "time": 44552}, {"train": 9, "operation": 48, "time": 44580}, {"train": 9, "operation": 49, "time": 44580}, {"train": 15, "operation": 55, "time": 44585}, {"train": 15, "operation": 56, "time": 44585}, {"train": 17, "operation": 41, "time": 44614}, {"train": 17, "operation": 42, "time": 44614}, {"train": 9, "operation": 50, "time": 44670}, {"train": 9, "operation": 51, "time": 44700}, {"train": 15, "operation": 57, "time": 44736}, {"train": 15, "operation": 58, "time": 44736}, {"train": 19, "operation": 48, "time": 44786}, {"train": 19, "operation": 50, "time": 44786}, {"train": 9, "operation": 52, "time": 44790}, {"train": 17, "operation": 44, "time": 44820}, {"train": 9, "operation": 54, "time": 44820}, {"train": 9, "operation": 55, "time": 44910}, {"train": 9, "operation": 56, "time": 44940}, {"train": 15, "operation": 61, "time": 44940}, {"train": 15, "operation": 67, "time": 44940}, {"train": 19, "operation": 51, "time": 44994}, {"train": 19, "operation": 53, "time": 44994}, {"train": 9, "operation": 57, "time": 45050}, {"train": 9, "operation": 58, "time": 45050}, {"train": 17, "operation": 45, "time": 45180}, {"train": 19, "operation": 55, "time": 45204}, {"train": 19, "operation": 56, "time": 45204}, {"train": 17, "operation": 46, "time": 45276}, {"train": 17, "operation": 47, "time": 45276}, {"train": 9, "operation": 65, "time": 45300}, {"train": 17, "operation": 49, "time": 45358}, {"train": 17, "operation": 50, "time": 45358}, {"train": 9, "operation": 67, "time": 45420}, {"train": 17, "operation": 51, "time": 45451}, {"train": 17, "operation": 53, "time": 45451}, {"train": 19, "operation": 58, "time": 45480}, {"train": 19, "operation": 59, "time": 45480}, {"train": 17, "operation": 54, "time": 45610}, {"train": 17, "operation": 57, "time": 45610}, {"train": 19, "operation": 60, "time": 45670}, {"train": 19, "operation": 62, "time": 45670}, {"train": 17, "operation": 58, "time": 45708}, {"train": 17, "operation": 59, "time": 45708}, {"train": 17, "operation": 60, "time": 45740}, {"train": 17, "operation": 62, "time": 45740}, {"train": 17, "operation": 63, "time": 45849}, {"train": 17, "operation": 64, "time": 45849}, {"train": 17, "operation": 65, "time": 45899}, {"train": 17, "operation": 67, "time": 45899}, {"train": 17, "operation": 68, "time": 45947}, {"train": 17, "operation": 69, "time": 45947}, {"train": 17, "operation": 70, "time": 46040}, {"train": 17, "operation": 71, "time": 46040}, {"train": 19, "operation": 63, "time": 46080}, {"train": 19, "operation": 67, "time": 46080}, {"train": 17, "operation": 79, "time": 46200}, {"train": 17, "operation": 80, "time": 46200}, {"train": 19, "operation": 68, "time": 46352}, {"train": 19, "operation": 69, "time": 46352}, {"train": 19, "operation": 70, "time": 46546}, {"train": 19, "operation": 72, "time": 46546}, {"train": 12, "operation": 18, "time": 46680}, {"train": 19, "operation": 73, "time": 46867}, {"train": 19, "operation": 75, "time": 46867}, {"train": 19, "operation": 76, "time": 47011}, {"train": 19, "operation": 77, "time": 47011}, {"train": 19, "operation": 78, "time": 47205}, {"train": 19, "operation": 80, "time": 47205}]}