{"objective_value": 5740, "events": [{"train": 0, "operation": 0, "time": 0}, {"train": 10, "operation": 0, "time": 0}, {"train": 11, "operation": 0, "time": 0}, {"train": 12, "operation": 0, "time": 0}, {"train": 13, "operation": 0, "time": 0}, {"train": 14, "operation": 0, "time": 0}, {"train": 15, "operation": 0, "time": 0}, {"train": 16, "operation": 0, "time": 0}, {"train": 17, "operation": 0, "time": 0}, {"train": 18, "operation": 0, "time": 0}, {"train": 19, "operation": 0, "time": 0}, {"train": 1, "operation": 0, "time": 0}, {"train": 20, "operation": 0, "time": 0}, {"train": 21, "operation": 0, "time": 0}, {"train": 2, "operation": 0, "time": 0}, {"train": 3, "operation": 0, "time": 0}, {"train": 4, "operation": 0, "time": 0}, {"train": 5, "operation": 0, "time": 0}, {"train": 6, "operation": 0, "time": 0}, {"train": 7, "operation": 0, "time": 0}, {"train": 8, "operation": 0, "time": 0}, {"train": 9, "operation": 0, "time": 0}, {"train": 17, "operation": 1, "time": 59515}, {"train": 2, "operation": 1, "time": 59520}, {"train": 0, "operation": 1, "time": 59692}, {"train": 11, "operation": 1, "time": 59700}, {"train": 17, "operation": 2, "time": 59820}, {"train": 2, "operation": 3, "time": 59820}, {"train": 10, "operation": 1, "time": 59820}, {"train": 0, "operation": 2, "time": 59823}, {"train": 11, "operation": 2, "time": 59850}, {"train": 10, "operation": 3, "time": 60180}, {"train": 0, "operation": 3, "time": 60472}, {"train": 2, "operation": 4, "time": 60596}, {"train": 11, "operation": 3, "time": 60617}, {"train": 0, "operation": 5, "time": 60659}, {"train": 0, "operation": 8, "time": 60699}, {"train": 11, "operation": 4, "time": 60759}, {"train": 2, "operation": 6, "time": 60767}, {"train": 2, "operation": 7, "time": 60767}, {"train": 19, "operation": 1, "time": 60780}, {"train": 19, "operation": 9, "time": 60780}, {"train": 11, "operation": 5, "time": 60789}, {"train": 10, "operation": 6, "time": 60836}, {"train": 19, "operation": 10, "time": 60929}, {"train": 19, "operation": 11, "time": 60929}, {"train": 11, "operation": 7, "time": 60931}, {"train": 11, "operation": 8, "time": 60961}, {"train": 11, "operation": 9, "time": 60989}, {"train": 11, "operation": 10, "time": 61019}, {"train": 2, "operation": 9, "time": 61023}, {"train": 17, "operation": 4, "time": 61023}, {"train": 19, "operation": 12, "time": 61025}, {"train": 19, "operation": 13, "time": 61025}, {"train": 2, "operation": 10, "time": 61053}, {"train": 19, "operation": 14, "time": 61079}, {"train": 19, "operation": 16, "time": 61079}, {"train": 19, "operation": 17, "time": 61117}, {"train": 0, "operation": 10, "time": 61155}, {"train": 11, "operation": 12, "time": 61161}, {"train": 19, "operation": 18, "time": 61161}, {"train": 19, "operation": 19, "time": 61277}, {"train": 19, "operation": 21, "time": 61277}, {"train": 2, "operation": 11, "time": 61281}, {"train": 2, "operation": 13, "time": 61281}, {"train": 19, "operation": 22, "time": 61309}, {"train": 11, "operation": 13, "time": 61309}, {"train": 19, "operation": 23, "time": 61309}, {"train": 11, "operation": 14, "time": 61350}, {"train": 19, "operation": 25, "time": 61407}, {"train": 11, "operation": 15, "time": 61407}, {"train": 19, "operation": 27, "time": 61407}, {"train": 2, "operation": 14, "time": 61452}, {"train": 0, "operation": 11, "time": 61452}, {"train": 2, "operation": 16, "time": 61452}, {"train": 17, "operation": 6, "time": 61493}, {"train": 17, "operation": 7, "time": 61493}, {"train": 1, "operation": 8, "time": 61500}, {"train": 11, "operation": 16, "time": 61528}, {"train": 19, "operation": 29, "time": 61549}, {"train": 19, "operation": 30, "time": 61549}, {"train": 1, "operation": 9, "time": 61560}, {"train": 11, "operation": 19, "time": 61568}, {"train": 0, "operation": 12, "time": 61680}, {"train": 0, "operation": 14, "time": 61680}, {"train": 19, "operation": 31, "time": 61696}, {"train": 17, "operation": 9, "time": 61735}, {"train": 17, "operation": 10, "time": 61735}, {"train": 1, "operation": 10, "time": 61740}, {"train": 1, "operation": 11, "time": 61740}, {"train": 11, "operation": 20, "time": 61768}, {"train": 11, "operation": 22, "time": 61798}, {"train": 2, "operation": 19, "time": 61813}, {"train": 1, "operation": 12, "time": 61830}, {"train": 2, "operation": 21, "time": 61853}, {"train": 1, "operation": 13, "time": 61860}, {"train": 19, "operation": 33, "time": 61876}, {"train": 0, "operation": 16, "time": 61880}, {"train": 0, "operation": 17, "time": 61910}, {"train": 11, "operation": 23, "time": 61940}, {"train": 2, "operation": 22, "time": 61951}, {"train": 2, "operation": 23, "time": 61951}, {"train": 19, "operation": 34, "time": 61957}, {"train": 19, "operation": 35, "time": 61957}, {"train": 11, "operation": 25, "time": 61970}, {"train": 1, "operation": 15, "time": 62010}, {"train": 2, "operation": 24, "time": 62017}, {"train": 2, "operation": 25, "time": 62017}, {"train": 19, "operation": 37, "time": 62026}, {"train": 1, "operation": 16, "time": 62040}, {"train": 11, "operation": 26, "time": 62056}, {"train": 11, "operation": 27, "time": 62086}, {"train": 1, "operation": 17, "time": 62130}, {"train": 1, "operation": 18, "time": 62160}, {"train": 0, "operation": 19, "time": 62195}, {"train": 0, "operation": 20, "time": 62195}, {"train": 17, "operation": 13, "time": 62219}, {"train": 17, "operation": 15, "time": 62219}, {"train": 2, "operation": 26, "time": 62224}, {"train": 19, "operation": 38, "time": 62224}, {"train": 11, "operation": 29, "time": 62257}, {"train": 2, "operation": 28, "time": 62257}, {"train": 1, "operation": 20, "time": 62280}, {"train": 1, "operation": 21, "time": 62280}, {"train": 1, "operation": 22, "time": 62325}, {"train": 1, "operation": 23, "time": 62325}, {"train": 0, "operation": 22, "time": 62366}, {"train": 19, "operation": 39, "time": 62366}, {"train": 0, "operation": 23, "time": 62366}, {"train": 19, "operation": 40, "time": 62366}, {"train": 2, "operation": 29, "time": 62399}, {"train": 2, "operation": 30, "time": 62429}, {"train": 19, "operation": 41, "time": 62433}, {"train": 19, "operation": 42, "time": 62433}, {"train": 11, "operation": 30, "time": 62437}, {"train": 1, "operation": 26, "time": 62460}, {"train": 17, "operation": 16, "time": 62504}, {"train": 17, "operation": 17, "time": 62504}, {"train": 2, "operation": 31, "time": 62515}, {"train": 19, "operation": 45, "time": 62535}, {"train": 19, "operation": 47, "time": 62535}, {"train": 2, "operation": 33, "time": 62545}, {"train": 11, "operation": 31, "time": 62637}, {"train": 11, "operation": 32, "time": 62667}, {"train": 2, "operation": 35, "time": 62687}, {"train": 0, "operation": 25, "time": 62708}, {"train": 17, "operation": 18, "time": 62708}, {"train": 17, "operation": 20, "time": 62708}, {"train": 2, "operation": 36, "time": 62717}, {"train": 11, "operation": 33, "time": 62747}, {"train": 11, "operation": 34, "time": 62747}, {"train": 19, "operation": 49, "time": 62815}, {"train": 19, "operation": 50, "time": 62815}, {"train": 0, "operation": 28, "time": 62828}, {"train": 11, "operation": 35, "time": 62867}, {"train": 11, "operation": 39, "time": 62897}, {"train": 2, "operation": 37, "time": 62945}, {"train": 1, "operation": 27, "time": 62945}, {"train": 19, "operation": 52, "time": 63011}, {"train": 19, "operation": 53, "time": 63011}, {"train": 4, "operation": 4, "time": 63120}, {"train": 4, "operation": 5, "time": 63120}, {"train": 2, "operation": 40, "time": 63125}, {"train": 17, "operation": 21, "time": 63131}, {"train": 1, "operation": 28, "time": 63145}, {"train": 1, "operation": 30, "time": 63175}, {"train": 11, "operation": 41, "time": 63180}, {"train": 11, "operation": 42, "time": 63180}, {"train": 19, "operation": 54, "time": 63232}, {"train": 19, "operation": 56, "time": 63232}, {"train": 2, "operation": 41, "time": 63253}, {"train": 2, "operation": 42, "time": 63253}, {"train": 2, "operation": 44, "time": 63296}, {"train": 2, "operation": 45, "time": 63296}, {"train": 17, "operation": 23, "time": 63311}, {"train": 1, "operation": 32, "time": 63317}, {"train": 1, "operation": 33, "time": 63347}, {"train": 11, "operation": 44, "time": 63375}, {"train": 11, "operation": 45, "time": 63375}, {"train": 2, "operation": 46, "time": 63382}, {"train": 2, "operation": 47, "time": 63412}, {"train": 4, "operation": 7, "time": 63420}, {"train": 4, "operation": 8, "time": 63420}, {"train": 1, "operation": 34, "time": 63489}, {"train": 2, "operation": 48, "time": 63498}, {"train": 1, "operation": 35, "time": 63519}, {"train": 17, "operation": 24, "time": 63523}, {"train": 17, "operation": 25, "time": 63523}, {"train": 2, "operation": 50, "time": 63528}, {"train": 19, "operation": 58, "time": 63556}, {"train": 4, "operation": 9, "time": 63600}, {"train": 1, "operation": 36, "time": 63605}, {"train": 11, "operation": 47, "time": 63610}, {"train": 2, "operation": 51, "time": 63614}, {"train": 1, "operation": 38, "time": 63635}, {"train": 11, "operation": 48, "time": 63640}, {"train": 2, "operation": 52, "time": 63644}, {"train": 1, "operation": 39, "time": 63684}, {"train": 1, "operation": 40, "time": 63684}, {"train": 17, "operation": 26, "time": 63710}, {"train": 17, "operation": 28, "time": 63710}, {"train": 19, "operation": 59, "time": 63736}, {"train": 2, "operation": 53, "time": 63748}, {"train": 2, "operation": 54, "time": 63748}, {"train": 1, "operation": 41, "time": 63808}, {"train": 1, "operation": 42, "time": 63808}, {"train": 11, "operation": 50, "time": 63873}, {"train": 4, "operation": 11, "time": 63873}, {"train": 19, "operation": 60, "time": 63928}, {"train": 2, "operation": 61, "time": 63928}, {"train": 11, "operation": 51, "time": 63928}, {"train": 19, "operation": 62, "time": 63928}, {"train": 1, "operation": 43, "time": 63995}, {"train": 20, "operation": 1, "time": 63999}, {"train": 20, "operation": 3, "time": 63999}, {"train": 1, "operation": 47, "time": 64035}, {"train": 2, "operation": 63, "time": 64048}, {"train": 11, "operation": 53, "time": 64094}, {"train": 4, "operation": 13, "time": 64129}, {"train": 4, "operation": 14, "time": 64159}, {"train": 20, "operation": 4, "time": 64181}, {"train": 20, "operation": 5, "time": 64181}, {"train": 19, "operation": 65, "time": 64306}, {"train": 11, "operation": 54, "time": 64306}, {"train": 19, "operation": 67, "time": 64306}, {"train": 20, "operation": 7, "time": 64320}, {"train": 20, "operation": 8, "time": 64320}, {"train": 4, "operation": 15, "time": 64387}, {"train": 4, "operation": 17, "time": 64387}, {"train": 1, "operation": 48, "time": 64491}, {"train": 4, "operation": 19, "time": 64558}, {"train": 4, "operation": 20, "time": 64558}, {"train": 1, "operation": 50, "time": 64671}, {"train": 19, "operation": 68, "time": 64672}, {"train": 19, "operation": 69, "time": 64672}, {"train": 12, "operation": 4, "time": 64680}, {"train": 20, "operation": 10, "time": 64680}, {"train": 4, "operation": 24, "time": 64862}, {"train": 1, "operation": 51, "time": 64899}, {"train": 1, "operation": 53, "time": 64899}, {"train": 4, "operation": 25, "time": 64902}, {"train": 19, "operation": 70, "time": 64933}, {"train": 19, "operation": 72, "time": 64933}, {"train": 20, "operation": 11, "time": 64933}, {"train": 4, "operation": 26, "time": 65004}, {"train": 4, "operation": 27, "time": 65004}, {"train": 4, "operation": 28, "time": 65072}, {"train": 4, "operation": 29, "time": 65072}, {"train": 1, "operation": 55, "time": 65099}, {"train": 3, "operation": 3, "time": 65100}, {"train": 1, "operation": 56, "time": 65129}, {"train": 20, "operation": 12, "time": 65147}, {"train": 20, "operation": 13, "time": 65147}, {"train": 3, "operation": 9, "time": 65160}, {"train": 19, "operation": 74, "time": 65218}, {"train": 19, "operation": 75, "time": 65218}, {"train": 4, "operation": 30, "time": 65272}, {"train": 4, "operation": 32, "time": 65302}, {"train": 3, "operation": 10, "time": 65312}, {"train": 3, "operation": 11, "time": 65312}, {"train": 11, "operation": 57, "time": 65336}, {"train": 11, "operation": 59, "time": 65336}, {"train": 12, "operation": 5, "time": 65336}, {"train": 19, "operation": 76, "time": 65351}, {"train": 19, "operation": 77, "time": 65351}, {"train": 1, "operation": 57, "time": 65414}, {"train": 1, "operation": 59, "time": 65414}, {"train": 3, "operation": 12, "time": 65430}, {"train": 4, "operation": 33, "time": 65444}, {"train": 20, "operation": 14, "time": 65446}, {"train": 3, "operation": 13, "time": 65460}, {"train": 4, "operation": 34, "time": 65474}, {"train": 19, "operation": 78, "time": 65520}, {"train": 19, "operation": 80, "time": 65520}, {"train": 3, "operation": 15, "time": 65550}, {"train": 4, "operation": 35, "time": 65560}, {"train": 20, "operation": 18, "time": 65566}, {"train": 3, "operation": 16, "time": 65580}, {"train": 1, "operation": 61, "time": 65585}, {"train": 4, "operation": 37, "time": 65590}, {"train": 3, "operation": 17, "time": 65670}, {"train": 12, "operation": 6, "time": 65678}, {"train": 1, "operation": 62, "time": 65678}, {"train": 3, "operation": 18, "time": 65700}, {"train": 4, "operation": 39, "time": 65732}, {"train": 4, "operation": 40, "time": 65762}, {"train": 3, "operation": 19, "time": 65819}, {"train": 3, "operation": 21, "time": 65819}, {"train": 3, "operation": 22, "time": 65864}, {"train": 3, "operation": 23, "time": 65864}, {"train": 12, "operation": 8, "time": 65918}, {"train": 1, "operation": 64, "time": 66020}, {"train": 4, "operation": 41, "time": 66047}, {"train": 12, "operation": 10, "time": 66127}, {"train": 12, "operation": 11, "time": 66127}, {"train": 1, "operation": 67, "time": 66140}, {"train": 3, "operation": 25, "time": 66227}, {"train": 4, "operation": 44, "time": 66227}, {"train": 3, "operation": 27, "time": 66287}, {"train": 4, "operation": 45, "time": 66355}, {"train": 4, "operation": 46, "time": 66355}, {"train": 12, "operation": 12, "time": 66393}, {"train": 12, "operation": 14, "time": 66393}, {"train": 4, "operation": 48, "time": 66398}, {"train": 4, "operation": 49, "time": 66398}, {"train": 4, "operation": 50, "time": 66484}, {"train": 3, "operation": 28, "time": 66487}, {"train": 4, "operation": 51, "time": 66514}, {"train": 3, "operation": 30, "time": 66517}, {"train": 12, "operation": 15, "time": 66584}, {"train": 12, "operation": 17, "time": 66584}, {"train": 4, "operation": 53, "time": 66600}, {"train": 6, "operation": 2, "time": 66600}, {"train": 6, "operation": 5, "time": 66600}, {"train": 4, "operation": 54, "time": 66630}, {"train": 3, "operation": 31, "time": 66659}, {"train": 3, "operation": 33, "time": 66689}, {"train": 4, "operation": 55, "time": 66716}, {"train": 4, "operation": 56, "time": 66746}, {"train": 12, "operation": 18, "time": 66830}, {"train": 3, "operation": 34, "time": 66831}, {"train": 4, "operation": 57, "time": 66850}, {"train": 4, "operation": 58, "time": 66850}, {"train": 3, "operation": 35, "time": 66861}, {"train": 6, "operation": 6, "time": 66900}, {"train": 6, "operation": 8, "time": 66900}, {"train": 3, "operation": 36, "time": 66947}, {"train": 16, "operation": 2, "time": 66960}, {"train": 3, "operation": 38, "time": 66977}, {"train": 4, "operation": 64, "time": 67030}, {"train": 16, "operation": 9, "time": 67030}, {"train": 12, "operation": 20, "time": 67070}, {"train": 6, "operation": 9, "time": 67080}, {"train": 6, "operation": 11, "time": 67080}, {"train": 3, "operation": 39, "time": 67146}, {"train": 3, "operation": 40, "time": 67146}, {"train": 4, "operation": 67, "time": 67150}, {"train": 3, "operation": 41, "time": 67223}, {"train": 3, "operation": 42, "time": 67223}, {"train": 16, "operation": 10, "time": 67230}, {"train": 16, "operation": 11, "time": 67230}, {"train": 3, "operation": 44, "time": 67338}, {"train": 6, "operation": 12, "time": 67350}, {"train": 16, "operation": 12, "time": 67368}, {"train": 16, "operation": 13, "time": 67368}, {"train": 6, "operation": 14, "time": 67380}, {"train": 16, "operation": 15, "time": 67433}, {"train": 16, "operation": 16, "time": 67433}, {"train": 12, "operation": 24, "time": 67469}, {"train": 3, "operation": 47, "time": 67469}, {"train": 16, "operation": 17, "time": 67474}, {"train": 16, "operation": 18, "time": 67474}, {"train": 6, "operation": 15, "time": 67620}, {"train": 6, "operation": 17, "time": 67620}, {"train": 16, "operation": 19, "time": 67644}, {"train": 16, "operation": 21, "time": 67644}, {"train": 16, "operation": 22, "time": 67690}, {"train": 16, "operation": 23, "time": 67690}, {"train": 12, "operation": 25, "time": 67769}, {"train": 16, "operation": 25, "time": 67825}, {"train": 16, "operation": 27, "time": 67825}, {"train": 6, "operation": 18, "time": 67860}, {"train": 12, "operation": 26, "time": 67884}, {"train": 12, "operation": 27, "time": 67884}, {"train": 3, "operation": 49, "time": 67925}, {"train": 6, "operation": 20, "time": 67925}, {"train": 12, "operation": 28, "time": 67960}, {"train": 12, "operation": 29, "time": 67960}, {"train": 16, "operation": 28, "time": 67988}, {"train": 16, "operation": 30, "time": 67988}, {"train": 3, "operation": 50, "time": 68105}, {"train": 12, "operation": 30, "time": 68123}, {"train": 12, "operation": 32, "time": 68123}, {"train": 16, "operation": 31, "time": 68171}, {"train": 12, "operation": 33, "time": 68186}, {"train": 12, "operation": 34, "time": 68186}, {"train": 6, "operation": 24, "time": 68229}, {"train": 6, "operation": 25, "time": 68269}, {"train": 12, "operation": 36, "time": 68282}, {"train": 3, "operation": 51, "time": 68333}, {"train": 3, "operation": 53, "time": 68333}, {"train": 6, "operation": 26, "time": 68371}, {"train": 6, "operation": 27, "time": 68371}, {"train": 6, "operation": 28, "time": 68439}, {"train": 6, "operation": 29, "time": 68439}, {"train": 3, "operation": 55, "time": 68533}, {"train": 3, "operation": 56, "time": 68563}, {"train": 6, "operation": 31, "time": 68639}, {"train": 6, "operation": 32, "time": 68669}, {"train": 5, "operation": 7, "time": 68700}, {"train": 12, "operation": 37, "time": 68702}, {"train": 5, "operation": 9, "time": 68760}, {"train": 6, "operation": 33, "time": 68811}, {"train": 12, "operation": 38, "time": 68816}, {"train": 12, "operation": 40, "time": 68816}, {"train": 6, "operation": 34, "time": 68841}, {"train": 3, "operation": 57, "time": 68848}, {"train": 3, "operation": 59, "time": 68848}, {"train": 5, "operation": 10, "time": 68912}, {"train": 5, "operation": 11, "time": 68912}, {"train": 6, "operation": 36, "time": 68927}, {"train": 16, "operation": 33, "time": 68951}, {"train": 6, "operation": 37, "time": 68957}, {"train": 12, "operation": 42, "time": 68976}, {"train": 12, "operation": 44, "time": 68976}, {"train": 14, "operation": 4, "time": 69000}, {"train": 14, "operation": 9, "time": 69000}, {"train": 3, "operation": 60, "time": 69019}, {"train": 3, "operation": 62, "time": 69019}, {"train": 5, "operation": 12, "time": 69030}, {"train": 5, "operation": 13, "time": 69060}, {"train": 12, "operation": 45, "time": 69091}, {"train": 12, "operation": 46, "time": 69091}, {"train": 16, "operation": 34, "time": 69094}, {"train": 16, "operation": 35, "time": 69094}, {"train": 6, "operation": 38, "time": 69099}, {"train": 12, "operation": 48, "time": 69129}, {"train": 6, "operation": 40, "time": 69129}, {"train": 12, "operation": 49, "time": 69129}, {"train": 5, "operation": 15, "time": 69150}, {"train": 16, "operation": 36, "time": 69178}, {"train": 16, "operation": 38, "time": 69178}, {"train": 14, "operation": 10, "time": 69213}, {"train": 14, "operation": 11, "time": 69213}, {"train": 12, "operation": 50, "time": 69256}, {"train": 12, "operation": 51, "time": 69256}, {"train": 12, "operation": 52, "time": 69329}, {"train": 5, "operation": 16, "time": 69329}, {"train": 3, "operation": 63, "time": 69361}, {"train": 16, "operation": 39, "time": 69364}, {"train": 16, "operation": 40, "time": 69364}, {"train": 14, "operation": 12, "time": 69373}, {"train": 14, "operation": 13, "time": 69373}, {"train": 5, "operation": 17, "time": 69415}, {"train": 6, "operation": 43, "time": 69420}, {"train": 14, "operation": 15, "time": 69444}, {"train": 14, "operation": 16, "time": 69444}, {"train": 5, "operation": 18, "time": 69445}, {"train": 16, "operation": 41, "time": 69455}, {"train": 16, "operation": 42, "time": 69455}, {"train": 3, "operation": 67, "time": 69481}, {"train": 14, "operation": 17, "time": 69488}, {"train": 5, "operation": 19, "time": 69558}, {"train": 14, "operation": 18, "time": 69558}, {"train": 5, "operation": 21, "time": 69558}, {"train": 16, "operation": 45, "time": 69592}, {"train": 16, "operation": 47, "time": 69592}, {"train": 5, "operation": 22, "time": 69601}, {"train": 5, "operation": 23, "time": 69601}, {"train": 5, "operation": 24, "time": 69730}, {"train": 6, "operation": 44, "time": 69730}, {"train": 14, "operation": 20, "time": 69778}, {"train": 5, "operation": 27, "time": 69790}, {"train": 6, "operation": 45, "time": 69858}, {"train": 6, "operation": 46, "time": 69858}, {"train": 6, "operation": 47, "time": 69901}, {"train": 14, "operation": 21, "time": 69901}, {"train": 6, "operation": 49, "time": 69901}, {"train": 16, "operation": 49, "time": 69950}, {"train": 16, "operation": 50, "time": 69950}, {"train": 14, "operation": 22, "time": 69968}, {"train": 14, "operation": 23, "time": 69968}, {"train": 6, "operation": 50, "time": 69987}, {"train": 12, "operation": 54, "time": 69989}, {"train": 5, "operation": 29, "time": 69990}, {"train": 6, "operation": 51, "time": 70017}, {"train": 5, "operation": 30, "time": 70020}, {"train": 12, "operation": 55, "time": 70057}, {"train": 12, "operation": 56, "time": 70057}, {"train": 18, "operation": 2, "time": 70080}, {"train": 8, "operation": 4, "time": 70080}, {"train": 18, "operation": 3, "time": 70080}, {"train": 8, "operation": 5, "time": 70080}, {"train": 6, "operation": 53, "time": 70103}, {"train": 6, "operation": 54, "time": 70133}, {"train": 5, "operation": 31, "time": 70162}, {"train": 12, "operation": 57, "time": 70166}, {"train": 12, "operation": 58, "time": 70166}, {"train": 14, "operation": 24, "time": 70169}, {"train": 14, "operation": 27, "time": 70169}, {"train": 5, "operation": 33, "time": 70192}, {"train": 16, "operation": 51, "time": 70202}, {"train": 16, "operation": 53, "time": 70202}, {"train": 6, "operation": 55, "time": 70219}, {"train": 6, "operation": 56, "time": 70249}, {"train": 18, "operation": 4, "time": 70282}, {"train": 18, "operation": 5, "time": 70282}, {"train": 12, "operation": 61, "time": 70307}, {"train": 12, "operation": 67, "time": 70307}, {"train": 5, "operation": 34, "time": 70334}, {"train": 6, "operation": 57, "time": 70353}, {"train": 6, "operation": 58, "time": 70353}, {"train": 5, "operation": 35, "time": 70364}, {"train": 14, "operation": 29, "time": 70378}, {"train": 14, "operation": 30, "time": 70378}, {"train": 8, "operation": 6, "time": 70380}, {"train": 8, "operation": 8, "time": 70380}, {"train": 18, "operation": 6, "time": 70444}, {"train": 18, "operation": 8, "time": 70444}, {"train": 5, "operation": 37, "time": 70450}, {"train": 16, "operation": 54, "time": 70459}, {"train": 16, "operation": 56, "time": 70459}, {"train": 5, "operation": 38, "time": 70480}, {"train": 14, "operation": 31, "time": 70527}, {"train": 14, "operation": 33, "time": 70527}, {"train": 6, "operation": 62, "time": 70591}, {"train": 8, "operation": 9, "time": 70620}, {"train": 5, "operation": 39, "time": 70649}, {"train": 5, "operation": 40, "time": 70649}, {"train": 14, "operation": 34, "time": 70710}, {"train": 14, "operation": 35, "time": 70710}, {"train": 6, "operation": 67, "time": 70711}, {"train": 5, "operation": 41, "time": 70726}, {"train": 5, "operation": 42, "time": 70726}, {"train": 18, "operation": 10, "time": 70775}, {"train": 18, "operation": 11, "time": 70775}, {"train": 16, "operation": 58, "time": 70800}, {"train": 16, "operation": 59, "time": 70800}, {"train": 8, "operation": 11, "time": 70800}, {"train": 14, "operation": 36, "time": 70834}, {"train": 14, "operation": 38, "time": 70834}, {"train": 5, "operation": 46, "time": 70841}, {"train": 5, "operation": 47, "time": 70881}, {"train": 18, "operation": 12, "time": 70985}, {"train": 18, "operation": 13, "time": 70985}, {"train": 16, "operation": 61, "time": 71011}, {"train": 16, "operation": 62, "time": 71011}, {"train": 8, "operation": 13, "time": 71070}, {"train": 14, "operation": 39, "time": 71090}, {"train": 14, "operation": 40, "time": 71090}, {"train": 8, "operation": 14, "time": 71100}, {"train": 14, "operation": 41, "time": 71229}, {"train": 14, "operation": 42, "time": 71229}, {"train": 18, "operation": 16, "time": 71280}, {"train": 8, "operation": 16, "time": 71309}, {"train": 8, "operation": 17, "time": 71309}, {"train": 5, "operation": 48, "time": 71337}, {"train": 14, "operation": 46, "time": 71438}, {"train": 13, "operation": 8, "time": 71460}, {"train": 16, "operation": 66, "time": 71460}, {"train": 8, "operation": 19, "time": 71460}, {"train": 13, "operation": 9, "time": 71460}, {"train": 16, "operation": 67, "time": 71460}, {"train": 18, "operation": 18, "time": 71460}, {"train": 8, "operation": 20, "time": 71460}, {"train": 5, "operation": 50, "time": 71517}, {"train": 5, "operation": 52, "time": 71745}, {"train": 5, "operation": 53, "time": 71745}, {"train": 16, "operation": 68, "time": 71772}, {"train": 16, "operation": 69, "time": 71772}, {"train": 8, "operation": 21, "time": 71780}, {"train": 8, "operation": 25, "time": 71820}, {"train": 18, "operation": 20, "time": 71821}, {"train": 18, "operation": 21, "time": 71821}, {"train": 14, "operation": 47, "time": 71858}, {"train": 8, "operation": 26, "time": 71927}, {"train": 8, "operation": 27, "time": 71927}, {"train": 5, "operation": 54, "time": 71945}, {"train": 5, "operation": 56, "time": 71975}, {"train": 16, "operation": 71, "time": 71995}, {"train": 16, "operation": 72, "time": 71995}, {"train": 8, "operation": 28, "time": 71999}, {"train": 8, "operation": 29, "time": 71999}, {"train": 18, "operation": 22, "time": 72060}, {"train": 8, "operation": 30, "time": 72210}, {"train": 8, "operation": 32, "time": 72240}, {"train": 5, "operation": 58, "time": 72260}, {"train": 18, "operation": 24, "time": 72260}, {"train": 5, "operation": 59, "time": 72260}, {"train": 14, "operation": 48, "time": 72297}, {"train": 14, "operation": 50, "time": 72297}, {"train": 7, "operation": 2, "time": 72300}, {"train": 8, "operation": 33, "time": 72390}, {"train": 16, "operation": 73, "time": 72417}, {"train": 16, "operation": 75, "time": 72417}, {"train": 8, "operation": 34, "time": 72420}, {"train": 5, "operation": 60, "time": 72431}, {"train": 5, "operation": 62, "time": 72431}, {"train": 8, "operation": 36, "time": 72510}, {"train": 8, "operation": 37, "time": 72540}, {"train": 18, "operation": 25, "time": 72570}, {"train": 18, "operation": 27, "time": 72570}, {"train": 14, "operation": 51, "time": 72600}, {"train": 16, "operation": 76, "time": 72604}, {"train": 16, "operation": 77, "time": 72604}, {"train": 8, "operation": 39, "time": 72690}, {"train": 8, "operation": 40, "time": 72720}, {"train": 18, "operation": 29, "time": 72780}, {"train": 5, "operation": 64, "time": 72780}, {"train": 14, "operation": 53, "time": 72780}, {"train": 18, "operation": 30, "time": 72780}, {"train": 16, "operation": 78, "time": 72854}, {"train": 16, "operation": 80, "time": 72854}, {"train": 13, "operation": 10, "time": 72877}, {"train": 13, "operation": 11, "time": 72877}, {"train": 7, "operation": 9, "time": 72877}, {"train": 5, "operation": 67, "time": 72900}, {"train": 18, "operation": 32, "time": 72975}, {"train": 18, "operation": 33, "time": 72975}, {"train": 13, "operation": 12, "time": 72997}, {"train": 13, "operation": 13, "time": 72997}, {"train": 8, "operation": 41, "time": 73020}, {"train": 7, "operation": 10, "time": 73021}, {"train": 7, "operation": 11, "time": 73021}, {"train": 13, "operation": 14, "time": 73057}, {"train": 13, "operation": 16, "time": 73057}, {"train": 13, "operation": 17, "time": 73101}, {"train": 13, "operation": 18, "time": 73101}, {"train": 7, "operation": 12, "time": 73133}, {"train": 14, "operation": 54, "time": 73134}, {"train": 14, "operation": 56, "time": 73134}, {"train": 7, "operation": 13, "time": 73163}, {"train": 8, "operation": 44, "time": 73200}, {"train": 7, "operation": 14, "time": 73249}, {"train": 18, "operation": 35, "time": 73274}, {"train": 18, "operation": 38, "time": 73274}, {"train": 7, "operation": 16, "time": 73279}, {"train": 13, "operation": 19, "time": 73320}, {"train": 8, "operation": 45, "time": 73335}, {"train": 8, "operation": 46, "time": 73335}, {"train": 18, "operation": 39, "time": 73361}, {"train": 18, "operation": 40, "time": 73361}, {"train": 7, "operation": 17, "time": 73365}, {"train": 21, "operation": 1, "time": 73380}, {"train": 8, "operation": 48, "time": 73380}, {"train": 21, "operation": 5, "time": 73380}, {"train": 13, "operation": 21, "time": 73380}, {"train": 7, "operation": 18, "time": 73395}, {"train": 18, "operation": 41, "time": 73419}, {"train": 18, "operation": 42, "time": 73419}, {"train": 13, "operation": 22, "time": 73453}, {"train": 13, "operation": 23, "time": 73453}, {"train": 7, "operation": 19, "time": 73508}, {"train": 8, "operation": 49, "time": 73508}, {"train": 7, "operation": 21, "time": 73509}, {"train": 7, "operation": 22, "time": 73552}, {"train": 14, "operation": 58, "time": 73560}, {"train": 8, "operation": 50, "time": 73594}, {"train": 18, "operation": 43, "time": 73620}, {"train": 8, "operation": 51, "time": 73624}, {"train": 21, "operation": 6, "time": 73629}, {"train": 21, "operation": 7, "time": 73629}, {"train": 13, "operation": 26, "time": 73671}, {"train": 7, "operation": 23, "time": 73671}, {"train": 8, "operation": 53, "time": 73710}, {"train": 8, "operation": 54, "time": 73740}, {"train": 7, "operation": 25, "time": 73800}, {"train": 9, "operation": 4, "time": 73800}, {"train": 9, "operation": 5, "time": 73800}, {"train": 21, "operation": 8, "time": 73807}, {"train": 21, "operation": 10, "time": 73807}, {"train": 8, "operation": 55, "time": 73826}, {"train": 8, "operation": 56, "time": 73856}, {"train": 7, "operation": 27, "time": 73860}, {"train": 8, "operation": 57, "time": 73960}, {"train": 8, "operation": 58, "time": 73960}, {"train": 18, "operation": 45, "time": 73980}, {"train": 7, "operation": 28, "time": 74060}, {"train": 13, "operation": 27, "time": 74060}, {"train": 18, "operation": 46, "time": 74084}, {"train": 18, "operation": 47, "time": 74084}, {"train": 7, "operation": 30, "time": 74090}, {"train": 9, "operation": 7, "time": 74100}, {"train": 9, "operation": 8, "time": 74100}, {"train": 21, "operation": 11, "time": 74134}, {"train": 21, "operation": 13, "time": 74134}, {"train": 8, "operation": 60, "time": 74198}, {"train": 15, "operation": 6, "time": 74220}, {"train": 18, "operation": 49, "time": 74220}, {"train": 15, "operation": 9, "time": 74220}, {"train": 7, "operation": 31, "time": 74232}, {"train": 18, "operation": 50, "time": 74232}, {"train": 13, "operation": 28, "time": 74255}, {"train": 7, "operation": 33, "time": 74262}, {"train": 21, "operation": 14, "time": 74280}, {"train": 9, "operation": 9, "time": 74280}, {"train": 21, "operation": 15, "time": 74280}, {"train": 14, "operation": 59, "time": 74280}, {"train": 9, "operation": 11, "time": 74280}, {"train": 8, "operation": 67, "time": 74318}, {"train": 18, "operation": 52, "time": 74352}, {"train": 13, "operation": 30, "time": 74352}, {"train": 18, "operation": 53, "time": 74352}, {"train": 7, "operation": 34, "time": 74404}, {"train": 7, "operation": 35, "time": 74434}, {"train": 21, "operation": 16, "time": 74478}, {"train": 21, "operation": 18, "time": 74478}, {"train": 13, "operation": 31, "time": 74508}, {"train": 18, "operation": 56, "time": 74509}, {"train": 18, "operation": 57, "time": 74509}, {"train": 7, "operation": 37, "time": 74520}, {"train": 7, "operation": 38, "time": 74550}, {"train": 9, "operation": 13, "time": 74550}, {"train": 14, "operation": 60, "time": 74558}, {"train": 14, "operation": 62, "time": 74558}, {"train": 15, "operation": 10, "time": 74572}, {"train": 15, "operation": 11, "time": 74572}, {"train": 9, "operation": 14, "time": 74580}, {"train": 18, "operation": 58, "time": 74626}, {"train": 18, "operation": 59, "time": 74626}, {"train": 18, "operation": 61, "time": 74665}, {"train": 18, "operation": 62, "time": 74665}, {"train": 13, "operation": 33, "time": 74688}, {"train": 7, "operation": 39, "time": 74719}, {"train": 7, "operation": 40, "time": 74719}, {"train": 18, "operation": 63, "time": 74794}, {"train": 18, "operation": 64, "time": 74794}, {"train": 7, "operation": 41, "time": 74796}, {"train": 7, "operation": 42, "time": 74796}, {"train": 9, "operation": 15, "time": 74820}, {"train": 9, "operation": 17, "time": 74820}, {"train": 13, "operation": 34, "time": 74841}, {"train": 13, "operation": 35, "time": 74841}, {"train": 18, "operation": 66, "time": 74880}, {"train": 15, "operation": 12, "time": 74910}, {"train": 15, "operation": 13, "time": 74910}, {"train": 7, "operation": 45, "time": 74911}, {"train": 13, "operation": 37, "time": 74928}, {"train": 13, "operation": 38, "time": 74928}, {"train": 7, "operation": 47, "time": 74951}, {"train": 14, "operation": 63, "time": 75000}, {"train": 15, "operation": 14, "time": 75060}, {"train": 9, "operation": 18, "time": 75060}, {"train": 15, "operation": 16, "time": 75060}, {"train": 13, "operation": 39, "time": 75104}, {"train": 13, "operation": 40, "time": 75104}, {"train": 15, "operation": 17, "time": 75119}, {"train": 15, "operation": 18, "time": 75119}, {"train": 18, "operation": 67, "time": 75120}, {"train": 18, "operation": 68, "time": 75200}, {"train": 18, "operation": 69, "time": 75200}, {"train": 13, "operation": 41, "time": 75211}, {"train": 13, "operation": 42, "time": 75211}, {"train": 15, "operation": 19, "time": 75297}, {"train": 15, "operation": 21, "time": 75297}, {"train": 18, "operation": 70, "time": 75333}, {"train": 18, "operation": 71, "time": 75333}, {"train": 15, "operation": 22, "time": 75344}, {"train": 15, "operation": 23, "time": 75344}, {"train": 13, "operation": 43, "time": 75372}, {"train": 7, "operation": 49, "time": 75407}, {"train": 9, "operation": 20, "time": 75407}, {"train": 15, "operation": 25, "time": 75484}, {"train": 15, "operation": 27, "time": 75484}, {"train": 18, "operation": 79, "time": 75540}, {"train": 7, "operation": 50, "time": 75587}, {"train": 15, "operation": 28, "time": 75665}, {"train": 15, "operation": 30, "time": 75665}, {"train": 9, "operation": 22, "time": 75711}, {"train": 9, "operation": 25, "time": 75751}, {"train": 7, "operation": 51, "time": 75815}, {"train": 7, "operation": 53, "time": 75815}, {"train": 15, "operation": 31, "time": 75840}, {"train": 18, "operation": 80, "time": 75840}, {"train": 13, "operation": 47, "time": 75852}, {"train": 9, "operation": 26, "time": 75853}, {"train": 9, "operation": 27, "time": 75853}, {"train": 9, "operation": 28, "time": 75921}, {"train": 9, "operation": 29, "time": 75921}, {"train": 7, "operation": 55, "time": 76015}, {"train": 7, "operation": 56, "time": 76045}, {"train": 9, "operation": 30, "time": 76121}, {"train": 9, "operation": 32, "time": 76151}, {"train": 13, "operation": 48, "time": 76278}, {"train": 13, "operation": 50, "time": 76278}, {"train": 9, "operation": 33, "time": 76293}, {"train": 9, "operation": 34, "time": 76323}, {"train": 7, "operation": 58, "time": 76330}, {"train": 7, "operation": 59, "time": 76330}, {"train": 9, "operation": 36, "time": 76409}, {"train": 15, "operation": 33, "time": 76409}, {"train": 9, "operation": 37, "time": 76439}, {"train": 7, "operation": 61, "time": 76501}, {"train": 7, "operation": 62, "time": 76501}, {"train": 13, "operation": 52, "time": 76516}, {"train": 13, "operation": 53, "time": 76516}, {"train": 15, "operation": 34, "time": 76554}, {"train": 15, "operation": 35, "time": 76554}, {"train": 9, "operation": 39, "time": 76581}, {"train": 9, "operation": 40, "time": 76611}, {"train": 15, "operation": 36, "time": 76642}, {"train": 15, "operation": 38, "time": 76642}, {"train": 13, "operation": 54, "time": 76754}, {"train": 13, "operation": 56, "time": 76754}, {"train": 15, "operation": 39, "time": 76822}, {"train": 15, "operation": 40, "time": 76822}, {"train": 7, "operation": 64, "time": 76843}, {"train": 9, "operation": 41, "time": 76896}, {"train": 15, "operation": 41, "time": 76908}, {"train": 15, "operation": 42, "time": 76908}, {"train": 7, "operation": 67, "time": 76963}, {"train": 15, "operation": 43, "time": 77036}, {"train": 15, "operation": 47, "time": 77036}, {"train": 13, "operation": 58, "time": 77074}, {"train": 13, "operation": 59, "time": 77074}, {"train": 9, "operation": 44, "time": 77076}, {"train": 9, "operation": 45, "time": 77204}, {"train": 9, "operation": 46, "time": 77204}, {"train": 9, "operation": 47, "time": 77247}, {"train": 9, "operation": 49, "time": 77247}, {"train": 13, "operation": 61, "time": 77265}, {"train": 13, "operation": 62, "time": 77265}, {"train": 9, "operation": 50, "time": 77333}, {"train": 9, "operation": 51, "time": 77363}, {"train": 15, "operation": 49, "time": 77398}, {"train": 15, "operation": 50, "time": 77398}, {"train": 9, "operation": 52, "time": 77449}, {"train": 9, "operation": 54, "time": 77479}, {"train": 9, "operation": 55, "time": 77565}, {"train": 9, "operation": 56, "time": 77595}, {"train": 15, "operation": 52, "time": 77647}, {"train": 15, "operation": 53, "time": 77647}, {"train": 13, "operation": 64, "time": 77675}, {"train": 13, "operation": 67, "time": 77675}, {"train": 9, "operation": 57, "time": 77699}, {"train": 9, "operation": 58, "time": 77699}, {"train": 9, "operation": 59, "time": 77937}, {"train": 15, "operation": 54, "time": 77948}, {"train": 13, "operation": 68, "time": 77976}, {"train": 13, "operation": 69, "time": 77976}, {"train": 9, "operation": 67, "time": 78057}, {"train": 13, "operation": 71, "time": 78191}, {"train": 13, "operation": 72, "time": 78191}, {"train": 15, "operation": 56, "time": 78368}, {"train": 13, "operation": 74, "time": 78644}, {"train": 15, "operation": 58, "time": 78766}, {"train": 15, "operation": 59, "time": 78766}, {"train": 13, "operation": 75, "time": 78824}, {"train": 15, "operation": 60, "time": 78960}, {"train": 15, "operation": 62, "time": 78960}, {"train": 13, "operation": 76, "time": 79066}, {"train": 13, "operation": 77, "time": 79066}, {"train": 13, "operation": 79, "time": 79276}, {"train": 13, "operation": 80, "time": 79276}, {"train": 15, "operation": 66, "time": 79337}, {"train": 15, "operation": 67, "time": 79517}, {"train": 15, "operation": 68, "time": 79848}, {"train": 15, "operation": 69, "time": 79848}, {"train": 14, "operation": 67, "time": 79860}, {"train": 15, "operation": 70, "time": 80085}, {"train": 15, "operation": 72, "time": 80085}, {"train": 14, "operation": 68, "time": 80264}, {"train": 14, "operation": 69, "time": 80264}, {"train": 15, "operation": 74, "time": 80483}, {"train": 15, "operation": 75, "time": 80483}, {"train": 14, "operation": 70, "time": 80553}, {"train": 14, "operation": 72, "time": 80553}, {"train": 15, "operation": 76, "time": 80661}, {"train": 15, "operation": 77, "time": 80661}, {"train": 15, "operation": 79, "time": 80899}, {"train": 15, "operation": 80, "time": 80899}, {"train": 14, "operation": 74, "time": 81060}, {"train": 14, "operation": 75, "time": 82080}, {"train": 14, "operation": 76, "time": 82399}, {"train": 14, "operation": 77, "time": 82399}, {"train": 14, "operation": 78, "time": 82688}, {"train": 14, "operation": 80, "time": 82688}]}