{"objective_value": 3667, "events": [{"train": 0, "operation": 0, "time": 0}, {"train": 10, "operation": 0, "time": 0}, {"train": 11, "operation": 0, "time": 0}, {"train": 12, "operation": 0, "time": 0}, {"train": 13, "operation": 0, "time": 0}, {"train": 14, "operation": 0, "time": 0}, {"train": 15, "operation": 0, "time": 0}, {"train": 16, "operation": 0, "time": 0}, {"train": 17, "operation": 0, "time": 0}, {"train": 18, "operation": 0, "time": 0}, {"train": 19, "operation": 0, "time": 0}, {"train": 1, "operation": 0, "time": 0}, {"train": 20, "operation": 0, "time": 0}, {"train": 2, "operation": 0, "time": 0}, {"train": 3, "operation": 0, "time": 0}, {"train": 4, "operation": 0, "time": 0}, {"train": 5, "operation": 0, "time": 0}, {"train": 6, "operation": 0, "time": 0}, {"train": 7, "operation": 0, "time": 0}, {"train": 8, "operation": 0, "time": 0}, {"train": 9, "operation": 0, "time": 0}, {"train": 11, "operation": 1, "time": 68609}, {"train": 0, "operation": 1, "time": 68640}, {"train": 2, "operation": 1, "time": 68640}, {"train": 1, "operation": 6, "time": 68700}, {"train": 11, "operation": 2, "time": 68743}, {"train": 2, "operation": 2, "time": 68790}, {"train": 0, "operation": 2, "time": 68820}, {"train": 2, "operation": 3, "time": 68820}, {"train": 0, "operation": 4, "time": 68820}, {"train": 2, "operation": 5, "time": 68910}, {"train": 17, "operation": 1, "time": 68940}, {"train": 2, "operation": 6, "time": 68940}, {"train": 14, "operation": 3, "time": 69000}, {"train": 14, "operation": 9, "time": 69000}, {"train": 2, "operation": 8, "time": 69090}, {"train": 17, "operation": 2, "time": 69091}, {"train": 17, "operation": 3, "time": 69091}, {"train": 2, "operation": 9, "time": 69120}, {"train": 17, "operation": 4, "time": 69178}, {"train": 17, "operation": 6, "time": 69178}, {"train": 0, "operation": 8, "time": 69180}, {"train": 14, "operation": 10, "time": 69213}, {"train": 14, "operation": 11, "time": 69213}, {"train": 0, "operation": 9, "time": 69300}, {"train": 17, "operation": 7, "time": 69364}, {"train": 17, "operation": 8, "time": 69364}, {"train": 14, "operation": 12, "time": 69373}, {"train": 14, "operation": 13, "time": 69373}, {"train": 1, "operation": 9, "time": 69394}, {"train": 2, "operation": 10, "time": 69420}, {"train": 14, "operation": 14, "time": 69444}, {"train": 17, "operation": 9, "time": 69455}, {"train": 17, "operation": 10, "time": 69455}, {"train": 11, "operation": 3, "time": 69529}, {"train": 1, "operation": 10, "time": 69538}, {"train": 1, "operation": 11, "time": 69538}, {"train": 17, "operation": 11, "time": 69592}, {"train": 17, "operation": 15, "time": 69592}, {"train": 2, "operation": 13, "time": 69600}, {"train": 11, "operation": 5, "time": 69602}, {"train": 14, "operation": 16, "time": 69602}, {"train": 14, "operation": 17, "time": 69644}, {"train": 14, "operation": 18, "time": 69644}, {"train": 1, "operation": 12, "time": 69650}, {"train": 1, "operation": 13, "time": 69680}, {"train": 2, "operation": 14, "time": 69735}, {"train": 2, "operation": 15, "time": 69735}, {"train": 1, "operation": 14, "time": 69766}, {"train": 2, "operation": 16, "time": 69780}, {"train": 1, "operation": 16, "time": 69796}, {"train": 14, "operation": 20, "time": 69864}, {"train": 1, "operation": 17, "time": 69882}, {"train": 1, "operation": 18, "time": 69912}, {"train": 14, "operation": 21, "time": 69924}, {"train": 17, "operation": 16, "time": 69950}, {"train": 17, "operation": 18, "time": 69950}, {"train": 14, "operation": 22, "time": 69991}, {"train": 14, "operation": 23, "time": 69991}, {"train": 1, "operation": 20, "time": 70025}, {"train": 1, "operation": 21, "time": 70025}, {"train": 2, "operation": 18, "time": 70026}, {"train": 1, "operation": 22, "time": 70068}, {"train": 18, "operation": 1, "time": 70080}, {"train": 4, "operation": 3, "time": 70080}, {"train": 18, "operation": 3, "time": 70080}, {"train": 4, "operation": 5, "time": 70080}, {"train": 2, "operation": 19, "time": 70112}, {"train": 2, "operation": 20, "time": 70142}, {"train": 14, "operation": 24, "time": 70192}, {"train": 1, "operation": 23, "time": 70192}, {"train": 17, "operation": 19, "time": 70202}, {"train": 17, "operation": 21, "time": 70202}, {"train": 11, "operation": 6, "time": 70262}, {"train": 2, "operation": 22, "time": 70262}, {"train": 18, "operation": 4, "time": 70282}, {"train": 18, "operation": 5, "time": 70282}, {"train": 1, "operation": 26, "time": 70321}, {"train": 11, "operation": 7, "time": 70330}, {"train": 11, "operation": 8, "time": 70330}, {"train": 2, "operation": 23, "time": 70330}, {"train": 4, "operation": 6, "time": 70380}, {"train": 4, "operation": 8, "time": 70380}, {"train": 1, "operation": 27, "time": 70381}, {"train": 2, "operation": 24, "time": 70416}, {"train": 11, "operation": 9, "time": 70439}, {"train": 11, "operation": 10, "time": 70439}, {"train": 18, "operation": 7, "time": 70444}, {"train": 18, "operation": 8, "time": 70444}, {"train": 2, "operation": 25, "time": 70446}, {"train": 17, "operation": 23, "time": 70459}, {"train": 17, "operation": 24, "time": 70459}, {"train": 2, "operation": 26, "time": 70550}, {"train": 11, "operation": 14, "time": 70580}, {"train": 11, "operation": 19, "time": 70580}, {"train": 2, "operation": 27, "time": 70580}, {"train": 1, "operation": 29, "time": 70581}, {"train": 14, "operation": 27, "time": 70581}, {"train": 1, "operation": 30, "time": 70611}, {"train": 4, "operation": 9, "time": 70620}, {"train": 1, "operation": 31, "time": 70753}, {"train": 18, "operation": 9, "time": 70775}, {"train": 18, "operation": 11, "time": 70775}, {"train": 1, "operation": 33, "time": 70783}, {"train": 14, "operation": 29, "time": 70790}, {"train": 14, "operation": 30, "time": 70790}, {"train": 17, "operation": 26, "time": 70800}, {"train": 17, "operation": 27, "time": 70800}, {"train": 4, "operation": 11, "time": 70800}, {"train": 2, "operation": 32, "time": 70818}, {"train": 1, "operation": 34, "time": 70925}, {"train": 2, "operation": 36, "time": 70938}, {"train": 14, "operation": 31, "time": 70939}, {"train": 14, "operation": 33, "time": 70939}, {"train": 1, "operation": 35, "time": 70955}, {"train": 18, "operation": 12, "time": 70985}, {"train": 18, "operation": 13, "time": 70985}, {"train": 17, "operation": 28, "time": 71011}, {"train": 17, "operation": 30, "time": 71011}, {"train": 1, "operation": 36, "time": 71041}, {"train": 4, "operation": 12, "time": 71070}, {"train": 1, "operation": 38, "time": 71071}, {"train": 4, "operation": 14, "time": 71100}, {"train": 14, "operation": 34, "time": 71122}, {"train": 14, "operation": 35, "time": 71122}, {"train": 1, "operation": 39, "time": 71240}, {"train": 1, "operation": 40, "time": 71240}, {"train": 14, "operation": 36, "time": 71246}, {"train": 14, "operation": 38, "time": 71246}, {"train": 18, "operation": 17, "time": 71280}, {"train": 4, "operation": 16, "time": 71309}, {"train": 4, "operation": 17, "time": 71309}, {"train": 1, "operation": 41, "time": 71317}, {"train": 1, "operation": 42, "time": 71317}, {"train": 1, "operation": 44, "time": 71432}, {"train": 12, "operation": 1, "time": 71460}, {"train": 17, "operation": 31, "time": 71460}, {"train": 4, "operation": 19, "time": 71460}, {"train": 12, "operation": 9, "time": 71460}, {"train": 17, "operation": 35, "time": 71460}, {"train": 18, "operation": 18, "time": 71460}, {"train": 1, "operation": 47, "time": 71472}, {"train": 14, "operation": 39, "time": 71502}, {"train": 14, "operation": 40, "time": 71502}, {"train": 14, "operation": 41, "time": 71641}, {"train": 14, "operation": 42, "time": 71641}, {"train": 17, "operation": 36, "time": 71772}, {"train": 17, "operation": 37, "time": 71772}, {"train": 18, "operation": 19, "time": 71821}, {"train": 18, "operation": 21, "time": 71821}, {"train": 14, "operation": 43, "time": 71850}, {"train": 1, "operation": 48, "time": 71928}, {"train": 4, "operation": 20, "time": 71928}, {"train": 17, "operation": 38, "time": 71995}, {"train": 17, "operation": 40, "time": 71995}, {"train": 18, "operation": 22, "time": 72060}, {"train": 1, "operation": 50, "time": 72108}, {"train": 4, "operation": 23, "time": 72232}, {"train": 18, "operation": 24, "time": 72240}, {"train": 14, "operation": 47, "time": 72270}, {"train": 4, "operation": 25, "time": 72272}, {"train": 3, "operation": 8, "time": 72300}, {"train": 1, "operation": 51, "time": 72336}, {"train": 1, "operation": 53, "time": 72336}, {"train": 4, "operation": 26, "time": 72374}, {"train": 4, "operation": 27, "time": 72374}, {"train": 17, "operation": 42, "time": 72417}, {"train": 17, "operation": 43, "time": 72417}, {"train": 4, "operation": 28, "time": 72442}, {"train": 4, "operation": 29, "time": 72442}, {"train": 1, "operation": 54, "time": 72536}, {"train": 18, "operation": 26, "time": 72566}, {"train": 18, "operation": 27, "time": 72566}, {"train": 1, "operation": 56, "time": 72566}, {"train": 17, "operation": 44, "time": 72604}, {"train": 17, "operation": 45, "time": 72604}, {"train": 4, "operation": 30, "time": 72642}, {"train": 4, "operation": 32, "time": 72672}, {"train": 14, "operation": 48, "time": 72709}, {"train": 14, "operation": 50, "time": 72709}, {"train": 18, "operation": 28, "time": 72780}, {"train": 4, "operation": 33, "time": 72814}, {"train": 4, "operation": 34, "time": 72844}, {"train": 1, "operation": 58, "time": 72851}, {"train": 1, "operation": 59, "time": 72851}, {"train": 17, "operation": 47, "time": 72854}, {"train": 17, "operation": 48, "time": 72854}, {"train": 12, "operation": 10, "time": 72877}, {"train": 12, "operation": 11, "time": 72877}, {"train": 3, "operation": 9, "time": 72877}, {"train": 4, "operation": 36, "time": 72930}, {"train": 4, "operation": 37, "time": 72960}, {"train": 12, "operation": 12, "time": 72997}, {"train": 12, "operation": 13, "time": 72997}, {"train": 14, "operation": 52, "time": 73011}, {"train": 18, "operation": 30, "time": 73011}, {"train": 3, "operation": 10, "time": 73021}, {"train": 3, "operation": 11, "time": 73021}, {"train": 1, "operation": 61, "time": 73022}, {"train": 1, "operation": 62, "time": 73022}, {"train": 12, "operation": 15, "time": 73057}, {"train": 12, "operation": 16, "time": 73057}, {"train": 12, "operation": 17, "time": 73101}, {"train": 12, "operation": 18, "time": 73101}, {"train": 4, "operation": 38, "time": 73102}, {"train": 4, "operation": 40, "time": 73132}, {"train": 3, "operation": 12, "time": 73133}, {"train": 3, "operation": 13, "time": 73163}, {"train": 14, "operation": 53, "time": 73191}, {"train": 18, "operation": 32, "time": 73196}, {"train": 18, "operation": 33, "time": 73196}, {"train": 3, "operation": 14, "time": 73249}, {"train": 3, "operation": 16, "time": 73279}, {"train": 12, "operation": 19, "time": 73320}, {"train": 1, "operation": 66, "time": 73364}, {"train": 3, "operation": 17, "time": 73365}, {"train": 20, "operation": 1, "time": 73380}, {"train": 20, "operation": 5, "time": 73380}, {"train": 3, "operation": 18, "time": 73395}, {"train": 4, "operation": 43, "time": 73417}, {"train": 18, "operation": 37, "time": 73480}, {"train": 18, "operation": 38, "time": 73480}, {"train": 1, "operation": 67, "time": 73484}, {"train": 3, "operation": 20, "time": 73508}, {"train": 3, "operation": 21, "time": 73508}, {"train": 14, "operation": 55, "time": 73527}, {"train": 14, "operation": 56, "time": 73527}, {"train": 3, "operation": 22, "time": 73551}, {"train": 3, "operation": 23, "time": 73551}, {"train": 18, "operation": 39, "time": 73563}, {"train": 18, "operation": 40, "time": 73563}, {"train": 18, "operation": 41, "time": 73618}, {"train": 18, "operation": 42, "time": 73618}, {"train": 20, "operation": 6, "time": 73629}, {"train": 20, "operation": 7, "time": 73629}, {"train": 3, "operation": 25, "time": 73680}, {"train": 4, "operation": 44, "time": 73680}, {"train": 3, "operation": 27, "time": 73740}, {"train": 6, "operation": 3, "time": 73800}, {"train": 6, "operation": 5, "time": 73800}, {"train": 20, "operation": 8, "time": 73807}, {"train": 20, "operation": 10, "time": 73807}, {"train": 4, "operation": 45, "time": 73808}, {"train": 4, "operation": 46, "time": 73808}, {"train": 18, "operation": 44, "time": 73809}, {"train": 4, "operation": 48, "time": 73851}, {"train": 12, "operation": 21, "time": 73851}, {"train": 4, "operation": 49, "time": 73851}, {"train": 12, "operation": 22, "time": 73920}, {"train": 12, "operation": 23, "time": 73920}, {"train": 14, "operation": 57, "time": 73932}, {"train": 4, "operation": 50, "time": 73937}, {"train": 3, "operation": 29, "time": 73940}, {"train": 4, "operation": 51, "time": 73967}, {"train": 3, "operation": 30, "time": 73970}, {"train": 4, "operation": 53, "time": 74053}, {"train": 4, "operation": 54, "time": 74083}, {"train": 6, "operation": 6, "time": 74100}, {"train": 6, "operation": 8, "time": 74100}, {"train": 3, "operation": 32, "time": 74112}, {"train": 12, "operation": 25, "time": 74127}, {"train": 12, "operation": 27, "time": 74127}, {"train": 20, "operation": 11, "time": 74134}, {"train": 20, "operation": 13, "time": 74134}, {"train": 3, "operation": 33, "time": 74142}, {"train": 4, "operation": 55, "time": 74169}, {"train": 4, "operation": 56, "time": 74199}, {"train": 16, "operation": 5, "time": 74220}, {"train": 20, "operation": 14, "time": 74280}, {"train": 6, "operation": 10, "time": 74280}, {"train": 20, "operation": 15, "time": 74280}, {"train": 6, "operation": 11, "time": 74280}, {"train": 3, "operation": 34, "time": 74284}, {"train": 4, "operation": 57, "time": 74303}, {"train": 4, "operation": 58, "time": 74303}, {"train": 3, "operation": 35, "time": 74314}, {"train": 12, "operation": 28, "time": 74322}, {"train": 12, "operation": 30, "time": 74322}, {"train": 3, "operation": 36, "time": 74400}, {"train": 18, "operation": 45, "time": 74400}, {"train": 3, "operation": 38, "time": 74430}, {"train": 12, "operation": 32, "time": 74478}, {"train": 20, "operation": 17, "time": 74478}, {"train": 20, "operation": 18, "time": 74478}, {"train": 18, "operation": 46, "time": 74499}, {"train": 18, "operation": 47, "time": 74499}, {"train": 4, "operation": 66, "time": 74541}, {"train": 16, "operation": 9, "time": 74541}, {"train": 6, "operation": 13, "time": 74550}, {"train": 6, "operation": 14, "time": 74580}, {"train": 3, "operation": 39, "time": 74599}, {"train": 3, "operation": 40, "time": 74599}, {"train": 18, "operation": 48, "time": 74628}, {"train": 18, "operation": 50, "time": 74628}, {"train": 14, "operation": 59, "time": 74652}, {"train": 12, "operation": 33, "time": 74658}, {"train": 4, "operation": 67, "time": 74661}, {"train": 3, "operation": 41, "time": 74676}, {"train": 3, "operation": 42, "time": 74676}, {"train": 18, "operation": 52, "time": 74748}, {"train": 18, "operation": 53, "time": 74748}, {"train": 3, "operation": 45, "time": 74791}, {"train": 12, "operation": 34, "time": 74811}, {"train": 12, "operation": 35, "time": 74811}, {"train": 6, "operation": 15, "time": 74820}, {"train": 6, "operation": 17, "time": 74820}, {"train": 3, "operation": 47, "time": 74831}, {"train": 16, "operation": 10, "time": 74875}, {"train": 16, "operation": 11, "time": 74875}, {"train": 12, "operation": 36, "time": 74898}, {"train": 12, "operation": 38, "time": 74898}, {"train": 18, "operation": 54, "time": 74903}, {"train": 18, "operation": 57, "time": 74903}, {"train": 14, "operation": 60, "time": 74916}, {"train": 14, "operation": 62, "time": 74916}, {"train": 18, "operation": 58, "time": 75014}, {"train": 18, "operation": 59, "time": 75014}, {"train": 18, "operation": 60, "time": 75051}, {"train": 18, "operation": 62, "time": 75051}, {"train": 6, "operation": 19, "time": 75060}, {"train": 12, "operation": 39, "time": 75074}, {"train": 12, "operation": 40, "time": 75074}, {"train": 18, "operation": 63, "time": 75174}, {"train": 18, "operation": 64, "time": 75174}, {"train": 12, "operation": 41, "time": 75181}, {"train": 12, "operation": 42, "time": 75181}, {"train": 16, "operation": 12, "time": 75196}, {"train": 16, "operation": 13, "time": 75196}, {"train": 18, "operation": 65, "time": 75256}, {"train": 3, "operation": 48, "time": 75287}, {"train": 6, "operation": 20, "time": 75287}, {"train": 14, "operation": 63, "time": 75336}, {"train": 16, "operation": 15, "time": 75338}, {"train": 16, "operation": 16, "time": 75338}, {"train": 12, "operation": 44, "time": 75342}, {"train": 16, "operation": 17, "time": 75394}, {"train": 16, "operation": 18, "time": 75394}, {"train": 3, "operation": 50, "time": 75467}, {"train": 18, "operation": 67, "time": 75496}, {"train": 16, "operation": 19, "time": 75563}, {"train": 16, "operation": 21, "time": 75563}, {"train": 18, "operation": 68, "time": 75572}, {"train": 18, "operation": 69, "time": 75572}, {"train": 6, "operation": 21, "time": 75591}, {"train": 16, "operation": 22, "time": 75608}, {"train": 16, "operation": 23, "time": 75608}, {"train": 6, "operation": 25, "time": 75631}, {"train": 3, "operation": 51, "time": 75695}, {"train": 3, "operation": 53, "time": 75695}, {"train": 18, "operation": 70, "time": 75698}, {"train": 18, "operation": 71, "time": 75698}, {"train": 6, "operation": 26, "time": 75733}, {"train": 6, "operation": 27, "time": 75733}, {"train": 16, "operation": 26, "time": 75741}, {"train": 16, "operation": 27, "time": 75741}, {"train": 6, "operation": 28, "time": 75801}, {"train": 6, "operation": 29, "time": 75801}, {"train": 12, "operation": 47, "time": 75822}, {"train": 18, "operation": 79, "time": 75895}, {"train": 3, "operation": 55, "time": 75895}, {"train": 5, "operation": 2, "time": 75900}, {"train": 16, "operation": 28, "time": 75913}, {"train": 16, "operation": 30, "time": 75913}, {"train": 3, "operation": 56, "time": 75925}, {"train": 5, "operation": 9, "time": 75960}, {"train": 6, "operation": 30, "time": 76001}, {"train": 6, "operation": 32, "time": 76031}, {"train": 16, "operation": 32, "time": 76079}, {"train": 5, "operation": 10, "time": 76112}, {"train": 5, "operation": 11, "time": 76112}, {"train": 6, "operation": 33, "time": 76173}, {"train": 18, "operation": 80, "time": 76195}, {"train": 6, "operation": 34, "time": 76203}, {"train": 3, "operation": 58, "time": 76210}, {"train": 3, "operation": 59, "time": 76210}, {"train": 5, "operation": 12, "time": 76230}, {"train": 12, "operation": 49, "time": 76248}, {"train": 12, "operation": 50, "time": 76248}, {"train": 5, "operation": 13, "time": 76260}, {"train": 6, "operation": 35, "time": 76289}, {"train": 6, "operation": 37, "time": 76319}, {"train": 5, "operation": 15, "time": 76350}, {"train": 16, "operation": 33, "time": 76379}, {"train": 5, "operation": 16, "time": 76380}, {"train": 3, "operation": 61, "time": 76381}, {"train": 3, "operation": 62, "time": 76381}, {"train": 6, "operation": 38, "time": 76461}, {"train": 5, "operation": 17, "time": 76470}, {"train": 12, "operation": 51, "time": 76486}, {"train": 12, "operation": 53, "time": 76486}, {"train": 6, "operation": 40, "time": 76491}, {"train": 5, "operation": 18, "time": 76500}, {"train": 16, "operation": 34, "time": 76524}, {"train": 16, "operation": 35, "time": 76524}, {"train": 16, "operation": 36, "time": 76612}, {"train": 16, "operation": 38, "time": 76612}, {"train": 5, "operation": 20, "time": 76619}, {"train": 5, "operation": 21, "time": 76619}, {"train": 5, "operation": 22, "time": 76664}, {"train": 5, "operation": 23, "time": 76664}, {"train": 3, "operation": 65, "time": 76723}, {"train": 12, "operation": 54, "time": 76724}, {"train": 12, "operation": 56, "time": 76724}, {"train": 6, "operation": 41, "time": 76776}, {"train": 16, "operation": 39, "time": 76792}, {"train": 16, "operation": 40, "time": 76792}, {"train": 5, "operation": 26, "time": 76800}, {"train": 3, "operation": 67, "time": 76843}, {"train": 5, "operation": 27, "time": 76860}, {"train": 16, "operation": 41, "time": 76878}, {"train": 16, "operation": 42, "time": 76878}, {"train": 6, "operation": 44, "time": 76956}, {"train": 16, "operation": 46, "time": 77006}, {"train": 16, "operation": 47, "time": 77006}, {"train": 12, "operation": 57, "time": 77044}, {"train": 12, "operation": 59, "time": 77044}, {"train": 5, "operation": 28, "time": 77070}, {"train": 6, "operation": 45, "time": 77084}, {"train": 6, "operation": 46, "time": 77084}, {"train": 5, "operation": 30, "time": 77100}, {"train": 6, "operation": 47, "time": 77127}, {"train": 6, "operation": 49, "time": 77127}, {"train": 6, "operation": 50, "time": 77213}, {"train": 12, "operation": 61, "time": 77235}, {"train": 12, "operation": 62, "time": 77235}, {"train": 6, "operation": 51, "time": 77243}, {"train": 5, "operation": 32, "time": 77250}, {"train": 5, "operation": 33, "time": 77280}, {"train": 6, "operation": 53, "time": 77329}, {"train": 6, "operation": 54, "time": 77359}, {"train": 16, "operation": 48, "time": 77368}, {"train": 16, "operation": 50, "time": 77368}, {"train": 8, "operation": 3, "time": 77400}, {"train": 5, "operation": 34, "time": 77430}, {"train": 6, "operation": 55, "time": 77445}, {"train": 5, "operation": 35, "time": 77460}, {"train": 6, "operation": 56, "time": 77475}, {"train": 5, "operation": 37, "time": 77550}, {"train": 6, "operation": 57, "time": 77579}, {"train": 6, "operation": 58, "time": 77579}, {"train": 13, "operation": 8, "time": 77580}, {"train": 5, "operation": 38, "time": 77580}, {"train": 16, "operation": 52, "time": 77617}, {"train": 16, "operation": 53, "time": 77617}, {"train": 12, "operation": 66, "time": 77645}, {"train": 12, "operation": 67, "time": 77645}, {"train": 8, "operation": 5, "time": 77645}, {"train": 5, "operation": 39, "time": 77758}, {"train": 5, "operation": 40, "time": 77758}, {"train": 6, "operation": 62, "time": 77817}, {"train": 13, "operation": 9, "time": 77817}, {"train": 5, "operation": 41, "time": 77839}, {"train": 5, "operation": 42, "time": 77839}, {"train": 16, "operation": 54, "time": 77918}, {"train": 8, "operation": 7, "time": 77930}, {"train": 8, "operation": 8, "time": 77930}, {"train": 6, "operation": 67, "time": 77937}, {"train": 12, "operation": 68, "time": 77946}, {"train": 12, "operation": 69, "time": 77946}, {"train": 5, "operation": 46, "time": 77960}, {"train": 5, "operation": 47, "time": 78000}, {"train": 13, "operation": 10, "time": 78010}, {"train": 13, "operation": 11, "time": 78010}, {"train": 8, "operation": 9, "time": 78101}, {"train": 8, "operation": 11, "time": 78101}, {"train": 12, "operation": 70, "time": 78161}, {"train": 12, "operation": 72, "time": 78161}, {"train": 13, "operation": 12, "time": 78166}, {"train": 13, "operation": 13, "time": 78166}, {"train": 19, "operation": 2, "time": 78232}, {"train": 19, "operation": 3, "time": 78232}, {"train": 13, "operation": 14, "time": 78236}, {"train": 13, "operation": 16, "time": 78236}, {"train": 13, "operation": 17, "time": 78277}, {"train": 13, "operation": 18, "time": 78277}, {"train": 8, "operation": 13, "time": 78357}, {"train": 16, "operation": 56, "time": 78357}, {"train": 8, "operation": 14, "time": 78387}, {"train": 19, "operation": 4, "time": 78410}, {"train": 19, "operation": 5, "time": 78410}, {"train": 13, "operation": 20, "time": 78471}, {"train": 13, "operation": 21, "time": 78471}, {"train": 5, "operation": 48, "time": 78480}, {"train": 13, "operation": 22, "time": 78524}, {"train": 13, "operation": 23, "time": 78524}, {"train": 19, "operation": 7, "time": 78540}, {"train": 12, "operation": 73, "time": 78614}, {"train": 19, "operation": 8, "time": 78614}, {"train": 8, "operation": 16, "time": 78615}, {"train": 8, "operation": 17, "time": 78615}, {"train": 13, "operation": 24, "time": 78685}, {"train": 13, "operation": 27, "time": 78685}, {"train": 16, "operation": 58, "time": 78755}, {"train": 16, "operation": 59, "time": 78755}, {"train": 12, "operation": 75, "time": 78794}, {"train": 8, "operation": 19, "time": 78843}, {"train": 5, "operation": 50, "time": 78843}, {"train": 8, "operation": 20, "time": 78843}, {"train": 13, "operation": 29, "time": 78891}, {"train": 13, "operation": 30, "time": 78891}, {"train": 19, "operation": 10, "time": 78941}, {"train": 19, "operation": 11, "time": 78941}, {"train": 16, "operation": 61, "time": 78949}, {"train": 16, "operation": 62, "time": 78949}, {"train": 12, "operation": 76, "time": 79036}, {"train": 12, "operation": 77, "time": 79036}, {"train": 13, "operation": 32, "time": 79071}, {"train": 5, "operation": 52, "time": 79071}, {"train": 5, "operation": 53, "time": 79071}, {"train": 19, "operation": 12, "time": 79138}, {"train": 19, "operation": 13, "time": 79138}, {"train": 8, "operation": 24, "time": 79147}, {"train": 8, "operation": 25, "time": 79187}, {"train": 12, "operation": 78, "time": 79246}, {"train": 12, "operation": 80, "time": 79246}, {"train": 5, "operation": 55, "time": 79271}, {"train": 8, "operation": 26, "time": 79289}, {"train": 8, "operation": 27, "time": 79289}, {"train": 5, "operation": 56, "time": 79301}, {"train": 16, "operation": 64, "time": 79326}, {"train": 8, "operation": 28, "time": 79357}, {"train": 8, "operation": 29, "time": 79357}, {"train": 19, "operation": 16, "time": 79413}, {"train": 19, "operation": 18, "time": 79413}, {"train": 7, "operation": 3, "time": 79500}, {"train": 16, "operation": 67, "time": 79506}, {"train": 5, "operation": 58, "time": 79544}, {"train": 5, "operation": 59, "time": 79544}, {"train": 8, "operation": 30, "time": 79557}, {"train": 7, "operation": 9, "time": 79560}, {"train": 8, "operation": 32, "time": 79587}, {"train": 5, "operation": 61, "time": 79700}, {"train": 7, "operation": 10, "time": 79712}, {"train": 7, "operation": 11, "time": 79712}, {"train": 8, "operation": 33, "time": 79729}, {"train": 19, "operation": 19, "time": 79755}, {"train": 19, "operation": 21, "time": 79755}, {"train": 8, "operation": 34, "time": 79759}, {"train": 7, "operation": 12, "time": 79830}, {"train": 16, "operation": 68, "time": 79837}, {"train": 16, "operation": 69, "time": 79837}, {"train": 8, "operation": 35, "time": 79845}, {"train": 7, "operation": 13, "time": 79860}, {"train": 8, "operation": 37, "time": 79875}, {"train": 5, "operation": 62, "time": 79880}, {"train": 13, "operation": 33, "time": 79911}, {"train": 19, "operation": 23, "time": 79926}, {"train": 19, "operation": 24, "time": 79926}, {"train": 7, "operation": 14, "time": 79950}, {"train": 7, "operation": 16, "time": 79980}, {"train": 8, "operation": 39, "time": 80017}, {"train": 13, "operation": 34, "time": 80041}, {"train": 13, "operation": 35, "time": 80041}, {"train": 8, "operation": 40, "time": 80047}, {"train": 7, "operation": 17, "time": 80070}, {"train": 16, "operation": 71, "time": 80074}, {"train": 16, "operation": 72, "time": 80074}, {"train": 7, "operation": 18, "time": 80100}, {"train": 13, "operation": 37, "time": 80134}, {"train": 13, "operation": 38, "time": 80134}, {"train": 14, "operation": 67, "time": 80196}, {"train": 7, "operation": 19, "time": 80219}, {"train": 7, "operation": 21, "time": 80219}, {"train": 19, "operation": 25, "time": 80220}, {"train": 19, "operation": 27, "time": 80220}, {"train": 5, "operation": 64, "time": 80222}, {"train": 7, "operation": 22, "time": 80264}, {"train": 7, "operation": 23, "time": 80264}, {"train": 13, "operation": 39, "time": 80325}, {"train": 13, "operation": 40, "time": 80325}, {"train": 8, "operation": 42, "time": 80332}, {"train": 5, "operation": 67, "time": 80342}, {"train": 7, "operation": 24, "time": 80400}, {"train": 19, "operation": 29, "time": 80404}, {"train": 19, "operation": 30, "time": 80404}, {"train": 13, "operation": 41, "time": 80420}, {"train": 13, "operation": 42, "time": 80420}, {"train": 7, "operation": 27, "time": 80460}, {"train": 16, "operation": 74, "time": 80472}, {"train": 16, "operation": 75, "time": 80472}, {"train": 8, "operation": 44, "time": 80512}, {"train": 13, "operation": 44, "time": 80563}, {"train": 13, "operation": 47, "time": 80563}, {"train": 14, "operation": 68, "time": 80580}, {"train": 14, "operation": 69, "time": 80580}, {"train": 19, "operation": 32, "time": 80640}, {"train": 8, "operation": 45, "time": 80640}, {"train": 8, "operation": 46, "time": 80640}, {"train": 16, "operation": 76, "time": 80650}, {"train": 16, "operation": 77, "time": 80650}, {"train": 7, "operation": 29, "time": 80670}, {"train": 8, "operation": 48, "time": 80683}, {"train": 8, "operation": 49, "time": 80683}, {"train": 7, "operation": 30, "time": 80700}, {"train": 8, "operation": 50, "time": 80769}, {"train": 8, "operation": 51, "time": 80799}, {"train": 7, "operation": 31, "time": 80850}, {"train": 14, "operation": 71, "time": 80855}, {"train": 14, "operation": 72, "time": 80855}, {"train": 10, "operation": 4, "time": 80880}, {"train": 7, "operation": 33, "time": 80880}, {"train": 10, "operation": 5, "time": 80880}, {"train": 8, "operation": 52, "time": 80885}, {"train": 16, "operation": 78, "time": 80888}, {"train": 16, "operation": 80, "time": 80888}, {"train": 8, "operation": 54, "time": 80915}, {"train": 13, "operation": 48, "time": 80936}, {"train": 13, "operation": 50, "time": 80936}, {"train": 19, "operation": 33, "time": 80936}, {"train": 8, "operation": 55, "time": 81001}, {"train": 7, "operation": 34, "time": 81030}, {"train": 8, "operation": 56, "time": 81031}, {"train": 7, "operation": 35, "time": 81060}, {"train": 8, "operation": 57, "time": 81135}, {"train": 8, "operation": 58, "time": 81135}, {"train": 7, "operation": 36, "time": 81180}, {"train": 10, "operation": 6, "time": 81183}, {"train": 10, "operation": 8, "time": 81183}, {"train": 13, "operation": 52, "time": 81227}, {"train": 13, "operation": 53, "time": 81227}, {"train": 19, "operation": 37, "time": 81254}, {"train": 19, "operation": 38, "time": 81254}, {"train": 19, "operation": 39, "time": 81335}, {"train": 19, "operation": 40, "time": 81335}, {"train": 14, "operation": 74, "time": 81337}, {"train": 10, "operation": 9, "time": 81360}, {"train": 10, "operation": 11, "time": 81360}, {"train": 8, "operation": 60, "time": 81373}, {"train": 19, "operation": 41, "time": 81389}, {"train": 19, "operation": 42, "time": 81389}, {"train": 8, "operation": 67, "time": 81493}, {"train": 13, "operation": 54, "time": 81563}, {"train": 19, "operation": 44, "time": 81563}, {"train": 19, "operation": 45, "time": 81563}, {"train": 7, "operation": 38, "time": 81563}, {"train": 10, "operation": 13, "time": 81630}, {"train": 15, "operation": 1, "time": 81636}, {"train": 15, "operation": 3, "time": 81636}, {"train": 19, "operation": 46, "time": 81652}, {"train": 19, "operation": 47, "time": 81652}, {"train": 10, "operation": 14, "time": 81660}, {"train": 7, "operation": 39, "time": 81732}, {"train": 7, "operation": 40, "time": 81732}, {"train": 19, "operation": 49, "time": 81734}, {"train": 19, "operation": 50, "time": 81734}, {"train": 7, "operation": 41, "time": 81809}, {"train": 7, "operation": 42, "time": 81809}, {"train": 19, "operation": 52, "time": 81832}, {"train": 19, "operation": 53, "time": 81832}, {"train": 13, "operation": 56, "time": 81863}, {"train": 10, "operation": 16, "time": 81875}, {"train": 10, "operation": 17, "time": 81875}, {"train": 15, "operation": 4, "time": 81880}, {"train": 15, "operation": 5, "time": 81880}, {"train": 7, "operation": 43, "time": 81924}, {"train": 7, "operation": 47, "time": 81964}, {"train": 19, "operation": 54, "time": 81988}, {"train": 19, "operation": 57, "time": 81988}, {"train": 10, "operation": 18, "time": 82080}, {"train": 15, "operation": 6, "time": 82080}, {"train": 15, "operation": 8, "time": 82080}, {"train": 19, "operation": 58, "time": 82140}, {"train": 19, "operation": 59, "time": 82140}, {"train": 19, "operation": 60, "time": 82190}, {"train": 13, "operation": 58, "time": 82303}, {"train": 13, "operation": 59, "time": 82303}, {"train": 7, "operation": 49, "time": 82306}, {"train": 10, "operation": 20, "time": 82306}, {"train": 7, "operation": 50, "time": 82306}, {"train": 14, "operation": 75, "time": 82357}, {"train": 19, "operation": 62, "time": 82370}, {"train": 15, "operation": 9, "time": 82475}, {"train": 15, "operation": 11, "time": 82475}, {"train": 13, "operation": 61, "time": 82532}, {"train": 13, "operation": 62, "time": 82532}, {"train": 7, "operation": 51, "time": 82534}, {"train": 7, "operation": 53, "time": 82534}, {"train": 19, "operation": 63, "time": 82540}, {"train": 19, "operation": 64, "time": 82540}, {"train": 19, "operation": 65, "time": 82588}, {"train": 19, "operation": 67, "time": 82588}, {"train": 19, "operation": 68, "time": 82636}, {"train": 19, "operation": 69, "time": 82636}, {"train": 14, "operation": 76, "time": 82660}, {"train": 14, "operation": 77, "time": 82660}, {"train": 10, "operation": 24, "time": 82667}, {"train": 10, "operation": 25, "time": 82707}, {"train": 15, "operation": 12, "time": 82710}, {"train": 15, "operation": 13, "time": 82710}, {"train": 7, "operation": 54, "time": 82734}, {"train": 19, "operation": 70, "time": 82755}, {"train": 19, "operation": 71, "time": 82755}, {"train": 7, "operation": 56, "time": 82764}, {"train": 10, "operation": 26, "time": 82802}, {"train": 10, "operation": 27, "time": 82802}, {"train": 10, "operation": 28, "time": 82865}, {"train": 10, "operation": 29, "time": 82865}, {"train": 14, "operation": 78, "time": 82935}, {"train": 14, "operation": 80, "time": 82935}, {"train": 19, "operation": 72, "time": 82997}, {"train": 19, "operation": 80, "time": 82997}, {"train": 13, "operation": 63, "time": 83003}, {"train": 10, "operation": 30, "time": 83021}, {"train": 15, "operation": 17, "time": 83040}, {"train": 7, "operation": 57, "time": 83049}, {"train": 7, "operation": 59, "time": 83049}, {"train": 10, "operation": 32, "time": 83051}, {"train": 9, "operation": 7, "time": 83100}, {"train": 9, "operation": 9, "time": 83160}, {"train": 10, "operation": 33, "time": 83193}, {"train": 7, "operation": 60, "time": 83220}, {"train": 7, "operation": 62, "time": 83220}, {"train": 10, "operation": 34, "time": 83223}, {"train": 10, "operation": 36, "time": 83310}, {"train": 9, "operation": 10, "time": 83312}, {"train": 9, "operation": 11, "time": 83312}, {"train": 10, "operation": 37, "time": 83340}, {"train": 9, "operation": 12, "time": 83430}, {"train": 9, "operation": 13, "time": 83460}, {"train": 10, "operation": 38, "time": 83490}, {"train": 10, "operation": 40, "time": 83520}, {"train": 9, "operation": 14, "time": 83550}, {"train": 9, "operation": 16, "time": 83580}, {"train": 9, "operation": 17, "time": 83670}, {"train": 9, "operation": 18, "time": 83700}, {"train": 9, "operation": 19, "time": 83819}, {"train": 9, "operation": 21, "time": 83819}, {"train": 10, "operation": 43, "time": 83820}, {"train": 9, "operation": 22, "time": 83864}, {"train": 9, "operation": 23, "time": 83864}, {"train": 7, "operation": 64, "time": 83896}, {"train": 7, "operation": 67, "time": 83896}, {"train": 9, "operation": 24, "time": 84000}, {"train": 10, "operation": 44, "time": 84000}, {"train": 9, "operation": 27, "time": 84060}, {"train": 10, "operation": 45, "time": 84135}, {"train": 10, "operation": 46, "time": 84135}, {"train": 10, "operation": 47, "time": 84180}, {"train": 10, "operation": 49, "time": 84180}, {"train": 10, "operation": 50, "time": 84270}, {"train": 9, "operation": 29, "time": 84270}, {"train": 10, "operation": 51, "time": 84300}, {"train": 9, "operation": 30, "time": 84300}, {"train": 10, "operation": 52, "time": 84390}, {"train": 10, "operation": 54, "time": 84420}, {"train": 9, "operation": 31, "time": 84450}, {"train": 9, "operation": 33, "time": 84480}, {"train": 10, "operation": 55, "time": 84510}, {"train": 10, "operation": 56, "time": 84540}, {"train": 9, "operation": 34, "time": 84630}, {"train": 10, "operation": 57, "time": 84650}, {"train": 10, "operation": 58, "time": 84650}, {"train": 9, "operation": 35, "time": 84660}, {"train": 9, "operation": 36, "time": 84750}, {"train": 9, "operation": 38, "time": 84780}, {"train": 10, "operation": 59, "time": 84900}, {"train": 9, "operation": 39, "time": 84958}, {"train": 9, "operation": 40, "time": 84958}, {"train": 10, "operation": 67, "time": 85020}, {"train": 9, "operation": 41, "time": 85039}, {"train": 9, "operation": 42, "time": 85039}, {"train": 9, "operation": 46, "time": 85160}, {"train": 9, "operation": 47, "time": 85200}, {"train": 9, "operation": 48, "time": 85680}, {"train": 9, "operation": 50, "time": 85680}, {"train": 9, "operation": 52, "time": 85920}, {"train": 9, "operation": 53, "time": 85920}, {"train": 9, "operation": 55, "time": 86130}, {"train": 9, "operation": 56, "time": 86160}, {"train": 9, "operation": 57, "time": 86460}, {"train": 9, "operation": 59, "time": 86460}, {"train": 9, "operation": 60, "time": 86640}, {"train": 9, "operation": 62, "time": 86640}, {"train": 9, "operation": 65, "time": 87000}, {"train": 15, "operation": 18, "time": 87000}, {"train": 9, "operation": 67, "time": 87120}, {"train": 15, "operation": 20, "time": 87410}, {"train": 15, "operation": 21, "time": 87410}, {"train": 15, "operation": 22, "time": 87637}, {"train": 15, "operation": 24, "time": 87637}, {"train": 15, "operation": 25, "time": 87992}, {"train": 15, "operation": 27, "time": 87992}, {"train": 15, "operation": 28, "time": 88241}, {"train": 15, "operation": 30, "time": 88241}, {"train": 13, "operation": 67, "time": 88463}, {"train": 15, "operation": 31, "time": 88505}, {"train": 15, "operation": 33, "time": 88505}, {"train": 13, "operation": 68, "time": 88863}, {"train": 13, "operation": 69, "time": 88863}, {"train": 15, "operation": 37, "time": 88920}, {"train": 15, "operation": 38, "time": 88920}, {"train": 15, "operation": 39, "time": 89053}, {"train": 15, "operation": 40, "time": 89053}, {"train": 15, "operation": 41, "time": 89142}, {"train": 15, "operation": 42, "time": 89142}, {"train": 13, "operation": 71, "time": 89161}, {"train": 13, "operation": 72, "time": 89161}, {"train": 15, "operation": 44, "time": 89325}, {"train": 15, "operation": 45, "time": 89325}, {"train": 15, "operation": 46, "time": 89396}, {"train": 15, "operation": 47, "time": 89396}, {"train": 15, "operation": 48, "time": 89484}, {"train": 15, "operation": 50, "time": 89484}, {"train": 15, "operation": 51, "time": 89593}, {"train": 15, "operation": 53, "time": 89593}, {"train": 13, "operation": 73, "time": 89700}, {"train": 15, "operation": 56, "time": 89767}, {"train": 15, "operation": 57, "time": 89767}, {"train": 15, "operation": 58, "time": 89892}, {"train": 15, "operation": 59, "time": 89892}, {"train": 15, "operation": 61, "time": 89933}, {"train": 15, "operation": 62, "time": 89933}, {"train": 15, "operation": 63, "time": 90072}, {"train": 15, "operation": 64, "time": 90072}, {"train": 15, "operation": 65, "time": 90129}, {"train": 15, "operation": 67, "time": 90129}, {"train": 15, "operation": 68, "time": 90185}, {"train": 15, "operation": 69, "time": 90185}, {"train": 15, "operation": 70, "time": 90310}, {"train": 15, "operation": 71, "time": 90310}, {"train": 15, "operation": 73, "time": 90540}, {"train": 15, "operation": 80, "time": 90540}, {"train": 13, "operation": 75, "time": 91020}, {"train": 13, "operation": 76, "time": 91355}, {"train": 13, "operation": 77, "time": 91355}, {"train": 13, "operation": 79, "time": 91680}, {"train": 13, "operation": 80, "time": 91680}]}