{"objective_value": 2923, "events": [{"train": 0, "operation": 0, "time": 0}, {"train": 10, "operation": 0, "time": 0}, {"train": 11, "operation": 0, "time": 0}, {"train": 12, "operation": 0, "time": 0}, {"train": 13, "operation": 0, "time": 0}, {"train": 14, "operation": 0, "time": 0}, {"train": 15, "operation": 0, "time": 0}, {"train": 16, "operation": 0, "time": 0}, {"train": 17, "operation": 0, "time": 0}, {"train": 18, "operation": 0, "time": 0}, {"train": 19, "operation": 0, "time": 0}, {"train": 1, "operation": 0, "time": 0}, {"train": 20, "operation": 0, "time": 0}, {"train": 21, "operation": 0, "time": 0}, {"train": 2, "operation": 0, "time": 0}, {"train": 3, "operation": 0, "time": 0}, {"train": 4, "operation": 0, "time": 0}, {"train": 5, "operation": 0, "time": 0}, {"train": 6, "operation": 0, "time": 0}, {"train": 7, "operation": 0, "time": 0}, {"train": 8, "operation": 0, "time": 0}, {"train": 9, "operation": 0, "time": 0}, {"train": 10, "operation": 1, "time": 59820}, {"train": 11, "operation": 1, "time": 59880}, {"train": 2, "operation": 1, "time": 60000}, {"train": 11, "operation": 2, "time": 60030}, {"train": 0, "operation": 1, "time": 60060}, {"train": 10, "operation": 3, "time": 60180}, {"train": 2, "operation": 2, "time": 60270}, {"train": 17, "operation": 1, "time": 60300}, {"train": 2, "operation": 4, "time": 60300}, {"train": 10, "operation": 6, "time": 60300}, {"train": 0, "operation": 2, "time": 60540}, {"train": 2, "operation": 6, "time": 60540}, {"train": 2, "operation": 7, "time": 60540}, {"train": 2, "operation": 9, "time": 60720}, {"train": 0, "operation": 4, "time": 60720}, {"train": 2, "operation": 10, "time": 60720}, {"train": 19, "operation": 7, "time": 60780}, {"train": 19, "operation": 9, "time": 60780}, {"train": 17, "operation": 3, "time": 60795}, {"train": 17, "operation": 4, "time": 60795}, {"train": 11, "operation": 3, "time": 60804}, {"train": 19, "operation": 10, "time": 60929}, {"train": 19, "operation": 11, "time": 60929}, {"train": 11, "operation": 5, "time": 60946}, {"train": 0, "operation": 5, "time": 60960}, {"train": 0, "operation": 7, "time": 60960}, {"train": 11, "operation": 6, "time": 60976}, {"train": 11, "operation": 7, "time": 61004}, {"train": 19, "operation": 12, "time": 61025}, {"train": 19, "operation": 13, "time": 61025}, {"train": 11, "operation": 8, "time": 61034}, {"train": 17, "operation": 6, "time": 61050}, {"train": 17, "operation": 7, "time": 61050}, {"train": 19, "operation": 14, "time": 61079}, {"train": 19, "operation": 16, "time": 61079}, {"train": 2, "operation": 13, "time": 61100}, {"train": 19, "operation": 17, "time": 61117}, {"train": 2, "operation": 15, "time": 61140}, {"train": 0, "operation": 9, "time": 61170}, {"train": 11, "operation": 10, "time": 61176}, {"train": 19, "operation": 18, "time": 61176}, {"train": 0, "operation": 10, "time": 61200}, {"train": 2, "operation": 16, "time": 61243}, {"train": 2, "operation": 17, "time": 61243}, {"train": 19, "operation": 19, "time": 61292}, {"train": 19, "operation": 21, "time": 61292}, {"train": 2, "operation": 18, "time": 61312}, {"train": 2, "operation": 19, "time": 61312}, {"train": 19, "operation": 22, "time": 61324}, {"train": 11, "operation": 11, "time": 61324}, {"train": 19, "operation": 23, "time": 61324}, {"train": 11, "operation": 12, "time": 61365}, {"train": 19, "operation": 24, "time": 61422}, {"train": 11, "operation": 13, "time": 61422}, {"train": 19, "operation": 27, "time": 61422}, {"train": 0, "operation": 12, "time": 61500}, {"train": 1, "operation": 2, "time": 61500}, {"train": 0, "operation": 13, "time": 61500}, {"train": 2, "operation": 20, "time": 61530}, {"train": 11, "operation": 14, "time": 61543}, {"train": 17, "operation": 9, "time": 61560}, {"train": 1, "operation": 9, "time": 61560}, {"train": 2, "operation": 22, "time": 61560}, {"train": 17, "operation": 12, "time": 61560}, {"train": 19, "operation": 29, "time": 61564}, {"train": 19, "operation": 30, "time": 61564}, {"train": 11, "operation": 17, "time": 61583}, {"train": 0, "operation": 14, "time": 61680}, {"train": 0, "operation": 16, "time": 61680}, {"train": 2, "operation": 23, "time": 61710}, {"train": 19, "operation": 31, "time": 61711}, {"train": 1, "operation": 10, "time": 61740}, {"train": 2, "operation": 24, "time": 61740}, {"train": 1, "operation": 11, "time": 61740}, {"train": 11, "operation": 18, "time": 61783}, {"train": 11, "operation": 20, "time": 61813}, {"train": 1, "operation": 12, "time": 61830}, {"train": 2, "operation": 26, "time": 61830}, {"train": 17, "operation": 13, "time": 61860}, {"train": 1, "operation": 13, "time": 61860}, {"train": 17, "operation": 14, "time": 61860}, {"train": 19, "operation": 33, "time": 61891}, {"train": 11, "operation": 21, "time": 61955}, {"train": 2, "operation": 27, "time": 61955}, {"train": 19, "operation": 34, "time": 61972}, {"train": 19, "operation": 35, "time": 61972}, {"train": 11, "operation": 23, "time": 61985}, {"train": 1, "operation": 15, "time": 62010}, {"train": 0, "operation": 17, "time": 62040}, {"train": 1, "operation": 16, "time": 62040}, {"train": 19, "operation": 36, "time": 62041}, {"train": 19, "operation": 38, "time": 62041}, {"train": 11, "operation": 24, "time": 62071}, {"train": 17, "operation": 16, "time": 62075}, {"train": 17, "operation": 17, "time": 62075}, {"train": 2, "operation": 28, "time": 62097}, {"train": 11, "operation": 25, "time": 62101}, {"train": 2, "operation": 30, "time": 62127}, {"train": 1, "operation": 17, "time": 62130}, {"train": 1, "operation": 18, "time": 62160}, {"train": 0, "operation": 21, "time": 62160}, {"train": 19, "operation": 39, "time": 62183}, {"train": 19, "operation": 40, "time": 62183}, {"train": 19, "operation": 41, "time": 62250}, {"train": 19, "operation": 42, "time": 62250}, {"train": 11, "operation": 26, "time": 62272}, {"train": 1, "operation": 20, "time": 62280}, {"train": 1, "operation": 21, "time": 62280}, {"train": 1, "operation": 22, "time": 62325}, {"train": 1, "operation": 23, "time": 62325}, {"train": 19, "operation": 44, "time": 62352}, {"train": 19, "operation": 47, "time": 62352}, {"train": 2, "operation": 33, "time": 62355}, {"train": 11, "operation": 28, "time": 62452}, {"train": 1, "operation": 24, "time": 62460}, {"train": 17, "operation": 18, "time": 62520}, {"train": 1, "operation": 27, "time": 62520}, {"train": 2, "operation": 34, "time": 62535}, {"train": 19, "operation": 49, "time": 62640}, {"train": 19, "operation": 50, "time": 62640}, {"train": 11, "operation": 29, "time": 62652}, {"train": 2, "operation": 35, "time": 62663}, {"train": 2, "operation": 36, "time": 62663}, {"train": 11, "operation": 30, "time": 62682}, {"train": 17, "operation": 20, "time": 62700}, {"train": 2, "operation": 37, "time": 62706}, {"train": 2, "operation": 39, "time": 62706}, {"train": 1, "operation": 29, "time": 62730}, {"train": 1, "operation": 30, "time": 62760}, {"train": 11, "operation": 31, "time": 62762}, {"train": 11, "operation": 32, "time": 62762}, {"train": 2, "operation": 40, "time": 62792}, {"train": 2, "operation": 41, "time": 62822}, {"train": 19, "operation": 52, "time": 62846}, {"train": 19, "operation": 53, "time": 62846}, {"train": 11, "operation": 34, "time": 62882}, {"train": 2, "operation": 43, "time": 62908}, {"train": 1, "operation": 31, "time": 62910}, {"train": 11, "operation": 37, "time": 62912}, {"train": 17, "operation": 21, "time": 62923}, {"train": 17, "operation": 22, "time": 62923}, {"train": 2, "operation": 44, "time": 62938}, {"train": 1, "operation": 33, "time": 62940}, {"train": 2, "operation": 45, "time": 63024}, {"train": 2, "operation": 46, "time": 63054}, {"train": 19, "operation": 55, "time": 63079}, {"train": 19, "operation": 56, "time": 63079}, {"train": 1, "operation": 34, "time": 63090}, {"train": 1, "operation": 35, "time": 63120}, {"train": 4, "operation": 1, "time": 63120}, {"train": 17, "operation": 23, "time": 63120}, {"train": 4, "operation": 5, "time": 63120}, {"train": 17, "operation": 25, "time": 63120}, {"train": 2, "operation": 47, "time": 63158}, {"train": 2, "operation": 48, "time": 63158}, {"train": 11, "operation": 39, "time": 63195}, {"train": 11, "operation": 40, "time": 63195}, {"train": 1, "operation": 37, "time": 63210}, {"train": 1, "operation": 38, "time": 63240}, {"train": 1, "operation": 39, "time": 63292}, {"train": 1, "operation": 40, "time": 63292}, {"train": 2, "operation": 50, "time": 63338}, {"train": 11, "operation": 41, "time": 63390}, {"train": 11, "operation": 43, "time": 63390}, {"train": 19, "operation": 58, "time": 63420}, {"train": 4, "operation": 6, "time": 63420}, {"train": 4, "operation": 8, "time": 63420}, {"train": 1, "operation": 41, "time": 63423}, {"train": 1, "operation": 42, "time": 63423}, {"train": 2, "operation": 57, "time": 63458}, {"train": 4, "operation": 9, "time": 63600}, {"train": 19, "operation": 59, "time": 63600}, {"train": 1, "operation": 44, "time": 63620}, {"train": 11, "operation": 45, "time": 63625}, {"train": 11, "operation": 46, "time": 63655}, {"train": 1, "operation": 47, "time": 63660}, {"train": 19, "operation": 60, "time": 63802}, {"train": 19, "operation": 62, "time": 63802}, {"train": 11, "operation": 48, "time": 63888}, {"train": 11, "operation": 49, "time": 63888}, {"train": 4, "operation": 11, "time": 63888}, {"train": 20, "operation": 1, "time": 63999}, {"train": 20, "operation": 3, "time": 63999}, {"train": 11, "operation": 50, "time": 64054}, {"train": 1, "operation": 49, "time": 64140}, {"train": 4, "operation": 13, "time": 64144}, {"train": 4, "operation": 14, "time": 64174}, {"train": 20, "operation": 4, "time": 64181}, {"train": 20, "operation": 5, "time": 64181}, {"train": 19, "operation": 65, "time": 64200}, {"train": 19, "operation": 67, "time": 64200}, {"train": 11, "operation": 52, "time": 64234}, {"train": 20, "operation": 6, "time": 64320}, {"train": 20, "operation": 8, "time": 64320}, {"train": 4, "operation": 15, "time": 64402}, {"train": 4, "operation": 17, "time": 64402}, {"train": 4, "operation": 18, "time": 64573}, {"train": 1, "operation": 50, "time": 64573}, {"train": 4, "operation": 20, "time": 64573}, {"train": 19, "operation": 68, "time": 64585}, {"train": 19, "operation": 69, "time": 64585}, {"train": 12, "operation": 3, "time": 64680}, {"train": 20, "operation": 10, "time": 64680}, {"train": 1, "operation": 52, "time": 64801}, {"train": 1, "operation": 53, "time": 64801}, {"train": 19, "operation": 70, "time": 64860}, {"train": 19, "operation": 72, "time": 64860}, {"train": 20, "operation": 11, "time": 64860}, {"train": 4, "operation": 21, "time": 64877}, {"train": 4, "operation": 25, "time": 64917}, {"train": 1, "operation": 55, "time": 65001}, {"train": 4, "operation": 26, "time": 65019}, {"train": 4, "operation": 27, "time": 65019}, {"train": 1, "operation": 56, "time": 65031}, {"train": 20, "operation": 12, "time": 65085}, {"train": 20, "operation": 13, "time": 65085}, {"train": 4, "operation": 28, "time": 65087}, {"train": 4, "operation": 29, "time": 65087}, {"train": 3, "operation": 8, "time": 65100}, {"train": 19, "operation": 74, "time": 65160}, {"train": 3, "operation": 9, "time": 65160}, {"train": 19, "operation": 75, "time": 65160}, {"train": 11, "operation": 54, "time": 65264}, {"train": 11, "operation": 57, "time": 65264}, {"train": 12, "operation": 5, "time": 65264}, {"train": 4, "operation": 31, "time": 65287}, {"train": 19, "operation": 76, "time": 65300}, {"train": 19, "operation": 77, "time": 65300}, {"train": 3, "operation": 10, "time": 65312}, {"train": 3, "operation": 11, "time": 65312}, {"train": 1, "operation": 58, "time": 65316}, {"train": 1, "operation": 59, "time": 65316}, {"train": 4, "operation": 32, "time": 65317}, {"train": 20, "operation": 14, "time": 65400}, {"train": 3, "operation": 12, "time": 65430}, {"train": 4, "operation": 33, "time": 65459}, {"train": 3, "operation": 13, "time": 65460}, {"train": 19, "operation": 79, "time": 65478}, {"train": 19, "operation": 80, "time": 65478}, {"train": 1, "operation": 60, "time": 65487}, {"train": 4, "operation": 34, "time": 65489}, {"train": 20, "operation": 18, "time": 65520}, {"train": 3, "operation": 14, "time": 65550}, {"train": 4, "operation": 35, "time": 65575}, {"train": 3, "operation": 16, "time": 65580}, {"train": 4, "operation": 37, "time": 65605}, {"train": 12, "operation": 7, "time": 65606}, {"train": 1, "operation": 62, "time": 65606}, {"train": 3, "operation": 17, "time": 65670}, {"train": 3, "operation": 18, "time": 65700}, {"train": 4, "operation": 39, "time": 65747}, {"train": 4, "operation": 40, "time": 65777}, {"train": 3, "operation": 20, "time": 65819}, {"train": 3, "operation": 21, "time": 65819}, {"train": 12, "operation": 8, "time": 65846}, {"train": 3, "operation": 22, "time": 65864}, {"train": 3, "operation": 23, "time": 65864}, {"train": 1, "operation": 63, "time": 65948}, {"train": 3, "operation": 26, "time": 66000}, {"train": 12, "operation": 9, "time": 66055}, {"train": 12, "operation": 11, "time": 66055}, {"train": 4, "operation": 42, "time": 66062}, {"train": 3, "operation": 27, "time": 66062}, {"train": 1, "operation": 67, "time": 66068}, {"train": 4, "operation": 44, "time": 66242}, {"train": 3, "operation": 29, "time": 66270}, {"train": 3, "operation": 30, "time": 66300}, {"train": 12, "operation": 13, "time": 66321}, {"train": 12, "operation": 14, "time": 66321}, {"train": 4, "operation": 45, "time": 66370}, {"train": 4, "operation": 46, "time": 66370}, {"train": 4, "operation": 47, "time": 66413}, {"train": 4, "operation": 49, "time": 66413}, {"train": 3, "operation": 31, "time": 66450}, {"train": 3, "operation": 33, "time": 66480}, {"train": 4, "operation": 50, "time": 66499}, {"train": 12, "operation": 15, "time": 66512}, {"train": 12, "operation": 17, "time": 66512}, {"train": 4, "operation": 51, "time": 66529}, {"train": 6, "operation": 2, "time": 66600}, {"train": 6, "operation": 5, "time": 66600}, {"train": 4, "operation": 52, "time": 66615}, {"train": 3, "operation": 34, "time": 66630}, {"train": 4, "operation": 54, "time": 66645}, {"train": 3, "operation": 35, "time": 66660}, {"train": 4, "operation": 55, "time": 66731}, {"train": 3, "operation": 36, "time": 66750}, {"train": 12, "operation": 19, "time": 66758}, {"train": 4, "operation": 56, "time": 66761}, {"train": 3, "operation": 38, "time": 66780}, {"train": 4, "operation": 57, "time": 66865}, {"train": 4, "operation": 58, "time": 66865}, {"train": 6, "operation": 6, "time": 66900}, {"train": 6, "operation": 8, "time": 66900}, {"train": 3, "operation": 39, "time": 66958}, {"train": 3, "operation": 40, "time": 66958}, {"train": 16, "operation": 6, "time": 66960}, {"train": 12, "operation": 20, "time": 66998}, {"train": 3, "operation": 41, "time": 67039}, {"train": 3, "operation": 42, "time": 67039}, {"train": 4, "operation": 59, "time": 67045}, {"train": 16, "operation": 9, "time": 67045}, {"train": 6, "operation": 10, "time": 67080}, {"train": 6, "operation": 11, "time": 67080}, {"train": 3, "operation": 46, "time": 67160}, {"train": 4, "operation": 67, "time": 67165}, {"train": 16, "operation": 10, "time": 67245}, {"train": 16, "operation": 11, "time": 67245}, {"train": 6, "operation": 13, "time": 67350}, {"train": 6, "operation": 14, "time": 67380}, {"train": 16, "operation": 12, "time": 67383}, {"train": 16, "operation": 13, "time": 67383}, {"train": 12, "operation": 21, "time": 67397}, {"train": 3, "operation": 47, "time": 67397}, {"train": 16, "operation": 15, "time": 67448}, {"train": 16, "operation": 16, "time": 67448}, {"train": 16, "operation": 17, "time": 67489}, {"train": 16, "operation": 18, "time": 67489}, {"train": 6, "operation": 16, "time": 67620}, {"train": 6, "operation": 17, "time": 67620}, {"train": 16, "operation": 19, "time": 67659}, {"train": 16, "operation": 21, "time": 67659}, {"train": 12, "operation": 25, "time": 67697}, {"train": 16, "operation": 22, "time": 67705}, {"train": 16, "operation": 23, "time": 67705}, {"train": 12, "operation": 26, "time": 67812}, {"train": 12, "operation": 27, "time": 67812}, {"train": 16, "operation": 24, "time": 67840}, {"train": 16, "operation": 27, "time": 67840}, {"train": 3, "operation": 48, "time": 67853}, {"train": 6, "operation": 19, "time": 67860}, {"train": 6, "operation": 20, "time": 67860}, {"train": 12, "operation": 28, "time": 67888}, {"train": 12, "operation": 29, "time": 67888}, {"train": 16, "operation": 29, "time": 68003}, {"train": 16, "operation": 30, "time": 68003}, {"train": 3, "operation": 50, "time": 68033}, {"train": 12, "operation": 30, "time": 68051}, {"train": 12, "operation": 32, "time": 68051}, {"train": 12, "operation": 33, "time": 68114}, {"train": 12, "operation": 34, "time": 68114}, {"train": 6, "operation": 21, "time": 68180}, {"train": 16, "operation": 32, "time": 68186}, {"train": 12, "operation": 35, "time": 68210}, {"train": 6, "operation": 25, "time": 68220}, {"train": 3, "operation": 51, "time": 68261}, {"train": 3, "operation": 53, "time": 68261}, {"train": 6, "operation": 26, "time": 68327}, {"train": 6, "operation": 27, "time": 68327}, {"train": 6, "operation": 28, "time": 68399}, {"train": 6, "operation": 29, "time": 68399}, {"train": 3, "operation": 55, "time": 68461}, {"train": 3, "operation": 56, "time": 68491}, {"train": 6, "operation": 31, "time": 68610}, {"train": 12, "operation": 37, "time": 68630}, {"train": 6, "operation": 32, "time": 68640}, {"train": 5, "operation": 7, "time": 68700}, {"train": 12, "operation": 39, "time": 68744}, {"train": 12, "operation": 40, "time": 68744}, {"train": 5, "operation": 9, "time": 68760}, {"train": 3, "operation": 58, "time": 68776}, {"train": 3, "operation": 59, "time": 68776}, {"train": 6, "operation": 33, "time": 68790}, {"train": 6, "operation": 34, "time": 68820}, {"train": 12, "operation": 43, "time": 68904}, {"train": 12, "operation": 44, "time": 68904}, {"train": 6, "operation": 35, "time": 68910}, {"train": 5, "operation": 10, "time": 68912}, {"train": 5, "operation": 11, "time": 68912}, {"train": 6, "operation": 37, "time": 68940}, {"train": 3, "operation": 61, "time": 68947}, {"train": 3, "operation": 62, "time": 68947}, {"train": 16, "operation": 33, "time": 68966}, {"train": 14, "operation": 8, "time": 69000}, {"train": 14, "operation": 9, "time": 69000}, {"train": 12, "operation": 45, "time": 69019}, {"train": 12, "operation": 46, "time": 69019}, {"train": 5, "operation": 12, "time": 69030}, {"train": 12, "operation": 48, "time": 69057}, {"train": 12, "operation": 49, "time": 69057}, {"train": 5, "operation": 13, "time": 69060}, {"train": 6, "operation": 38, "time": 69090}, {"train": 16, "operation": 34, "time": 69109}, {"train": 16, "operation": 35, "time": 69109}, {"train": 6, "operation": 40, "time": 69120}, {"train": 5, "operation": 14, "time": 69150}, {"train": 12, "operation": 50, "time": 69184}, {"train": 12, "operation": 51, "time": 69184}, {"train": 16, "operation": 37, "time": 69192}, {"train": 16, "operation": 38, "time": 69192}, {"train": 14, "operation": 10, "time": 69213}, {"train": 14, "operation": 11, "time": 69213}, {"train": 12, "operation": 53, "time": 69257}, {"train": 5, "operation": 16, "time": 69257}, {"train": 3, "operation": 66, "time": 69289}, {"train": 5, "operation": 17, "time": 69343}, {"train": 16, "operation": 39, "time": 69369}, {"train": 16, "operation": 40, "time": 69369}, {"train": 14, "operation": 12, "time": 69373}, {"train": 5, "operation": 18, "time": 69373}, {"train": 14, "operation": 13, "time": 69373}, {"train": 3, "operation": 67, "time": 69409}, {"train": 6, "operation": 41, "time": 69420}, {"train": 14, "operation": 14, "time": 69444}, {"train": 14, "operation": 16, "time": 69444}, {"train": 16, "operation": 41, "time": 69455}, {"train": 16, "operation": 42, "time": 69455}, {"train": 5, "operation": 19, "time": 69486}, {"train": 5, "operation": 21, "time": 69486}, {"train": 14, "operation": 17, "time": 69488}, {"train": 14, "operation": 18, "time": 69488}, {"train": 5, "operation": 22, "time": 69529}, {"train": 5, "operation": 23, "time": 69529}, {"train": 16, "operation": 43, "time": 69592}, {"train": 16, "operation": 47, "time": 69592}, {"train": 5, "operation": 26, "time": 69658}, {"train": 6, "operation": 44, "time": 69658}, {"train": 5, "operation": 27, "time": 69718}, {"train": 14, "operation": 20, "time": 69720}, {"train": 6, "operation": 45, "time": 69786}, {"train": 6, "operation": 46, "time": 69786}, {"train": 6, "operation": 47, "time": 69829}, {"train": 14, "operation": 21, "time": 69829}, {"train": 6, "operation": 49, "time": 69829}, {"train": 14, "operation": 22, "time": 69896}, {"train": 14, "operation": 23, "time": 69896}, {"train": 6, "operation": 50, "time": 69915}, {"train": 12, "operation": 54, "time": 69917}, {"train": 5, "operation": 28, "time": 69918}, {"train": 6, "operation": 51, "time": 69945}, {"train": 5, "operation": 30, "time": 69948}, {"train": 16, "operation": 48, "time": 69950}, {"train": 16, "operation": 50, "time": 69950}, {"train": 12, "operation": 55, "time": 69985}, {"train": 12, "operation": 56, "time": 69985}, {"train": 6, "operation": 53, "time": 70031}, {"train": 6, "operation": 54, "time": 70061}, {"train": 18, "operation": 1, "time": 70080}, {"train": 8, "operation": 2, "time": 70080}, {"train": 18, "operation": 3, "time": 70080}, {"train": 8, "operation": 5, "time": 70080}, {"train": 5, "operation": 31, "time": 70090}, {"train": 12, "operation": 57, "time": 70094}, {"train": 12, "operation": 58, "time": 70094}, {"train": 14, "operation": 24, "time": 70097}, {"train": 14, "operation": 27, "time": 70097}, {"train": 5, "operation": 33, "time": 70120}, {"train": 6, "operation": 55, "time": 70147}, {"train": 6, "operation": 56, "time": 70177}, {"train": 16, "operation": 52, "time": 70202}, {"train": 16, "operation": 53, "time": 70202}, {"train": 12, "operation": 62, "time": 70235}, {"train": 12, "operation": 67, "time": 70235}, {"train": 5, "operation": 34, "time": 70262}, {"train": 6, "operation": 57, "time": 70281}, {"train": 6, "operation": 58, "time": 70281}, {"train": 18, "operation": 4, "time": 70282}, {"train": 18, "operation": 5, "time": 70282}, {"train": 5, "operation": 35, "time": 70292}, {"train": 14, "operation": 28, "time": 70306}, {"train": 14, "operation": 30, "time": 70306}, {"train": 5, "operation": 36, "time": 70378}, {"train": 8, "operation": 6, "time": 70380}, {"train": 8, "operation": 8, "time": 70380}, {"train": 5, "operation": 38, "time": 70408}, {"train": 18, "operation": 7, "time": 70444}, {"train": 18, "operation": 8, "time": 70444}, {"train": 14, "operation": 31, "time": 70455}, {"train": 14, "operation": 33, "time": 70455}, {"train": 16, "operation": 54, "time": 70459}, {"train": 16, "operation": 56, "time": 70459}, {"train": 6, "operation": 65, "time": 70519}, {"train": 5, "operation": 39, "time": 70577}, {"train": 5, "operation": 40, "time": 70577}, {"train": 8, "operation": 9, "time": 70620}, {"train": 14, "operation": 34, "time": 70638}, {"train": 14, "operation": 35, "time": 70638}, {"train": 6, "operation": 67, "time": 70639}, {"train": 5, "operation": 41, "time": 70654}, {"train": 5, "operation": 42, "time": 70654}, {"train": 14, "operation": 36, "time": 70764}, {"train": 14, "operation": 38, "time": 70764}, {"train": 5, "operation": 46, "time": 70769}, {"train": 18, "operation": 9, "time": 70775}, {"train": 18, "operation": 11, "time": 70775}, {"train": 16, "operation": 58, "time": 70800}, {"train": 16, "operation": 59, "time": 70800}, {"train": 8, "operation": 11, "time": 70800}, {"train": 5, "operation": 47, "time": 70809}, {"train": 18, "operation": 12, "time": 70985}, {"train": 18, "operation": 13, "time": 70985}, {"train": 16, "operation": 60, "time": 71011}, {"train": 16, "operation": 62, "time": 71011}, {"train": 14, "operation": 39, "time": 71034}, {"train": 14, "operation": 40, "time": 71034}, {"train": 8, "operation": 12, "time": 71070}, {"train": 8, "operation": 14, "time": 71100}, {"train": 14, "operation": 41, "time": 71180}, {"train": 14, "operation": 42, "time": 71180}, {"train": 18, "operation": 14, "time": 71280}, {"train": 5, "operation": 48, "time": 71280}, {"train": 8, "operation": 15, "time": 71309}, {"train": 8, "operation": 17, "time": 71309}, {"train": 14, "operation": 46, "time": 71400}, {"train": 13, "operation": 8, "time": 71460}, {"train": 16, "operation": 66, "time": 71460}, {"train": 8, "operation": 19, "time": 71460}, {"train": 13, "operation": 9, "time": 71460}, {"train": 16, "operation": 67, "time": 71460}, {"train": 18, "operation": 18, "time": 71460}, {"train": 5, "operation": 50, "time": 71460}, {"train": 8, "operation": 20, "time": 71460}, {"train": 5, "operation": 52, "time": 71700}, {"train": 5, "operation": 53, "time": 71700}, {"train": 16, "operation": 68, "time": 71772}, {"train": 16, "operation": 69, "time": 71772}, {"train": 8, "operation": 21, "time": 71780}, {"train": 14, "operation": 47, "time": 71820}, {"train": 8, "operation": 25, "time": 71820}, {"train": 18, "operation": 19, "time": 71821}, {"train": 18, "operation": 21, "time": 71821}, {"train": 5, "operation": 54, "time": 71910}, {"train": 8, "operation": 26, "time": 71927}, {"train": 8, "operation": 27, "time": 71927}, {"train": 5, "operation": 56, "time": 71940}, {"train": 16, "operation": 70, "time": 71995}, {"train": 16, "operation": 72, "time": 71995}, {"train": 8, "operation": 28, "time": 71999}, {"train": 8, "operation": 29, "time": 71999}, {"train": 18, "operation": 22, "time": 72060}, {"train": 8, "operation": 30, "time": 72210}, {"train": 5, "operation": 58, "time": 72240}, {"train": 8, "operation": 32, "time": 72240}, {"train": 18, "operation": 24, "time": 72240}, {"train": 5, "operation": 59, "time": 72240}, {"train": 14, "operation": 49, "time": 72282}, {"train": 14, "operation": 50, "time": 72282}, {"train": 7, "operation": 8, "time": 72300}, {"train": 8, "operation": 33, "time": 72390}, {"train": 16, "operation": 73, "time": 72417}, {"train": 16, "operation": 75, "time": 72417}, {"train": 5, "operation": 61, "time": 72420}, {"train": 8, "operation": 34, "time": 72420}, {"train": 5, "operation": 62, "time": 72420}, {"train": 8, "operation": 36, "time": 72510}, {"train": 8, "operation": 37, "time": 72540}, {"train": 18, "operation": 25, "time": 72566}, {"train": 18, "operation": 27, "time": 72566}, {"train": 14, "operation": 52, "time": 72600}, {"train": 16, "operation": 76, "time": 72604}, {"train": 16, "operation": 77, "time": 72604}, {"train": 8, "operation": 39, "time": 72690}, {"train": 8, "operation": 40, "time": 72720}, {"train": 18, "operation": 28, "time": 72780}, {"train": 5, "operation": 65, "time": 72780}, {"train": 14, "operation": 53, "time": 72780}, {"train": 18, "operation": 30, "time": 72780}, {"train": 16, "operation": 79, "time": 72854}, {"train": 16, "operation": 80, "time": 72854}, {"train": 13, "operation": 10, "time": 72877}, {"train": 13, "operation": 11, "time": 72877}, {"train": 7, "operation": 9, "time": 72877}, {"train": 5, "operation": 67, "time": 72900}, {"train": 18, "operation": 31, "time": 72975}, {"train": 18, "operation": 33, "time": 72975}, {"train": 13, "operation": 12, "time": 72997}, {"train": 13, "operation": 13, "time": 72997}, {"train": 8, "operation": 41, "time": 73020}, {"train": 7, "operation": 10, "time": 73021}, {"train": 7, "operation": 11, "time": 73021}, {"train": 13, "operation": 15, "time": 73057}, {"train": 13, "operation": 16, "time": 73057}, {"train": 13, "operation": 17, "time": 73101}, {"train": 13, "operation": 18, "time": 73101}, {"train": 7, "operation": 12, "time": 73133}, {"train": 14, "operation": 55, "time": 73134}, {"train": 14, "operation": 56, "time": 73134}, {"train": 7, "operation": 13, "time": 73163}, {"train": 8, "operation": 44, "time": 73200}, {"train": 7, "operation": 14, "time": 73249}, {"train": 18, "operation": 35, "time": 73274}, {"train": 18, "operation": 38, "time": 73274}, {"train": 7, "operation": 16, "time": 73279}, {"train": 13, "operation": 19, "time": 73320}, {"train": 8, "operation": 45, "time": 73335}, {"train": 8, "operation": 46, "time": 73335}, {"train": 18, "operation": 39, "time": 73361}, {"train": 18, "operation": 40, "time": 73361}, {"train": 7, "operation": 17, "time": 73365}, {"train": 21, "operation": 2, "time": 73380}, {"train": 8, "operation": 48, "time": 73380}, {"train": 21, "operation": 5, "time": 73380}, {"train": 13, "operation": 21, "time": 73380}, {"train": 7, "operation": 18, "time": 73395}, {"train": 18, "operation": 41, "time": 73419}, {"train": 18, "operation": 42, "time": 73419}, {"train": 13, "operation": 22, "time": 73453}, {"train": 13, "operation": 23, "time": 73453}, {"train": 7, "operation": 19, "time": 73508}, {"train": 8, "operation": 49, "time": 73508}, {"train": 7, "operation": 21, "time": 73509}, {"train": 7, "operation": 22, "time": 73552}, {"train": 14, "operation": 58, "time": 73560}, {"train": 8, "operation": 50, "time": 73594}, {"train": 18, "operation": 44, "time": 73620}, {"train": 8, "operation": 51, "time": 73624}, {"train": 21, "operation": 6, "time": 73629}, {"train": 21, "operation": 7, "time": 73629}, {"train": 13, "operation": 25, "time": 73671}, {"train": 7, "operation": 23, "time": 73671}, {"train": 8, "operation": 53, "time": 73710}, {"train": 8, "operation": 54, "time": 73740}, {"train": 7, "operation": 26, "time": 73800}, {"train": 9, "operation": 4, "time": 73800}, {"train": 9, "operation": 5, "time": 73800}, {"train": 21, "operation": 9, "time": 73807}, {"train": 21, "operation": 10, "time": 73807}, {"train": 8, "operation": 55, "time": 73826}, {"train": 8, "operation": 56, "time": 73856}, {"train": 7, "operation": 27, "time": 73860}, {"train": 8, "operation": 57, "time": 73960}, {"train": 8, "operation": 58, "time": 73960}, {"train": 18, "operation": 45, "time": 73980}, {"train": 7, "operation": 29, "time": 74060}, {"train": 13, "operation": 27, "time": 74060}, {"train": 18, "operation": 46, "time": 74084}, {"train": 18, "operation": 47, "time": 74084}, {"train": 7, "operation": 30, "time": 74090}, {"train": 9, "operation": 6, "time": 74100}, {"train": 9, "operation": 8, "time": 74100}, {"train": 21, "operation": 12, "time": 74134}, {"train": 21, "operation": 13, "time": 74134}, {"train": 8, "operation": 66, "time": 74198}, {"train": 15, "operation": 5, "time": 74220}, {"train": 18, "operation": 48, "time": 74220}, {"train": 15, "operation": 9, "time": 74220}, {"train": 7, "operation": 32, "time": 74232}, {"train": 18, "operation": 50, "time": 74232}, {"train": 13, "operation": 28, "time": 74255}, {"train": 7, "operation": 33, "time": 74262}, {"train": 21, "operation": 14, "time": 74280}, {"train": 9, "operation": 9, "time": 74280}, {"train": 21, "operation": 15, "time": 74280}, {"train": 14, "operation": 59, "time": 74280}, {"train": 9, "operation": 11, "time": 74280}, {"train": 8, "operation": 67, "time": 74318}, {"train": 18, "operation": 52, "time": 74352}, {"train": 13, "operation": 30, "time": 74352}, {"train": 18, "operation": 53, "time": 74352}, {"train": 7, "operation": 34, "time": 74404}, {"train": 7, "operation": 35, "time": 74434}, {"train": 21, "operation": 17, "time": 74478}, {"train": 21, "operation": 18, "time": 74478}, {"train": 13, "operation": 31, "time": 74508}, {"train": 18, "operation": 54, "time": 74509}, {"train": 18, "operation": 57, "time": 74509}, {"train": 7, "operation": 37, "time": 74520}, {"train": 7, "operation": 38, "time": 74550}, {"train": 9, "operation": 12, "time": 74550}, {"train": 14, "operation": 61, "time": 74558}, {"train": 14, "operation": 62, "time": 74558}, {"train": 15, "operation": 10, "time": 74572}, {"train": 15, "operation": 11, "time": 74572}, {"train": 9, "operation": 14, "time": 74580}, {"train": 18, "operation": 58, "time": 74626}, {"train": 18, "operation": 59, "time": 74626}, {"train": 18, "operation": 61, "time": 74665}, {"train": 18, "operation": 62, "time": 74665}, {"train": 13, "operation": 33, "time": 74688}, {"train": 7, "operation": 39, "time": 74719}, {"train": 7, "operation": 40, "time": 74719}, {"train": 18, "operation": 63, "time": 74794}, {"train": 18, "operation": 64, "time": 74794}, {"train": 7, "operation": 41, "time": 74796}, {"train": 7, "operation": 42, "time": 74796}, {"train": 9, "operation": 15, "time": 74820}, {"train": 9, "operation": 17, "time": 74820}, {"train": 13, "operation": 34, "time": 74841}, {"train": 13, "operation": 35, "time": 74841}, {"train": 18, "operation": 65, "time": 74880}, {"train": 15, "operation": 12, "time": 74910}, {"train": 15, "operation": 13, "time": 74910}, {"train": 7, "operation": 46, "time": 74911}, {"train": 13, "operation": 36, "time": 74928}, {"train": 13, "operation": 38, "time": 74928}, {"train": 7, "operation": 47, "time": 74951}, {"train": 14, "operation": 66, "time": 75000}, {"train": 15, "operation": 15, "time": 75060}, {"train": 9, "operation": 18, "time": 75060}, {"train": 15, "operation": 16, "time": 75060}, {"train": 13, "operation": 39, "time": 75104}, {"train": 13, "operation": 40, "time": 75104}, {"train": 15, "operation": 17, "time": 75119}, {"train": 15, "operation": 18, "time": 75119}, {"train": 18, "operation": 67, "time": 75120}, {"train": 18, "operation": 68, "time": 75200}, {"train": 18, "operation": 69, "time": 75200}, {"train": 13, "operation": 41, "time": 75211}, {"train": 13, "operation": 42, "time": 75211}, {"train": 15, "operation": 19, "time": 75297}, {"train": 15, "operation": 21, "time": 75297}, {"train": 18, "operation": 70, "time": 75333}, {"train": 18, "operation": 71, "time": 75333}, {"train": 15, "operation": 22, "time": 75344}, {"train": 15, "operation": 23, "time": 75344}, {"train": 13, "operation": 43, "time": 75372}, {"train": 7, "operation": 49, "time": 75407}, {"train": 9, "operation": 20, "time": 75407}, {"train": 15, "operation": 24, "time": 75484}, {"train": 15, "operation": 27, "time": 75484}, {"train": 18, "operation": 73, "time": 75540}, {"train": 7, "operation": 50, "time": 75587}, {"train": 15, "operation": 29, "time": 75665}, {"train": 15, "operation": 30, "time": 75665}, {"train": 9, "operation": 22, "time": 75711}, {"train": 9, "operation": 25, "time": 75751}, {"train": 7, "operation": 52, "time": 75815}, {"train": 7, "operation": 53, "time": 75815}, {"train": 15, "operation": 31, "time": 75840}, {"train": 18, "operation": 80, "time": 75840}, {"train": 13, "operation": 47, "time": 75852}, {"train": 9, "operation": 26, "time": 75853}, {"train": 9, "operation": 27, "time": 75853}, {"train": 9, "operation": 28, "time": 75921}, {"train": 9, "operation": 29, "time": 75921}, {"train": 7, "operation": 54, "time": 76015}, {"train": 7, "operation": 56, "time": 76045}, {"train": 9, "operation": 31, "time": 76121}, {"train": 9, "operation": 32, "time": 76151}, {"train": 13, "operation": 48, "time": 76278}, {"train": 13, "operation": 50, "time": 76278}, {"train": 9, "operation": 33, "time": 76293}, {"train": 9, "operation": 34, "time": 76323}, {"train": 7, "operation": 58, "time": 76330}, {"train": 7, "operation": 59, "time": 76330}, {"train": 9, "operation": 36, "time": 76409}, {"train": 15, "operation": 33, "time": 76409}, {"train": 9, "operation": 37, "time": 76439}, {"train": 7, "operation": 61, "time": 76501}, {"train": 7, "operation": 62, "time": 76501}, {"train": 13, "operation": 52, "time": 76516}, {"train": 13, "operation": 53, "time": 76516}, {"train": 15, "operation": 34, "time": 76554}, {"train": 15, "operation": 35, "time": 76554}, {"train": 9, "operation": 38, "time": 76581}, {"train": 9, "operation": 40, "time": 76611}, {"train": 15, "operation": 37, "time": 76642}, {"train": 15, "operation": 38, "time": 76642}, {"train": 13, "operation": 54, "time": 76754}, {"train": 13, "operation": 56, "time": 76754}, {"train": 15, "operation": 39, "time": 76822}, {"train": 15, "operation": 40, "time": 76822}, {"train": 7, "operation": 65, "time": 76843}, {"train": 9, "operation": 41, "time": 76896}, {"train": 15, "operation": 41, "time": 76908}, {"train": 15, "operation": 42, "time": 76908}, {"train": 7, "operation": 67, "time": 76963}, {"train": 15, "operation": 44, "time": 77036}, {"train": 15, "operation": 47, "time": 77036}, {"train": 13, "operation": 57, "time": 77074}, {"train": 13, "operation": 59, "time": 77074}, {"train": 9, "operation": 44, "time": 77076}, {"train": 9, "operation": 45, "time": 77204}, {"train": 9, "operation": 46, "time": 77204}, {"train": 9, "operation": 47, "time": 77247}, {"train": 9, "operation": 49, "time": 77247}, {"train": 13, "operation": 60, "time": 77265}, {"train": 13, "operation": 62, "time": 77265}, {"train": 9, "operation": 50, "time": 77333}, {"train": 9, "operation": 51, "time": 77363}, {"train": 15, "operation": 48, "time": 77398}, {"train": 15, "operation": 50, "time": 77398}, {"train": 9, "operation": 52, "time": 77449}, {"train": 9, "operation": 54, "time": 77479}, {"train": 9, "operation": 55, "time": 77565}, {"train": 9, "operation": 56, "time": 77595}, {"train": 15, "operation": 52, "time": 77647}, {"train": 15, "operation": 53, "time": 77647}, {"train": 13, "operation": 64, "time": 77675}, {"train": 13, "operation": 67, "time": 77675}, {"train": 9, "operation": 57, "time": 77699}, {"train": 9, "operation": 58, "time": 77699}, {"train": 9, "operation": 61, "time": 77937}, {"train": 15, "operation": 55, "time": 77948}, {"train": 13, "operation": 68, "time": 77976}, {"train": 13, "operation": 69, "time": 77976}, {"train": 9, "operation": 67, "time": 78057}, {"train": 13, "operation": 71, "time": 78191}, {"train": 13, "operation": 72, "time": 78191}, {"train": 15, "operation": 56, "time": 78368}, {"train": 13, "operation": 73, "time": 78644}, {"train": 15, "operation": 57, "time": 78766}, {"train": 15, "operation": 59, "time": 78766}, {"train": 13, "operation": 75, "time": 78824}, {"train": 15, "operation": 60, "time": 78960}, {"train": 15, "operation": 62, "time": 78960}, {"train": 13, "operation": 76, "time": 79066}, {"train": 13, "operation": 77, "time": 79066}, {"train": 13, "operation": 79, "time": 79276}, {"train": 13, "operation": 80, "time": 79276}, {"train": 15, "operation": 64, "time": 79337}, {"train": 15, "operation": 67, "time": 79517}, {"train": 15, "operation": 68, "time": 79848}, {"train": 15, "operation": 69, "time": 79848}, {"train": 14, "operation": 67, "time": 79860}, {"train": 15, "operation": 70, "time": 80085}, {"train": 15, "operation": 72, "time": 80085}, {"train": 14, "operation": 68, "time": 80264}, {"train": 14, "operation": 69, "time": 80264}, {"train": 15, "operation": 73, "time": 80483}, {"train": 15, "operation": 75, "time": 80483}, {"train": 14, "operation": 70, "time": 80553}, {"train": 14, "operation": 72, "time": 80553}, {"train": 15, "operation": 76, "time": 80661}, {"train": 15, "operation": 77, "time": 80661}, {"train": 15, "operation": 79, "time": 80899}, {"train": 15, "operation": 80, "time": 80899}, {"train": 14, "operation": 74, "time": 81060}, {"train": 14, "operation": 75, "time": 82080}, {"train": 14, "operation": 76, "time": 82399}, {"train": 14, "operation": 77, "time": 82399}, {"train": 14, "operation": 79, "time": 82688}, {"train": 14, "operation": 80, "time": 82688}]}