{"objective_value": 16006, "events": [{"train": 0, "operation": 0, "time": 0}, {"train": 1, "operation": 0, "time": 0}, {"train": 2, "operation": 0, "time": 0}, {"train": 3, "operation": 0, "time": 0}, {"train": 4, "operation": 0, "time": 0}, {"train": 5, "operation": 0, "time": 0}, {"train": 1, "operation": 1, "time": 0}, {"train": 3, "operation": 1, "time": 0}, {"train": 4, "operation": 1, "time": 0}, {"train": 5, "operation": 1, "time": 0}, {"train": 4, "operation": 2, "time": 5}, {"train": 3, "operation": 2, "time": 11}, {"train": 5, "operation": 2, "time": 11}, {"train": 5, "operation": 3, "time": 142}, {"train": 5, "operation": 4, "time": 147}, {"train": 5, "operation": 5, "time": 462}, {"train": 5, "operation": 6, "time": 473}, {"train": 4, "operation": 3, "time": 498}, {"train": 4, "operation": 4, "time": 502}, {"train": 3, "operation": 3, "time": 584}, {"train": 5, "operation": 7, "time": 584}, {"train": 4, "operation": 5, "time": 585}, {"train": 5, "operation": 8, "time": 590}, {"train": 3, "operation": 4, "time": 591}, {"train": 4, "operation": 6, "time": 594}, {"train": 4, "operation": 7, "time": 647}, {"train": 4, "operation": 9, "time": 659}, {"train": 4, "operation": 11, "time": 791}, {"train": 4, "operation": 13, "time": 796}, {"train": 3, "operation": 5, "time": 819}, {"train": 3, "operation": 7, "time": 831}, {"train": 5, "operation": 9, "time": 899}, {"train": 5, "operation": 10, "time": 903}, {"train": 5, "operation": 11, "time": 1068}, {"train": 3, "operation": 9, "time": 1069}, {"train": 5, "operation": 12, "time": 1072}, {"train": 3, "operation": 11, "time": 1077}, {"train": 4, "operation": 15, "time": 1111}, {"train": 4, "operation": 17, "time": 1122}, {"train": 4, "operation": 19, "time": 1233}, {"train": 4, "operation": 21, "time": 1239}, {"train": 3, "operation": 13, "time": 1295}, {"train": 3, "operation": 14, "time": 1309}, {"train": 4, "operation": 24, "time": 1548}, {"train": 3, "operation": 15, "time": 1557}, {"train": 4, "operation": 26, "time": 1558}, {"train": 3, "operation": 16, "time": 1573}, {"train": 5, "operation": 13, "time": 1696}, {"train": 5, "operation": 14, "time": 1700}, {"train": 5, "operation": 15, "time": 1751}, {"train": 5, "operation": 16, "time": 1757}, {"train": 3, "operation": 17, "time": 1804}, {"train": 3, "operation": 19, "time": 1812}, {"train": 5, "operation": 17, "time": 1820}, {"train": 5, "operation": 19, "time": 1825}, {"train": 5, "operation": 21, "time": 1916}, {"train": 5, "operation": 23, "time": 1921}, {"train": 4, "operation": 28, "time": 1941}, {"train": 4, "operation": 30, "time": 1950}, {"train": 3, "operation": 21, "time": 1952}, {"train": 3, "operation": 23, "time": 1960}, {"train": 3, "operation": 25, "time": 2043}, {"train": 3, "operation": 29, "time": 2049}, {"train": 3, "operation": 33, "time": 2175}, {"train": 3, "operation": 35, "time": 2181}, {"train": 5, "operation": 25, "time": 2364}, {"train": 5, "operation": 26, "time": 2369}, {"train": 5, "operation": 27, "time": 2532}, {"train": 5, "operation": 29, "time": 2541}, {"train": 4, "operation": 31, "time": 2574}, {"train": 4, "operation": 32, "time": 2578}, {"train": 4, "operation": 33, "time": 2629}, {"train": 4, "operation": 34, "time": 2635}, {"train": 4, "operation": 35, "time": 2698}, {"train": 4, "operation": 37, "time": 2703}, {"train": 5, "operation": 31, "time": 2711}, {"train": 5, "operation": 33, "time": 2717}, {"train": 4, "operation": 39, "time": 2794}, {"train": 4, "operation": 41, "time": 2799}, {"train": 5, "operation": 35, "time": 2874}, {"train": 5, "operation": 36, "time": 2884}, {"train": 3, "operation": 37, "time": 2972}, {"train": 3, "operation": 39, "time": 2978}, {"train": 5, "operation": 37, "time": 3062}, {"train": 5, "operation": 38, "time": 3074}, {"train": 3, "operation": 41, "time": 3184}, {"train": 3, "operation": 43, "time": 3190}, {"train": 5, "operation": 39, "time": 3239}, {"train": 5, "operation": 41, "time": 3245}, {"train": 4, "operation": 43, "time": 3256}, {"train": 4, "operation": 44, "time": 3261}, {"train": 5, "operation": 43, "time": 3345}, {"train": 5, "operation": 45, "time": 3351}, {"train": 5, "operation": 47, "time": 3410}, {"train": 5, "operation": 51, "time": 3414}, {"train": 4, "operation": 45, "time": 3424}, {"train": 4, "operation": 47, "time": 3433}, {"train": 5, "operation": 55, "time": 3505}, {"train": 5, "operation": 57, "time": 3510}, {"train": 4, "operation": 49, "time": 3603}, {"train": 4, "operation": 51, "time": 3609}, {"train": 1, "operation": 2, "time": 3617}, {"train": 4, "operation": 53, "time": 3766}, {"train": 4, "operation": 54, "time": 3776}, {"train": 1, "operation": 3, "time": 3845}, {"train": 1, "operation": 4, "time": 3852}, {"train": 4, "operation": 55, "time": 3954}, {"train": 4, "operation": 56, "time": 3966}, {"train": 3, "operation": 45, "time": 4123}, {"train": 4, "operation": 57, "time": 4131}, {"train": 4, "operation": 59, "time": 4137}, {"train": 5, "operation": 59, "time": 4162}, {"train": 5, "operation": 61, "time": 4166}, {"train": 3, "operation": 47, "time": 4177}, {"train": 4, "operation": 61, "time": 4237}, {"train": 4, "operation": 63, "time": 4243}, {"train": 4, "operation": 65, "time": 4302}, {"train": 4, "operation": 69, "time": 4306}, {"train": 5, "operation": 63, "time": 4314}, {"train": 5, "operation": 65, "time": 4389}, {"train": 4, "operation": 73, "time": 4397}, {"train": 4, "operation": 75, "time": 4402}, {"train": 1, "operation": 6, "time": 4433}, {"train": 1, "operation": 8, "time": 4444}, {"train": 1, "operation": 10, "time": 4657}, {"train": 1, "operation": 12, "time": 4668}, {"train": 1, "operation": 14, "time": 4756}, {"train": 1, "operation": 16, "time": 4763}, {"train": 1, "operation": 17, "time": 4834}, {"train": 1, "operation": 18, "time": 4840}, {"train": 5, "operation": 68, "time": 5056}, {"train": 4, "operation": 77, "time": 5062}, {"train": 4, "operation": 79, "time": 5066}, {"train": 5, "operation": 70, "time": 5079}, {"train": 5, "operation": 72, "time": 5168}, {"train": 5, "operation": 74, "time": 5182}, {"train": 4, "operation": 81, "time": 5214}, {"train": 5, "operation": 75, "time": 5257}, {"train": 5, "operation": 76, "time": 5262}, {"train": 4, "operation": 83, "time": 5263}, {"train": 1, "operation": 19, "time": 5714}, {"train": 1, "operation": 21, "time": 5719}, {"train": 5, "operation": 77, "time": 5923}, {"train": 5, "operation": 79, "time": 5927}, {"train": 4, "operation": 86, "time": 5930}, {"train": 1, "operation": 23, "time": 5950}, {"train": 4, "operation": 88, "time": 5953}, {"train": 1, "operation": 25, "time": 5956}, {"train": 4, "operation": 90, "time": 6042}, {"train": 4, "operation": 92, "time": 6056}, {"train": 5, "operation": 81, "time": 6074}, {"train": 5, "operation": 83, "time": 6079}, {"train": 4, "operation": 94, "time": 6131}, {"train": 4, "operation": 96, "time": 6136}, {"train": 3, "operation": 49, "time": 6372}, {"train": 1, "operation": 28, "time": 6389}, {"train": 1, "operation": 30, "time": 6402}, {"train": 3, "operation": 51, "time": 6404}, {"train": 5, "operation": 85, "time": 6406}, {"train": 5, "operation": 87, "time": 6411}, {"train": 5, "operation": 89, "time": 6503}, {"train": 3, "operation": 53, "time": 6508}, {"train": 5, "operation": 91, "time": 6508}, {"train": 1, "operation": 32, "time": 6661}, {"train": 1, "operation": 34, "time": 6687}, {"train": 4, "operation": 97, "time": 6797}, {"train": 4, "operation": 99, "time": 6801}, {"train": 4, "operation": 101, "time": 6948}, {"train": 4, "operation": 103, "time": 6953}, {"train": 3, "operation": 55, "time": 6985}, {"train": 1, "operation": 35, "time": 7101}, {"train": 1, "operation": 37, "time": 7107}, {"train": 5, "operation": 93, "time": 7114}, {"train": 5, "operation": 94, "time": 7122}, {"train": 5, "operation": 95, "time": 7203}, {"train": 5, "operation": 96, "time": 7212}, {"train": 1, "operation": 39, "time": 7239}, {"train": 1, "operation": 42, "time": 7251}, {"train": 4, "operation": 105, "time": 7280}, {"train": 4, "operation": 107, "time": 7285}, {"train": 1, "operation": 45, "time": 7304}, {"train": 1, "operation": 48, "time": 7313}, {"train": 5, "operation": 97, "time": 7354}, {"train": 5, "operation": 99, "time": 7361}, {"train": 4, "operation": 109, "time": 7377}, {"train": 4, "operation": 111, "time": 7382}, {"train": 1, "operation": 51, "time": 7412}, {"train": 1, "operation": 54, "time": 7418}, {"train": 5, "operation": 101, "time": 7452}, {"train": 5, "operation": 103, "time": 7457}, {"train": 5, "operation": 105, "time": 7628}, {"train": 5, "operation": 106, "time": 7633}, {"train": 5, "operation": 107, "time": 7649}, {"train": 5, "operation": 108, "time": 7654}, {"train": 3, "operation": 56, "time": 7910}, {"train": 3, "operation": 58, "time": 7916}, {"train": 5, "operation": 109, "time": 7922}, {"train": 5, "operation": 111, "time": 7927}, {"train": 4, "operation": 113, "time": 7988}, {"train": 4, "operation": 114, "time": 7996}, {"train": 1, "operation": 57, "time": 7997}, {"train": 1, "operation": 59, "time": 8003}, {"train": 4, "operation": 115, "time": 8077}, {"train": 4, "operation": 116, "time": 8086}, {"train": 3, "operation": 60, "time": 8121}, {"train": 3, "operation": 62, "time": 8127}, {"train": 1, "operation": 61, "time": 8143}, {"train": 1, "operation": 63, "time": 8151}, {"train": 5, "operation": 113, "time": 8159}, {"train": 5, "operation": 115, "time": 8163}, {"train": 4, "operation": 117, "time": 8228}, {"train": 4, "operation": 119, "time": 8235}, {"train": 4, "operation": 121, "time": 8326}, {"train": 4, "operation": 123, "time": 8331}, {"train": 4, "operation": 125, "time": 8502}, {"train": 4, "operation": 126, "time": 8507}, {"train": 4, "operation": 127, "time": 8523}, {"train": 4, "operation": 128, "time": 8528}, {"train": 3, "operation": 64, "time": 8585}, {"train": 3, "operation": 66, "time": 8592}, {"train": 5, "operation": 117, "time": 8630}, {"train": 5, "operation": 119, "time": 8635}, {"train": 3, "operation": 68, "time": 8721}, {"train": 5, "operation": 121, "time": 8724}, {"train": 3, "operation": 70, "time": 8728}, {"train": 5, "operation": 123, "time": 8729}, {"train": 4, "operation": 129, "time": 8796}, {"train": 4, "operation": 131, "time": 8801}, {"train": 1, "operation": 66, "time": 8950}, {"train": 1, "operation": 68, "time": 8963}, {"train": 4, "operation": 133, "time": 9033}, {"train": 4, "operation": 135, "time": 9037}, {"train": 1, "operation": 70, "time": 9192}, {"train": 1, "operation": 72, "time": 9203}, {"train": 5, "operation": 125, "time": 9326}, {"train": 5, "operation": 127, "time": 9330}, {"train": 5, "operation": 129, "time": 9420}, {"train": 5, "operation": 131, "time": 9425}, {"train": 4, "operation": 138, "time": 9504}, {"train": 4, "operation": 140, "time": 9515}, {"train": 3, "operation": 72, "time": 9576}, {"train": 3, "operation": 73, "time": 9587}, {"train": 3, "operation": 74, "time": 9701}, {"train": 3, "operation": 75, "time": 9713}, {"train": 4, "operation": 142, "time": 9723}, {"train": 4, "operation": 144, "time": 9734}, {"train": 1, "operation": 73, "time": 9880}, {"train": 1, "operation": 75, "time": 9886}, {"train": 3, "operation": 76, "time": 9912}, {"train": 3, "operation": 78, "time": 9922}, {"train": 5, "operation": 134, "time": 9956}, {"train": 5, "operation": 136, "time": 9964}, {"train": 3, "operation": 80, "time": 10049}, {"train": 3, "operation": 82, "time": 10056}, {"train": 1, "operation": 77, "time": 10093}, {"train": 3, "operation": 84, "time": 10296}, {"train": 3, "operation": 85, "time": 10303}, {"train": 5, "operation": 138, "time": 10306}, {"train": 5, "operation": 140, "time": 10315}, {"train": 3, "operation": 86, "time": 10326}, {"train": 3, "operation": 87, "time": 10332}, {"train": 4, "operation": 145, "time": 10332}, {"train": 4, "operation": 147, "time": 10336}, {"train": 4, "operation": 149, "time": 10426}, {"train": 4, "operation": 151, "time": 10431}, {"train": 3, "operation": 88, "time": 10708}, {"train": 3, "operation": 90, "time": 10715}, {"train": 5, "operation": 141, "time": 10885}, {"train": 5, "operation": 142, "time": 10889}, {"train": 4, "operation": 153, "time": 10962}, {"train": 4, "operation": 155, "time": 10972}, {"train": 5, "operation": 143, "time": 10973}, {"train": 5, "operation": 144, "time": 10977}, {"train": 3, "operation": 92, "time": 11039}, {"train": 3, "operation": 94, "time": 11045}, {"train": 4, "operation": 157, "time": 11381}, {"train": 4, "operation": 159, "time": 11391}, {"train": 3, "operation": 96, "time": 11699}, {"train": 3, "operation": 98, "time": 11706}, {"train": 5, "operation": 145, "time": 11706}, {"train": 5, "operation": 147, "time": 11711}, {"train": 3, "operation": 100, "time": 11831}, {"train": 3, "operation": 102, "time": 11838}, {"train": 5, "operation": 149, "time": 11860}, {"train": 5, "operation": 151, "time": 11865}, {"train": 4, "operation": 161, "time": 11995}, {"train": 4, "operation": 162, "time": 11999}, {"train": 4, "operation": 163, "time": 12083}, {"train": 4, "operation": 164, "time": 12087}, {"train": 3, "operation": 104, "time": 12661}, {"train": 3, "operation": 106, "time": 12667}, {"train": 2, "operation": 2, "time": 12742}, {"train": 2, "operation": 4, "time": 12752}, {"train": 5, "operation": 153, "time": 12791}, {"train": 3, "operation": 108, "time": 12793}, {"train": 3, "operation": 110, "time": 12799}, {"train": 5, "operation": 155, "time": 12800}, {"train": 4, "operation": 165, "time": 12816}, {"train": 4, "operation": 167, "time": 12821}, {"train": 0, "operation": 1, "time": 12964}, {"train": 5, "operation": 157, "time": 12969}, {"train": 0, "operation": 3, "time": 12970}, {"train": 4, "operation": 169, "time": 12970}, {"train": 5, "operation": 159, "time": 12974}, {"train": 4, "operation": 171, "time": 12984}, {"train": 0, "operation": 5, "time": 13169}, {"train": 0, "operation": 7, "time": 13175}, {"train": 1, "operation": 79, "time": 13182}, {"train": 2, "operation": 6, "time": 13295}, {"train": 3, "operation": 113, "time": 13390}, {"train": 3, "operation": 115, "time": 13398}, {"train": 5, "operation": 161, "time": 13410}, {"train": 5, "operation": 163, "time": 13415}, {"train": 5, "operation": 165, "time": 13505}, {"train": 5, "operation": 167, "time": 13510}, {"train": 0, "operation": 9, "time": 13683}, {"train": 0, "operation": 11, "time": 13688}, {"train": 3, "operation": 117, "time": 13740}, {"train": 3, "operation": 119, "time": 13749}, {"train": 0, "operation": 13, "time": 13786}, {"train": 0, "operation": 15, "time": 13792}, {"train": 2, "operation": 8, "time": 13900}, {"train": 4, "operation": 173, "time": 13910}, {"train": 1, "operation": 81, "time": 13910}, {"train": 1, "operation": 82, "time": 13910}, {"train": 4, "operation": 175, "time": 13919}, {"train": 4, "operation": 177, "time": 14088}, {"train": 4, "operation": 179, "time": 14093}, {"train": 5, "operation": 169, "time": 14156}, {"train": 5, "operation": 171, "time": 14177}, {"train": 5, "operation": 173, "time": 14324}, {"train": 5, "operation": 175, "time": 14328}, {"train": 3, "operation": 120, "time": 14410}, {"train": 3, "operation": 121, "time": 14415}, {"train": 0, "operation": 17, "time": 14420}, {"train": 0, "operation": 19, "time": 14425}, {"train": 0, "operation": 21, "time": 14525}, {"train": 4, "operation": 181, "time": 14529}, {"train": 0, "operation": 23, "time": 14530}, {"train": 3, "operation": 122, "time": 14533}, {"train": 4, "operation": 183, "time": 14534}, {"train": 3, "operation": 123, "time": 14539}, {"train": 2, "operation": 9, "time": 14577}, {"train": 2, "operation": 11, "time": 14583}, {"train": 5, "operation": 177, "time": 14618}, {"train": 5, "operation": 179, "time": 14623}, {"train": 4, "operation": 185, "time": 14624}, {"train": 4, "operation": 187, "time": 14629}, {"train": 2, "operation": 13, "time": 14721}, {"train": 2, "operation": 15, "time": 14729}, {"train": 5, "operation": 181, "time": 14806}, {"train": 5, "operation": 183, "time": 14811}, {"train": 5, "operation": 185, "time": 14929}, {"train": 5, "operation": 187, "time": 14933}, {"train": 0, "operation": 25, "time": 15023}, {"train": 0, "operation": 26, "time": 15027}, {"train": 5, "operation": 189, "time": 15029}, {"train": 5, "operation": 191, "time": 15034}, {"train": 0, "operation": 27, "time": 15110}, {"train": 0, "operation": 28, "time": 15119}, {"train": 0, "operation": 29, "time": 15172}, {"train": 0, "operation": 31, "time": 15184}, {"train": 4, "operation": 189, "time": 15275}, {"train": 4, "operation": 191, "time": 15296}, {"train": 0, "operation": 33, "time": 15316}, {"train": 0, "operation": 35, "time": 15321}, {"train": 5, "operation": 193, "time": 15322}, {"train": 5, "operation": 195, "time": 15327}, {"train": 4, "operation": 193, "time": 15443}, {"train": 4, "operation": 195, "time": 15447}, {"train": 2, "operation": 17, "time": 15528}, {"train": 5, "operation": 197, "time": 15532}, {"train": 2, "operation": 19, "time": 15535}, {"train": 5, "operation": 199, "time": 15537}, {"train": 3, "operation": 124, "time": 15560}, {"train": 3, "operation": 126, "time": 15566}, {"train": 0, "operation": 37, "time": 15636}, {"train": 0, "operation": 39, "time": 15647}, {"train": 2, "operation": 21, "time": 15675}, {"train": 2, "operation": 23, "time": 15681}, {"train": 4, "operation": 197, "time": 15737}, {"train": 4, "operation": 199, "time": 15742}, {"train": 0, "operation": 41, "time": 15758}, {"train": 0, "operation": 43, "time": 15764}, {"train": 3, "operation": 128, "time": 15775}, {"train": 3, "operation": 130, "time": 15782}, {"train": 5, "operation": 201, "time": 15792}, {"train": 5, "operation": 203, "time": 15797}, {"train": 4, "operation": 201, "time": 15925}, {"train": 4, "operation": 203, "time": 15930}, {"train": 5, "operation": 205, "time": 15973}, {"train": 5, "operation": 207, "time": 15978}, {"train": 4, "operation": 205, "time": 16048}, {"train": 4, "operation": 207, "time": 16052}, {"train": 0, "operation": 45, "time": 16073}, {"train": 0, "operation": 47, "time": 16077}, {"train": 4, "operation": 209, "time": 16148}, {"train": 4, "operation": 211, "time": 16153}, {"train": 0, "operation": 49, "time": 16242}, {"train": 0, "operation": 51, "time": 16246}, {"train": 2, "operation": 25, "time": 16246}, {"train": 2, "operation": 26, "time": 16251}, {"train": 2, "operation": 27, "time": 16350}, {"train": 2, "operation": 28, "time": 16359}, {"train": 2, "operation": 29, "time": 16413}, {"train": 2, "operation": 31, "time": 16425}, {"train": 4, "operation": 213, "time": 16441}, {"train": 4, "operation": 215, "time": 16446}, {"train": 2, "operation": 33, "time": 16557}, {"train": 2, "operation": 35, "time": 16563}, {"train": 4, "operation": 217, "time": 16651}, {"train": 4, "operation": 219, "time": 16656}, {"train": 5, "operation": 209, "time": 16677}, {"train": 5, "operation": 211, "time": 16682}, {"train": 5, "operation": 213, "time": 16793}, {"train": 5, "operation": 215, "time": 16798}, {"train": 0, "operation": 53, "time": 16870}, {"train": 0, "operation": 54, "time": 16874}, {"train": 4, "operation": 221, "time": 16911}, {"train": 4, "operation": 223, "time": 16916}, {"train": 0, "operation": 55, "time": 16925}, {"train": 0, "operation": 56, "time": 16931}, {"train": 3, "operation": 132, "time": 16972}, {"train": 2, "operation": 37, "time": 16977}, {"train": 3, "operation": 134, "time": 16981}, {"train": 2, "operation": 39, "time": 16992}, {"train": 0, "operation": 57, "time": 16994}, {"train": 0, "operation": 59, "time": 16999}, {"train": 0, "operation": 61, "time": 17090}, {"train": 4, "operation": 225, "time": 17092}, {"train": 0, "operation": 63, "time": 17095}, {"train": 4, "operation": 227, "time": 17097}, {"train": 2, "operation": 41, "time": 17148}, {"train": 3, "operation": 136, "time": 17150}, {"train": 2, "operation": 43, "time": 17156}, {"train": 3, "operation": 138, "time": 17157}, {"train": 5, "operation": 217, "time": 17287}, {"train": 5, "operation": 219, "time": 17291}, {"train": 5, "operation": 221, "time": 17408}, {"train": 5, "operation": 223, "time": 17412}, {"train": 0, "operation": 65, "time": 17561}, {"train": 0, "operation": 66, "time": 17566}, {"train": 2, "operation": 45, "time": 17589}, {"train": 2, "operation": 47, "time": 17595}, {"train": 0, "operation": 67, "time": 17729}, {"train": 0, "operation": 69, "time": 17738}, {"train": 3, "operation": 140, "time": 17767}, {"train": 3, "operation": 142, "time": 17773}, {"train": 4, "operation": 229, "time": 17796}, {"train": 4, "operation": 231, "time": 17801}, {"train": 2, "operation": 49, "time": 17825}, {"train": 2, "operation": 51, "time": 17831}, {"train": 3, "operation": 144, "time": 17899}, {"train": 3, "operation": 146, "time": 17905}, {"train": 0, "operation": 71, "time": 17908}, {"train": 4, "operation": 233, "time": 17912}, {"train": 0, "operation": 73, "time": 17914}, {"train": 4, "operation": 235, "time": 17917}, {"train": 5, "operation": 225, "time": 18041}, {"train": 5, "operation": 227, "time": 18045}, {"train": 0, "operation": 75, "time": 18071}, {"train": 0, "operation": 76, "time": 18081}, {"train": 5, "operation": 229, "time": 18129}, {"train": 5, "operation": 231, "time": 18133}, {"train": 0, "operation": 77, "time": 18259}, {"train": 0, "operation": 78, "time": 18271}, {"train": 4, "operation": 237, "time": 18406}, {"train": 4, "operation": 239, "time": 18410}, {"train": 0, "operation": 79, "time": 18436}, {"train": 0, "operation": 81, "time": 18442}, {"train": 5, "operation": 234, "time": 18471}, {"train": 5, "operation": 236, "time": 18484}, {"train": 4, "operation": 241, "time": 18527}, {"train": 4, "operation": 243, "time": 18531}, {"train": 0, "operation": 83, "time": 18542}, {"train": 0, "operation": 85, "time": 18548}, {"train": 0, "operation": 87, "time": 18607}, {"train": 0, "operation": 91, "time": 18611}, {"train": 0, "operation": 95, "time": 18702}, {"train": 2, "operation": 53, "time": 18705}, {"train": 0, "operation": 97, "time": 18707}, {"train": 5, "operation": 240, "time": 18710}, {"train": 2, "operation": 54, "time": 18711}, {"train": 5, "operation": 244, "time": 18727}, {"train": 2, "operation": 55, "time": 18782}, {"train": 2, "operation": 56, "time": 18790}, {"train": 3, "operation": 148, "time": 18809}, {"train": 3, "operation": 150, "time": 18838}, {"train": 5, "operation": 248, "time": 18870}, {"train": 2, "operation": 57, "time": 18878}, {"train": 2, "operation": 59, "time": 18885}, {"train": 5, "operation": 252, "time": 18896}, {"train": 2, "operation": 61, "time": 19013}, {"train": 2, "operation": 63, "time": 19020}, {"train": 3, "operation": 152, "time": 19044}, {"train": 3, "operation": 154, "time": 19050}, {"train": 4, "operation": 245, "time": 19160}, {"train": 4, "operation": 247, "time": 19164}, {"train": 5, "operation": 257, "time": 19234}, {"train": 4, "operation": 249, "time": 19248}, {"train": 4, "operation": 251, "time": 19252}, {"train": 5, "operation": 262, "time": 19295}, {"train": 0, "operation": 99, "time": 19370}, {"train": 0, "operation": 101, "time": 19374}, {"train": 5, "operation": 267, "time": 19408}, {"train": 3, "operation": 156, "time": 19417}, {"train": 5, "operation": 272, "time": 19421}, {"train": 3, "operation": 158, "time": 19423}, {"train": 0, "operation": 103, "time": 19522}, {"train": 0, "operation": 105, "time": 19526}, {"train": 5, "operation": 276, "time": 19538}, {"train": 5, "operation": 280, "time": 19558}, {"train": 4, "operation": 254, "time": 19590}, {"train": 2, "operation": 65, "time": 19591}, {"train": 2, "operation": 66, "time": 19598}, {"train": 4, "operation": 256, "time": 19603}, {"train": 5, "operation": 283, "time": 19632}, {"train": 3, "operation": 160, "time": 19643}, {"train": 3, "operation": 162, "time": 19649}, {"train": 5, "operation": 287, "time": 19666}, {"train": 5, "operation": 292, "time": 19710}, {"train": 5, "operation": 297, "time": 19763}, {"train": 3, "operation": 164, "time": 19791}, {"train": 3, "operation": 166, "time": 19796}, {"train": 2, "operation": 67, "time": 19826}, {"train": 4, "operation": 260, "time": 19829}, {"train": 2, "operation": 69, "time": 19838}, {"train": 4, "operation": 264, "time": 19846}, {"train": 3, "operation": 168, "time": 19910}, {"train": 3, "operation": 170, "time": 19916}, {"train": 5, "operation": 309, "time": 19987}, {"train": 4, "operation": 268, "time": 19989}, {"train": 4, "operation": 272, "time": 20015}, {"train": 5, "operation": 312, "time": 20052}, {"train": 2, "operation": 71, "time": 20076}, {"train": 2, "operation": 73, "time": 20084}, {"train": 0, "operation": 108, "time": 20193}, {"train": 3, "operation": 172, "time": 20206}, {"train": 3, "operation": 174, "time": 20212}, {"train": 0, "operation": 110, "time": 20216}, {"train": 2, "operation": 75, "time": 20302}, {"train": 0, "operation": 112, "time": 20305}, {"train": 2, "operation": 76, "time": 20316}, {"train": 0, "operation": 114, "time": 20319}, {"train": 4, "operation": 277, "time": 20353}, {"train": 0, "operation": 116, "time": 20394}, {"train": 0, "operation": 118, "time": 20399}, {"train": 4, "operation": 282, "time": 20414}, {"train": 3, "operation": 176, "time": 20457}, {"train": 3, "operation": 178, "time": 20463}, {"train": 4, "operation": 287, "time": 20527}, {"train": 4, "operation": 292, "time": 20540}, {"train": 2, "operation": 77, "time": 20564}, {"train": 2, "operation": 78, "time": 20580}, {"train": 4, "operation": 297, "time": 20657}, {"train": 4, "operation": 302, "time": 20677}, {"train": 4, "operation": 306, "time": 20751}, {"train": 5, "operation": 316, "time": 20759}, {"train": 3, "operation": 180, "time": 20769}, {"train": 3, "operation": 182, "time": 20775}, {"train": 5, "operation": 320, "time": 20781}, {"train": 4, "operation": 310, "time": 20785}, {"train": 2, "operation": 79, "time": 20811}, {"train": 2, "operation": 81, "time": 20819}, {"train": 4, "operation": 318, "time": 20829}, {"train": 4, "operation": 326, "time": 20882}, {"train": 2, "operation": 83, "time": 20959}, {"train": 2, "operation": 85, "time": 20967}, {"train": 3, "operation": 184, "time": 20986}, {"train": 3, "operation": 186, "time": 20992}, {"train": 2, "operation": 87, "time": 21050}, {"train": 2, "operation": 91, "time": 21056}, {"train": 0, "operation": 119, "time": 21060}, {"train": 0, "operation": 121, "time": 21064}, {"train": 4, "operation": 334, "time": 21106}, {"train": 4, "operation": 350, "time": 21171}, {"train": 2, "operation": 95, "time": 21182}, {"train": 2, "operation": 97, "time": 21188}, {"train": 0, "operation": 123, "time": 21211}, {"train": 0, "operation": 125, "time": 21216}, {"train": 5, "operation": 322, "time": 21318}, {"train": 5, "operation": 323, "time": 21318}, {"train": 0, "operation": 127, "time": 21543}, {"train": 0, "operation": 129, "time": 21548}, {"train": 0, "operation": 131, "time": 21640}, {"train": 0, "operation": 133, "time": 21645}, {"train": 3, "operation": 188, "time": 21831}, {"train": 3, "operation": 190, "time": 21837}, {"train": 4, "operation": 354, "time": 21878}, {"train": 4, "operation": 358, "time": 21900}, {"train": 3, "operation": 192, "time": 21970}, {"train": 3, "operation": 194, "time": 21976}, {"train": 2, "operation": 99, "time": 21979}, {"train": 2, "operation": 101, "time": 21985}, {"train": 2, "operation": 103, "time": 22191}, {"train": 2, "operation": 105, "time": 22197}, {"train": 0, "operation": 135, "time": 22251}, {"train": 0, "operation": 136, "time": 22259}, {"train": 0, "operation": 137, "time": 22340}, {"train": 0, "operation": 138, "time": 22349}, {"train": 4, "operation": 360, "time": 22437}, {"train": 4, "operation": 361, "time": 22437}, {"train": 0, "operation": 139, "time": 22491}, {"train": 0, "operation": 141, "time": 22498}, {"train": 3, "operation": 196, "time": 22545}, {"train": 3, "operation": 198, "time": 22551}, {"train": 0, "operation": 143, "time": 22589}, {"train": 0, "operation": 145, "time": 22594}, {"train": 3, "operation": 200, "time": 22715}, {"train": 3, "operation": 202, "time": 22720}, {"train": 0, "operation": 147, "time": 22765}, {"train": 0, "operation": 148, "time": 22770}, {"train": 0, "operation": 149, "time": 22786}, {"train": 0, "operation": 150, "time": 22791}, {"train": 0, "operation": 151, "time": 23059}, {"train": 0, "operation": 153, "time": 23064}, {"train": 2, "operation": 108, "time": 23130}, {"train": 2, "operation": 110, "time": 23163}, {"train": 2, "operation": 112, "time": 23287}, {"train": 0, "operation": 155, "time": 23296}, {"train": 0, "operation": 157, "time": 23300}, {"train": 2, "operation": 114, "time": 23306}, {"train": 2, "operation": 115, "time": 23410}, {"train": 2, "operation": 116, "time": 23416}, {"train": 3, "operation": 204, "time": 23600}, {"train": 3, "operation": 206, "time": 23606}, {"train": 3, "operation": 208, "time": 23723}, {"train": 3, "operation": 210, "time": 23729}, {"train": 0, "operation": 159, "time": 23767}, {"train": 0, "operation": 161, "time": 23772}, {"train": 0, "operation": 163, "time": 23861}, {"train": 0, "operation": 165, "time": 23866}, {"train": 3, "operation": 213, "time": 24187}, {"train": 3, "operation": 215, "time": 24200}, {"train": 2, "operation": 117, "time": 24341}, {"train": 2, "operation": 119, "time": 24347}, {"train": 0, "operation": 167, "time": 24465}, {"train": 0, "operation": 169, "time": 24469}, {"train": 3, "operation": 219, "time": 24516}, {"train": 3, "operation": 223, "time": 24540}, {"train": 2, "operation": 121, "time": 24552}, {"train": 2, "operation": 123, "time": 24558}, {"train": 0, "operation": 171, "time": 24559}, {"train": 0, "operation": 173, "time": 24564}, {"train": 3, "operation": 227, "time": 24739}, {"train": 3, "operation": 231, "time": 24765}, {"train": 2, "operation": 125, "time": 25016}, {"train": 2, "operation": 127, "time": 25023}, {"train": 0, "operation": 176, "time": 25095}, {"train": 0, "operation": 178, "time": 25103}, {"train": 3, "operation": 236, "time": 25103}, {"train": 2, "operation": 129, "time": 25152}, {"train": 2, "operation": 131, "time": 25159}, {"train": 3, "operation": 241, "time": 25164}, {"train": 3, "operation": 246, "time": 25277}, {"train": 3, "operation": 251, "time": 25290}, {"train": 3, "operation": 255, "time": 25407}, {"train": 3, "operation": 259, "time": 25427}, {"train": 0, "operation": 180, "time": 25445}, {"train": 0, "operation": 182, "time": 25454}, {"train": 3, "operation": 262, "time": 25501}, {"train": 3, "operation": 266, "time": 25535}, {"train": 3, "operation": 274, "time": 25579}, {"train": 3, "operation": 279, "time": 25632}, {"train": 3, "operation": 291, "time": 25856}, {"train": 3, "operation": 297, "time": 25921}, {"train": 2, "operation": 133, "time": 26007}, {"train": 2, "operation": 134, "time": 26018}, {"train": 0, "operation": 183, "time": 26079}, {"train": 0, "operation": 184, "time": 26083}, {"train": 2, "operation": 135, "time": 26132}, {"train": 2, "operation": 136, "time": 26144}, {"train": 0, "operation": 185, "time": 26167}, {"train": 0, "operation": 186, "time": 26171}, {"train": 2, "operation": 137, "time": 26343}, {"train": 2, "operation": 139, "time": 26353}, {"train": 2, "operation": 141, "time": 26480}, {"train": 2, "operation": 143, "time": 26487}, {"train": 3, "operation": 301, "time": 26628}, {"train": 3, "operation": 305, "time": 26650}, {"train": 2, "operation": 145, "time": 26727}, {"train": 2, "operation": 146, "time": 26734}, {"train": 2, "operation": 147, "time": 26757}, {"train": 2, "operation": 148, "time": 26763}, {"train": 0, "operation": 187, "time": 26900}, {"train": 0, "operation": 189, "time": 26905}, {"train": 0, "operation": 191, "time": 27054}, {"train": 0, "operation": 193, "time": 27059}, {"train": 2, "operation": 149, "time": 27139}, {"train": 2, "operation": 151, "time": 27146}, {"train": 3, "operation": 307, "time": 27187}, {"train": 3, "operation": 308, "time": 27187}, {"train": 2, "operation": 153, "time": 27470}, {"train": 2, "operation": 155, "time": 27476}, {"train": 0, "operation": 195, "time": 27985}, {"train": 0, "operation": 197, "time": 27994}, {"train": 2, "operation": 157, "time": 28130}, {"train": 2, "operation": 159, "time": 28137}, {"train": 0, "operation": 199, "time": 28163}, {"train": 0, "operation": 201, "time": 28168}, {"train": 2, "operation": 161, "time": 28262}, {"train": 2, "operation": 163, "time": 28269}, {"train": 0, "operation": 203, "time": 28604}, {"train": 0, "operation": 205, "time": 28609}, {"train": 0, "operation": 207, "time": 28699}, {"train": 0, "operation": 209, "time": 28704}, {"train": 2, "operation": 165, "time": 29092}, {"train": 2, "operation": 167, "time": 29098}, {"train": 2, "operation": 169, "time": 29224}, {"train": 2, "operation": 171, "time": 29230}, {"train": 0, "operation": 211, "time": 29350}, {"train": 0, "operation": 213, "time": 29371}, {"train": 0, "operation": 215, "time": 29518}, {"train": 0, "operation": 217, "time": 29522}, {"train": 0, "operation": 219, "time": 29812}, {"train": 0, "operation": 221, "time": 29817}, {"train": 2, "operation": 174, "time": 29821}, {"train": 2, "operation": 176, "time": 29829}, {"train": 0, "operation": 223, "time": 30000}, {"train": 0, "operation": 225, "time": 30005}, {"train": 0, "operation": 227, "time": 30123}, {"train": 0, "operation": 229, "time": 30127}, {"train": 2, "operation": 178, "time": 30171}, {"train": 2, "operation": 180, "time": 30180}, {"train": 0, "operation": 231, "time": 30223}, {"train": 0, "operation": 233, "time": 30228}, {"train": 0, "operation": 235, "time": 30516}, {"train": 0, "operation": 237, "time": 30521}, {"train": 0, "operation": 239, "time": 30726}, {"train": 0, "operation": 241, "time": 30731}, {"train": 2, "operation": 181, "time": 30835}, {"train": 2, "operation": 182, "time": 30840}, {"train": 2, "operation": 183, "time": 30958}, {"train": 2, "operation": 184, "time": 30964}, {"train": 0, "operation": 243, "time": 30986}, {"train": 0, "operation": 245, "time": 30991}, {"train": 0, "operation": 247, "time": 31167}, {"train": 0, "operation": 249, "time": 31172}, {"train": 0, "operation": 251, "time": 31871}, {"train": 0, "operation": 253, "time": 31876}, {"train": 2, "operation": 185, "time": 31985}, {"train": 0, "operation": 255, "time": 31987}, {"train": 2, "operation": 187, "time": 31991}, {"train": 0, "operation": 257, "time": 31992}, {"train": 2, "operation": 189, "time": 32200}, {"train": 2, "operation": 191, "time": 32207}, {"train": 0, "operation": 259, "time": 32481}, {"train": 0, "operation": 261, "time": 32485}, {"train": 0, "operation": 263, "time": 32602}, {"train": 0, "operation": 265, "time": 32606}, {"train": 0, "operation": 267, "time": 33235}, {"train": 0, "operation": 269, "time": 33239}, {"train": 0, "operation": 271, "time": 33323}, {"train": 0, "operation": 273, "time": 33327}, {"train": 2, "operation": 193, "time": 33397}, {"train": 2, "operation": 195, "time": 33406}, {"train": 2, "operation": 197, "time": 33575}, {"train": 2, "operation": 199, "time": 33582}, {"train": 0, "operation": 276, "time": 33665}, {"train": 0, "operation": 278, "time": 33678}, {"train": 0, "operation": 282, "time": 33904}, {"train": 0, "operation": 286, "time": 33921}, {"train": 0, "operation": 290, "time": 34064}, {"train": 0, "operation": 294, "time": 34090}, {"train": 2, "operation": 201, "time": 34192}, {"train": 2, "operation": 203, "time": 34198}, {"train": 2, "operation": 205, "time": 34324}, {"train": 2, "operation": 207, "time": 34330}, {"train": 0, "operation": 299, "time": 34428}, {"train": 0, "operation": 304, "time": 34489}, {"train": 0, "operation": 309, "time": 34602}, {"train": 0, "operation": 314, "time": 34615}, {"train": 0, "operation": 319, "time": 34732}, {"train": 0, "operation": 324, "time": 34752}, {"train": 0, "operation": 328, "time": 34826}, {"train": 0, "operation": 333, "time": 34860}, {"train": 0, "operation": 341, "time": 34904}, {"train": 0, "operation": 349, "time": 34957}, {"train": 0, "operation": 359, "time": 35181}, {"train": 2, "operation": 209, "time": 35234}, {"train": 0, "operation": 375, "time": 35246}, {"train": 2, "operation": 211, "time": 35263}, {"train": 2, "operation": 213, "time": 35469}, {"train": 2, "operation": 215, "time": 35475}, {"train": 2, "operation": 217, "time": 35842}, {"train": 2, "operation": 219, "time": 35848}, {"train": 0, "operation": 382, "time": 35953}, {"train": 0, "operation": 386, "time": 35975}, {"train": 2, "operation": 221, "time": 36068}, {"train": 2, "operation": 223, "time": 36074}, {"train": 2, "operation": 225, "time": 36216}, {"train": 2, "operation": 227, "time": 36221}, {"train": 2, "operation": 229, "time": 36335}, {"train": 2, "operation": 231, "time": 36341}, {"train": 0, "operation": 388, "time": 36512}, {"train": 0, "operation": 389, "time": 36512}, {"train": 2, "operation": 233, "time": 36631}, {"train": 2, "operation": 235, "time": 36637}, {"train": 2, "operation": 237, "time": 36882}, {"train": 2, "operation": 239, "time": 36888}, {"train": 2, "operation": 241, "time": 37194}, {"train": 2, "operation": 243, "time": 37200}, {"train": 2, "operation": 245, "time": 37411}, {"train": 2, "operation": 247, "time": 37417}, {"train": 2, "operation": 249, "time": 38256}, {"train": 2, "operation": 251, "time": 38262}, {"train": 2, "operation": 253, "time": 38395}, {"train": 2, "operation": 255, "time": 38401}, {"train": 2, "operation": 257, "time": 38970}, {"train": 2, "operation": 259, "time": 38976}, {"train": 2, "operation": 261, "time": 39140}, {"train": 2, "operation": 263, "time": 39145}, {"train": 2, "operation": 265, "time": 40025}, {"train": 2, "operation": 267, "time": 40031}, {"train": 2, "operation": 269, "time": 40148}, {"train": 2, "operation": 271, "time": 40154}, {"train": 2, "operation": 274, "time": 40612}, {"train": 2, "operation": 276, "time": 40625}, {"train": 2, "operation": 280, "time": 40941}, {"train": 2, "operation": 284, "time": 40965}, {"train": 2, "operation": 286, "time": 41074}, {"train": 2, "operation": 287, "time": 41074}]}