{"objective_value": 1483, "events": [{"train": 0, "operation": 0, "time": 0}, {"train": 1, "operation": 0, "time": 0}, {"train": 3, "operation": 0, "time": 0}, {"train": 4, "operation": 0, "time": 0}, {"train": 5, "operation": 0, "time": 0}, {"train": 0, "operation": 1, "time": 0}, {"train": 2, "operation": 0, "time": 0}, {"train": 4, "operation": 1, "time": 0}, {"train": 5, "operation": 1, "time": 0}, {"train": 2, "operation": 1, "time": 0}, {"train": 2, "operation": 2, "time": 0}, {"train": 4, "operation": 2, "time": 5}, {"train": 0, "operation": 2, "time": 13}, {"train": 4, "operation": 3, "time": 147}, {"train": 4, "operation": 4, "time": 154}, {"train": 5, "operation": 2, "time": 217}, {"train": 3, "operation": 1, "time": 319}, {"train": 1, "operation": 1, "time": 546}, {"train": 0, "operation": 4, "time": 553}, {"train": 1, "operation": 2, "time": 554}, {"train": 0, "operation": 6, "time": 589}, {"train": 1, "operation": 3, "time": 661}, {"train": 1, "operation": 4, "time": 672}, {"train": 0, "operation": 8, "time": 675}, {"train": 0, "operation": 10, "time": 688}, {"train": 4, "operation": 5, "time": 732}, {"train": 4, "operation": 6, "time": 743}, {"train": 4, "operation": 7, "time": 815}, {"train": 4, "operation": 8, "time": 835}, {"train": 5, "operation": 3, "time": 858}, {"train": 5, "operation": 5, "time": 863}, {"train": 0, "operation": 11, "time": 947}, {"train": 0, "operation": 12, "time": 957}, {"train": 5, "operation": 7, "time": 1005}, {"train": 1, "operation": 5, "time": 1034}, {"train": 1, "operation": 6, "time": 1045}, {"train": 4, "operation": 9, "time": 1047}, {"train": 5, "operation": 9, "time": 1047}, {"train": 4, "operation": 10, "time": 1065}, {"train": 3, "operation": 2, "time": 1075}, {"train": 4, "operation": 11, "time": 1100}, {"train": 4, "operation": 12, "time": 1106}, {"train": 1, "operation": 7, "time": 1187}, {"train": 1, "operation": 9, "time": 1202}, {"train": 1, "operation": 12, "time": 1343}, {"train": 1, "operation": 16, "time": 1385}, {"train": 1, "operation": 20, "time": 1523}, {"train": 1, "operation": 24, "time": 1538}, {"train": 0, "operation": 13, "time": 1540}, {"train": 0, "operation": 14, "time": 1548}, {"train": 1, "operation": 28, "time": 1559}, {"train": 1, "operation": 32, "time": 1565}, {"train": 1, "operation": 36, "time": 1612}, {"train": 5, "operation": 11, "time": 1619}, {"train": 5, "operation": 12, "time": 1630}, {"train": 4, "operation": 13, "time": 1646}, {"train": 0, "operation": 15, "time": 1655}, {"train": 0, "operation": 17, "time": 1661}, {"train": 4, "operation": 15, "time": 1663}, {"train": 5, "operation": 13, "time": 1702}, {"train": 5, "operation": 14, "time": 1702}, {"train": 3, "operation": 3, "time": 1716}, {"train": 3, "operation": 5, "time": 1721}, {"train": 0, "operation": 19, "time": 1846}, {"train": 0, "operation": 21, "time": 1852}, {"train": 1, "operation": 40, "time": 1861}, {"train": 1, "operation": 41, "time": 1861}, {"train": 3, "operation": 7, "time": 1863}, {"train": 3, "operation": 9, "time": 1870}, {"train": 4, "operation": 17, "time": 1870}, {"train": 4, "operation": 19, "time": 1876}, {"train": 0, "operation": 23, "time": 1994}, {"train": 0, "operation": 27, "time": 2009}, {"train": 0, "operation": 31, "time": 2150}, {"train": 0, "operation": 33, "time": 2172}, {"train": 0, "operation": 35, "time": 2305}, {"train": 0, "operation": 37, "time": 2341}, {"train": 0, "operation": 39, "time": 2356}, {"train": 0, "operation": 41, "time": 2378}, {"train": 0, "operation": 47, "time": 2407}, {"train": 4, "operation": 23, "time": 2438}, {"train": 4, "operation": 24, "time": 2446}, {"train": 3, "operation": 11, "time": 2449}, {"train": 0, "operation": 54, "time": 2456}, {"train": 3, "operation": 12, "time": 2460}, {"train": 0, "operation": 67, "time": 2487}, {"train": 0, "operation": 78, "time": 2521}, {"train": 3, "operation": 13, "time": 2532}, {"train": 3, "operation": 14, "time": 2552}, {"train": 4, "operation": 25, "time": 2553}, {"train": 4, "operation": 27, "time": 2559}, {"train": 0, "operation": 89, "time": 2561}, {"train": 0, "operation": 101, "time": 2579}, {"train": 4, "operation": 29, "time": 2744}, {"train": 4, "operation": 31, "time": 2750}, {"train": 3, "operation": 15, "time": 2764}, {"train": 3, "operation": 16, "time": 2782}, {"train": 3, "operation": 17, "time": 2817}, {"train": 3, "operation": 18, "time": 2823}, {"train": 0, "operation": 114, "time": 2884}, {"train": 4, "operation": 33, "time": 2892}, {"train": 4, "operation": 35, "time": 2907}, {"train": 0, "operation": 122, "time": 2935}, {"train": 0, "operation": 132, "time": 2969}, {"train": 0, "operation": 139, "time": 2977}, {"train": 4, "operation": 38, "time": 3048}, {"train": 4, "operation": 42, "time": 3090}, {"train": 0, "operation": 147, "time": 3096}, {"train": 0, "operation": 159, "time": 3114}, {"train": 0, "operation": 175, "time": 3161}, {"train": 0, "operation": 193, "time": 3205}, {"train": 0, "operation": 204, "time": 3223}, {"train": 4, "operation": 46, "time": 3228}, {"train": 0, "operation": 218, "time": 3229}, {"train": 4, "operation": 50, "time": 3243}, {"train": 4, "operation": 54, "time": 3264}, {"train": 4, "operation": 56, "time": 3270}, {"train": 4, "operation": 58, "time": 3317}, {"train": 3, "operation": 19, "time": 3363}, {"train": 0, "operation": 227, "time": 3374}, {"train": 3, "operation": 21, "time": 3380}, {"train": 0, "operation": 232, "time": 3389}, {"train": 0, "operation": 237, "time": 3458}, {"train": 0, "operation": 243, "time": 3471}, {"train": 0, "operation": 248, "time": 3530}, {"train": 0, "operation": 252, "time": 3538}, {"train": 4, "operation": 59, "time": 3566}, {"train": 4, "operation": 60, "time": 3566}, {"train": 3, "operation": 23, "time": 3587}, {"train": 3, "operation": 25, "time": 3593}, {"train": 0, "operation": 256, "time": 3795}, {"train": 0, "operation": 258, "time": 3808}, {"train": 3, "operation": 29, "time": 4162}, {"train": 3, "operation": 30, "time": 4170}, {"train": 0, "operation": 260, "time": 4214}, {"train": 0, "operation": 264, "time": 4227}, {"train": 3, "operation": 31, "time": 4277}, {"train": 3, "operation": 32, "time": 4277}, {"train": 0, "operation": 268, "time": 4307}, {"train": 0, "operation": 274, "time": 4313}, {"train": 0, "operation": 281, "time": 4482}, {"train": 0, "operation": 288, "time": 4482}]}