{"objective_value": 5040, "events": [{"train": 0, "operation": 0, "time": 0}, {"train": 1, "operation": 0, "time": 0}, {"train": 2, "operation": 0, "time": 0}, {"train": 3, "operation": 0, "time": 0}, {"train": 4, "operation": 0, "time": 0}, {"train": 5, "operation": 0, "time": 0}, {"train": 1, "operation": 1, "time": 0}, {"train": 1, "operation": 2, "time": 12}, {"train": 3, "operation": 1, "time": 270}, {"train": 3, "operation": 2, "time": 270}, {"train": 4, "operation": 1, "time": 346}, {"train": 4, "operation": 2, "time": 393}, {"train": 1, "operation": 3, "time": 477}, {"train": 1, "operation": 4, "time": 489}, {"train": 2, "operation": 1, "time": 535}, {"train": 2, "operation": 2, "time": 558}, {"train": 4, "operation": 3, "time": 601}, {"train": 4, "operation": 5, "time": 623}, {"train": 4, "operation": 8, "time": 657}, {"train": 4, "operation": 11, "time": 690}, {"train": 2, "operation": 3, "time": 863}, {"train": 2, "operation": 5, "time": 886}, {"train": 1, "operation": 5, "time": 927}, {"train": 1, "operation": 6, "time": 940}, {"train": 4, "operation": 19, "time": 1129}, {"train": 0, "operation": 1, "time": 1144}, {"train": 0, "operation": 2, "time": 1156}, {"train": 4, "operation": 25, "time": 1158}, {"train": 3, "operation": 3, "time": 1192}, {"train": 3, "operation": 4, "time": 1206}, {"train": 5, "operation": 1, "time": 1353}, {"train": 5, "operation": 2, "time": 1365}, {"train": 3, "operation": 6, "time": 1633}, {"train": 1, "operation": 7, "time": 1654}, {"train": 3, "operation": 8, "time": 1656}, {"train": 1, "operation": 8, "time": 1668}, {"train": 0, "operation": 3, "time": 1788}, {"train": 0, "operation": 4, "time": 1788}, {"train": 4, "operation": 31, "time": 1810}, {"train": 4, "operation": 37, "time": 1831}, {"train": 5, "operation": 3, "time": 1985}, {"train": 5, "operation": 5, "time": 1997}, {"train": 4, "operation": 46, "time": 2027}, {"train": 4, "operation": 50, "time": 2033}, {"train": 3, "operation": 14, "time": 2084}, {"train": 3, "operation": 20, "time": 2119}, {"train": 4, "operation": 52, "time": 2147}, {"train": 4, "operation": 54, "time": 2153}, {"train": 1, "operation": 9, "time": 2213}, {"train": 1, "operation": 10, "time": 2228}, {"train": 3, "operation": 30, "time": 2276}, {"train": 3, "operation": 40, "time": 2293}, {"train": 3, "operation": 56, "time": 2327}, {"train": 3, "operation": 76, "time": 2360}, {"train": 2, "operation": 7, "time": 2447}, {"train": 2, "operation": 9, "time": 2447}, {"train": 4, "operation": 57, "time": 2501}, {"train": 4, "operation": 59, "time": 2522}, {"train": 0, "operation": 5, "time": 2595}, {"train": 0, "operation": 6, "time": 2607}, {"train": 4, "operation": 62, "time": 2656}, {"train": 4, "operation": 66, "time": 2662}, {"train": 4, "operation": 69, "time": 2776}, {"train": 4, "operation": 72, "time": 2782}, {"train": 3, "operation": 88, "time": 2799}, {"train": 5, "operation": 7, "time": 2816}, {"train": 5, "operation": 9, "time": 2816}, {"train": 3, "operation": 94, "time": 2828}, {"train": 0, "operation": 8, "time": 2963}, {"train": 0, "operation": 10, "time": 2982}, {"train": 1, "operation": 12, "time": 3060}, {"train": 1, "operation": 14, "time": 3078}, {"train": 4, "operation": 74, "time": 3121}, {"train": 4, "operation": 76, "time": 3151}, {"train": 0, "operation": 16, "time": 3362}, {"train": 2, "operation": 12, "time": 3380}, {"train": 2, "operation": 16, "time": 3392}, {"train": 0, "operation": 22, "time": 3397}, {"train": 3, "operation": 100, "time": 3480}, {"train": 3, "operation": 106, "time": 3501}, {"train": 0, "operation": 32, "time": 3554}, {"train": 0, "operation": 42, "time": 3571}, {"train": 0, "operation": 57, "time": 3605}, {"train": 5, "operation": 11, "time": 3619}, {"train": 5, "operation": 13, "time": 3631}, {"train": 0, "operation": 77, "time": 3649}, {"train": 3, "operation": 115, "time": 3697}, {"train": 3, "operation": 119, "time": 3703}, {"train": 1, "operation": 18, "time": 3727}, {"train": 1, "operation": 22, "time": 3745}, {"train": 4, "operation": 79, "time": 3804}, {"train": 3, "operation": 121, "time": 3817}, {"train": 3, "operation": 123, "time": 3823}, {"train": 4, "operation": 82, "time": 3826}, {"train": 2, "operation": 22, "time": 3857}, {"train": 2, "operation": 26, "time": 3869}, {"train": 5, "operation": 16, "time": 3987}, {"train": 5, "operation": 18, "time": 4006}, {"train": 0, "operation": 88, "time": 4080}, {"train": 0, "operation": 94, "time": 4103}, {"train": 4, "operation": 89, "time": 4104}, {"train": 4, "operation": 92, "time": 4119}, {"train": 3, "operation": 125, "time": 4171}, {"train": 3, "operation": 127, "time": 4192}, {"train": 0, "operation": 99, "time": 4199}, {"train": 0, "operation": 105, "time": 4205}, {"train": 4, "operation": 95, "time": 4228}, {"train": 1, "operation": 25, "time": 4256}, {"train": 4, "operation": 98, "time": 4270}, {"train": 1, "operation": 28, "time": 4274}, {"train": 2, "operation": 30, "time": 4307}, {"train": 4, "operation": 101, "time": 4319}, {"train": 2, "operation": 34, "time": 4320}, {"train": 4, "operation": 104, "time": 4332}, {"train": 5, "operation": 24, "time": 4386}, {"train": 5, "operation": 30, "time": 4421}, {"train": 4, "operation": 106, "time": 4453}, {"train": 4, "operation": 107, "time": 4453}, {"train": 5, "operation": 40, "time": 4578}, {"train": 5, "operation": 50, "time": 4595}, {"train": 5, "operation": 66, "time": 4629}, {"train": 0, "operation": 111, "time": 4649}, {"train": 5, "operation": 80, "time": 4662}, {"train": 0, "operation": 113, "time": 4667}, {"train": 1, "operation": 32, "time": 4688}, {"train": 1, "operation": 36, "time": 4705}, {"train": 3, "operation": 130, "time": 4790}, {"train": 3, "operation": 134, "time": 4820}, {"train": 3, "operation": 137, "time": 4926}, {"train": 3, "operation": 140, "time": 4933}, {"train": 2, "operation": 38, "time": 5034}, {"train": 2, "operation": 42, "time": 5048}, {"train": 5, "operation": 88, "time": 5082}, {"train": 5, "operation": 94, "time": 5106}, {"train": 1, "operation": 40, "time": 5179}, {"train": 1, "operation": 46, "time": 5197}, {"train": 0, "operation": 115, "time": 5342}, {"train": 0, "operation": 119, "time": 5360}, {"train": 3, "operation": 153, "time": 5474}, {"train": 3, "operation": 155, "time": 5496}, {"train": 4, "operation": 108, "time": 5551}, {"train": 4, "operation": 109, "time": 5551}, {"train": 4, "operation": 110, "time": 5551}, {"train": 2, "operation": 46, "time": 5593}, {"train": 2, "operation": 50, "time": 5608}, {"train": 5, "operation": 100, "time": 5649}, {"train": 5, "operation": 106, "time": 5667}, {"train": 3, "operation": 157, "time": 5774}, {"train": 3, "operation": 160, "time": 5789}, {"train": 5, "operation": 115, "time": 5830}, {"train": 5, "operation": 119, "time": 5835}, {"train": 0, "operation": 132, "time": 5859}, {"train": 0, "operation": 136, "time": 5884}, {"train": 3, "operation": 163, "time": 5898}, {"train": 3, "operation": 169, "time": 5924}, {"train": 5, "operation": 121, "time": 5930}, {"train": 5, "operation": 123, "time": 5935}, {"train": 1, "operation": 51, "time": 5941}, {"train": 3, "operation": 175, "time": 5948}, {"train": 3, "operation": 180, "time": 5954}, {"train": 1, "operation": 57, "time": 5962}, {"train": 0, "operation": 139, "time": 5972}, {"train": 0, "operation": 142, "time": 5978}, {"train": 3, "operation": 186, "time": 6014}, {"train": 3, "operation": 188, "time": 6029}, {"train": 5, "operation": 126, "time": 6225}, {"train": 5, "operation": 128, "time": 6243}, {"train": 5, "operation": 131, "time": 6355}, {"train": 5, "operation": 135, "time": 6360}, {"train": 0, "operation": 155, "time": 6429}, {"train": 2, "operation": 54, "time": 6443}, {"train": 0, "operation": 157, "time": 6447}, {"train": 5, "operation": 138, "time": 6455}, {"train": 2, "operation": 58, "time": 6458}, {"train": 5, "operation": 141, "time": 6460}, {"train": 3, "operation": 190, "time": 6629}, {"train": 3, "operation": 192, "time": 6649}, {"train": 1, "operation": 66, "time": 6652}, {"train": 1, "operation": 70, "time": 6661}, {"train": 0, "operation": 159, "time": 6679}, {"train": 0, "operation": 162, "time": 6692}, {"train": 5, "operation": 143, "time": 6743}, {"train": 5, "operation": 145, "time": 6768}, {"train": 0, "operation": 165, "time": 6783}, {"train": 0, "operation": 171, "time": 6804}, {"train": 0, "operation": 177, "time": 6824}, {"train": 0, "operation": 182, "time": 6829}, {"train": 0, "operation": 188, "time": 6879}, {"train": 0, "operation": 190, "time": 6891}, {"train": 2, "operation": 62, "time": 7015}, {"train": 2, "operation": 66, "time": 7030}, {"train": 1, "operation": 76, "time": 7040}, {"train": 1, "operation": 80, "time": 7054}, {"train": 5, "operation": 148, "time": 7312}, {"train": 5, "operation": 151, "time": 7330}, {"train": 1, "operation": 82, "time": 7359}, {"train": 1, "operation": 85, "time": 7370}, {"train": 3, "operation": 194, "time": 7392}, {"train": 3, "operation": 195, "time": 7417}, {"train": 2, "operation": 69, "time": 7468}, {"train": 2, "operation": 72, "time": 7484}, {"train": 5, "operation": 158, "time": 7562}, {"train": 5, "operation": 161, "time": 7575}, {"train": 5, "operation": 166, "time": 7666}, {"train": 5, "operation": 172, "time": 7687}, {"train": 5, "operation": 178, "time": 7762}, {"train": 5, "operation": 182, "time": 7774}, {"train": 2, "operation": 75, "time": 7889}, {"train": 2, "operation": 79, "time": 7910}, {"train": 1, "operation": 87, "time": 7935}, {"train": 1, "operation": 91, "time": 7952}, {"train": 1, "operation": 95, "time": 8050}, {"train": 1, "operation": 98, "time": 8055}, {"train": 1, "operation": 101, "time": 8150}, {"train": 1, "operation": 104, "time": 8155}, {"train": 3, "operation": 196, "time": 8221}, {"train": 3, "operation": 197, "time": 8241}, {"train": 5, "operation": 188, "time": 8274}, {"train": 5, "operation": 190, "time": 8294}, {"train": 2, "operation": 82, "time": 8355}, {"train": 2, "operation": 88, "time": 8370}, {"train": 1, "operation": 107, "time": 8387}, {"train": 1, "operation": 109, "time": 8411}, {"train": 2, "operation": 93, "time": 8449}, {"train": 2, "operation": 99, "time": 8459}, {"train": 1, "operation": 111, "time": 8471}, {"train": 1, "operation": 115, "time": 8475}, {"train": 1, "operation": 119, "time": 8600}, {"train": 1, "operation": 122, "time": 8605}, {"train": 3, "operation": 198, "time": 8758}, {"train": 3, "operation": 199, "time": 8778}, {"train": 5, "operation": 191, "time": 8896}, {"train": 5, "operation": 192, "time": 8917}, {"train": 2, "operation": 105, "time": 9008}, {"train": 2, "operation": 107, "time": 9023}, {"train": 0, "operation": 192, "time": 9081}, {"train": 0, "operation": 194, "time": 9106}, {"train": 1, "operation": 125, "time": 9111}, {"train": 1, "operation": 127, "time": 9133}, {"train": 5, "operation": 193, "time": 9587}, {"train": 3, "operation": 200, "time": 9592}, {"train": 5, "operation": 194, "time": 9604}, {"train": 3, "operation": 201, "time": 9613}, {"train": 2, "operation": 110, "time": 9615}, {"train": 2, "operation": 114, "time": 9623}, {"train": 0, "operation": 196, "time": 9748}, {"train": 0, "operation": 197, "time": 9769}, {"train": 1, "operation": 129, "time": 9792}, {"train": 1, "operation": 132, "time": 9809}, {"train": 3, "operation": 202, "time": 9842}, {"train": 3, "operation": 203, "time": 9847}, {"train": 3, "operation": 204, "time": 9961}, {"train": 3, "operation": 205, "time": 9968}, {"train": 2, "operation": 120, "time": 10002}, {"train": 2, "operation": 124, "time": 10016}, {"train": 5, "operation": 195, "time": 10034}, {"train": 5, "operation": 196, "time": 10051}, {"train": 2, "operation": 126, "time": 10321}, {"train": 2, "operation": 129, "time": 10332}, {"train": 3, "operation": 206, "time": 10383}, {"train": 3, "operation": 207, "time": 10404}, {"train": 1, "operation": 139, "time": 10420}, {"train": 1, "operation": 142, "time": 10437}, {"train": 0, "operation": 198, "time": 10439}, {"train": 0, "operation": 199, "time": 10456}, {"train": 5, "operation": 197, "time": 10729}, {"train": 5, "operation": 198, "time": 10746}, {"train": 3, "operation": 208, "time": 10789}, {"train": 3, "operation": 209, "time": 10794}, {"train": 2, "operation": 131, "time": 10852}, {"train": 2, "operation": 135, "time": 10867}, {"train": 0, "operation": 200, "time": 10886}, {"train": 0, "operation": 201, "time": 10903}, {"train": 3, "operation": 210, "time": 10919}, {"train": 3, "operation": 211, "time": 10925}, {"train": 5, "operation": 199, "time": 10937}, {"train": 5, "operation": 200, "time": 10941}, {"train": 2, "operation": 139, "time": 10951}, {"train": 2, "operation": 142, "time": 10955}, {"train": 1, "operation": 145, "time": 10986}, {"train": 1, "operation": 148, "time": 11004}, {"train": 5, "operation": 201, "time": 11036}, {"train": 5, "operation": 202, "time": 11036}, {"train": 2, "operation": 145, "time": 11037}, {"train": 2, "operation": 148, "time": 11041}, {"train": 3, "operation": 212, "time": 11179}, {"train": 3, "operation": 214, "time": 11185}, {"train": 2, "operation": 151, "time": 11241}, {"train": 2, "operation": 153, "time": 11262}, {"train": 2, "operation": 155, "time": 11314}, {"train": 2, "operation": 159, "time": 11318}, {"train": 3, "operation": 216, "time": 11397}, {"train": 3, "operation": 218, "time": 11403}, {"train": 2, "operation": 163, "time": 11424}, {"train": 2, "operation": 166, "time": 11429}, {"train": 1, "operation": 152, "time": 11566}, {"train": 0, "operation": 202, "time": 11581}, {"train": 1, "operation": 155, "time": 11583}, {"train": 0, "operation": 203, "time": 11598}, {"train": 3, "operation": 220, "time": 11737}, {"train": 3, "operation": 222, "time": 11742}, {"train": 0, "operation": 204, "time": 11789}, {"train": 0, "operation": 205, "time": 11793}, {"train": 2, "operation": 169, "time": 11863}, {"train": 2, "operation": 171, "time": 11882}, {"train": 0, "operation": 206, "time": 11888}, {"train": 0, "operation": 207, "time": 11894}, {"train": 3, "operation": 224, "time": 11976}, {"train": 3, "operation": 226, "time": 11982}, {"train": 1, "operation": 167, "time": 12034}, {"train": 1, "operation": 171, "time": 12052}, {"train": 0, "operation": 208, "time": 12240}, {"train": 0, "operation": 209, "time": 12257}, {"train": 2, "operation": 173, "time": 12447}, {"train": 2, "operation": 176, "time": 12462}, {"train": 3, "operation": 228, "time": 12493}, {"train": 3, "operation": 230, "time": 12497}, {"train": 0, "operation": 210, "time": 12597}, {"train": 0, "operation": 211, "time": 12602}, {"train": 3, "operation": 232, "time": 12612}, {"train": 3, "operation": 234, "time": 12618}, {"train": 1, "operation": 173, "time": 12643}, {"train": 1, "operation": 176, "time": 12660}, {"train": 0, "operation": 212, "time": 12727}, {"train": 0, "operation": 213, "time": 12733}, {"train": 3, "operation": 236, "time": 12927}, {"train": 3, "operation": 238, "time": 12932}, {"train": 0, "operation": 214, "time": 12986}, {"train": 2, "operation": 183, "time": 12986}, {"train": 0, "operation": 216, "time": 12991}, {"train": 2, "operation": 186, "time": 13000}, {"train": 3, "operation": 240, "time": 13145}, {"train": 3, "operation": 242, "time": 13151}, {"train": 0, "operation": 218, "time": 13168}, {"train": 0, "operation": 220, "time": 13173}, {"train": 1, "operation": 179, "time": 13278}, {"train": 1, "operation": 183, "time": 13294}, {"train": 0, "operation": 222, "time": 13451}, {"train": 0, "operation": 224, "time": 13455}, {"train": 2, "operation": 189, "time": 13470}, {"train": 2, "operation": 192, "time": 13485}, {"train": 3, "operation": 245, "time": 13622}, {"train": 3, "operation": 247, "time": 13640}, {"train": 0, "operation": 226, "time": 13650}, {"train": 0, "operation": 228, "time": 13655}, {"train": 1, "operation": 187, "time": 13852}, {"train": 1, "operation": 190, "time": 13869}, {"train": 2, "operation": 196, "time": 13968}, {"train": 2, "operation": 199, "time": 13983}, {"train": 3, "operation": 249, "time": 14028}, {"train": 3, "operation": 251, "time": 14052}, {"train": 0, "operation": 230, "time": 14081}, {"train": 0, "operation": 232, "time": 14085}, {"train": 0, "operation": 234, "time": 14180}, {"train": 0, "operation": 236, "time": 14185}, {"train": 2, "operation": 211, "time": 14370}, {"train": 2, "operation": 215, "time": 14386}, {"train": 0, "operation": 239, "time": 14442}, {"train": 0, "operation": 241, "time": 14450}, {"train": 1, "operation": 193, "time": 14485}, {"train": 1, "operation": 196, "time": 14502}, {"train": 3, "operation": 253, "time": 14504}, {"train": 3, "operation": 255, "time": 14522}, {"train": 0, "operation": 243, "time": 14805}, {"train": 0, "operation": 245, "time": 14814}, {"train": 2, "operation": 217, "time": 14893}, {"train": 2, "operation": 220, "time": 14908}, {"train": 3, "operation": 256, "time": 14986}, {"train": 3, "operation": 258, "time": 14991}, {"train": 1, "operation": 199, "time": 15102}, {"train": 1, "operation": 203, "time": 15119}, {"train": 3, "operation": 260, "time": 15196}, {"train": 3, "operation": 262, "time": 15202}, {"train": 0, "operation": 247, "time": 15207}, {"train": 0, "operation": 249, "time": 15222}, {"train": 2, "operation": 223, "time": 15438}, {"train": 2, "operation": 227, "time": 15452}, {"train": 0, "operation": 251, "time": 15545}, {"train": 0, "operation": 253, "time": 15565}, {"train": 1, "operation": 207, "time": 15694}, {"train": 1, "operation": 211, "time": 15711}, {"train": 3, "operation": 264, "time": 15743}, {"train": 3, "operation": 266, "time": 15748}, {"train": 3, "operation": 268, "time": 15862}, {"train": 3, "operation": 270, "time": 15868}, {"train": 1, "operation": 215, "time": 15894}, {"train": 1, "operation": 219, "time": 15913}, {"train": 2, "operation": 231, "time": 15931}, {"train": 2, "operation": 234, "time": 15946}, {"train": 0, "operation": 255, "time": 15997}, {"train": 0, "operation": 257, "time": 16012}, {"train": 1, "operation": 223, "time": 16027}, {"train": 1, "operation": 231, "time": 16049}, {"train": 1, "operation": 257, "time": 16076}, {"train": 3, "operation": 272, "time": 16149}, {"train": 3, "operation": 274, "time": 16168}, {"train": 1, "operation": 291, "time": 16326}, {"train": 1, "operation": 315, "time": 16363}, {"train": 0, "operation": 258, "time": 16399}, {"train": 0, "operation": 260, "time": 16403}, {"train": 1, "operation": 341, "time": 16406}, {"train": 2, "operation": 237, "time": 16474}, {"train": 2, "operation": 240, "time": 16488}, {"train": 1, "operation": 344, "time": 16559}, {"train": 0, "operation": 262, "time": 16574}, {"train": 0, "operation": 264, "time": 16579}, {"train": 1, "operation": 349, "time": 16593}, {"train": 3, "operation": 276, "time": 16956}, {"train": 3, "operation": 278, "time": 16983}, {"train": 2, "operation": 243, "time": 17002}, {"train": 2, "operation": 247, "time": 17017}, {"train": 0, "operation": 266, "time": 17030}, {"train": 0, "operation": 268, "time": 17034}, {"train": 3, "operation": 280, "time": 17099}, {"train": 3, "operation": 282, "time": 17105}, {"train": 0, "operation": 270, "time": 17129}, {"train": 1, "operation": 354, "time": 17130}, {"train": 1, "operation": 356, "time": 17130}, {"train": 0, "operation": 272, "time": 17134}, {"train": 0, "operation": 274, "time": 17386}, {"train": 0, "operation": 276, "time": 17405}, {"train": 2, "operation": 251, "time": 17510}, {"train": 3, "operation": 284, "time": 17514}, {"train": 3, "operation": 286, "time": 17520}, {"train": 2, "operation": 255, "time": 17525}, {"train": 3, "operation": 288, "time": 17634}, {"train": 3, "operation": 290, "time": 17640}, {"train": 2, "operation": 259, "time": 17683}, {"train": 2, "operation": 263, "time": 17699}, {"train": 2, "operation": 267, "time": 17797}, {"train": 2, "operation": 275, "time": 17816}, {"train": 2, "operation": 301, "time": 17840}, {"train": 3, "operation": 293, "time": 17994}, {"train": 3, "operation": 295, "time": 18014}, {"train": 2, "operation": 335, "time": 18090}, {"train": 0, "operation": 278, "time": 18114}, {"train": 2, "operation": 359, "time": 18127}, {"train": 0, "operation": 280, "time": 18141}, {"train": 2, "operation": 385, "time": 18170}, {"train": 3, "operation": 299, "time": 18195}, {"train": 3, "operation": 303, "time": 18205}, {"train": 0, "operation": 282, "time": 18256}, {"train": 0, "operation": 284, "time": 18261}, {"train": 2, "operation": 388, "time": 18323}, {"train": 2, "operation": 393, "time": 18357}, {"train": 0, "operation": 286, "time": 18602}, {"train": 0, "operation": 288, "time": 18607}, {"train": 0, "operation": 290, "time": 18702}, {"train": 0, "operation": 292, "time": 18707}, {"train": 2, "operation": 398, "time": 18894}, {"train": 2, "operation": 400, "time": 18894}, {"train": 0, "operation": 294, "time": 19013}, {"train": 0, "operation": 296, "time": 19033}, {"train": 0, "operation": 298, "time": 19184}, {"train": 0, "operation": 302, "time": 19192}, {"train": 3, "operation": 305, "time": 19350}, {"train": 3, "operation": 307, "time": 19361}, {"train": 3, "operation": 308, "time": 19577}, {"train": 3, "operation": 310, "time": 19585}, {"train": 3, "operation": 312, "time": 19750}, {"train": 3, "operation": 314, "time": 19759}, {"train": 3, "operation": 316, "time": 20036}, {"train": 3, "operation": 318, "time": 20057}, {"train": 0, "operation": 306, "time": 20280}, {"train": 0, "operation": 308, "time": 20292}, {"train": 3, "operation": 320, "time": 20312}, {"train": 3, "operation": 322, "time": 20318}, {"train": 0, "operation": 310, "time": 20508}, {"train": 0, "operation": 312, "time": 20516}, {"train": 0, "operation": 314, "time": 20681}, {"train": 0, "operation": 316, "time": 20690}, {"train": 3, "operation": 324, "time": 20704}, {"train": 3, "operation": 326, "time": 20710}, {"train": 3, "operation": 328, "time": 20824}, {"train": 3, "operation": 330, "time": 20852}, {"train": 0, "operation": 318, "time": 20964}, {"train": 0, "operation": 320, "time": 20981}, {"train": 3, "operation": 333, "time": 21123}, {"train": 0, "operation": 322, "time": 21194}, {"train": 3, "operation": 335, "time": 21194}, {"train": 0, "operation": 324, "time": 21199}, {"train": 0, "operation": 326, "time": 21521}, {"train": 0, "operation": 328, "time": 21527}, {"train": 0, "operation": 330, "time": 21641}, {"train": 0, "operation": 332, "time": 21669}, {"train": 3, "operation": 339, "time": 21840}, {"train": 3, "operation": 343, "time": 21864}, {"train": 0, "operation": 334, "time": 21940}, {"train": 0, "operation": 336, "time": 22011}, {"train": 3, "operation": 345, "time": 22497}, {"train": 3, "operation": 347, "time": 22518}, {"train": 0, "operation": 338, "time": 22670}, {"train": 0, "operation": 342, "time": 22694}, {"train": 3, "operation": 348, "time": 23011}, {"train": 3, "operation": 350, "time": 23016}, {"train": 3, "operation": 352, "time": 23224}, {"train": 3, "operation": 354, "time": 23230}, {"train": 0, "operation": 346, "time": 23255}, {"train": 0, "operation": 348, "time": 23276}, {"train": 3, "operation": 356, "time": 23674}, {"train": 3, "operation": 358, "time": 23682}, {"train": 0, "operation": 350, "time": 23687}, {"train": 0, "operation": 352, "time": 23691}, {"train": 3, "operation": 360, "time": 23792}, {"train": 3, "operation": 363, "time": 23825}, {"train": 0, "operation": 354, "time": 23889}, {"train": 0, "operation": 356, "time": 23894}, {"train": 0, "operation": 358, "time": 24265}, {"train": 0, "operation": 359, "time": 24275}, {"train": 0, "operation": 360, "time": 24367}, {"train": 0, "operation": 361, "time": 24394}, {"train": 3, "operation": 366, "time": 24498}, {"train": 3, "operation": 369, "time": 24516}, {"train": 0, "operation": 362, "time": 24955}, {"train": 0, "operation": 363, "time": 24971}, {"train": 3, "operation": 372, "time": 25296}, {"train": 3, "operation": 375, "time": 25315}, {"train": 0, "operation": 364, "time": 25620}, {"train": 0, "operation": 365, "time": 25636}, {"train": 3, "operation": 378, "time": 26093}, {"train": 0, "operation": 366, "time": 26109}, {"train": 3, "operation": 380, "time": 26115}, {"train": 0, "operation": 367, "time": 26217}, {"train": 0, "operation": 368, "time": 26257}, {"train": 3, "operation": 382, "time": 26270}, {"train": 0, "operation": 369, "time": 26283}, {"train": 3, "operation": 385, "time": 26299}, {"train": 3, "operation": 396, "time": 26947}, {"train": 3, "operation": 399, "time": 26968}, {"train": 0, "operation": 370, "time": 27039}, {"train": 0, "operation": 371, "time": 27039}, {"train": 0, "operation": 372, "time": 27039}, {"train": 3, "operation": 402, "time": 27669}, {"train": 3, "operation": 405, "time": 27689}, {"train": 3, "operation": 408, "time": 28458}, {"train": 3, "operation": 410, "time": 28479}, {"train": 3, "operation": 414, "time": 28648}, {"train": 3, "operation": 416, "time": 28653}, {"train": 3, "operation": 418, "time": 28768}, {"train": 3, "operation": 420, "time": 28774}, {"train": 3, "operation": 422, "time": 29206}, {"train": 3, "operation": 424, "time": 29211}, {"train": 3, "operation": 426, "time": 29408}, {"train": 3, "operation": 428, "time": 29415}, {"train": 3, "operation": 431, "time": 29686}, {"train": 3, "operation": 433, "time": 29696}, {"train": 3, "operation": 437, "time": 30152}, {"train": 3, "operation": 441, "time": 30173}, {"train": 3, "operation": 444, "time": 30903}, {"train": 3, "operation": 447, "time": 30923}, {"train": 3, "operation": 450, "time": 31407}, {"train": 3, "operation": 453, "time": 31429}, {"train": 3, "operation": 455, "time": 32041}, {"train": 3, "operation": 458, "time": 32074}, {"train": 3, "operation": 470, "time": 32706}, {"train": 3, "operation": 473, "time": 32729}, {"train": 3, "operation": 476, "time": 33383}, {"train": 3, "operation": 478, "time": 33408}, {"train": 3, "operation": 480, "time": 33904}, {"train": 3, "operation": 483, "time": 33928}, {"train": 3, "operation": 486, "time": 34486}, {"train": 3, "operation": 489, "time": 34511}, {"train": 3, "operation": 492, "time": 34952}, {"train": 3, "operation": 495, "time": 34975}, {"train": 3, "operation": 498, "time": 35731}, {"train": 3, "operation": 502, "time": 35754}, {"train": 3, "operation": 506, "time": 36349}, {"train": 3, "operation": 508, "time": 36349}]}