{"objective_value": 1331, "events": [{"train": 0, "operation": 0, "time": 0}, {"train": 1, "operation": 0, "time": 0}, {"train": 2, "operation": 0, "time": 0}, {"train": 3, "operation": 0, "time": 0}, {"train": 4, "operation": 0, "time": 0}, {"train": 4, "operation": 1, "time": 0}, {"train": 4, "operation": 2, "time": 28}, {"train": 0, "operation": 1, "time": 28}, {"train": 0, "operation": 2, "time": 37}, {"train": 2, "operation": 1, "time": 155}, {"train": 2, "operation": 2, "time": 163}, {"train": 4, "operation": 3, "time": 299}, {"train": 0, "operation": 3, "time": 313}, {"train": 0, "operation": 5, "time": 317}, {"train": 1, "operation": 1, "time": 317}, {"train": 1, "operation": 2, "time": 326}, {"train": 2, "operation": 3, "time": 356}, {"train": 2, "operation": 4, "time": 366}, {"train": 4, "operation": 4, "time": 370}, {"train": 1, "operation": 3, "time": 602}, {"train": 1, "operation": 5, "time": 608}, {"train": 2, "operation": 6, "time": 643}, {"train": 2, "operation": 8, "time": 664}, {"train": 0, "operation": 7, "time": 664}, {"train": 0, "operation": 9, "time": 680}, {"train": 3, "operation": 1, "time": 702}, {"train": 3, "operation": 2, "time": 712}, {"train": 1, "operation": 7, "time": 722}, {"train": 1, "operation": 9, "time": 750}, {"train": 2, "operation": 10, "time": 860}, {"train": 2, "operation": 12, "time": 869}, {"train": 3, "operation": 3, "time": 893}, {"train": 0, "operation": 11, "time": 898}, {"train": 0, "operation": 13, "time": 906}, {"train": 3, "operation": 4, "time": 913}, {"train": 1, "operation": 12, "time": 1021}, {"train": 4, "operation": 5, "time": 1030}, {"train": 4, "operation": 6, "time": 1054}, {"train": 0, "operation": 15, "time": 1071}, {"train": 0, "operation": 17, "time": 1080}, {"train": 1, "operation": 14, "time": 1092}, {"train": 2, "operation": 13, "time": 1145}, {"train": 2, "operation": 15, "time": 1151}, {"train": 2, "operation": 17, "time": 1265}, {"train": 2, "operation": 19, "time": 1293}, {"train": 0, "operation": 20, "time": 1296}, {"train": 0, "operation": 22, "time": 1307}, {"train": 3, "operation": 5, "time": 1311}, {"train": 3, "operation": 6, "time": 1316}, {"train": 3, "operation": 7, "time": 1431}, {"train": 3, "operation": 8, "time": 1437}, {"train": 2, "operation": 21, "time": 1564}, {"train": 4, "operation": 7, "time": 1602}, {"train": 4, "operation": 8, "time": 1617}, {"train": 2, "operation": 23, "time": 1635}, {"train": 1, "operation": 18, "time": 1738}, {"train": 1, "operation": 22, "time": 1762}, {"train": 3, "operation": 9, "time": 1846}, {"train": 3, "operation": 10, "time": 1851}, {"train": 3, "operation": 11, "time": 1967}, {"train": 3, "operation": 12, "time": 1994}, {"train": 4, "operation": 9, "time": 1997}, {"train": 4, "operation": 10, "time": 2001}, {"train": 4, "operation": 11, "time": 2161}, {"train": 4, "operation": 12, "time": 2166}, {"train": 1, "operation": 24, "time": 2288}, {"train": 2, "operation": 26, "time": 2298}, {"train": 1, "operation": 26, "time": 2303}, {"train": 2, "operation": 30, "time": 2322}, {"train": 0, "operation": 26, "time": 2466}, {"train": 0, "operation": 30, "time": 2474}, {"train": 4, "operation": 13, "time": 2508}, {"train": 4, "operation": 14, "time": 2515}, {"train": 4, "operation": 15, "time": 2600}, {"train": 0, "operation": 32, "time": 2625}, {"train": 4, "operation": 16, "time": 2625}, {"train": 0, "operation": 34, "time": 2645}, {"train": 1, "operation": 27, "time": 2683}, {"train": 1, "operation": 29, "time": 2687}, {"train": 3, "operation": 13, "time": 2782}, {"train": 3, "operation": 14, "time": 2801}, {"train": 1, "operation": 31, "time": 2847}, {"train": 2, "operation": 34, "time": 2848}, {"train": 1, "operation": 33, "time": 2852}, {"train": 2, "operation": 36, "time": 2863}, {"train": 0, "operation": 35, "time": 2999}, {"train": 0, "operation": 37, "time": 3003}, {"train": 3, "operation": 15, "time": 3082}, {"train": 3, "operation": 16, "time": 3087}, {"train": 0, "operation": 39, "time": 3091}, {"train": 0, "operation": 41, "time": 3096}, {"train": 4, "operation": 17, "time": 3106}, {"train": 4, "operation": 18, "time": 3119}, {"train": 1, "operation": 36, "time": 3194}, {"train": 3, "operation": 17, "time": 3201}, {"train": 1, "operation": 38, "time": 3204}, {"train": 3, "operation": 18, "time": 3207}, {"train": 2, "operation": 37, "time": 3243}, {"train": 2, "operation": 39, "time": 3247}, {"train": 1, "operation": 41, "time": 3289}, {"train": 1, "operation": 44, "time": 3314}, {"train": 2, "operation": 41, "time": 3407}, {"train": 0, "operation": 43, "time": 3411}, {"train": 2, "operation": 43, "time": 3412}, {"train": 0, "operation": 44, "time": 3415}, {"train": 0, "operation": 45, "time": 3505}, {"train": 0, "operation": 47, "time": 3526}, {"train": 4, "operation": 19, "time": 3676}, {"train": 4, "operation": 20, "time": 3690}, {"train": 3, "operation": 19, "time": 3748}, {"train": 3, "operation": 20, "time": 3753}, {"train": 2, "operation": 46, "time": 3754}, {"train": 2, "operation": 48, "time": 3764}, {"train": 1, "operation": 47, "time": 3795}, {"train": 1, "operation": 50, "time": 3809}, {"train": 2, "operation": 51, "time": 3849}, {"train": 2, "operation": 54, "time": 3874}, {"train": 3, "operation": 21, "time": 3958}, {"train": 3, "operation": 22, "time": 3964}, {"train": 0, "operation": 49, "time": 4198}, {"train": 0, "operation": 51, "time": 4213}, {"train": 2, "operation": 57, "time": 4355}, {"train": 1, "operation": 53, "time": 4366}, {"train": 1, "operation": 56, "time": 4380}, {"train": 2, "operation": 60, "time": 4380}, {"train": 3, "operation": 23, "time": 4428}, {"train": 0, "operation": 53, "time": 4429}, {"train": 0, "operation": 55, "time": 4433}, {"train": 3, "operation": 24, "time": 4446}, {"train": 4, "operation": 21, "time": 4454}, {"train": 4, "operation": 22, "time": 4470}, {"train": 0, "operation": 57, "time": 4521}, {"train": 0, "operation": 59, "time": 4525}, {"train": 4, "operation": 23, "time": 4581}, {"train": 4, "operation": 24, "time": 4602}, {"train": 1, "operation": 58, "time": 4785}, {"train": 1, "operation": 60, "time": 4801}, {"train": 1, "operation": 62, "time": 4824}, {"train": 1, "operation": 65, "time": 4832}, {"train": 3, "operation": 25, "time": 4898}, {"train": 1, "operation": 68, "time": 4914}, {"train": 3, "operation": 26, "time": 4922}, {"train": 1, "operation": 72, "time": 4935}, {"train": 2, "operation": 63, "time": 4937}, {"train": 0, "operation": 61, "time": 4941}, {"train": 0, "operation": 63, "time": 4945}, {"train": 2, "operation": 66, "time": 4951}, {"train": 0, "operation": 65, "time": 5103}, {"train": 0, "operation": 67, "time": 5107}, {"train": 4, "operation": 25, "time": 5259}, {"train": 4, "operation": 26, "time": 5274}, {"train": 3, "operation": 27, "time": 5310}, {"train": 3, "operation": 28, "time": 5328}, {"train": 2, "operation": 68, "time": 5356}, {"train": 2, "operation": 70, "time": 5372}, {"train": 2, "operation": 72, "time": 5395}, {"train": 2, "operation": 75, "time": 5403}, {"train": 0, "operation": 70, "time": 5465}, {"train": 0, "operation": 72, "time": 5479}, {"train": 2, "operation": 77, "time": 5485}, {"train": 2, "operation": 81, "time": 5514}, {"train": 1, "operation": 77, "time": 5544}, {"train": 1, "operation": 80, "time": 5559}, {"train": 4, "operation": 27, "time": 5775}, {"train": 4, "operation": 28, "time": 5789}, {"train": 3, "operation": 29, "time": 5799}, {"train": 3, "operation": 31, "time": 5804}, {"train": 0, "operation": 74, "time": 5874}, {"train": 0, "operation": 76, "time": 5891}, {"train": 3, "operation": 33, "time": 6017}, {"train": 3, "operation": 35, "time": 6023}, {"train": 1, "operation": 83, "time": 6060}, {"train": 1, "operation": 86, "time": 6080}, {"train": 2, "operation": 85, "time": 6124}, {"train": 2, "operation": 88, "time": 6139}, {"train": 1, "operation": 88, "time": 6162}, {"train": 1, "operation": 90, "time": 6167}, {"train": 0, "operation": 78, "time": 6168}, {"train": 0, "operation": 80, "time": 6181}, {"train": 3, "operation": 37, "time": 6332}, {"train": 3, "operation": 39, "time": 6337}, {"train": 4, "operation": 29, "time": 6339}, {"train": 4, "operation": 30, "time": 6360}, {"train": 3, "operation": 41, "time": 6451}, {"train": 3, "operation": 43, "time": 6456}, {"train": 4, "operation": 31, "time": 6492}, {"train": 4, "operation": 33, "time": 6496}, {"train": 0, "operation": 81, "time": 6522}, {"train": 0, "operation": 83, "time": 6526}, {"train": 4, "operation": 35, "time": 6592}, {"train": 4, "operation": 37, "time": 6597}, {"train": 1, "operation": 91, "time": 6624}, {"train": 1, "operation": 92, "time": 6640}, {"train": 2, "operation": 91, "time": 6640}, {"train": 2, "operation": 94, "time": 6654}, {"train": 0, "operation": 85, "time": 6690}, {"train": 0, "operation": 87, "time": 6694}, {"train": 1, "operation": 93, "time": 6772}, {"train": 1, "operation": 95, "time": 6776}, {"train": 1, "operation": 97, "time": 6872}, {"train": 4, "operation": 39, "time": 6929}, {"train": 0, "operation": 89, "time": 6932}, {"train": 4, "operation": 41, "time": 6933}, {"train": 1, "operation": 99, "time": 6933}, {"train": 0, "operation": 91, "time": 6936}, {"train": 3, "operation": 45, "time": 6967}, {"train": 3, "operation": 47, "time": 6972}, {"train": 0, "operation": 93, "time": 7024}, {"train": 0, "operation": 95, "time": 7028}, {"train": 4, "operation": 43, "time": 7085}, {"train": 4, "operation": 45, "time": 7090}, {"train": 2, "operation": 97, "time": 7204}, {"train": 3, "operation": 49, "time": 7206}, {"train": 3, "operation": 51, "time": 7212}, {"train": 2, "operation": 99, "time": 7225}, {"train": 1, "operation": 101, "time": 7265}, {"train": 1, "operation": 103, "time": 7269}, {"train": 4, "operation": 47, "time": 7299}, {"train": 4, "operation": 49, "time": 7309}, {"train": 2, "operation": 103, "time": 7357}, {"train": 2, "operation": 105, "time": 7361}, {"train": 0, "operation": 97, "time": 7421}, {"train": 1, "operation": 105, "time": 7421}, {"train": 0, "operation": 99, "time": 7425}, {"train": 1, "operation": 107, "time": 7426}, {"train": 2, "operation": 107, "time": 7457}, {"train": 2, "operation": 109, "time": 7462}, {"train": 3, "operation": 54, "time": 7546}, {"train": 3, "operation": 56, "time": 7554}, {"train": 0, "operation": 101, "time": 7605}, {"train": 0, "operation": 103, "time": 7609}, {"train": 1, "operation": 110, "time": 7635}, {"train": 1, "operation": 112, "time": 7645}, {"train": 4, "operation": 51, "time": 7789}, {"train": 2, "operation": 111, "time": 7794}, {"train": 2, "operation": 113, "time": 7798}, {"train": 4, "operation": 55, "time": 7804}, {"train": 0, "operation": 105, "time": 7866}, {"train": 0, "operation": 107, "time": 7870}, {"train": 2, "operation": 115, "time": 7950}, {"train": 2, "operation": 117, "time": 7955}, {"train": 0, "operation": 109, "time": 8033}, {"train": 0, "operation": 111, "time": 8038}, {"train": 3, "operation": 58, "time": 8038}, {"train": 1, "operation": 116, "time": 8075}, {"train": 1, "operation": 120, "time": 8090}, {"train": 2, "operation": 119, "time": 8164}, {"train": 2, "operation": 121, "time": 8174}, {"train": 0, "operation": 113, "time": 8269}, {"train": 0, "operation": 114, "time": 8274}, {"train": 3, "operation": 60, "time": 8274}, {"train": 4, "operation": 59, "time": 8325}, {"train": 4, "operation": 62, "time": 8339}, {"train": 0, "operation": 115, "time": 8399}, {"train": 0, "operation": 116, "time": 8405}, {"train": 3, "operation": 61, "time": 8528}, {"train": 3, "operation": 62, "time": 8533}, {"train": 2, "operation": 123, "time": 8604}, {"train": 1, "operation": 123, "time": 8611}, {"train": 2, "operation": 127, "time": 8619}, {"train": 1, "operation": 126, "time": 8625}, {"train": 3, "operation": 63, "time": 8658}, {"train": 4, "operation": 65, "time": 8685}, {"train": 4, "operation": 68, "time": 8701}, {"train": 0, "operation": 117, "time": 8765}, {"train": 0, "operation": 118, "time": 8781}, {"train": 3, "operation": 64, "time": 8781}, {"train": 1, "operation": 129, "time": 8971}, {"train": 4, "operation": 71, "time": 8983}, {"train": 1, "operation": 132, "time": 8987}, {"train": 4, "operation": 74, "time": 8988}, {"train": 4, "operation": 77, "time": 9054}, {"train": 4, "operation": 79, "time": 9059}, {"train": 0, "operation": 119, "time": 9078}, {"train": 0, "operation": 120, "time": 9083}, {"train": 2, "operation": 131, "time": 9140}, {"train": 2, "operation": 134, "time": 9154}, {"train": 0, "operation": 121, "time": 9164}, {"train": 3, "operation": 65, "time": 9166}, {"train": 0, "operation": 122, "time": 9168}, {"train": 4, "operation": 81, "time": 9169}, {"train": 3, "operation": 66, "time": 9187}, {"train": 4, "operation": 84, "time": 9202}, {"train": 0, "operation": 123, "time": 9332}, {"train": 0, "operation": 124, "time": 9347}, {"train": 1, "operation": 135, "time": 9454}, {"train": 1, "operation": 138, "time": 9487}, {"train": 2, "operation": 137, "time": 9500}, {"train": 2, "operation": 140, "time": 9516}, {"train": 1, "operation": 140, "time": 9564}, {"train": 1, "operation": 142, "time": 9572}, {"train": 3, "operation": 67, "time": 9602}, {"train": 3, "operation": 68, "time": 9609}, {"train": 3, "operation": 69, "time": 9723}, {"train": 3, "operation": 70, "time": 9729}, {"train": 2, "operation": 143, "time": 9798}, {"train": 2, "operation": 146, "time": 9803}, {"train": 4, "operation": 87, "time": 9834}, {"train": 4, "operation": 90, "time": 9857}, {"train": 2, "operation": 149, "time": 9869}, {"train": 2, "operation": 151, "time": 9874}, {"train": 0, "operation": 125, "time": 9940}, {"train": 0, "operation": 126, "time": 9954}, {"train": 3, "operation": 71, "time": 9958}, {"train": 3, "operation": 72, "time": 9979}, {"train": 2, "operation": 153, "time": 9984}, {"train": 2, "operation": 156, "time": 10017}, {"train": 1, "operation": 145, "time": 10123}, {"train": 1, "operation": 148, "time": 10146}, {"train": 0, "operation": 127, "time": 10323}, {"train": 0, "operation": 128, "time": 10337}, {"train": 4, "operation": 93, "time": 10511}, {"train": 4, "operation": 95, "time": 10536}, {"train": 2, "operation": 159, "time": 10649}, {"train": 2, "operation": 162, "time": 10672}, {"train": 3, "operation": 73, "time": 10793}, {"train": 1, "operation": 151, "time": 10800}, {"train": 3, "operation": 74, "time": 10813}, {"train": 1, "operation": 154, "time": 10825}, {"train": 0, "operation": 129, "time": 10912}, {"train": 0, "operation": 130, "time": 10930}, {"train": 1, "operation": 156, "time": 11022}, {"train": 1, "operation": 158, "time": 11029}, {"train": 4, "operation": 97, "time": 11032}, {"train": 4, "operation": 100, "time": 11056}, {"train": 1, "operation": 161, "time": 11323}, {"train": 2, "operation": 165, "time": 11326}, {"train": 3, "operation": 75, "time": 11330}, {"train": 1, "operation": 164, "time": 11347}, {"train": 3, "operation": 76, "time": 11350}, {"train": 2, "operation": 167, "time": 11351}, {"train": 0, "operation": 132, "time": 11432}, {"train": 0, "operation": 134, "time": 11452}, {"train": 4, "operation": 103, "time": 11614}, {"train": 4, "operation": 106, "time": 11639}, {"train": 2, "operation": 169, "time": 11847}, {"train": 2, "operation": 172, "time": 11871}, {"train": 0, "operation": 137, "time": 11881}, {"train": 0, "operation": 140, "time": 11892}, {"train": 1, "operation": 167, "time": 11917}, {"train": 1, "operation": 170, "time": 11945}, {"train": 0, "operation": 143, "time": 11956}, {"train": 0, "operation": 147, "time": 11974}, {"train": 0, "operation": 153, "time": 12052}, {"train": 0, "operation": 158, "time": 12063}, {"train": 4, "operation": 109, "time": 12080}, {"train": 4, "operation": 112, "time": 12103}, {"train": 3, "operation": 77, "time": 12154}, {"train": 3, "operation": 78, "time": 12179}, {"train": 0, "operation": 170, "time": 12261}, {"train": 0, "operation": 174, "time": 12277}, {"train": 1, "operation": 173, "time": 12429}, {"train": 2, "operation": 175, "time": 12429}, {"train": 1, "operation": 176, "time": 12452}, {"train": 2, "operation": 178, "time": 12454}, {"train": 0, "operation": 177, "time": 12743}, {"train": 0, "operation": 180, "time": 12765}, {"train": 3, "operation": 80, "time": 12851}, {"train": 4, "operation": 116, "time": 12859}, {"train": 3, "operation": 82, "time": 12871}, {"train": 4, "operation": 120, "time": 12882}, {"train": 2, "operation": 181, "time": 12895}, {"train": 2, "operation": 184, "time": 12918}, {"train": 0, "operation": 187, "time": 13008}, {"train": 0, "operation": 191, "time": 13012}, {"train": 0, "operation": 193, "time": 13094}, {"train": 0, "operation": 195, "time": 13099}, {"train": 0, "operation": 198, "time": 13195}, {"train": 0, "operation": 200, "time": 13210}, {"train": 1, "operation": 179, "time": 13292}, {"train": 1, "operation": 183, "time": 13318}, {"train": 0, "operation": 203, "time": 13459}, {"train": 0, "operation": 207, "time": 13463}, {"train": 3, "operation": 85, "time": 13471}, {"train": 4, "operation": 124, "time": 13477}, {"train": 4, "operation": 125, "time": 13477}, {"train": 3, "operation": 88, "time": 13486}, {"train": 0, "operation": 209, "time": 13544}, {"train": 0, "operation": 211, "time": 13549}, {"train": 3, "operation": 91, "time": 13576}, {"train": 3, "operation": 95, "time": 13601}, {"train": 2, "operation": 188, "time": 13674}, {"train": 0, "operation": 214, "time": 13689}, {"train": 2, "operation": 192, "time": 13697}, {"train": 0, "operation": 216, "time": 13704}, {"train": 3, "operation": 101, "time": 13710}, {"train": 3, "operation": 108, "time": 13726}, {"train": 1, "operation": 185, "time": 13913}, {"train": 1, "operation": 187, "time": 13913}, {"train": 3, "operation": 120, "time": 14004}, {"train": 3, "operation": 124, "time": 14026}, {"train": 0, "operation": 220, "time": 14206}, {"train": 0, "operation": 224, "time": 14230}, {"train": 2, "operation": 196, "time": 14292}, {"train": 2, "operation": 197, "time": 14292}, {"train": 0, "operation": 236, "time": 14614}, {"train": 0, "operation": 240, "time": 14647}, {"train": 3, "operation": 127, "time": 14679}, {"train": 0, "operation": 248, "time": 14681}, {"train": 0, "operation": 258, "time": 14697}, {"train": 3, "operation": 130, "time": 14709}, {"train": 0, "operation": 268, "time": 14854}, {"train": 0, "operation": 278, "time": 14890}, {"train": 3, "operation": 137, "time": 15048}, {"train": 3, "operation": 141, "time": 15053}, {"train": 3, "operation": 143, "time": 15168}, {"train": 3, "operation": 145, "time": 15174}, {"train": 3, "operation": 148, "time": 15308}, {"train": 0, "operation": 284, "time": 15312}, {"train": 0, "operation": 286, "time": 15328}, {"train": 3, "operation": 152, "time": 15329}, {"train": 0, "operation": 288, "time": 15633}, {"train": 0, "operation": 290, "time": 15643}, {"train": 3, "operation": 155, "time": 15677}, {"train": 3, "operation": 159, "time": 15683}, {"train": 3, "operation": 161, "time": 15796}, {"train": 3, "operation": 163, "time": 15803}, {"train": 3, "operation": 166, "time": 15999}, {"train": 3, "operation": 168, "time": 16020}, {"train": 0, "operation": 292, "time": 16408}, {"train": 0, "operation": 294, "time": 16408}, {"train": 3, "operation": 172, "time": 16672}, {"train": 3, "operation": 176, "time": 16701}, {"train": 0, "operation": 297, "time": 16994}, {"train": 0, "operation": 301, "time": 17006}, {"train": 3, "operation": 188, "time": 17111}, {"train": 3, "operation": 192, "time": 17144}, {"train": 3, "operation": 200, "time": 17178}, {"train": 3, "operation": 210, "time": 17194}, {"train": 3, "operation": 220, "time": 17351}, {"train": 3, "operation": 230, "time": 17387}, {"train": 0, "operation": 303, "time": 17471}, {"train": 0, "operation": 307, "time": 17483}, {"train": 3, "operation": 236, "time": 17858}, {"train": 3, "operation": 238, "time": 17881}, {"train": 0, "operation": 311, "time": 17922}, {"train": 0, "operation": 315, "time": 17934}, {"train": 3, "operation": 240, "time": 18308}, {"train": 3, "operation": 242, "time": 18322}, {"train": 0, "operation": 319, "time": 18648}, {"train": 0, "operation": 323, "time": 18662}, {"train": 0, "operation": 328, "time": 19208}, {"train": 0, "operation": 332, "time": 19226}, {"train": 3, "operation": 244, "time": 19244}, {"train": 3, "operation": 246, "time": 19244}, {"train": 3, "operation": 249, "time": 19918}, {"train": 3, "operation": 253, "time": 19930}, {"train": 0, "operation": 338, "time": 20061}, {"train": 0, "operation": 342, "time": 20076}, {"train": 3, "operation": 255, "time": 20395}, {"train": 3, "operation": 259, "time": 20407}, {"train": 0, "operation": 346, "time": 20633}, {"train": 0, "operation": 350, "time": 20648}, {"train": 3, "operation": 263, "time": 20846}, {"train": 3, "operation": 267, "time": 20858}, {"train": 0, "operation": 353, "time": 21086}, {"train": 0, "operation": 356, "time": 21102}, {"train": 0, "operation": 360, "time": 21507}, {"train": 0, "operation": 364, "time": 21524}, {"train": 3, "operation": 271, "time": 21572}, {"train": 3, "operation": 275, "time": 21586}, {"train": 0, "operation": 368, "time": 21969}, {"train": 0, "operation": 374, "time": 21984}, {"train": 3, "operation": 279, "time": 22132}, {"train": 3, "operation": 283, "time": 22145}, {"train": 0, "operation": 380, "time": 22622}, {"train": 0, "operation": 386, "time": 22637}, {"train": 3, "operation": 287, "time": 23012}, {"train": 3, "operation": 291, "time": 23034}, {"train": 0, "operation": 395, "time": 23228}, {"train": 0, "operation": 399, "time": 23237}, {"train": 0, "operation": 401, "time": 23615}, {"train": 0, "operation": 405, "time": 23630}, {"train": 3, "operation": 295, "time": 23814}, {"train": 3, "operation": 299, "time": 23835}, {"train": 0, "operation": 409, "time": 23934}, {"train": 0, "operation": 412, "time": 23947}, {"train": 3, "operation": 303, "time": 24448}, {"train": 0, "operation": 418, "time": 24466}, {"train": 3, "operation": 306, "time": 24469}, {"train": 0, "operation": 422, "time": 24481}, {"train": 0, "operation": 425, "time": 24853}, {"train": 0, "operation": 428, "time": 24874}, {"train": 3, "operation": 310, "time": 24967}, {"train": 3, "operation": 314, "time": 24987}, {"train": 0, "operation": 442, "time": 25475}, {"train": 0, "operation": 446, "time": 25494}, {"train": 3, "operation": 321, "time": 25555}, {"train": 0, "operation": 449, "time": 25576}, {"train": 3, "operation": 327, "time": 25576}, {"train": 0, "operation": 452, "time": 25580}, {"train": 3, "operation": 333, "time": 25687}, {"train": 3, "operation": 339, "time": 25701}, {"train": 0, "operation": 464, "time": 26059}, {"train": 0, "operation": 466, "time": 26074}, {"train": 0, "operation": 469, "time": 26404}, {"train": 0, "operation": 472, "time": 26408}, {"train": 3, "operation": 342, "time": 26469}, {"train": 0, "operation": 475, "time": 26489}, {"train": 3, "operation": 344, "time": 26490}, {"train": 0, "operation": 478, "time": 26494}, {"train": 0, "operation": 481, "time": 26600}, {"train": 0, "operation": 484, "time": 26614}, {"train": 0, "operation": 485, "time": 27084}, {"train": 0, "operation": 486, "time": 27099}, {"train": 3, "operation": 347, "time": 27317}, {"train": 3, "operation": 351, "time": 27329}, {"train": 0, "operation": 487, "time": 27490}, {"train": 0, "operation": 488, "time": 27494}, {"train": 0, "operation": 489, "time": 27575}, {"train": 0, "operation": 491, "time": 27596}, {"train": 3, "operation": 353, "time": 27709}, {"train": 3, "operation": 357, "time": 27724}, {"train": 0, "operation": 494, "time": 27983}, {"train": 0, "operation": 498, "time": 27999}, {"train": 3, "operation": 361, "time": 28028}, {"train": 3, "operation": 364, "time": 28041}, {"train": 0, "operation": 503, "time": 28506}, {"train": 0, "operation": 506, "time": 28521}, {"train": 3, "operation": 370, "time": 28687}, {"train": 3, "operation": 374, "time": 28708}, {"train": 0, "operation": 510, "time": 29051}, {"train": 0, "operation": 514, "time": 29065}, {"train": 3, "operation": 378, "time": 29228}, {"train": 3, "operation": 382, "time": 29257}, {"train": 0, "operation": 517, "time": 29544}, {"train": 0, "operation": 520, "time": 29559}, {"train": 0, "operation": 523, "time": 30087}, {"train": 3, "operation": 396, "time": 30099}, {"train": 0, "operation": 526, "time": 30101}, {"train": 3, "operation": 400, "time": 30125}, {"train": 3, "operation": 403, "time": 30240}, {"train": 3, "operation": 406, "time": 30246}, {"train": 0, "operation": 530, "time": 30615}, {"train": 0, "operation": 534, "time": 30630}, {"train": 3, "operation": 417, "time": 30917}, {"train": 3, "operation": 419, "time": 30938}, {"train": 0, "operation": 538, "time": 31123}, {"train": 0, "operation": 542, "time": 31138}, {"train": 0, "operation": 546, "time": 31296}, {"train": 0, "operation": 550, "time": 31312}, {"train": 0, "operation": 556, "time": 31410}, {"train": 0, "operation": 577, "time": 31429}, {"train": 0, "operation": 603, "time": 31452}, {"train": 3, "operation": 421, "time": 31671}, {"train": 3, "operation": 424, "time": 31691}, {"train": 0, "operation": 609, "time": 31703}, {"train": 0, "operation": 620, "time": 31740}, {"train": 0, "operation": 646, "time": 31783}, {"train": 0, "operation": 674, "time": 31936}, {"train": 0, "operation": 679, "time": 31970}, {"train": 3, "operation": 428, "time": 32349}, {"train": 3, "operation": 431, "time": 32370}, {"train": 0, "operation": 683, "time": 32507}, {"train": 0, "operation": 684, "time": 32507}, {"train": 3, "operation": 441, "time": 32916}, {"train": 3, "operation": 442, "time": 32921}, {"train": 3, "operation": 443, "time": 33035}, {"train": 3, "operation": 445, "time": 33064}, {"train": 3, "operation": 448, "time": 33605}, {"train": 3, "operation": 452, "time": 33627}, {"train": 3, "operation": 457, "time": 34336}, {"train": 3, "operation": 460, "time": 34357}, {"train": 3, "operation": 464, "time": 35098}, {"train": 3, "operation": 468, "time": 35118}, {"train": 3, "operation": 471, "time": 35788}, {"train": 3, "operation": 474, "time": 35809}, {"train": 3, "operation": 477, "time": 36548}, {"train": 3, "operation": 480, "time": 36568}, {"train": 3, "operation": 483, "time": 37288}, {"train": 3, "operation": 487, "time": 37309}, {"train": 3, "operation": 489, "time": 37999}, {"train": 3, "operation": 493, "time": 38020}, {"train": 3, "operation": 499, "time": 38241}, {"train": 3, "operation": 503, "time": 38263}, {"train": 3, "operation": 510, "time": 38400}, {"train": 3, "operation": 532, "time": 38426}, {"train": 3, "operation": 558, "time": 38458}, {"train": 3, "operation": 569, "time": 38709}, {"train": 3, "operation": 580, "time": 38746}, {"train": 3, "operation": 606, "time": 38789}, {"train": 3, "operation": 635, "time": 38942}, {"train": 3, "operation": 646, "time": 38976}, {"train": 3, "operation": 655, "time": 39513}, {"train": 3, "operation": 656, "time": 39513}]}