{"objective_value": 5579, "events": [{"train": 0, "operation": 0, "time": 0}, {"train": 1, "operation": 0, "time": 0}, {"train": 2, "operation": 0, "time": 0}, {"train": 3, "operation": 0, "time": 0}, {"train": 4, "operation": 0, "time": 0}, {"train": 5, "operation": 0, "time": 0}, {"train": 6, "operation": 0, "time": 0}, {"train": 7, "operation": 0, "time": 0}, {"train": 0, "operation": 1, "time": 0}, {"train": 2, "operation": 1, "time": 0}, {"train": 3, "operation": 1, "time": 0}, {"train": 5, "operation": 1, "time": 0}, {"train": 6, "operation": 1, "time": 42}, {"train": 6, "operation": 2, "time": 49}, {"train": 3, "operation": 2, "time": 113}, {"train": 6, "operation": 3, "time": 157}, {"train": 6, "operation": 4, "time": 172}, {"train": 0, "operation": 2, "time": 212}, {"train": 2, "operation": 2, "time": 229}, {"train": 1, "operation": 1, "time": 283}, {"train": 1, "operation": 2, "time": 298}, {"train": 2, "operation": 3, "time": 460}, {"train": 2, "operation": 4, "time": 465}, {"train": 3, "operation": 3, "time": 489}, {"train": 4, "operation": 1, "time": 507}, {"train": 3, "operation": 4, "time": 510}, {"train": 4, "operation": 2, "time": 527}, {"train": 7, "operation": 1, "time": 735}, {"train": 6, "operation": 5, "time": 741}, {"train": 7, "operation": 2, "time": 751}, {"train": 6, "operation": 6, "time": 765}, {"train": 1, "operation": 3, "time": 879}, {"train": 1, "operation": 4, "time": 894}, {"train": 4, "operation": 3, "time": 1072}, {"train": 7, "operation": 3, "time": 1087}, {"train": 3, "operation": 5, "time": 1091}, {"train": 4, "operation": 4, "time": 1092}, {"train": 7, "operation": 4, "time": 1092}, {"train": 3, "operation": 6, "time": 1106}, {"train": 1, "operation": 5, "time": 1149}, {"train": 1, "operation": 6, "time": 1156}, {"train": 7, "operation": 5, "time": 1217}, {"train": 6, "operation": 7, "time": 1218}, {"train": 7, "operation": 6, "time": 1223}, {"train": 6, "operation": 8, "time": 1232}, {"train": 1, "operation": 7, "time": 1264}, {"train": 1, "operation": 8, "time": 1279}, {"train": 2, "operation": 5, "time": 1395}, {"train": 2, "operation": 6, "time": 1401}, {"train": 0, "operation": 4, "time": 1432}, {"train": 0, "operation": 6, "time": 1440}, {"train": 7, "operation": 7, "time": 1477}, {"train": 7, "operation": 9, "time": 1482}, {"train": 5, "operation": 2, "time": 1558}, {"train": 7, "operation": 11, "time": 1645}, {"train": 7, "operation": 13, "time": 1649}, {"train": 6, "operation": 9, "time": 1661}, {"train": 6, "operation": 10, "time": 1672}, {"train": 3, "operation": 7, "time": 1687}, {"train": 3, "operation": 8, "time": 1702}, {"train": 6, "operation": 11, "time": 1736}, {"train": 6, "operation": 12, "time": 1754}, {"train": 2, "operation": 8, "time": 1761}, {"train": 2, "operation": 10, "time": 1782}, {"train": 0, "operation": 8, "time": 1824}, {"train": 6, "operation": 13, "time": 1832}, {"train": 0, "operation": 10, "time": 1835}, {"train": 6, "operation": 14, "time": 1843}, {"train": 1, "operation": 9, "time": 1848}, {"train": 1, "operation": 10, "time": 1872}, {"train": 4, "operation": 5, "time": 1906}, {"train": 7, "operation": 15, "time": 1906}, {"train": 7, "operation": 17, "time": 1910}, {"train": 4, "operation": 6, "time": 1927}, {"train": 3, "operation": 9, "time": 1957}, {"train": 3, "operation": 10, "time": 1964}, {"train": 5, "operation": 3, "time": 1973}, {"train": 5, "operation": 4, "time": 1994}, {"train": 6, "operation": 15, "time": 2041}, {"train": 6, "operation": 16, "time": 2057}, {"train": 3, "operation": 11, "time": 2072}, {"train": 3, "operation": 12, "time": 2087}, {"train": 7, "operation": 19, "time": 2090}, {"train": 7, "operation": 21, "time": 2094}, {"train": 0, "operation": 11, "time": 2109}, {"train": 0, "operation": 12, "time": 2273}, {"train": 1, "operation": 11, "time": 2325}, {"train": 2, "operation": 12, "time": 2331}, {"train": 1, "operation": 13, "time": 2345}, {"train": 2, "operation": 14, "time": 2346}, {"train": 5, "operation": 5, "time": 2379}, {"train": 5, "operation": 6, "time": 2384}, {"train": 7, "operation": 23, "time": 2487}, {"train": 7, "operation": 25, "time": 2490}, {"train": 5, "operation": 7, "time": 2509}, {"train": 5, "operation": 8, "time": 2515}, {"train": 6, "operation": 17, "time": 2523}, {"train": 6, "operation": 18, "time": 2545}, {"train": 4, "operation": 7, "time": 2546}, {"train": 4, "operation": 8, "time": 2554}, {"train": 7, "operation": 27, "time": 2578}, {"train": 7, "operation": 29, "time": 2582}, {"train": 0, "operation": 13, "time": 2590}, {"train": 0, "operation": 14, "time": 2596}, {"train": 3, "operation": 13, "time": 2656}, {"train": 3, "operation": 14, "time": 2680}, {"train": 4, "operation": 9, "time": 2741}, {"train": 4, "operation": 10, "time": 2748}, {"train": 5, "operation": 9, "time": 2769}, {"train": 1, "operation": 15, "time": 2774}, {"train": 5, "operation": 11, "time": 2775}, {"train": 1, "operation": 18, "time": 2785}, {"train": 6, "operation": 19, "time": 2788}, {"train": 6, "operation": 20, "time": 2792}, {"train": 7, "operation": 31, "time": 2820}, {"train": 7, "operation": 33, "time": 2824}, {"train": 1, "operation": 21, "time": 2828}, {"train": 1, "operation": 25, "time": 2833}, {"train": 1, "operation": 30, "time": 2850}, {"train": 1, "operation": 37, "time": 2868}, {"train": 6, "operation": 21, "time": 2874}, {"train": 6, "operation": 22, "time": 2879}, {"train": 2, "operation": 23, "time": 2927}, {"train": 2, "operation": 26, "time": 2942}, {"train": 1, "operation": 44, "time": 2946}, {"train": 0, "operation": 16, "time": 2954}, {"train": 1, "operation": 47, "time": 2957}, {"train": 0, "operation": 18, "time": 2975}, {"train": 6, "operation": 23, "time": 2975}, {"train": 5, "operation": 13, "time": 2987}, {"train": 7, "operation": 35, "time": 2988}, {"train": 7, "operation": 37, "time": 2992}, {"train": 5, "operation": 15, "time": 2993}, {"train": 6, "operation": 24, "time": 2996}, {"train": 3, "operation": 16, "time": 3133}, {"train": 3, "operation": 18, "time": 3147}, {"train": 1, "operation": 49, "time": 3155}, {"train": 4, "operation": 11, "time": 3163}, {"train": 1, "operation": 51, "time": 3171}, {"train": 4, "operation": 12, "time": 3184}, {"train": 2, "operation": 29, "time": 3197}, {"train": 2, "operation": 32, "time": 3204}, {"train": 2, "operation": 35, "time": 3312}, {"train": 2, "operation": 38, "time": 3327}, {"train": 5, "operation": 17, "time": 3327}, {"train": 5, "operation": 19, "time": 3332}, {"train": 7, "operation": 39, "time": 3341}, {"train": 7, "operation": 40, "time": 3354}, {"train": 6, "operation": 25, "time": 3472}, {"train": 6, "operation": 26, "time": 3487}, {"train": 1, "operation": 53, "time": 3558}, {"train": 1, "operation": 54, "time": 3563}, {"train": 5, "operation": 21, "time": 3566}, {"train": 4, "operation": 13, "time": 3569}, {"train": 5, "operation": 23, "time": 3572}, {"train": 4, "operation": 14, "time": 3574}, {"train": 3, "operation": 21, "time": 3576}, {"train": 3, "operation": 24, "time": 3587}, {"train": 0, "operation": 20, "time": 3615}, {"train": 7, "operation": 41, "time": 3631}, {"train": 0, "operation": 22, "time": 3633}, {"train": 1, "operation": 55, "time": 3639}, {"train": 7, "operation": 42, "time": 3648}, {"train": 3, "operation": 27, "time": 3651}, {"train": 1, "operation": 57, "time": 3661}, {"train": 3, "operation": 31, "time": 3669}, {"train": 4, "operation": 15, "time": 3699}, {"train": 4, "operation": 16, "time": 3705}, {"train": 3, "operation": 37, "time": 3747}, {"train": 3, "operation": 44, "time": 3758}, {"train": 6, "operation": 27, "time": 3890}, {"train": 6, "operation": 28, "time": 3895}, {"train": 2, "operation": 41, "time": 3896}, {"train": 2, "operation": 44, "time": 3920}, {"train": 3, "operation": 56, "time": 3956}, {"train": 4, "operation": 17, "time": 3959}, {"train": 4, "operation": 19, "time": 3965}, {"train": 3, "operation": 60, "time": 3972}, {"train": 6, "operation": 29, "time": 3992}, {"train": 6, "operation": 31, "time": 4015}, {"train": 5, "operation": 25, "time": 4083}, {"train": 7, "operation": 43, "time": 4086}, {"train": 5, "operation": 27, "time": 4087}, {"train": 1, "operation": 59, "time": 4089}, {"train": 7, "operation": 44, "time": 4100}, {"train": 1, "operation": 62, "time": 4104}, {"train": 4, "operation": 21, "time": 4177}, {"train": 4, "operation": 23, "time": 4183}, {"train": 5, "operation": 29, "time": 4202}, {"train": 5, "operation": 31, "time": 4208}, {"train": 0, "operation": 31, "time": 4310}, {"train": 0, "operation": 34, "time": 4327}, {"train": 2, "operation": 46, "time": 4373}, {"train": 2, "operation": 48, "time": 4387}, {"train": 6, "operation": 33, "time": 4399}, {"train": 6, "operation": 35, "time": 4399}, {"train": 3, "operation": 63, "time": 4438}, {"train": 7, "operation": 45, "time": 4458}, {"train": 3, "operation": 66, "time": 4460}, {"train": 7, "operation": 47, "time": 4462}, {"train": 4, "operation": 25, "time": 4517}, {"train": 5, "operation": 33, "time": 4517}, {"train": 4, "operation": 27, "time": 4522}, {"train": 5, "operation": 35, "time": 4522}, {"train": 1, "operation": 73, "time": 4580}, {"train": 1, "operation": 75, "time": 4595}, {"train": 7, "operation": 49, "time": 4620}, {"train": 0, "operation": 37, "time": 4624}, {"train": 7, "operation": 51, "time": 4624}, {"train": 0, "operation": 40, "time": 4632}, {"train": 3, "operation": 72, "time": 4703}, {"train": 3, "operation": 75, "time": 4707}, {"train": 5, "operation": 37, "time": 4735}, {"train": 5, "operation": 39, "time": 4741}, {"train": 4, "operation": 29, "time": 4756}, {"train": 0, "operation": 43, "time": 4758}, {"train": 4, "operation": 31, "time": 4762}, {"train": 0, "operation": 46, "time": 4775}, {"train": 3, "operation": 77, "time": 4789}, {"train": 3, "operation": 79, "time": 4794}, {"train": 2, "operation": 51, "time": 4816}, {"train": 2, "operation": 54, "time": 4827}, {"train": 3, "operation": 81, "time": 4890}, {"train": 2, "operation": 57, "time": 4891}, {"train": 2, "operation": 61, "time": 4909}, {"train": 3, "operation": 83, "time": 4911}, {"train": 2, "operation": 67, "time": 4987}, {"train": 1, "operation": 77, "time": 4998}, {"train": 2, "operation": 72, "time": 4998}, {"train": 1, "operation": 81, "time": 5003}, {"train": 7, "operation": 53, "time": 5040}, {"train": 7, "operation": 55, "time": 5044}, {"train": 1, "operation": 85, "time": 5100}, {"train": 1, "operation": 89, "time": 5123}, {"train": 7, "operation": 57, "time": 5132}, {"train": 7, "operation": 59, "time": 5136}, {"train": 2, "operation": 84, "time": 5196}, {"train": 2, "operation": 88, "time": 5212}, {"train": 5, "operation": 41, "time": 5212}, {"train": 5, "operation": 42, "time": 5230}, {"train": 4, "operation": 33, "time": 5273}, {"train": 4, "operation": 35, "time": 5277}, {"train": 7, "operation": 62, "time": 5352}, {"train": 7, "operation": 64, "time": 5367}, {"train": 3, "operation": 85, "time": 5387}, {"train": 4, "operation": 37, "time": 5392}, {"train": 4, "operation": 39, "time": 5398}, {"train": 3, "operation": 87, "time": 5402}, {"train": 0, "operation": 49, "time": 5439}, {"train": 0, "operation": 52, "time": 5466}, {"train": 1, "operation": 93, "time": 5507}, {"train": 1, "operation": 95, "time": 5507}, {"train": 5, "operation": 43, "time": 5618}, {"train": 5, "operation": 44, "time": 5642}, {"train": 2, "operation": 91, "time": 5678}, {"train": 2, "operation": 94, "time": 5700}, {"train": 4, "operation": 41, "time": 5707}, {"train": 4, "operation": 43, "time": 5712}, {"train": 3, "operation": 89, "time": 5805}, {"train": 3, "operation": 93, "time": 5810}, {"train": 3, "operation": 97, "time": 5907}, {"train": 4, "operation": 45, "time": 5925}, {"train": 3, "operation": 101, "time": 5930}, {"train": 4, "operation": 47, "time": 5931}, {"train": 2, "operation": 100, "time": 5943}, {"train": 2, "operation": 103, "time": 5947}, {"train": 0, "operation": 54, "time": 5994}, {"train": 0, "operation": 56, "time": 6011}, {"train": 2, "operation": 105, "time": 6029}, {"train": 2, "operation": 107, "time": 6034}, {"train": 7, "operation": 66, "time": 6061}, {"train": 7, "operation": 68, "time": 6082}, {"train": 5, "operation": 45, "time": 6094}, {"train": 5, "operation": 46, "time": 6112}, {"train": 2, "operation": 109, "time": 6130}, {"train": 2, "operation": 110, "time": 6151}, {"train": 7, "operation": 70, "time": 6171}, {"train": 7, "operation": 72, "time": 6175}, {"train": 3, "operation": 105, "time": 6314}, {"train": 3, "operation": 107, "time": 6347}, {"train": 4, "operation": 49, "time": 6402}, {"train": 4, "operation": 50, "time": 6420}, {"train": 7, "operation": 73, "time": 6490}, {"train": 7, "operation": 74, "time": 6494}, {"train": 0, "operation": 59, "time": 6511}, {"train": 0, "operation": 62, "time": 6523}, {"train": 3, "operation": 110, "time": 6569}, {"train": 5, "operation": 47, "time": 6576}, {"train": 5, "operation": 49, "time": 6581}, {"train": 7, "operation": 75, "time": 6583}, {"train": 7, "operation": 76, "time": 6587}, {"train": 3, "operation": 114, "time": 6595}, {"train": 0, "operation": 65, "time": 6598}, {"train": 0, "operation": 69, "time": 6619}, {"train": 2, "operation": 111, "time": 6627}, {"train": 2, "operation": 113, "time": 6642}, {"train": 0, "operation": 75, "time": 6710}, {"train": 0, "operation": 80, "time": 6723}, {"train": 5, "operation": 51, "time": 6786}, {"train": 5, "operation": 53, "time": 6792}, {"train": 4, "operation": 51, "time": 6808}, {"train": 4, "operation": 52, "time": 6832}, {"train": 7, "operation": 78, "time": 6878}, {"train": 7, "operation": 80, "time": 6898}, {"train": 0, "operation": 92, "time": 6955}, {"train": 0, "operation": 96, "time": 6973}, {"train": 2, "operation": 115, "time": 7045}, {"train": 7, "operation": 84, "time": 7049}, {"train": 2, "operation": 119, "time": 7050}, {"train": 7, "operation": 88, "time": 7057}, {"train": 3, "operation": 120, "time": 7065}, {"train": 3, "operation": 124, "time": 7081}, {"train": 2, "operation": 123, "time": 7147}, {"train": 2, "operation": 127, "time": 7170}, {"train": 4, "operation": 53, "time": 7284}, {"train": 4, "operation": 54, "time": 7302}, {"train": 5, "operation": 55, "time": 7333}, {"train": 5, "operation": 57, "time": 7338}, {"train": 3, "operation": 127, "time": 7386}, {"train": 3, "operation": 130, "time": 7396}, {"train": 5, "operation": 59, "time": 7452}, {"train": 5, "operation": 61, "time": 7458}, {"train": 0, "operation": 99, "time": 7517}, {"train": 0, "operation": 102, "time": 7542}, {"train": 2, "operation": 131, "time": 7554}, {"train": 2, "operation": 133, "time": 7554}, {"train": 5, "operation": 64, "time": 7739}, {"train": 5, "operation": 66, "time": 7758}, {"train": 4, "operation": 55, "time": 7766}, {"train": 4, "operation": 57, "time": 7771}, {"train": 0, "operation": 108, "time": 7825}, {"train": 0, "operation": 111, "time": 7829}, {"train": 0, "operation": 113, "time": 7925}, {"train": 0, "operation": 115, "time": 7930}, {"train": 4, "operation": 59, "time": 7976}, {"train": 4, "operation": 61, "time": 7982}, {"train": 0, "operation": 117, "time": 8042}, {"train": 0, "operation": 118, "time": 8063}, {"train": 7, "operation": 90, "time": 8144}, {"train": 7, "operation": 92, "time": 8155}, {"train": 3, "operation": 136, "time": 8177}, {"train": 3, "operation": 138, "time": 8177}, {"train": 7, "operation": 93, "time": 8371}, {"train": 7, "operation": 95, "time": 8379}, {"train": 4, "operation": 63, "time": 8523}, {"train": 4, "operation": 65, "time": 8528}, {"train": 7, "operation": 97, "time": 8544}, {"train": 5, "operation": 68, "time": 8546}, {"train": 7, "operation": 99, "time": 8553}, {"train": 5, "operation": 70, "time": 8573}, {"train": 0, "operation": 119, "time": 8618}, {"train": 0, "operation": 121, "time": 8636}, {"train": 4, "operation": 67, "time": 8642}, {"train": 4, "operation": 69, "time": 8648}, {"train": 5, "operation": 72, "time": 8689}, {"train": 5, "operation": 74, "time": 8695}, {"train": 3, "operation": 141, "time": 8763}, {"train": 3, "operation": 145, "time": 8775}, {"train": 7, "operation": 101, "time": 8832}, {"train": 7, "operation": 103, "time": 8848}, {"train": 4, "operation": 72, "time": 8929}, {"train": 4, "operation": 74, "time": 8948}, {"train": 7, "operation": 105, "time": 9044}, {"train": 7, "operation": 107, "time": 9048}, {"train": 0, "operation": 123, "time": 9080}, {"train": 0, "operation": 127, "time": 9085}, {"train": 5, "operation": 75, "time": 9104}, {"train": 5, "operation": 76, "time": 9110}, {"train": 0, "operation": 131, "time": 9182}, {"train": 0, "operation": 135, "time": 9205}, {"train": 5, "operation": 77, "time": 9224}, {"train": 5, "operation": 78, "time": 9230}, {"train": 3, "operation": 147, "time": 9240}, {"train": 3, "operation": 149, "time": 9252}, {"train": 7, "operation": 109, "time": 9324}, {"train": 7, "operation": 111, "time": 9330}, {"train": 7, "operation": 113, "time": 9444}, {"train": 7, "operation": 115, "time": 9472}, {"train": 5, "operation": 80, "time": 9584}, {"train": 0, "operation": 139, "time": 9589}, {"train": 5, "operation": 82, "time": 9604}, {"train": 0, "operation": 141, "time": 9622}, {"train": 3, "operation": 151, "time": 9691}, {"train": 3, "operation": 153, "time": 9703}, {"train": 4, "operation": 76, "time": 9736}, {"train": 7, "operation": 118, "time": 9743}, {"train": 4, "operation": 78, "time": 9763}, {"train": 5, "operation": 86, "time": 9785}, {"train": 5, "operation": 90, "time": 9795}, {"train": 7, "operation": 120, "time": 9814}, {"train": 0, "operation": 143, "time": 9844}, {"train": 0, "operation": 145, "time": 9863}, {"train": 4, "operation": 80, "time": 9879}, {"train": 4, "operation": 82, "time": 9885}, {"train": 0, "operation": 148, "time": 10287}, {"train": 4, "operation": 83, "time": 10294}, {"train": 4, "operation": 84, "time": 10300}, {"train": 0, "operation": 152, "time": 10310}, {"train": 4, "operation": 85, "time": 10414}, {"train": 3, "operation": 155, "time": 10417}, {"train": 4, "operation": 86, "time": 10420}, {"train": 3, "operation": 157, "time": 10435}, {"train": 7, "operation": 124, "time": 10467}, {"train": 7, "operation": 128, "time": 10491}, {"train": 0, "operation": 157, "time": 10666}, {"train": 0, "operation": 160, "time": 10678}, {"train": 4, "operation": 87, "time": 10774}, {"train": 4, "operation": 89, "time": 10794}, {"train": 5, "operation": 92, "time": 10940}, {"train": 5, "operation": 94, "time": 10951}, {"train": 4, "operation": 91, "time": 10975}, {"train": 3, "operation": 160, "time": 10980}, {"train": 4, "operation": 95, "time": 10984}, {"train": 3, "operation": 162, "time": 10995}, {"train": 7, "operation": 130, "time": 11028}, {"train": 7, "operation": 132, "time": 11043}, {"train": 5, "operation": 95, "time": 11167}, {"train": 5, "operation": 97, "time": 11175}, {"train": 5, "operation": 99, "time": 11340}, {"train": 5, "operation": 101, "time": 11349}, {"train": 7, "operation": 133, "time": 11423}, {"train": 7, "operation": 135, "time": 11427}, {"train": 0, "operation": 166, "time": 11485}, {"train": 0, "operation": 168, "time": 11485}, {"train": 7, "operation": 137, "time": 11587}, {"train": 7, "operation": 139, "time": 11592}, {"train": 5, "operation": 103, "time": 11628}, {"train": 5, "operation": 105, "time": 11649}, {"train": 3, "operation": 166, "time": 11870}, {"train": 3, "operation": 170, "time": 11885}, {"train": 5, "operation": 107, "time": 11904}, {"train": 5, "operation": 109, "time": 11910}, {"train": 7, "operation": 141, "time": 11934}, {"train": 7, "operation": 143, "time": 11941}, {"train": 7, "operation": 145, "time": 12026}, {"train": 7, "operation": 148, "time": 12051}, {"train": 0, "operation": 171, "time": 12071}, {"train": 0, "operation": 175, "time": 12083}, {"train": 4, "operation": 99, "time": 12130}, {"train": 4, "operation": 101, "time": 12142}, {"train": 5, "operation": 111, "time": 12296}, {"train": 5, "operation": 113, "time": 12302}, {"train": 4, "operation": 103, "time": 12358}, {"train": 4, "operation": 105, "time": 12366}, {"train": 5, "operation": 115, "time": 12416}, {"train": 3, "operation": 174, "time": 12442}, {"train": 5, "operation": 117, "time": 12444}, {"train": 3, "operation": 178, "time": 12457}, {"train": 4, "operation": 107, "time": 12531}, {"train": 7, "operation": 151, "time": 12532}, {"train": 4, "operation": 109, "time": 12540}, {"train": 7, "operation": 154, "time": 12545}, {"train": 0, "operation": 177, "time": 12548}, {"train": 0, "operation": 179, "time": 12560}, {"train": 5, "operation": 120, "time": 12715}, {"train": 5, "operation": 122, "time": 12786}, {"train": 4, "operation": 111, "time": 12817}, {"train": 4, "operation": 113, "time": 12838}, {"train": 3, "operation": 182, "time": 12895}, {"train": 3, "operation": 186, "time": 12911}, {"train": 0, "operation": 181, "time": 12999}, {"train": 0, "operation": 183, "time": 13011}, {"train": 4, "operation": 115, "time": 13093}, {"train": 4, "operation": 117, "time": 13099}, {"train": 7, "operation": 157, "time": 13102}, {"train": 7, "operation": 160, "time": 13116}, {"train": 3, "operation": 190, "time": 13316}, {"train": 3, "operation": 194, "time": 13333}, {"train": 5, "operation": 126, "time": 13436}, {"train": 5, "operation": 130, "time": 13460}, {"train": 4, "operation": 119, "time": 13485}, {"train": 4, "operation": 121, "time": 13491}, {"train": 7, "operation": 163, "time": 13521}, {"train": 7, "operation": 165, "time": 13537}, {"train": 4, "operation": 123, "time": 13605}, {"train": 4, "operation": 125, "time": 13633}, {"train": 7, "operation": 167, "time": 13648}, {"train": 7, "operation": 169, "time": 13669}, {"train": 0, "operation": 185, "time": 13725}, {"train": 0, "operation": 187, "time": 13743}, {"train": 3, "operation": 197, "time": 13789}, {"train": 3, "operation": 201, "time": 13804}, {"train": 4, "operation": 128, "time": 13904}, {"train": 4, "operation": 130, "time": 13975}, {"train": 5, "operation": 132, "time": 14094}, {"train": 5, "operation": 134, "time": 14115}, {"train": 0, "operation": 190, "time": 14288}, {"train": 0, "operation": 192, "time": 14303}, {"train": 7, "operation": 175, "time": 14303}, {"train": 7, "operation": 178, "time": 14318}, {"train": 3, "operation": 205, "time": 14442}, {"train": 3, "operation": 209, "time": 14457}, {"train": 5, "operation": 135, "time": 14608}, {"train": 5, "operation": 137, "time": 14613}, {"train": 4, "operation": 133, "time": 14621}, {"train": 4, "operation": 137, "time": 14645}, {"train": 7, "operation": 181, "time": 14819}, {"train": 5, "operation": 139, "time": 14821}, {"train": 5, "operation": 141, "time": 14827}, {"train": 7, "operation": 184, "time": 14833}, {"train": 3, "operation": 217, "time": 15048}, {"train": 3, "operation": 221, "time": 15057}, {"train": 0, "operation": 196, "time": 15135}, {"train": 0, "operation": 200, "time": 15153}, {"train": 5, "operation": 143, "time": 15271}, {"train": 4, "operation": 139, "time": 15278}, {"train": 5, "operation": 145, "time": 15279}, {"train": 4, "operation": 141, "time": 15299}, {"train": 7, "operation": 187, "time": 15383}, {"train": 5, "operation": 147, "time": 15389}, {"train": 7, "operation": 189, "time": 15404}, {"train": 5, "operation": 150, "time": 15422}, {"train": 3, "operation": 223, "time": 15435}, {"train": 3, "operation": 227, "time": 15450}, {"train": 7, "operation": 193, "time": 15536}, {"train": 7, "operation": 195, "time": 15540}, {"train": 7, "operation": 197, "time": 15636}, {"train": 7, "operation": 199, "time": 15641}, {"train": 3, "operation": 232, "time": 15754}, {"train": 3, "operation": 236, "time": 15767}, {"train": 4, "operation": 143, "time": 15792}, {"train": 4, "operation": 145, "time": 15797}, {"train": 0, "operation": 204, "time": 15802}, {"train": 0, "operation": 208, "time": 15820}, {"train": 7, "operation": 201, "time": 15973}, {"train": 7, "operation": 203, "time": 15977}, {"train": 4, "operation": 147, "time": 16005}, {"train": 4, "operation": 149, "time": 16011}, {"train": 5, "operation": 153, "time": 16095}, {"train": 5, "operation": 156, "time": 16113}, {"train": 7, "operation": 205, "time": 16129}, {"train": 7, "operation": 207, "time": 16134}, {"train": 3, "operation": 242, "time": 16314}, {"train": 3, "operation": 246, "time": 16329}, {"train": 0, "operation": 212, "time": 16331}, {"train": 7, "operation": 210, "time": 16343}, {"train": 0, "operation": 216, "time": 16349}, {"train": 7, "operation": 212, "time": 16353}, {"train": 4, "operation": 151, "time": 16455}, {"train": 4, "operation": 153, "time": 16463}, {"train": 4, "operation": 155, "time": 16573}, {"train": 4, "operation": 158, "time": 16606}, {"train": 3, "operation": 250, "time": 16701}, {"train": 3, "operation": 254, "time": 16722}, {"train": 0, "operation": 220, "time": 16763}, {"train": 0, "operation": 224, "time": 16780}, {"train": 7, "operation": 215, "time": 16808}, {"train": 7, "operation": 218, "time": 16823}, {"train": 5, "operation": 159, "time": 16893}, {"train": 5, "operation": 162, "time": 16912}, {"train": 0, "operation": 227, "time": 17254}, {"train": 0, "operation": 231, "time": 17272}, {"train": 4, "operation": 161, "time": 17279}, {"train": 4, "operation": 164, "time": 17297}, {"train": 3, "operation": 265, "time": 17323}, {"train": 3, "operation": 268, "time": 17342}, {"train": 7, "operation": 221, "time": 17344}, {"train": 7, "operation": 224, "time": 17358}, {"train": 3, "operation": 270, "time": 17424}, {"train": 3, "operation": 272, "time": 17428}, {"train": 5, "operation": 165, "time": 17479}, {"train": 5, "operation": 167, "time": 17501}, {"train": 5, "operation": 169, "time": 17656}, {"train": 5, "operation": 171, "time": 17685}, {"train": 7, "operation": 227, "time": 17704}, {"train": 7, "operation": 230, "time": 17720}, {"train": 3, "operation": 284, "time": 17907}, {"train": 3, "operation": 286, "time": 17922}, {"train": 0, "operation": 235, "time": 18016}, {"train": 0, "operation": 239, "time": 18033}, {"train": 4, "operation": 167, "time": 18077}, {"train": 4, "operation": 170, "time": 18096}, {"train": 7, "operation": 233, "time": 18187}, {"train": 7, "operation": 236, "time": 18220}, {"train": 3, "operation": 289, "time": 18252}, {"train": 3, "operation": 292, "time": 18256}, {"train": 7, "operation": 238, "time": 18297}, {"train": 7, "operation": 240, "time": 18305}, {"train": 3, "operation": 293, "time": 18337}, {"train": 3, "operation": 294, "time": 18342}, {"train": 5, "operation": 177, "time": 18342}, {"train": 5, "operation": 180, "time": 18363}, {"train": 3, "operation": 296, "time": 18448}, {"train": 3, "operation": 298, "time": 18462}, {"train": 4, "operation": 173, "time": 18663}, {"train": 4, "operation": 175, "time": 18685}, {"train": 0, "operation": 247, "time": 18723}, {"train": 0, "operation": 251, "time": 18733}, {"train": 4, "operation": 177, "time": 18840}, {"train": 7, "operation": 243, "time": 18856}, {"train": 4, "operation": 179, "time": 18869}, {"train": 7, "operation": 246, "time": 18879}, {"train": 3, "operation": 302, "time": 18932}, {"train": 3, "operation": 306, "time": 18947}, {"train": 5, "operation": 183, "time": 19064}, {"train": 5, "operation": 186, "time": 19084}, {"train": 0, "operation": 253, "time": 19111}, {"train": 0, "operation": 257, "time": 19126}, {"train": 3, "operation": 309, "time": 19338}, {"train": 3, "operation": 312, "time": 19342}, {"train": 3, "operation": 313, "time": 19423}, {"train": 0, "operation": 262, "time": 19430}, {"train": 0, "operation": 266, "time": 19443}, {"train": 3, "operation": 315, "time": 19444}, {"train": 4, "operation": 185, "time": 19517}, {"train": 7, "operation": 249, "time": 19533}, {"train": 4, "operation": 188, "time": 19538}, {"train": 7, "operation": 252, "time": 19558}, {"train": 7, "operation": 254, "time": 19755}, {"train": 7, "operation": 256, "time": 19762}, {"train": 3, "operation": 318, "time": 19831}, {"train": 3, "operation": 322, "time": 19847}, {"train": 5, "operation": 189, "time": 19853}, {"train": 5, "operation": 191, "time": 19874}, {"train": 0, "operation": 272, "time": 20008}, {"train": 0, "operation": 276, "time": 20025}, {"train": 5, "operation": 195, "time": 20043}, {"train": 5, "operation": 197, "time": 20048}, {"train": 7, "operation": 258, "time": 20056}, {"train": 7, "operation": 261, "time": 20080}, {"train": 5, "operation": 199, "time": 20163}, {"train": 5, "operation": 201, "time": 20169}, {"train": 4, "operation": 191, "time": 20239}, {"train": 4, "operation": 194, "time": 20259}, {"train": 3, "operation": 328, "time": 20354}, {"train": 3, "operation": 332, "time": 20369}, {"train": 0, "operation": 279, "time": 20459}, {"train": 0, "operation": 282, "time": 20483}, {"train": 5, "operation": 203, "time": 20601}, {"train": 5, "operation": 205, "time": 20606}, {"train": 7, "operation": 263, "time": 20638}, {"train": 7, "operation": 266, "time": 20663}, {"train": 5, "operation": 207, "time": 20803}, {"train": 5, "operation": 209, "time": 20810}, {"train": 3, "operation": 336, "time": 20899}, {"train": 3, "operation": 340, "time": 20913}, {"train": 4, "operation": 197, "time": 21028}, {"train": 4, "operation": 199, "time": 21049}, {"train": 5, "operation": 212, "time": 21081}, {"train": 5, "operation": 214, "time": 21091}, {"train": 7, "operation": 269, "time": 21104}, {"train": 7, "operation": 272, "time": 21127}, {"train": 0, "operation": 293, "time": 21184}, {"train": 0, "operation": 296, "time": 21206}, {"train": 4, "operation": 203, "time": 21218}, {"train": 4, "operation": 205, "time": 21223}, {"train": 0, "operation": 298, "time": 21302}, {"train": 0, "operation": 300, "time": 21307}, {"train": 4, "operation": 207, "time": 21338}, {"train": 4, "operation": 209, "time": 21344}, {"train": 3, "operation": 344, "time": 21392}, {"train": 3, "operation": 348, "time": 21407}, {"train": 5, "operation": 217, "time": 21556}, {"train": 5, "operation": 220, "time": 21577}, {"train": 4, "operation": 211, "time": 21776}, {"train": 4, "operation": 213, "time": 21781}, {"train": 0, "operation": 312, "time": 21866}, {"train": 0, "operation": 314, "time": 21883}, {"train": 7, "operation": 276, "time": 21883}, {"train": 7, "operation": 280, "time": 21906}, {"train": 3, "operation": 352, "time": 21935}, {"train": 3, "operation": 356, "time": 21949}, {"train": 4, "operation": 215, "time": 21978}, {"train": 4, "operation": 217, "time": 21985}, {"train": 4, "operation": 220, "time": 22256}, {"train": 4, "operation": 222, "time": 22266}, {"train": 0, "operation": 317, "time": 22268}, {"train": 0, "operation": 320, "time": 22272}, {"train": 5, "operation": 223, "time": 22307}, {"train": 5, "operation": 226, "time": 22327}, {"train": 0, "operation": 321, "time": 22368}, {"train": 0, "operation": 322, "time": 22373}, {"train": 3, "operation": 360, "time": 22463}, {"train": 3, "operation": 364, "time": 22478}, {"train": 0, "operation": 324, "time": 22496}, {"train": 7, "operation": 284, "time": 22501}, {"train": 7, "operation": 285, "time": 22501}, {"train": 0, "operation": 326, "time": 22513}, {"train": 4, "operation": 225, "time": 22722}, {"train": 4, "operation": 228, "time": 22743}, {"train": 5, "operation": 229, "time": 22811}, {"train": 5, "operation": 232, "time": 22833}, {"train": 3, "operation": 368, "time": 22971}, {"train": 3, "operation": 372, "time": 22986}, {"train": 0, "operation": 330, "time": 23062}, {"train": 0, "operation": 334, "time": 23080}, {"train": 3, "operation": 376, "time": 23144}, {"train": 3, "operation": 380, "time": 23160}, {"train": 3, "operation": 387, "time": 23258}, {"train": 3, "operation": 414, "time": 23277}, {"train": 3, "operation": 446, "time": 23300}, {"train": 5, "operation": 235, "time": 23445}, {"train": 4, "operation": 231, "time": 23473}, {"train": 5, "operation": 238, "time": 23478}, {"train": 4, "operation": 234, "time": 23493}, {"train": 0, "operation": 337, "time": 23535}, {"train": 0, "operation": 340, "time": 23539}, {"train": 3, "operation": 482, "time": 23551}, {"train": 5, "operation": 240, "time": 23555}, {"train": 5, "operation": 242, "time": 23563}, {"train": 3, "operation": 503, "time": 23588}, {"train": 3, "operation": 523, "time": 23631}, {"train": 0, "operation": 341, "time": 23634}, {"train": 0, "operation": 343, "time": 23658}, {"train": 3, "operation": 543, "time": 23784}, {"train": 3, "operation": 563, "time": 23818}, {"train": 4, "operation": 237, "time": 23977}, {"train": 4, "operation": 240, "time": 23999}, {"train": 0, "operation": 346, "time": 24109}, {"train": 5, "operation": 245, "time": 24114}, {"train": 0, "operation": 350, "time": 24127}, {"train": 5, "operation": 248, "time": 24137}, {"train": 3, "operation": 583, "time": 24355}, {"train": 3, "operation": 584, "time": 24355}, {"train": 4, "operation": 243, "time": 24611}, {"train": 4, "operation": 246, "time": 24644}, {"train": 0, "operation": 356, "time": 24718}, {"train": 4, "operation": 248, "time": 24721}, {"train": 4, "operation": 250, "time": 24729}, {"train": 0, "operation": 360, "time": 24735}, {"train": 5, "operation": 251, "time": 24791}, {"train": 5, "operation": 254, "time": 24816}, {"train": 5, "operation": 256, "time": 25013}, {"train": 5, "operation": 258, "time": 25020}, {"train": 4, "operation": 253, "time": 25280}, {"train": 4, "operation": 256, "time": 25303}, {"train": 5, "operation": 260, "time": 25314}, {"train": 5, "operation": 263, "time": 25338}, {"train": 0, "operation": 364, "time": 25353}, {"train": 0, "operation": 368, "time": 25370}, {"train": 5, "operation": 265, "time": 25896}, {"train": 5, "operation": 268, "time": 25921}, {"train": 0, "operation": 372, "time": 25928}, {"train": 0, "operation": 376, "time": 25945}, {"train": 4, "operation": 259, "time": 25957}, {"train": 4, "operation": 262, "time": 25982}, {"train": 4, "operation": 264, "time": 26179}, {"train": 4, "operation": 266, "time": 26186}, {"train": 5, "operation": 271, "time": 26362}, {"train": 5, "operation": 274, "time": 26385}, {"train": 4, "operation": 268, "time": 26480}, {"train": 4, "operation": 271, "time": 26504}, {"train": 0, "operation": 380, "time": 26561}, {"train": 0, "operation": 384, "time": 26578}, {"train": 4, "operation": 273, "time": 27062}, {"train": 4, "operation": 276, "time": 27087}, {"train": 5, "operation": 277, "time": 27141}, {"train": 5, "operation": 281, "time": 27164}, {"train": 0, "operation": 388, "time": 27178}, {"train": 0, "operation": 392, "time": 27195}, {"train": 4, "operation": 279, "time": 27528}, {"train": 4, "operation": 282, "time": 27551}, {"train": 5, "operation": 285, "time": 27759}, {"train": 5, "operation": 287, "time": 27759}, {"train": 0, "operation": 396, "time": 27770}, {"train": 0, "operation": 400, "time": 27787}, {"train": 0, "operation": 404, "time": 27970}, {"train": 0, "operation": 408, "time": 27988}, {"train": 0, "operation": 414, "time": 28102}, {"train": 0, "operation": 435, "time": 28124}, {"train": 0, "operation": 461, "time": 28151}, {"train": 4, "operation": 286, "time": 28307}, {"train": 4, "operation": 290, "time": 28330}, {"train": 0, "operation": 467, "time": 28402}, {"train": 0, "operation": 478, "time": 28439}, {"train": 0, "operation": 498, "time": 28482}, {"train": 0, "operation": 518, "time": 28635}, {"train": 0, "operation": 520, "time": 28669}, {"train": 4, "operation": 294, "time": 28925}, {"train": 4, "operation": 295, "time": 28925}, {"train": 0, "operation": 522, "time": 29206}, {"train": 0, "operation": 523, "time": 29206}]}