{"objective_value": 3413, "events": [{"train": 0, "operation": 0, "time": 0}, {"train": 1, "operation": 0, "time": 0}, {"train": 2, "operation": 0, "time": 0}, {"train": 3, "operation": 0, "time": 0}, {"train": 4, "operation": 0, "time": 0}, {"train": 5, "operation": 0, "time": 0}, {"train": 6, "operation": 0, "time": 0}, {"train": 7, "operation": 0, "time": 0}, {"train": 8, "operation": 0, "time": 0}, {"train": 0, "operation": 1, "time": 0}, {"train": 1, "operation": 1, "time": 0}, {"train": 2, "operation": 1, "time": 0}, {"train": 3, "operation": 1, "time": 0}, {"train": 6, "operation": 1, "time": 0}, {"train": 7, "operation": 1, "time": 0}, {"train": 8, "operation": 1, "time": 0}, {"train": 6, "operation": 2, "time": 7}, {"train": 8, "operation": 2, "time": 8}, {"train": 2, "operation": 2, "time": 26}, {"train": 7, "operation": 2, "time": 40}, {"train": 3, "operation": 2, "time": 83}, {"train": 6, "operation": 3, "time": 94}, {"train": 6, "operation": 4, "time": 99}, {"train": 3, "operation": 3, "time": 177}, {"train": 2, "operation": 3, "time": 193}, {"train": 2, "operation": 4, "time": 201}, {"train": 7, "operation": 3, "time": 201}, {"train": 7, "operation": 4, "time": 235}, {"train": 7, "operation": 5, "time": 243}, {"train": 7, "operation": 6, "time": 299}, {"train": 6, "operation": 5, "time": 356}, {"train": 6, "operation": 6, "time": 365}, {"train": 3, "operation": 4, "time": 448}, {"train": 4, "operation": 1, "time": 461}, {"train": 4, "operation": 2, "time": 484}, {"train": 3, "operation": 5, "time": 489}, {"train": 3, "operation": 6, "time": 489}, {"train": 3, "operation": 7, "time": 489}, {"train": 5, "operation": 1, "time": 605}, {"train": 0, "operation": 2, "time": 605}, {"train": 5, "operation": 2, "time": 611}, {"train": 1, "operation": 2, "time": 611}, {"train": 2, "operation": 6, "time": 656}, {"train": 7, "operation": 7, "time": 673}, {"train": 2, "operation": 8, "time": 676}, {"train": 7, "operation": 8, "time": 686}, {"train": 0, "operation": 3, "time": 728}, {"train": 6, "operation": 7, "time": 761}, {"train": 5, "operation": 3, "time": 784}, {"train": 5, "operation": 4, "time": 795}, {"train": 6, "operation": 9, "time": 809}, {"train": 6, "operation": 11, "time": 815}, {"train": 6, "operation": 17, "time": 883}, {"train": 2, "operation": 11, "time": 922}, {"train": 2, "operation": 14, "time": 932}, {"train": 8, "operation": 3, "time": 962}, {"train": 8, "operation": 5, "time": 970}, {"train": 8, "operation": 7, "time": 1074}, {"train": 8, "operation": 9, "time": 1080}, {"train": 7, "operation": 10, "time": 1099}, {"train": 7, "operation": 12, "time": 1115}, {"train": 2, "operation": 17, "time": 1131}, {"train": 6, "operation": 23, "time": 1133}, {"train": 2, "operation": 20, "time": 1142}, {"train": 6, "operation": 25, "time": 1149}, {"train": 4, "operation": 3, "time": 1159}, {"train": 4, "operation": 4, "time": 1175}, {"train": 5, "operation": 5, "time": 1180}, {"train": 5, "operation": 6, "time": 1187}, {"train": 6, "operation": 27, "time": 1203}, {"train": 6, "operation": 29, "time": 1203}, {"train": 2, "operation": 23, "time": 1205}, {"train": 2, "operation": 26, "time": 1225}, {"train": 2, "operation": 29, "time": 1258}, {"train": 5, "operation": 7, "time": 1314}, {"train": 5, "operation": 8, "time": 1321}, {"train": 2, "operation": 39, "time": 1348}, {"train": 8, "operation": 11, "time": 1348}, {"train": 8, "operation": 12, "time": 1357}, {"train": 1, "operation": 4, "time": 1433}, {"train": 1, "operation": 6, "time": 1454}, {"train": 2, "operation": 41, "time": 1475}, {"train": 2, "operation": 43, "time": 1511}, {"train": 4, "operation": 5, "time": 1587}, {"train": 4, "operation": 6, "time": 1601}, {"train": 7, "operation": 16, "time": 1614}, {"train": 7, "operation": 20, "time": 1628}, {"train": 1, "operation": 9, "time": 1644}, {"train": 2, "operation": 44, "time": 1646}, {"train": 2, "operation": 45, "time": 1654}, {"train": 1, "operation": 12, "time": 1655}, {"train": 0, "operation": 4, "time": 1655}, {"train": 2, "operation": 46, "time": 1728}, {"train": 2, "operation": 47, "time": 1741}, {"train": 7, "operation": 23, "time": 1767}, {"train": 1, "operation": 15, "time": 1772}, {"train": 7, "operation": 26, "time": 1773}, {"train": 1, "operation": 18, "time": 1784}, {"train": 8, "operation": 14, "time": 1792}, {"train": 2, "operation": 48, "time": 1829}, {"train": 8, "operation": 16, "time": 1840}, {"train": 2, "operation": 51, "time": 1842}, {"train": 8, "operation": 24, "time": 1848}, {"train": 8, "operation": 33, "time": 1909}, {"train": 1, "operation": 21, "time": 1966}, {"train": 4, "operation": 7, "time": 1975}, {"train": 4, "operation": 9, "time": 1996}, {"train": 4, "operation": 11, "time": 2004}, {"train": 1, "operation": 24, "time": 2008}, {"train": 4, "operation": 14, "time": 2040}, {"train": 1, "operation": 27, "time": 2062}, {"train": 1, "operation": 30, "time": 2072}, {"train": 2, "operation": 54, "time": 2089}, {"train": 2, "operation": 57, "time": 2089}, {"train": 8, "operation": 38, "time": 2113}, {"train": 8, "operation": 43, "time": 2120}, {"train": 4, "operation": 17, "time": 2170}, {"train": 8, "operation": 49, "time": 2187}, {"train": 8, "operation": 57, "time": 2194}, {"train": 7, "operation": 28, "time": 2208}, {"train": 4, "operation": 22, "time": 2210}, {"train": 7, "operation": 30, "time": 2228}, {"train": 4, "operation": 27, "time": 2292}, {"train": 1, "operation": 34, "time": 2322}, {"train": 4, "operation": 34, "time": 2335}, {"train": 5, "operation": 9, "time": 2343}, {"train": 5, "operation": 11, "time": 2348}, {"train": 8, "operation": 62, "time": 2360}, {"train": 1, "operation": 38, "time": 2367}, {"train": 8, "operation": 65, "time": 2368}, {"train": 4, "operation": 41, "time": 2370}, {"train": 4, "operation": 48, "time": 2370}, {"train": 1, "operation": 44, "time": 2376}, {"train": 1, "operation": 48, "time": 2397}, {"train": 0, "operation": 5, "time": 2430}, {"train": 0, "operation": 7, "time": 2435}, {"train": 5, "operation": 13, "time": 2471}, {"train": 7, "operation": 33, "time": 2474}, {"train": 5, "operation": 15, "time": 2477}, {"train": 7, "operation": 36, "time": 2484}, {"train": 8, "operation": 68, "time": 2491}, {"train": 1, "operation": 53, "time": 2527}, {"train": 8, "operation": 71, "time": 2534}, {"train": 1, "operation": 56, "time": 2567}, {"train": 0, "operation": 9, "time": 2579}, {"train": 0, "operation": 11, "time": 2588}, {"train": 1, "operation": 59, "time": 2649}, {"train": 7, "operation": 41, "time": 2683}, {"train": 1, "operation": 63, "time": 2692}, {"train": 7, "operation": 46, "time": 2694}, {"train": 1, "operation": 67, "time": 2727}, {"train": 1, "operation": 71, "time": 2727}, {"train": 7, "operation": 50, "time": 2757}, {"train": 7, "operation": 54, "time": 2777}, {"train": 7, "operation": 58, "time": 2810}, {"train": 7, "operation": 64, "time": 2900}, {"train": 0, "operation": 13, "time": 2948}, {"train": 0, "operation": 15, "time": 2954}, {"train": 7, "operation": 76, "time": 3028}, {"train": 7, "operation": 82, "time": 3048}, {"train": 0, "operation": 17, "time": 3064}, {"train": 0, "operation": 19, "time": 3070}, {"train": 7, "operation": 87, "time": 3198}, {"train": 7, "operation": 90, "time": 3206}, {"train": 7, "operation": 92, "time": 3261}, {"train": 7, "operation": 94, "time": 3272}, {"train": 7, "operation": 97, "time": 3310}, {"train": 7, "operation": 101, "time": 3330}, {"train": 5, "operation": 17, "time": 3361}, {"train": 5, "operation": 19, "time": 3370}, {"train": 8, "operation": 75, "time": 3381}, {"train": 8, "operation": 77, "time": 3387}, {"train": 8, "operation": 79, "time": 3560}, {"train": 8, "operation": 81, "time": 3571}, {"train": 5, "operation": 21, "time": 3603}, {"train": 5, "operation": 23, "time": 3609}, {"train": 7, "operation": 105, "time": 3744}, {"train": 7, "operation": 108, "time": 3798}, {"train": 7, "operation": 113, "time": 3843}, {"train": 7, "operation": 118, "time": 3849}, {"train": 7, "operation": 128, "time": 3933}, {"train": 7, "operation": 132, "time": 3938}, {"train": 8, "operation": 83, "time": 3958}, {"train": 8, "operation": 85, "time": 3966}, {"train": 7, "operation": 134, "time": 3986}, {"train": 7, "operation": 136, "time": 3994}, {"train": 0, "operation": 21, "time": 4021}, {"train": 0, "operation": 23, "time": 4025}, {"train": 7, "operation": 138, "time": 4049}, {"train": 7, "operation": 139, "time": 4055}, {"train": 8, "operation": 87, "time": 4100}, {"train": 8, "operation": 89, "time": 4107}, {"train": 0, "operation": 25, "time": 4128}, {"train": 0, "operation": 27, "time": 4133}, {"train": 5, "operation": 25, "time": 4165}, {"train": 5, "operation": 27, "time": 4170}, {"train": 5, "operation": 29, "time": 4296}, {"train": 5, "operation": 31, "time": 4303}, {"train": 7, "operation": 140, "time": 4322}, {"train": 7, "operation": 142, "time": 4329}, {"train": 7, "operation": 144, "time": 4413}, {"train": 7, "operation": 146, "time": 4417}, {"train": 5, "operation": 33, "time": 4873}, {"train": 5, "operation": 35, "time": 4880}, {"train": 0, "operation": 29, "time": 4917}, {"train": 0, "operation": 31, "time": 4925}, {"train": 5, "operation": 37, "time": 5038}, {"train": 5, "operation": 39, "time": 5045}, {"train": 0, "operation": 33, "time": 5150}, {"train": 0, "operation": 35, "time": 5155}, {"train": 7, "operation": 148, "time": 5165}, {"train": 7, "operation": 150, "time": 5169}, {"train": 8, "operation": 91, "time": 5174}, {"train": 8, "operation": 93, "time": 5179}, {"train": 7, "operation": 152, "time": 5224}, {"train": 7, "operation": 154, "time": 5228}, {"train": 7, "operation": 156, "time": 5272}, {"train": 7, "operation": 157, "time": 5277}, {"train": 8, "operation": 95, "time": 5302}, {"train": 8, "operation": 97, "time": 5308}, {"train": 7, "operation": 158, "time": 5479}, {"train": 7, "operation": 159, "time": 5485}, {"train": 5, "operation": 41, "time": 5521}, {"train": 5, "operation": 43, "time": 5531}, {"train": 7, "operation": 160, "time": 5550}, {"train": 7, "operation": 161, "time": 5555}, {"train": 0, "operation": 37, "time": 5675}, {"train": 0, "operation": 39, "time": 5679}, {"train": 7, "operation": 162, "time": 5705}, {"train": 7, "operation": 163, "time": 5710}, {"train": 5, "operation": 45, "time": 5724}, {"train": 5, "operation": 47, "time": 5732}, {"train": 0, "operation": 41, "time": 5784}, {"train": 0, "operation": 43, "time": 5790}, {"train": 7, "operation": 164, "time": 5793}, {"train": 7, "operation": 166, "time": 5798}, {"train": 7, "operation": 168, "time": 5868}, {"train": 7, "operation": 170, "time": 5873}, {"train": 5, "operation": 49, "time": 6196}, {"train": 8, "operation": 100, "time": 6200}, {"train": 8, "operation": 102, "time": 6210}, {"train": 5, "operation": 51, "time": 6216}, {"train": 7, "operation": 172, "time": 6230}, {"train": 7, "operation": 174, "time": 6235}, {"train": 0, "operation": 45, "time": 6284}, {"train": 0, "operation": 47, "time": 6291}, {"train": 7, "operation": 176, "time": 6387}, {"train": 7, "operation": 178, "time": 6393}, {"train": 0, "operation": 49, "time": 6449}, {"train": 0, "operation": 51, "time": 6455}, {"train": 8, "operation": 104, "time": 6472}, {"train": 8, "operation": 106, "time": 6481}, {"train": 5, "operation": 53, "time": 6645}, {"train": 5, "operation": 57, "time": 6672}, {"train": 7, "operation": 180, "time": 6820}, {"train": 7, "operation": 182, "time": 6826}, {"train": 0, "operation": 53, "time": 6869}, {"train": 0, "operation": 55, "time": 6879}, {"train": 5, "operation": 62, "time": 6952}, {"train": 5, "operation": 65, "time": 6959}, {"train": 7, "operation": 184, "time": 6987}, {"train": 7, "operation": 186, "time": 6991}, {"train": 0, "operation": 57, "time": 7066}, {"train": 0, "operation": 59, "time": 7073}, {"train": 8, "operation": 107, "time": 7080}, {"train": 8, "operation": 109, "time": 7085}, {"train": 8, "operation": 111, "time": 7211}, {"train": 8, "operation": 113, "time": 7218}, {"train": 7, "operation": 188, "time": 7233}, {"train": 7, "operation": 190, "time": 7239}, {"train": 5, "operation": 69, "time": 7340}, {"train": 7, "operation": 192, "time": 7342}, {"train": 7, "operation": 194, "time": 7350}, {"train": 5, "operation": 70, "time": 7371}, {"train": 0, "operation": 62, "time": 7524}, {"train": 0, "operation": 64, "time": 7537}, {"train": 7, "operation": 196, "time": 7709}, {"train": 7, "operation": 197, "time": 7709}, {"train": 5, "operation": 71, "time": 7786}, {"train": 5, "operation": 73, "time": 7791}, {"train": 8, "operation": 115, "time": 7796}, {"train": 8, "operation": 117, "time": 7803}, {"train": 7, "operation": 198, "time": 7917}, {"train": 7, "operation": 200, "time": 7922}, {"train": 5, "operation": 75, "time": 7923}, {"train": 5, "operation": 77, "time": 7931}, {"train": 8, "operation": 119, "time": 7961}, {"train": 0, "operation": 67, "time": 7965}, {"train": 8, "operation": 121, "time": 7968}, {"train": 0, "operation": 71, "time": 7993}, {"train": 7, "operation": 202, "time": 8069}, {"train": 7, "operation": 204, "time": 8074}, {"train": 7, "operation": 206, "time": 8109}, {"train": 7, "operation": 208, "time": 8114}, {"train": 7, "operation": 210, "time": 8130}, {"train": 7, "operation": 212, "time": 8136}, {"train": 0, "operation": 74, "time": 8279}, {"train": 0, "operation": 77, "time": 8286}, {"train": 5, "operation": 79, "time": 8294}, {"train": 5, "operation": 81, "time": 8300}, {"train": 5, "operation": 83, "time": 8426}, {"train": 8, "operation": 123, "time": 8444}, {"train": 5, "operation": 85, "time": 8448}, {"train": 8, "operation": 125, "time": 8455}, {"train": 0, "operation": 81, "time": 8671}, {"train": 8, "operation": 127, "time": 8671}, {"train": 8, "operation": 129, "time": 8679}, {"train": 0, "operation": 82, "time": 8702}, {"train": 7, "operation": 214, "time": 8743}, {"train": 7, "operation": 216, "time": 8753}, {"train": 7, "operation": 218, "time": 8963}, {"train": 7, "operation": 220, "time": 8977}, {"train": 0, "operation": 83, "time": 9080}, {"train": 0, "operation": 85, "time": 9084}, {"train": 5, "operation": 87, "time": 9131}, {"train": 5, "operation": 89, "time": 9137}, {"train": 8, "operation": 132, "time": 9151}, {"train": 8, "operation": 134, "time": 9164}, {"train": 0, "operation": 87, "time": 9194}, {"train": 0, "operation": 89, "time": 9200}, {"train": 5, "operation": 91, "time": 9253}, {"train": 5, "operation": 93, "time": 9259}, {"train": 7, "operation": 222, "time": 9410}, {"train": 7, "operation": 224, "time": 9416}, {"train": 0, "operation": 91, "time": 9502}, {"train": 0, "operation": 93, "time": 9508}, {"train": 8, "operation": 137, "time": 9592}, {"train": 7, "operation": 226, "time": 9602}, {"train": 8, "operation": 141, "time": 9620}, {"train": 7, "operation": 228, "time": 9622}, {"train": 0, "operation": 95, "time": 9630}, {"train": 0, "operation": 97, "time": 9652}, {"train": 8, "operation": 144, "time": 9914}, {"train": 8, "operation": 147, "time": 9921}, {"train": 7, "operation": 230, "time": 10018}, {"train": 7, "operation": 232, "time": 10026}, {"train": 7, "operation": 234, "time": 10144}, {"train": 7, "operation": 236, "time": 10148}, {"train": 5, "operation": 95, "time": 10223}, {"train": 5, "operation": 97, "time": 10229}, {"train": 0, "operation": 99, "time": 10262}, {"train": 0, "operation": 101, "time": 10267}, {"train": 8, "operation": 151, "time": 10312}, {"train": 8, "operation": 152, "time": 10343}, {"train": 5, "operation": 99, "time": 10363}, {"train": 0, "operation": 103, "time": 10364}, {"train": 0, "operation": 105, "time": 10369}, {"train": 5, "operation": 101, "time": 10369}, {"train": 7, "operation": 238, "time": 10397}, {"train": 7, "operation": 239, "time": 10403}, {"train": 7, "operation": 240, "time": 10470}, {"train": 7, "operation": 241, "time": 10475}, {"train": 7, "operation": 242, "time": 10577}, {"train": 7, "operation": 244, "time": 10584}, {"train": 8, "operation": 153, "time": 10758}, {"train": 8, "operation": 155, "time": 10763}, {"train": 7, "operation": 246, "time": 10815}, {"train": 7, "operation": 248, "time": 10821}, {"train": 8, "operation": 157, "time": 10895}, {"train": 8, "operation": 159, "time": 10903}, {"train": 7, "operation": 250, "time": 11075}, {"train": 7, "operation": 251, "time": 11088}, {"train": 7, "operation": 252, "time": 11115}, {"train": 7, "operation": 254, "time": 11122}, {"train": 5, "operation": 103, "time": 11125}, {"train": 5, "operation": 105, "time": 11131}, {"train": 7, "operation": 256, "time": 11131}, {"train": 7, "operation": 259, "time": 11139}, {"train": 0, "operation": 107, "time": 11172}, {"train": 0, "operation": 109, "time": 11177}, {"train": 7, "operation": 262, "time": 11234}, {"train": 7, "operation": 268, "time": 11252}, {"train": 5, "operation": 107, "time": 11254}, {"train": 5, "operation": 109, "time": 11260}, {"train": 8, "operation": 161, "time": 11266}, {"train": 8, "operation": 163, "time": 11272}, {"train": 0, "operation": 111, "time": 11289}, {"train": 0, "operation": 113, "time": 11294}, {"train": 8, "operation": 165, "time": 11398}, {"train": 8, "operation": 167, "time": 11420}, {"train": 7, "operation": 274, "time": 11644}, {"train": 7, "operation": 276, "time": 11659}, {"train": 5, "operation": 112, "time": 11805}, {"train": 5, "operation": 114, "time": 11815}, {"train": 0, "operation": 115, "time": 11924}, {"train": 0, "operation": 117, "time": 11929}, {"train": 0, "operation": 119, "time": 12031}, {"train": 0, "operation": 121, "time": 12036}, {"train": 7, "operation": 279, "time": 12085}, {"train": 7, "operation": 281, "time": 12099}, {"train": 8, "operation": 169, "time": 12113}, {"train": 8, "operation": 171, "time": 12119}, {"train": 7, "operation": 285, "time": 12206}, {"train": 7, "operation": 289, "time": 12222}, {"train": 8, "operation": 173, "time": 12235}, {"train": 8, "operation": 175, "time": 12241}, {"train": 0, "operation": 123, "time": 12490}, {"train": 0, "operation": 125, "time": 12495}, {"train": 7, "operation": 292, "time": 12572}, {"train": 7, "operation": 296, "time": 12589}, {"train": 0, "operation": 127, "time": 12595}, {"train": 0, "operation": 129, "time": 12601}, {"train": 5, "operation": 116, "time": 12601}, {"train": 7, "operation": 300, "time": 12777}, {"train": 7, "operation": 303, "time": 12791}, {"train": 8, "operation": 177, "time": 13205}, {"train": 8, "operation": 179, "time": 13211}, {"train": 0, "operation": 131, "time": 13257}, {"train": 0, "operation": 133, "time": 13262}, {"train": 5, "operation": 118, "time": 13262}, {"train": 7, "operation": 310, "time": 13299}, {"train": 7, "operation": 312, "time": 13304}, {"train": 8, "operation": 181, "time": 13345}, {"train": 8, "operation": 183, "time": 13351}, {"train": 0, "operation": 135, "time": 13364}, {"train": 0, "operation": 137, "time": 13370}, {"train": 7, "operation": 314, "time": 13395}, {"train": 7, "operation": 316, "time": 13399}, {"train": 0, "operation": 139, "time": 13762}, {"train": 0, "operation": 141, "time": 13767}, {"train": 7, "operation": 318, "time": 13846}, {"train": 0, "operation": 143, "time": 13865}, {"train": 0, "operation": 145, "time": 13871}, {"train": 7, "operation": 320, "time": 13885}, {"train": 5, "operation": 119, "time": 14025}, {"train": 5, "operation": 121, "time": 14031}, {"train": 8, "operation": 185, "time": 14107}, {"train": 8, "operation": 187, "time": 14113}, {"train": 7, "operation": 322, "time": 14117}, {"train": 7, "operation": 324, "time": 14121}, {"train": 5, "operation": 123, "time": 14153}, {"train": 5, "operation": 125, "time": 14160}, {"train": 8, "operation": 189, "time": 14236}, {"train": 8, "operation": 191, "time": 14242}, {"train": 0, "operation": 147, "time": 14269}, {"train": 0, "operation": 149, "time": 14278}, {"train": 7, "operation": 326, "time": 14419}, {"train": 7, "operation": 328, "time": 14422}, {"train": 0, "operation": 151, "time": 14476}, {"train": 0, "operation": 153, "time": 14483}, {"train": 7, "operation": 330, "time": 14498}, {"train": 7, "operation": 332, "time": 14502}, {"train": 5, "operation": 127, "time": 14631}, {"train": 5, "operation": 129, "time": 14637}, {"train": 5, "operation": 131, "time": 14754}, {"train": 5, "operation": 133, "time": 14761}, {"train": 8, "operation": 193, "time": 14787}, {"train": 7, "operation": 334, "time": 14792}, {"train": 8, "operation": 195, "time": 14793}, {"train": 7, "operation": 336, "time": 14799}, {"train": 7, "operation": 338, "time": 14885}, {"train": 7, "operation": 340, "time": 14891}, {"train": 8, "operation": 197, "time": 14913}, {"train": 8, "operation": 199, "time": 14920}, {"train": 5, "operation": 135, "time": 15239}, {"train": 5, "operation": 137, "time": 15248}, {"train": 7, "operation": 342, "time": 15272}, {"train": 7, "operation": 344, "time": 15278}, {"train": 0, "operation": 155, "time": 15355}, {"train": 0, "operation": 157, "time": 15360}, {"train": 7, "operation": 346, "time": 15374}, {"train": 7, "operation": 348, "time": 15379}, {"train": 5, "operation": 139, "time": 15446}, {"train": 5, "operation": 141, "time": 15453}, {"train": 0, "operation": 159, "time": 15472}, {"train": 0, "operation": 161, "time": 15478}, {"train": 8, "operation": 201, "time": 15692}, {"train": 8, "operation": 203, "time": 15698}, {"train": 8, "operation": 205, "time": 15820}, {"train": 8, "operation": 207, "time": 15827}, {"train": 7, "operation": 350, "time": 15866}, {"train": 7, "operation": 352, "time": 15870}, {"train": 7, "operation": 354, "time": 15947}, {"train": 7, "operation": 356, "time": 15951}, {"train": 7, "operation": 358, "time": 16207}, {"train": 7, "operation": 359, "time": 16211}, {"train": 7, "operation": 360, "time": 16259}, {"train": 7, "operation": 361, "time": 16263}, {"train": 8, "operation": 209, "time": 16298}, {"train": 8, "operation": 211, "time": 16304}, {"train": 0, "operation": 163, "time": 16367}, {"train": 0, "operation": 165, "time": 16373}, {"train": 8, "operation": 213, "time": 16421}, {"train": 8, "operation": 215, "time": 16428}, {"train": 5, "operation": 143, "time": 16482}, {"train": 5, "operation": 145, "time": 16488}, {"train": 0, "operation": 167, "time": 16494}, {"train": 0, "operation": 169, "time": 16500}, {"train": 7, "operation": 362, "time": 16588}, {"train": 7, "operation": 364, "time": 16592}, {"train": 5, "operation": 147, "time": 16622}, {"train": 5, "operation": 149, "time": 16630}, {"train": 7, "operation": 366, "time": 16685}, {"train": 7, "operation": 368, "time": 16689}, {"train": 8, "operation": 217, "time": 16906}, {"train": 8, "operation": 219, "time": 16915}, {"train": 7, "operation": 370, "time": 17060}, {"train": 7, "operation": 372, "time": 17071}, {"train": 8, "operation": 221, "time": 17113}, {"train": 8, "operation": 223, "time": 17120}, {"train": 7, "operation": 375, "time": 17220}, {"train": 7, "operation": 378, "time": 17246}, {"train": 7, "operation": 381, "time": 17277}, {"train": 0, "operation": 171, "time": 17358}, {"train": 0, "operation": 173, "time": 17363}, {"train": 0, "operation": 175, "time": 17457}, {"train": 0, "operation": 177, "time": 17462}, {"train": 7, "operation": 384, "time": 17527}, {"train": 7, "operation": 385, "time": 17565}, {"train": 5, "operation": 151, "time": 17697}, {"train": 5, "operation": 153, "time": 17704}, {"train": 5, "operation": 155, "time": 17849}, {"train": 5, "operation": 157, "time": 17857}, {"train": 8, "operation": 225, "time": 18149}, {"train": 0, "operation": 179, "time": 18155}, {"train": 8, "operation": 227, "time": 18155}, {"train": 0, "operation": 180, "time": 18165}, {"train": 7, "operation": 386, "time": 18247}, {"train": 7, "operation": 387, "time": 18257}, {"train": 8, "operation": 229, "time": 18289}, {"train": 8, "operation": 231, "time": 18297}, {"train": 7, "operation": 388, "time": 18375}, {"train": 7, "operation": 390, "time": 18380}, {"train": 0, "operation": 182, "time": 18440}, {"train": 0, "operation": 184, "time": 18456}, {"train": 7, "operation": 392, "time": 18464}, {"train": 7, "operation": 394, "time": 18471}, {"train": 0, "operation": 186, "time": 18693}, {"train": 0, "operation": 188, "time": 18699}, {"train": 0, "operation": 191, "time": 18780}, {"train": 7, "operation": 397, "time": 18782}, {"train": 0, "operation": 193, "time": 18788}, {"train": 7, "operation": 399, "time": 18793}, {"train": 7, "operation": 401, "time": 18829}, {"train": 7, "operation": 403, "time": 18833}, {"train": 5, "operation": 159, "time": 18863}, {"train": 5, "operation": 161, "time": 18870}, {"train": 7, "operation": 404, "time": 18883}, {"train": 7, "operation": 405, "time": 18888}, {"train": 5, "operation": 163, "time": 18982}, {"train": 5, "operation": 165, "time": 18988}, {"train": 7, "operation": 406, "time": 19160}, {"train": 7, "operation": 408, "time": 19164}, {"train": 7, "operation": 410, "time": 19223}, {"train": 7, "operation": 412, "time": 19228}, {"train": 0, "operation": 195, "time": 19242}, {"train": 0, "operation": 197, "time": 19278}, {"train": 8, "operation": 233, "time": 19364}, {"train": 8, "operation": 235, "time": 19371}, {"train": 7, "operation": 414, "time": 19413}, {"train": 7, "operation": 415, "time": 19424}, {"train": 8, "operation": 237, "time": 19516}, {"train": 8, "operation": 239, "time": 19524}, {"train": 7, "operation": 416, "time": 19550}, {"train": 7, "operation": 418, "time": 19568}, {"train": 7, "operation": 420, "time": 19688}, {"train": 7, "operation": 422, "time": 19694}, {"train": 5, "operation": 167, "time": 19800}, {"train": 5, "operation": 168, "time": 19810}, {"train": 7, "operation": 424, "time": 19990}, {"train": 7, "operation": 426, "time": 19995}, {"train": 7, "operation": 428, "time": 20056}, {"train": 7, "operation": 430, "time": 20062}, {"train": 5, "operation": 170, "time": 20088}, {"train": 5, "operation": 172, "time": 20104}, {"train": 0, "operation": 210, "time": 20214}, {"train": 0, "operation": 212, "time": 20221}, {"train": 7, "operation": 432, "time": 20304}, {"train": 7, "operation": 434, "time": 20308}, {"train": 0, "operation": 214, "time": 20360}, {"train": 0, "operation": 216, "time": 20365}, {"train": 5, "operation": 174, "time": 20389}, {"train": 5, "operation": 176, "time": 20397}, {"train": 7, "operation": 436, "time": 20414}, {"train": 7, "operation": 438, "time": 20422}, {"train": 5, "operation": 179, "time": 20494}, {"train": 5, "operation": 181, "time": 20503}, {"train": 8, "operation": 241, "time": 20540}, {"train": 8, "operation": 243, "time": 20547}, {"train": 8, "operation": 245, "time": 20659}, {"train": 8, "operation": 247, "time": 20665}, {"train": 7, "operation": 440, "time": 20701}, {"train": 7, "operation": 441, "time": 20706}, {"train": 7, "operation": 442, "time": 20787}, {"train": 7, "operation": 443, "time": 20792}, {"train": 0, "operation": 218, "time": 20858}, {"train": 0, "operation": 219, "time": 20864}, {"train": 0, "operation": 220, "time": 20963}, {"train": 0, "operation": 221, "time": 20970}, {"train": 5, "operation": 183, "time": 21047}, {"train": 5, "operation": 185, "time": 21083}, {"train": 7, "operation": 444, "time": 21190}, {"train": 7, "operation": 445, "time": 21199}, {"train": 7, "operation": 446, "time": 21333}, {"train": 7, "operation": 448, "time": 21345}, {"train": 8, "operation": 249, "time": 21477}, {"train": 8, "operation": 250, "time": 21487}, {"train": 7, "operation": 450, "time": 21549}, {"train": 7, "operation": 452, "time": 21555}, {"train": 8, "operation": 252, "time": 21777}, {"train": 8, "operation": 254, "time": 21785}, {"train": 7, "operation": 454, "time": 22056}, {"train": 7, "operation": 456, "time": 22060}, {"train": 8, "operation": 256, "time": 22070}, {"train": 8, "operation": 258, "time": 22078}, {"train": 0, "operation": 222, "time": 22106}, {"train": 0, "operation": 224, "time": 22124}, {"train": 7, "operation": 458, "time": 22147}, {"train": 7, "operation": 460, "time": 22152}, {"train": 5, "operation": 198, "time": 22167}, {"train": 5, "operation": 200, "time": 22174}, {"train": 8, "operation": 260, "time": 22175}, {"train": 8, "operation": 263, "time": 22184}, {"train": 0, "operation": 226, "time": 22209}, {"train": 0, "operation": 228, "time": 22214}, {"train": 5, "operation": 202, "time": 22318}, {"train": 5, "operation": 204, "time": 22324}, {"train": 7, "operation": 462, "time": 22402}, {"train": 7, "operation": 464, "time": 22408}, {"train": 7, "operation": 466, "time": 22469}, {"train": 7, "operation": 468, "time": 22475}, {"train": 7, "operation": 470, "time": 22685}, {"train": 7, "operation": 472, "time": 22691}, {"train": 8, "operation": 269, "time": 22728}, {"train": 7, "operation": 474, "time": 22752}, {"train": 7, "operation": 476, "time": 22758}, {"train": 8, "operation": 271, "time": 22764}, {"train": 0, "operation": 230, "time": 22810}, {"train": 0, "operation": 232, "time": 22815}, {"train": 5, "operation": 206, "time": 22915}, {"train": 0, "operation": 234, "time": 22920}, {"train": 5, "operation": 207, "time": 22921}, {"train": 0, "operation": 236, "time": 22925}, {"train": 5, "operation": 208, "time": 23020}, {"train": 5, "operation": 209, "time": 23027}, {"train": 7, "operation": 478, "time": 23081}, {"train": 7, "operation": 480, "time": 23088}, {"train": 7, "operation": 482, "time": 23176}, {"train": 7, "operation": 484, "time": 23182}, {"train": 7, "operation": 486, "time": 23573}, {"train": 7, "operation": 488, "time": 23578}, {"train": 7, "operation": 490, "time": 23650}, {"train": 7, "operation": 492, "time": 23656}, {"train": 0, "operation": 238, "time": 23828}, {"train": 0, "operation": 240, "time": 23832}, {"train": 8, "operation": 285, "time": 23856}, {"train": 8, "operation": 287, "time": 23864}, {"train": 0, "operation": 242, "time": 23920}, {"train": 0, "operation": 244, "time": 23925}, {"train": 7, "operation": 494, "time": 23939}, {"train": 7, "operation": 495, "time": 23944}, {"train": 7, "operation": 496, "time": 24003}, {"train": 7, "operation": 497, "time": 24008}, {"train": 8, "operation": 289, "time": 24017}, {"train": 8, "operation": 291, "time": 24023}, {"train": 5, "operation": 210, "time": 24178}, {"train": 7, "operation": 498, "time": 24184}, {"train": 7, "operation": 500, "time": 24189}, {"train": 5, "operation": 212, "time": 24200}, {"train": 7, "operation": 502, "time": 24298}, {"train": 5, "operation": 214, "time": 24302}, {"train": 7, "operation": 504, "time": 24306}, {"train": 5, "operation": 216, "time": 24308}, {"train": 7, "operation": 506, "time": 24365}, {"train": 7, "operation": 510, "time": 24371}, {"train": 7, "operation": 514, "time": 24475}, {"train": 7, "operation": 517, "time": 24480}, {"train": 0, "operation": 247, "time": 24544}, {"train": 0, "operation": 249, "time": 24549}, {"train": 8, "operation": 293, "time": 24614}, {"train": 8, "operation": 294, "time": 24620}, {"train": 8, "operation": 295, "time": 24719}, {"train": 8, "operation": 296, "time": 24726}, {"train": 0, "operation": 251, "time": 24785}, {"train": 0, "operation": 253, "time": 24800}, {"train": 5, "operation": 218, "time": 25023}, {"train": 5, "operation": 220, "time": 25029}, {"train": 0, "operation": 254, "time": 25051}, {"train": 0, "operation": 256, "time": 25057}, {"train": 7, "operation": 520, "time": 25060}, {"train": 7, "operation": 524, "time": 25070}, {"train": 5, "operation": 222, "time": 25155}, {"train": 5, "operation": 224, "time": 25161}, {"train": 0, "operation": 258, "time": 25182}, {"train": 0, "operation": 260, "time": 25188}, {"train": 7, "operation": 532, "time": 25504}, {"train": 7, "operation": 536, "time": 25525}, {"train": 8, "operation": 297, "time": 25934}, {"train": 8, "operation": 299, "time": 25956}, {"train": 0, "operation": 262, "time": 25992}, {"train": 0, "operation": 264, "time": 26000}, {"train": 7, "operation": 540, "time": 26001}, {"train": 7, "operation": 543, "time": 26027}, {"train": 7, "operation": 546, "time": 26050}, {"train": 8, "operation": 301, "time": 26058}, {"train": 8, "operation": 303, "time": 26064}, {"train": 7, "operation": 549, "time": 26077}, {"train": 7, "operation": 552, "time": 26101}, {"train": 7, "operation": 555, "time": 26121}, {"train": 7, "operation": 558, "time": 26131}, {"train": 0, "operation": 266, "time": 26132}, {"train": 0, "operation": 268, "time": 26140}, {"train": 7, "operation": 561, "time": 26236}, {"train": 5, "operation": 226, "time": 26246}, {"train": 5, "operation": 228, "time": 26250}, {"train": 7, "operation": 569, "time": 26286}, {"train": 5, "operation": 230, "time": 26356}, {"train": 5, "operation": 232, "time": 26362}, {"train": 7, "operation": 571, "time": 26415}, {"train": 7, "operation": 574, "time": 26423}, {"train": 7, "operation": 577, "time": 26450}, {"train": 7, "operation": 582, "time": 26479}, {"train": 0, "operation": 270, "time": 26588}, {"train": 0, "operation": 272, "time": 26592}, {"train": 7, "operation": 587, "time": 26677}, {"train": 7, "operation": 591, "time": 26682}, {"train": 0, "operation": 274, "time": 26701}, {"train": 0, "operation": 276, "time": 26706}, {"train": 8, "operation": 305, "time": 26779}, {"train": 8, "operation": 307, "time": 26785}, {"train": 7, "operation": 595, "time": 26877}, {"train": 7, "operation": 597, "time": 26896}, {"train": 8, "operation": 309, "time": 26911}, {"train": 8, "operation": 311, "time": 26917}, {"train": 5, "operation": 235, "time": 27081}, {"train": 5, "operation": 237, "time": 27087}, {"train": 0, "operation": 278, "time": 27103}, {"train": 0, "operation": 280, "time": 27116}, {"train": 0, "operation": 282, "time": 27218}, {"train": 0, "operation": 284, "time": 27224}, {"train": 5, "operation": 239, "time": 27323}, {"train": 5, "operation": 241, "time": 27338}, {"train": 7, "operation": 599, "time": 27369}, {"train": 7, "operation": 600, "time": 27369}, {"train": 5, "operation": 242, "time": 27599}, {"train": 5, "operation": 244, "time": 27605}, {"train": 5, "operation": 246, "time": 27736}, {"train": 0, "operation": 286, "time": 27741}, {"train": 5, "operation": 248, "time": 27742}, {"train": 0, "operation": 288, "time": 27749}, {"train": 0, "operation": 290, "time": 27882}, {"train": 0, "operation": 292, "time": 27890}, {"train": 8, "operation": 313, "time": 28002}, {"train": 8, "operation": 315, "time": 28006}, {"train": 8, "operation": 317, "time": 28112}, {"train": 8, "operation": 319, "time": 28118}, {"train": 0, "operation": 294, "time": 28656}, {"train": 0, "operation": 296, "time": 28661}, {"train": 5, "operation": 250, "time": 28663}, {"train": 5, "operation": 252, "time": 28671}, {"train": 0, "operation": 298, "time": 28751}, {"train": 0, "operation": 300, "time": 28756}, {"train": 5, "operation": 254, "time": 28803}, {"train": 5, "operation": 256, "time": 28811}, {"train": 8, "operation": 322, "time": 28846}, {"train": 8, "operation": 324, "time": 28852}, {"train": 8, "operation": 326, "time": 29088}, {"train": 8, "operation": 327, "time": 29088}, {"train": 5, "operation": 258, "time": 29267}, {"train": 5, "operation": 260, "time": 29272}, {"train": 5, "operation": 262, "time": 29402}, {"train": 5, "operation": 264, "time": 29408}, {"train": 0, "operation": 302, "time": 29672}, {"train": 0, "operation": 304, "time": 29676}, {"train": 0, "operation": 306, "time": 29770}, {"train": 0, "operation": 308, "time": 29775}, {"train": 5, "operation": 266, "time": 29885}, {"train": 5, "operation": 268, "time": 29899}, {"train": 5, "operation": 270, "time": 30012}, {"train": 5, "operation": 272, "time": 30018}, {"train": 0, "operation": 310, "time": 30178}, {"train": 0, "operation": 312, "time": 30184}, {"train": 0, "operation": 314, "time": 30286}, {"train": 0, "operation": 316, "time": 30291}, {"train": 5, "operation": 274, "time": 30555}, {"train": 5, "operation": 276, "time": 30563}, {"train": 5, "operation": 278, "time": 30696}, {"train": 5, "operation": 280, "time": 30704}, {"train": 0, "operation": 318, "time": 30967}, {"train": 0, "operation": 320, "time": 30973}, {"train": 0, "operation": 322, "time": 31061}, {"train": 0, "operation": 324, "time": 31066}, {"train": 5, "operation": 282, "time": 31477}, {"train": 5, "operation": 284, "time": 31483}, {"train": 5, "operation": 286, "time": 31591}, {"train": 5, "operation": 288, "time": 31597}, {"train": 0, "operation": 326, "time": 31615}, {"train": 0, "operation": 328, "time": 31621}, {"train": 0, "operation": 330, "time": 31759}, {"train": 0, "operation": 332, "time": 31764}, {"train": 0, "operation": 334, "time": 32319}, {"train": 0, "operation": 335, "time": 32325}, {"train": 0, "operation": 336, "time": 32414}, {"train": 0, "operation": 337, "time": 32421}, {"train": 5, "operation": 290, "time": 32629}, {"train": 5, "operation": 292, "time": 32634}, {"train": 5, "operation": 294, "time": 32747}, {"train": 5, "operation": 296, "time": 32753}, {"train": 0, "operation": 338, "time": 33034}, {"train": 0, "operation": 340, "time": 33039}, {"train": 0, "operation": 342, "time": 33140}, {"train": 0, "operation": 344, "time": 33146}, {"train": 5, "operation": 298, "time": 33236}, {"train": 5, "operation": 300, "time": 33243}, {"train": 5, "operation": 302, "time": 33366}, {"train": 5, "operation": 304, "time": 33372}, {"train": 0, "operation": 346, "time": 33877}, {"train": 0, "operation": 348, "time": 33886}, {"train": 5, "operation": 306, "time": 34066}, {"train": 5, "operation": 308, "time": 34073}, {"train": 5, "operation": 310, "time": 34178}, {"train": 5, "operation": 312, "time": 34184}, {"train": 0, "operation": 350, "time": 34289}, {"train": 0, "operation": 353, "time": 34296}, {"train": 0, "operation": 356, "time": 34510}, {"train": 0, "operation": 359, "time": 34523}, {"train": 0, "operation": 362, "time": 34746}, {"train": 0, "operation": 365, "time": 34752}, {"train": 5, "operation": 314, "time": 34786}, {"train": 5, "operation": 316, "time": 34792}, {"train": 5, "operation": 318, "time": 34930}, {"train": 5, "operation": 320, "time": 34936}, {"train": 0, "operation": 369, "time": 34991}, {"train": 0, "operation": 371, "time": 34999}, {"train": 0, "operation": 373, "time": 35131}, {"train": 0, "operation": 375, "time": 35138}, {"train": 0, "operation": 377, "time": 35162}, {"train": 0, "operation": 379, "time": 35189}, {"train": 5, "operation": 322, "time": 35577}, {"train": 5, "operation": 323, "time": 35584}, {"train": 5, "operation": 324, "time": 35690}, {"train": 5, "operation": 325, "time": 35698}, {"train": 0, "operation": 381, "time": 35853}, {"train": 0, "operation": 382, "time": 35864}, {"train": 0, "operation": 383, "time": 36021}, {"train": 0, "operation": 384, "time": 36034}, {"train": 0, "operation": 386, "time": 36309}, {"train": 0, "operation": 388, "time": 36315}, {"train": 5, "operation": 326, "time": 36338}, {"train": 5, "operation": 328, "time": 36343}, {"train": 5, "operation": 330, "time": 36444}, {"train": 5, "operation": 332, "time": 36450}, {"train": 0, "operation": 390, "time": 36722}, {"train": 0, "operation": 392, "time": 36729}, {"train": 0, "operation": 393, "time": 37003}, {"train": 0, "operation": 395, "time": 37012}, {"train": 5, "operation": 334, "time": 37181}, {"train": 5, "operation": 336, "time": 37190}, {"train": 0, "operation": 397, "time": 37225}, {"train": 0, "operation": 399, "time": 37231}, {"train": 0, "operation": 402, "time": 37595}, {"train": 5, "operation": 338, "time": 37596}, {"train": 5, "operation": 340, "time": 37603}, {"train": 0, "operation": 404, "time": 37605}, {"train": 0, "operation": 406, "time": 37805}, {"train": 0, "operation": 408, "time": 37814}, {"train": 5, "operation": 342, "time": 37820}, {"train": 5, "operation": 343, "time": 37833}, {"train": 5, "operation": 344, "time": 38056}, {"train": 5, "operation": 345, "time": 38063}, {"train": 0, "operation": 410, "time": 38261}, {"train": 0, "operation": 412, "time": 38273}, {"train": 5, "operation": 346, "time": 38326}, {"train": 5, "operation": 348, "time": 38335}, {"train": 5, "operation": 350, "time": 38480}, {"train": 5, "operation": 352, "time": 38488}, {"train": 0, "operation": 414, "time": 38509}, {"train": 5, "operation": 354, "time": 38514}, {"train": 0, "operation": 416, "time": 38527}, {"train": 5, "operation": 356, "time": 38541}, {"train": 0, "operation": 418, "time": 38579}, {"train": 0, "operation": 420, "time": 38579}, {"train": 0, "operation": 422, "time": 38630}, {"train": 0, "operation": 425, "time": 38630}, {"train": 5, "operation": 358, "time": 39267}, {"train": 5, "operation": 359, "time": 39278}, {"train": 5, "operation": 360, "time": 39438}, {"train": 5, "operation": 361, "time": 39451}, {"train": 5, "operation": 363, "time": 39781}, {"train": 5, "operation": 365, "time": 39788}, {"train": 5, "operation": 367, "time": 40276}, {"train": 5, "operation": 369, "time": 40284}, {"train": 5, "operation": 370, "time": 40589}, {"train": 5, "operation": 372, "time": 40599}, {"train": 5, "operation": 374, "time": 40830}, {"train": 5, "operation": 376, "time": 40836}, {"train": 5, "operation": 379, "time": 41238}, {"train": 5, "operation": 381, "time": 41248}, {"train": 5, "operation": 383, "time": 41457}, {"train": 5, "operation": 385, "time": 41466}, {"train": 5, "operation": 387, "time": 41913}, {"train": 5, "operation": 389, "time": 41925}, {"train": 5, "operation": 391, "time": 42182}, {"train": 5, "operation": 393, "time": 42200}, {"train": 5, "operation": 395, "time": 42252}, {"train": 5, "operation": 397, "time": 42252}, {"train": 5, "operation": 399, "time": 42303}, {"train": 5, "operation": 402, "time": 42303}]}