{"objective_value": 1150, "events": [{"train": 0, "operation": 0, "time": 0}, {"train": 1, "operation": 0, "time": 0}, {"train": 2, "operation": 0, "time": 0}, {"train": 3, "operation": 0, "time": 0}, {"train": 4, "operation": 0, "time": 0}, {"train": 5, "operation": 0, "time": 0}, {"train": 1, "operation": 2, "time": 0}, {"train": 2, "operation": 1, "time": 0}, {"train": 4, "operation": 1, "time": 0}, {"train": 4, "operation": 2, "time": 17}, {"train": 1, "operation": 4, "time": 24}, {"train": 2, "operation": 2, "time": 33}, {"train": 0, "operation": 1, "time": 183}, {"train": 0, "operation": 2, "time": 198}, {"train": 5, "operation": 2, "time": 215}, {"train": 5, "operation": 4, "time": 236}, {"train": 3, "operation": 2, "time": 340}, {"train": 3, "operation": 4, "time": 356}, {"train": 1, "operation": 6, "time": 408}, {"train": 1, "operation": 8, "time": 452}, {"train": 2, "operation": 4, "time": 490}, {"train": 2, "operation": 7, "time": 513}, {"train": 2, "operation": 10, "time": 609}, {"train": 2, "operation": 13, "time": 615}, {"train": 0, "operation": 3, "time": 674}, {"train": 1, "operation": 11, "time": 674}, {"train": 0, "operation": 5, "time": 689}, {"train": 1, "operation": 13, "time": 693}, {"train": 3, "operation": 6, "time": 712}, {"train": 3, "operation": 7, "time": 712}, {"train": 5, "operation": 7, "time": 888}, {"train": 5, "operation": 10, "time": 917}, {"train": 4, "operation": 3, "time": 1036}, {"train": 2, "operation": 15, "time": 1044}, {"train": 2, "operation": 16, "time": 1059}, {"train": 4, "operation": 5, "time": 1080}, {"train": 0, "operation": 7, "time": 1117}, {"train": 0, "operation": 10, "time": 1138}, {"train": 1, "operation": 16, "time": 1157}, {"train": 1, "operation": 20, "time": 1180}, {"train": 0, "operation": 13, "time": 1214}, {"train": 0, "operation": 16, "time": 1219}, {"train": 5, "operation": 15, "time": 1327}, {"train": 5, "operation": 16, "time": 1327}, {"train": 1, "operation": 25, "time": 1485}, {"train": 1, "operation": 28, "time": 1495}, {"train": 4, "operation": 7, "time": 1522}, {"train": 2, "operation": 17, "time": 1535}, {"train": 2, "operation": 19, "time": 1550}, {"train": 4, "operation": 13, "time": 1551}, {"train": 0, "operation": 23, "time": 1606}, {"train": 0, "operation": 25, "time": 1622}, {"train": 0, "operation": 27, "time": 1820}, {"train": 0, "operation": 30, "time": 1831}, {"train": 0, "operation": 33, "time": 1909}, {"train": 0, "operation": 39, "time": 1927}, {"train": 0, "operation": 45, "time": 1944}, {"train": 0, "operation": 51, "time": 1949}, {"train": 2, "operation": 21, "time": 1978}, {"train": 0, "operation": 57, "time": 1992}, {"train": 0, "operation": 63, "time": 2003}, {"train": 2, "operation": 25, "time": 2027}, {"train": 4, "operation": 21, "time": 2203}, {"train": 4, "operation": 26, "time": 2224}, {"train": 1, "operation": 34, "time": 2274}, {"train": 1, "operation": 36, "time": 2274}, {"train": 0, "operation": 70, "time": 2432}, {"train": 0, "operation": 74, "time": 2452}, {"train": 2, "operation": 40, "time": 2517}, {"train": 2, "operation": 43, "time": 2533}, {"train": 2, "operation": 50, "time": 2731}, {"train": 2, "operation": 53, "time": 2742}, {"train": 2, "operation": 58, "time": 2820}, {"train": 2, "operation": 64, "time": 2838}, {"train": 1, "operation": 39, "time": 2860}, {"train": 1, "operation": 43, "time": 2872}, {"train": 4, "operation": 31, "time": 2890}, {"train": 2, "operation": 70, "time": 2902}, {"train": 0, "operation": 79, "time": 2905}, {"train": 4, "operation": 33, "time": 2911}, {"train": 2, "operation": 76, "time": 2913}, {"train": 0, "operation": 82, "time": 2929}, {"train": 1, "operation": 45, "time": 3337}, {"train": 2, "operation": 94, "time": 3342}, {"train": 1, "operation": 47, "time": 3349}, {"train": 2, "operation": 98, "time": 3356}, {"train": 0, "operation": 85, "time": 3498}, {"train": 4, "operation": 36, "time": 3509}, {"train": 0, "operation": 88, "time": 3513}, {"train": 4, "operation": 40, "time": 3539}, {"train": 0, "operation": 90, "time": 3621}, {"train": 0, "operation": 92, "time": 3628}, {"train": 4, "operation": 43, "time": 3645}, {"train": 4, "operation": 46, "time": 3652}, {"train": 1, "operation": 49, "time": 3788}, {"train": 1, "operation": 51, "time": 3800}, {"train": 2, "operation": 101, "time": 3809}, {"train": 2, "operation": 104, "time": 3833}, {"train": 0, "operation": 94, "time": 3883}, {"train": 0, "operation": 96, "time": 3898}, {"train": 4, "operation": 59, "time": 4193}, {"train": 4, "operation": 61, "time": 4215}, {"train": 2, "operation": 107, "time": 4402}, {"train": 2, "operation": 110, "time": 4417}, {"train": 0, "operation": 99, "time": 4479}, {"train": 4, "operation": 63, "time": 4493}, {"train": 0, "operation": 102, "time": 4494}, {"train": 4, "operation": 66, "time": 4508}, {"train": 1, "operation": 53, "time": 4514}, {"train": 2, "operation": 112, "time": 4525}, {"train": 1, "operation": 55, "time": 4532}, {"train": 2, "operation": 114, "time": 4532}, {"train": 4, "operation": 69, "time": 4617}, {"train": 4, "operation": 72, "time": 4659}, {"train": 4, "operation": 75, "time": 4708}, {"train": 4, "operation": 78, "time": 4721}, {"train": 2, "operation": 116, "time": 4787}, {"train": 2, "operation": 118, "time": 4802}, {"train": 4, "operation": 81, "time": 4842}, {"train": 4, "operation": 82, "time": 4842}, {"train": 0, "operation": 104, "time": 5043}, {"train": 0, "operation": 106, "time": 5064}, {"train": 1, "operation": 58, "time": 5077}, {"train": 1, "operation": 60, "time": 5092}, {"train": 2, "operation": 121, "time": 5383}, {"train": 2, "operation": 124, "time": 5398}, {"train": 0, "operation": 111, "time": 5400}, {"train": 0, "operation": 112, "time": 5405}, {"train": 0, "operation": 113, "time": 5530}, {"train": 0, "operation": 114, "time": 5536}, {"train": 0, "operation": 115, "time": 5790}, {"train": 0, "operation": 117, "time": 5795}, {"train": 4, "operation": 83, "time": 5940}, {"train": 4, "operation": 84, "time": 5940}, {"train": 4, "operation": 85, "time": 5940}, {"train": 2, "operation": 126, "time": 5947}, {"train": 0, "operation": 119, "time": 5958}, {"train": 0, "operation": 121, "time": 5962}, {"train": 1, "operation": 64, "time": 5963}, {"train": 2, "operation": 128, "time": 5968}, {"train": 1, "operation": 68, "time": 5978}, {"train": 0, "operation": 123, "time": 6219}, {"train": 0, "operation": 125, "time": 6223}, {"train": 2, "operation": 133, "time": 6304}, {"train": 2, "operation": 134, "time": 6309}, {"train": 0, "operation": 127, "time": 6403}, {"train": 0, "operation": 129, "time": 6407}, {"train": 2, "operation": 135, "time": 6434}, {"train": 2, "operation": 136, "time": 6440}, {"train": 1, "operation": 72, "time": 6535}, {"train": 1, "operation": 76, "time": 6550}, {"train": 2, "operation": 137, "time": 6694}, {"train": 2, "operation": 139, "time": 6699}, {"train": 0, "operation": 131, "time": 6800}, {"train": 0, "operation": 133, "time": 6803}, {"train": 2, "operation": 141, "time": 6862}, {"train": 2, "operation": 143, "time": 6866}, {"train": 0, "operation": 135, "time": 6891}, {"train": 0, "operation": 137, "time": 6895}, {"train": 1, "operation": 80, "time": 6988}, {"train": 1, "operation": 84, "time": 7004}, {"train": 2, "operation": 145, "time": 7123}, {"train": 2, "operation": 147, "time": 7127}, {"train": 0, "operation": 139, "time": 7133}, {"train": 0, "operation": 141, "time": 7137}, {"train": 0, "operation": 143, "time": 7301}, {"train": 0, "operation": 145, "time": 7305}, {"train": 2, "operation": 149, "time": 7307}, {"train": 2, "operation": 151, "time": 7311}, {"train": 1, "operation": 88, "time": 7409}, {"train": 1, "operation": 92, "time": 7426}, {"train": 0, "operation": 147, "time": 7657}, {"train": 0, "operation": 148, "time": 7670}, {"train": 2, "operation": 153, "time": 7704}, {"train": 2, "operation": 155, "time": 7707}, {"train": 2, "operation": 157, "time": 7795}, {"train": 2, "operation": 159, "time": 7799}, {"train": 1, "operation": 95, "time": 7880}, {"train": 1, "operation": 99, "time": 7895}, {"train": 0, "operation": 149, "time": 7947}, {"train": 0, "operation": 150, "time": 7964}, {"train": 2, "operation": 161, "time": 8037}, {"train": 2, "operation": 163, "time": 8041}, {"train": 2, "operation": 165, "time": 8205}, {"train": 2, "operation": 167, "time": 8209}, {"train": 0, "operation": 151, "time": 8412}, {"train": 0, "operation": 152, "time": 8426}, {"train": 1, "operation": 103, "time": 8533}, {"train": 1, "operation": 107, "time": 8548}, {"train": 2, "operation": 169, "time": 8561}, {"train": 2, "operation": 170, "time": 8574}, {"train": 0, "operation": 153, "time": 8784}, {"train": 0, "operation": 155, "time": 8788}, {"train": 2, "operation": 171, "time": 8851}, {"train": 2, "operation": 172, "time": 8868}, {"train": 0, "operation": 157, "time": 8946}, {"train": 0, "operation": 159, "time": 8950}, {"train": 1, "operation": 115, "time": 9139}, {"train": 1, "operation": 119, "time": 9148}, {"train": 2, "operation": 173, "time": 9318}, {"train": 2, "operation": 174, "time": 9332}, {"train": 0, "operation": 161, "time": 9366}, {"train": 0, "operation": 163, "time": 9370}, {"train": 0, "operation": 165, "time": 9458}, {"train": 0, "operation": 167, "time": 9462}, {"train": 1, "operation": 121, "time": 9526}, {"train": 1, "operation": 125, "time": 9541}, {"train": 0, "operation": 170, "time": 9678}, {"train": 2, "operation": 175, "time": 9690}, {"train": 0, "operation": 172, "time": 9693}, {"train": 2, "operation": 177, "time": 9694}, {"train": 1, "operation": 130, "time": 9845}, {"train": 2, "operation": 179, "time": 9852}, {"train": 2, "operation": 181, "time": 9856}, {"train": 1, "operation": 134, "time": 9858}, {"train": 2, "operation": 183, "time": 10272}, {"train": 2, "operation": 185, "time": 10276}, {"train": 2, "operation": 187, "time": 10364}, {"train": 2, "operation": 189, "time": 10368}, {"train": 0, "operation": 174, "time": 10399}, {"train": 1, "operation": 140, "time": 10401}, {"train": 1, "operation": 144, "time": 10416}, {"train": 0, "operation": 176, "time": 10420}, {"train": 0, "operation": 178, "time": 10509}, {"train": 0, "operation": 180, "time": 10513}, {"train": 2, "operation": 191, "time": 10584}, {"train": 2, "operation": 193, "time": 10603}, {"train": 1, "operation": 148, "time": 10788}, {"train": 1, "operation": 152, "time": 10809}, {"train": 0, "operation": 181, "time": 10828}, {"train": 0, "operation": 182, "time": 10832}, {"train": 0, "operation": 183, "time": 10921}, {"train": 0, "operation": 184, "time": 10925}, {"train": 0, "operation": 186, "time": 11216}, {"train": 0, "operation": 188, "time": 11236}, {"train": 2, "operation": 195, "time": 11313}, {"train": 2, "operation": 197, "time": 11340}, {"train": 0, "operation": 192, "time": 11387}, {"train": 0, "operation": 196, "time": 11395}, {"train": 1, "operation": 163, "time": 11410}, {"train": 1, "operation": 166, "time": 11429}, {"train": 2, "operation": 199, "time": 11455}, {"train": 2, "operation": 201, "time": 11459}, {"train": 1, "operation": 168, "time": 11511}, {"train": 1, "operation": 170, "time": 11515}, {"train": 2, "operation": 203, "time": 11774}, {"train": 2, "operation": 204, "time": 11778}, {"train": 2, "operation": 205, "time": 11867}, {"train": 2, "operation": 206, "time": 11871}, {"train": 1, "operation": 182, "time": 11994}, {"train": 1, "operation": 184, "time": 12009}, {"train": 2, "operation": 208, "time": 12162}, {"train": 2, "operation": 210, "time": 12182}, {"train": 2, "operation": 213, "time": 12333}, {"train": 1, "operation": 187, "time": 12339}, {"train": 1, "operation": 190, "time": 12343}, {"train": 2, "operation": 217, "time": 12348}, {"train": 1, "operation": 191, "time": 12424}, {"train": 1, "operation": 192, "time": 12429}, {"train": 0, "operation": 198, "time": 12482}, {"train": 0, "operation": 200, "time": 12493}, {"train": 1, "operation": 194, "time": 12535}, {"train": 1, "operation": 196, "time": 12549}, {"train": 0, "operation": 203, "time": 12709}, {"train": 0, "operation": 207, "time": 12717}, {"train": 0, "operation": 209, "time": 12882}, {"train": 0, "operation": 211, "time": 12891}, {"train": 1, "operation": 200, "time": 13019}, {"train": 1, "operation": 204, "time": 13034}, {"train": 0, "operation": 213, "time": 13170}, {"train": 0, "operation": 215, "time": 13186}, {"train": 0, "operation": 217, "time": 13382}, {"train": 0, "operation": 219, "time": 13386}, {"train": 1, "operation": 207, "time": 13425}, {"train": 1, "operation": 210, "time": 13429}, {"train": 2, "operation": 219, "time": 13436}, {"train": 2, "operation": 221, "time": 13448}, {"train": 1, "operation": 211, "time": 13510}, {"train": 1, "operation": 213, "time": 13531}, {"train": 0, "operation": 221, "time": 13662}, {"train": 2, "operation": 223, "time": 13664}, {"train": 0, "operation": 223, "time": 13668}, {"train": 2, "operation": 227, "time": 13672}, {"train": 0, "operation": 225, "time": 13782}, {"train": 0, "operation": 227, "time": 13810}, {"train": 2, "operation": 231, "time": 13837}, {"train": 2, "operation": 233, "time": 13846}, {"train": 1, "operation": 216, "time": 13918}, {"train": 1, "operation": 220, "time": 13934}, {"train": 0, "operation": 230, "time": 14081}, {"train": 2, "operation": 235, "time": 14125}, {"train": 2, "operation": 239, "time": 14141}, {"train": 0, "operation": 232, "time": 14152}, {"train": 2, "operation": 241, "time": 14337}, {"train": 2, "operation": 243, "time": 14341}, {"train": 1, "operation": 226, "time": 14441}, {"train": 1, "operation": 230, "time": 14456}, {"train": 2, "operation": 245, "time": 14617}, {"train": 2, "operation": 247, "time": 14623}, {"train": 2, "operation": 249, "time": 14737}, {"train": 2, "operation": 251, "time": 14765}, {"train": 0, "operation": 236, "time": 14819}, {"train": 0, "operation": 240, "time": 14843}, {"train": 1, "operation": 234, "time": 14986}, {"train": 1, "operation": 238, "time": 15000}, {"train": 2, "operation": 254, "time": 15036}, {"train": 2, "operation": 256, "time": 15107}, {"train": 0, "operation": 242, "time": 15400}, {"train": 0, "operation": 244, "time": 15415}, {"train": 1, "operation": 242, "time": 15479}, {"train": 1, "operation": 246, "time": 15494}, {"train": 2, "operation": 260, "time": 15777}, {"train": 0, "operation": 245, "time": 15795}, {"train": 0, "operation": 247, "time": 15799}, {"train": 2, "operation": 264, "time": 15801}, {"train": 0, "operation": 249, "time": 15959}, {"train": 0, "operation": 251, "time": 15964}, {"train": 1, "operation": 250, "time": 16022}, {"train": 1, "operation": 254, "time": 16036}, {"train": 0, "operation": 253, "time": 16306}, {"train": 0, "operation": 255, "time": 16313}, {"train": 2, "operation": 266, "time": 16364}, {"train": 2, "operation": 268, "time": 16379}, {"train": 0, "operation": 257, "time": 16398}, {"train": 0, "operation": 260, "time": 16423}, {"train": 1, "operation": 258, "time": 16550}, {"train": 1, "operation": 262, "time": 16565}, {"train": 2, "operation": 269, "time": 16759}, {"train": 2, "operation": 271, "time": 16763}, {"train": 0, "operation": 263, "time": 16904}, {"train": 0, "operation": 266, "time": 16917}, {"train": 2, "operation": 273, "time": 16923}, {"train": 2, "operation": 275, "time": 16928}, {"train": 1, "operation": 266, "time": 17058}, {"train": 1, "operation": 270, "time": 17073}, {"train": 1, "operation": 274, "time": 17231}, {"train": 1, "operation": 278, "time": 17247}, {"train": 2, "operation": 277, "time": 17270}, {"train": 2, "operation": 279, "time": 17277}, {"train": 1, "operation": 285, "time": 17345}, {"train": 1, "operation": 312, "time": 17364}, {"train": 2, "operation": 281, "time": 17365}, {"train": 1, "operation": 338, "time": 17387}, {"train": 2, "operation": 284, "time": 17390}, {"train": 0, "operation": 269, "time": 17474}, {"train": 0, "operation": 272, "time": 17488}, {"train": 1, "operation": 374, "time": 17638}, {"train": 1, "operation": 395, "time": 17675}, {"train": 1, "operation": 415, "time": 17718}, {"train": 1, "operation": 435, "time": 17871}, {"train": 2, "operation": 287, "time": 17871}, {"train": 2, "operation": 290, "time": 17885}, {"train": 0, "operation": 275, "time": 17893}, {"train": 1, "operation": 455, "time": 17905}, {"train": 0, "operation": 277, "time": 17909}, {"train": 0, "operation": 279, "time": 18020}, {"train": 0, "operation": 281, "time": 18041}, {"train": 1, "operation": 475, "time": 18442}, {"train": 2, "operation": 293, "time": 18442}, {"train": 1, "operation": 476, "time": 18442}, {"train": 2, "operation": 296, "time": 18456}, {"train": 0, "operation": 287, "time": 18719}, {"train": 0, "operation": 290, "time": 18734}, {"train": 2, "operation": 299, "time": 18861}, {"train": 2, "operation": 301, "time": 18877}, {"train": 2, "operation": 303, "time": 18988}, {"train": 2, "operation": 305, "time": 19009}, {"train": 0, "operation": 293, "time": 19235}, {"train": 0, "operation": 296, "time": 19249}, {"train": 2, "operation": 311, "time": 19696}, {"train": 2, "operation": 314, "time": 19711}, {"train": 0, "operation": 299, "time": 19799}, {"train": 0, "operation": 301, "time": 19820}, {"train": 0, "operation": 303, "time": 19952}, {"train": 0, "operation": 306, "time": 19956}, {"train": 0, "operation": 313, "time": 20052}, {"train": 0, "operation": 315, "time": 20057}, {"train": 2, "operation": 317, "time": 20212}, {"train": 2, "operation": 320, "time": 20226}, {"train": 0, "operation": 317, "time": 20389}, {"train": 0, "operation": 319, "time": 20393}, {"train": 0, "operation": 321, "time": 20545}, {"train": 0, "operation": 323, "time": 20550}, {"train": 0, "operation": 326, "time": 20759}, {"train": 0, "operation": 328, "time": 20769}, {"train": 2, "operation": 323, "time": 20776}, {"train": 2, "operation": 325, "time": 20797}, {"train": 2, "operation": 327, "time": 20929}, {"train": 2, "operation": 330, "time": 20933}, {"train": 2, "operation": 337, "time": 21029}, {"train": 2, "operation": 339, "time": 21034}, {"train": 0, "operation": 331, "time": 21272}, {"train": 0, "operation": 334, "time": 21287}, {"train": 2, "operation": 341, "time": 21366}, {"train": 2, "operation": 343, "time": 21370}, {"train": 2, "operation": 345, "time": 21522}, {"train": 2, "operation": 347, "time": 21527}, {"train": 2, "operation": 350, "time": 21736}, {"train": 2, "operation": 352, "time": 21746}, {"train": 0, "operation": 337, "time": 21808}, {"train": 0, "operation": 340, "time": 21822}, {"train": 0, "operation": 343, "time": 22168}, {"train": 0, "operation": 346, "time": 22184}, {"train": 2, "operation": 355, "time": 22261}, {"train": 2, "operation": 358, "time": 22276}, {"train": 0, "operation": 349, "time": 22651}, {"train": 0, "operation": 352, "time": 22684}, {"train": 0, "operation": 354, "time": 22761}, {"train": 0, "operation": 356, "time": 22769}, {"train": 2, "operation": 361, "time": 22797}, {"train": 2, "operation": 364, "time": 22811}, {"train": 2, "operation": 367, "time": 23157}, {"train": 2, "operation": 370, "time": 23173}, {"train": 0, "operation": 359, "time": 23320}, {"train": 0, "operation": 362, "time": 23343}, {"train": 2, "operation": 373, "time": 23640}, {"train": 2, "operation": 376, "time": 23673}, {"train": 2, "operation": 378, "time": 23750}, {"train": 2, "operation": 380, "time": 23758}, {"train": 0, "operation": 365, "time": 23997}, {"train": 0, "operation": 368, "time": 24022}, {"train": 0, "operation": 370, "time": 24219}, {"train": 0, "operation": 372, "time": 24226}, {"train": 2, "operation": 383, "time": 24309}, {"train": 2, "operation": 386, "time": 24332}, {"train": 0, "operation": 374, "time": 24520}, {"train": 0, "operation": 377, "time": 24544}, {"train": 2, "operation": 389, "time": 24986}, {"train": 2, "operation": 392, "time": 25011}, {"train": 0, "operation": 379, "time": 25102}, {"train": 0, "operation": 382, "time": 25127}, {"train": 2, "operation": 394, "time": 25208}, {"train": 2, "operation": 396, "time": 25215}, {"train": 2, "operation": 398, "time": 25509}, {"train": 2, "operation": 401, "time": 25533}, {"train": 0, "operation": 385, "time": 25568}, {"train": 0, "operation": 388, "time": 25591}, {"train": 2, "operation": 403, "time": 26091}, {"train": 2, "operation": 406, "time": 26118}, {"train": 0, "operation": 392, "time": 26347}, {"train": 0, "operation": 396, "time": 26370}, {"train": 2, "operation": 409, "time": 26559}, {"train": 2, "operation": 412, "time": 26582}, {"train": 0, "operation": 400, "time": 26965}, {"train": 0, "operation": 401, "time": 26965}, {"train": 2, "operation": 416, "time": 27338}, {"train": 2, "operation": 420, "time": 27361}, {"train": 2, "operation": 424, "time": 27956}, {"train": 2, "operation": 425, "time": 27956}]}