{"objective_value": 28750, "events": [{"train": 0, "operation": 0, "time": 0}, {"train": 10, "operation": 0, "time": 0}, {"train": 11, "operation": 0, "time": 0}, {"train": 12, "operation": 0, "time": 0}, {"train": 13, "operation": 0, "time": 0}, {"train": 14, "operation": 0, "time": 0}, {"train": 15, "operation": 0, "time": 0}, {"train": 16, "operation": 0, "time": 0}, {"train": 17, "operation": 0, "time": 0}, {"train": 18, "operation": 0, "time": 0}, {"train": 19, "operation": 0, "time": 0}, {"train": 1, "operation": 0, "time": 0}, {"train": 20, "operation": 0, "time": 0}, {"train": 21, "operation": 0, "time": 0}, {"train": 22, "operation": 0, "time": 0}, {"train": 23, "operation": 0, "time": 0}, {"train": 24, "operation": 0, "time": 0}, {"train": 25, "operation": 0, "time": 0}, {"train": 26, "operation": 0, "time": 0}, {"train": 27, "operation": 0, "time": 0}, {"train": 28, "operation": 0, "time": 0}, {"train": 29, "operation": 0, "time": 0}, {"train": 2, "operation": 0, "time": 0}, {"train": 3, "operation": 0, "time": 0}, {"train": 4, "operation": 0, "time": 0}, {"train": 5, "operation": 0, "time": 0}, {"train": 6, "operation": 0, "time": 0}, {"train": 7, "operation": 0, "time": 0}, {"train": 8, "operation": 0, "time": 0}, {"train": 9, "operation": 0, "time": 0}, {"train": 1, "operation": 1, "time": 1}, {"train": 1, "operation": 2, "time": 3}, {"train": 3, "operation": 1, "time": 153}, {"train": 4, "operation": 2, "time": 162}, {"train": 5, "operation": 2, "time": 182}, {"train": 0, "operation": 1, "time": 200}, {"train": 4, "operation": 3, "time": 343}, {"train": 6, "operation": 1, "time": 385}, {"train": 9, "operation": 1, "time": 511}, {"train": 7, "operation": 1, "time": 531}, {"train": 5, "operation": 5, "time": 553}, {"train": 1, "operation": 5, "time": 577}, {"train": 1, "operation": 6, "time": 579}, {"train": 3, "operation": 2, "time": 613}, {"train": 11, "operation": 2, "time": 631}, {"train": 5, "operation": 6, "time": 635}, {"train": 9, "operation": 3, "time": 681}, {"train": 9, "operation": 4, "time": 732}, {"train": 11, "operation": 3, "time": 812}, {"train": 12, "operation": 2, "time": 864}, {"train": 10, "operation": 1, "time": 914}, {"train": 10, "operation": 2, "time": 914}, {"train": 8, "operation": 1, "time": 926}, {"train": 10, "operation": 3, "time": 933}, {"train": 0, "operation": 2, "time": 971}, {"train": 6, "operation": 3, "time": 1027}, {"train": 12, "operation": 3, "time": 1045}, {"train": 5, "operation": 14, "time": 1056}, {"train": 4, "operation": 5, "time": 1067}, {"train": 5, "operation": 15, "time": 1117}, {"train": 13, "operation": 2, "time": 1137}, {"train": 0, "operation": 3, "time": 1152}, {"train": 7, "operation": 3, "time": 1194}, {"train": 10, "operation": 5, "time": 1203}, {"train": 9, "operation": 6, "time": 1203}, {"train": 10, "operation": 6, "time": 1213}, {"train": 14, "operation": 1, "time": 1223}, {"train": 4, "operation": 6, "time": 1240}, {"train": 10, "operation": 7, "time": 1243}, {"train": 13, "operation": 3, "time": 1322}, {"train": 1, "operation": 8, "time": 1342}, {"train": 11, "operation": 4, "time": 1370}, {"train": 0, "operation": 4, "time": 1452}, {"train": 5, "operation": 20, "time": 1454}, {"train": 9, "operation": 7, "time": 1455}, {"train": 8, "operation": 3, "time": 1533}, {"train": 11, "operation": 12, "time": 1558}, {"train": 2, "operation": 1, "time": 1619}, {"train": 0, "operation": 5, "time": 1670}, {"train": 9, "operation": 9, "time": 1673}, {"train": 10, "operation": 8, "time": 1688}, {"train": 3, "operation": 4, "time": 1738}, {"train": 5, "operation": 21, "time": 1744}, {"train": 11, "operation": 13, "time": 1813}, {"train": 10, "operation": 10, "time": 1867}, {"train": 6, "operation": 4, "time": 1923}, {"train": 11, "operation": 15, "time": 1933}, {"train": 6, "operation": 5, "time": 1939}, {"train": 4, "operation": 8, "time": 1976}, {"train": 7, "operation": 5, "time": 2015}, {"train": 9, "operation": 12, "time": 2025}, {"train": 9, "operation": 13, "time": 2027}, {"train": 6, "operation": 7, "time": 2113}, {"train": 3, "operation": 5, "time": 2136}, {"train": 3, "operation": 6, "time": 2138}, {"train": 15, "operation": 1, "time": 2139}, {"train": 15, "operation": 2, "time": 2139}, {"train": 12, "operation": 4, "time": 2147}, {"train": 0, "operation": 6, "time": 2203}, {"train": 12, "operation": 6, "time": 2284}, {"train": 5, "operation": 22, "time": 2370}, {"train": 3, "operation": 9, "time": 2377}, {"train": 3, "operation": 10, "time": 2379}, {"train": 13, "operation": 5, "time": 2402}, {"train": 14, "operation": 3, "time": 2411}, {"train": 8, "operation": 4, "time": 2431}, {"train": 0, "operation": 8, "time": 2466}, {"train": 9, "operation": 21, "time": 2486}, {"train": 9, "operation": 22, "time": 2488}, {"train": 5, "operation": 24, "time": 2530}, {"train": 8, "operation": 6, "time": 2535}, {"train": 15, "operation": 3, "time": 2548}, {"train": 12, "operation": 8, "time": 2603}, {"train": 13, "operation": 6, "time": 2626}, {"train": 2, "operation": 2, "time": 2712}, {"train": 15, "operation": 5, "time": 2743}, {"train": 3, "operation": 11, "time": 2841}, {"train": 3, "operation": 13, "time": 2843}, {"train": 9, "operation": 27, "time": 2858}, {"train": 2, "operation": 4, "time": 2859}, {"train": 8, "operation": 7, "time": 2871}, {"train": 5, "operation": 25, "time": 2990}, {"train": 10, "operation": 12, "time": 2993}, {"train": 8, "operation": 9, "time": 3015}, {"train": 6, "operation": 8, "time": 3081}, {"train": 3, "operation": 15, "time": 3103}, {"train": 7, "operation": 6, "time": 3108}, {"train": 5, "operation": 27, "time": 3139}, {"train": 9, "operation": 28, "time": 3173}, {"train": 16, "operation": 1, "time": 3221}, {"train": 16, "operation": 2, "time": 3221}, {"train": 6, "operation": 10, "time": 3236}, {"train": 0, "operation": 9, "time": 3239}, {"train": 0, "operation": 10, "time": 3241}, {"train": 15, "operation": 6, "time": 3272}, {"train": 10, "operation": 13, "time": 3274}, {"train": 1, "operation": 9, "time": 3386}, {"train": 3, "operation": 16, "time": 3422}, {"train": 5, "operation": 28, "time": 3472}, {"train": 13, "operation": 7, "time": 3498}, {"train": 5, "operation": 30, "time": 3506}, {"train": 15, "operation": 8, "time": 3508}, {"train": 16, "operation": 3, "time": 3525}, {"train": 14, "operation": 4, "time": 3557}, {"train": 3, "operation": 18, "time": 3560}, {"train": 8, "operation": 10, "time": 3604}, {"train": 16, "operation": 5, "time": 3668}, {"train": 0, "operation": 11, "time": 3684}, {"train": 2, "operation": 6, "time": 3707}, {"train": 8, "operation": 12, "time": 3724}, {"train": 13, "operation": 9, "time": 3736}, {"train": 14, "operation": 6, "time": 3764}, {"train": 9, "operation": 29, "time": 3798}, {"train": 2, "operation": 10, "time": 3953}, {"train": 4, "operation": 9, "time": 3953}, {"train": 6, "operation": 11, "time": 3972}, {"train": 7, "operation": 7, "time": 4001}, {"train": 5, "operation": 31, "time": 4069}, {"train": 3, "operation": 20, "time": 4074}, {"train": 0, "operation": 12, "time": 4100}, {"train": 7, "operation": 9, "time": 4125}, {"train": 16, "operation": 7, "time": 4177}, {"train": 6, "operation": 13, "time": 4229}, {"train": 12, "operation": 9, "time": 4368}, {"train": 13, "operation": 10, "time": 4378}, {"train": 10, "operation": 14, "time": 4390}, {"train": 8, "operation": 14, "time": 4461}, {"train": 10, "operation": 16, "time": 4540}, {"train": 2, "operation": 15, "time": 4553}, {"train": 0, "operation": 15, "time": 4579}, {"train": 0, "operation": 16, "time": 4581}, {"train": 6, "operation": 14, "time": 4600}, {"train": 5, "operation": 32, "time": 4644}, {"train": 5, "operation": 33, "time": 4646}, {"train": 2, "operation": 21, "time": 4662}, {"train": 2, "operation": 25, "time": 4670}, {"train": 15, "operation": 10, "time": 4684}, {"train": 6, "operation": 15, "time": 4699}, {"train": 6, "operation": 16, "time": 4699}, {"train": 4, "operation": 10, "time": 4704}, {"train": 3, "operation": 21, "time": 4774}, {"train": 1, "operation": 11, "time": 4780}, {"train": 4, "operation": 12, "time": 4882}, {"train": 14, "operation": 7, "time": 4885}, {"train": 2, "operation": 29, "time": 4990}, {"train": 15, "operation": 11, "time": 5029}, {"train": 1, "operation": 12, "time": 5029}, {"train": 14, "operation": 9, "time": 5038}, {"train": 7, "operation": 11, "time": 5058}, {"train": 16, "operation": 8, "time": 5080}, {"train": 13, "operation": 12, "time": 5094}, {"train": 5, "operation": 34, "time": 5108}, {"train": 5, "operation": 36, "time": 5110}, {"train": 2, "operation": 39, "time": 5174}, {"train": 9, "operation": 31, "time": 5176}, {"train": 3, "operation": 22, "time": 5235}, {"train": 11, "operation": 16, "time": 5241}, {"train": 8, "operation": 15, "time": 5281}, {"train": 7, "operation": 16, "time": 5304}, {"train": 0, "operation": 18, "time": 5345}, {"train": 11, "operation": 17, "time": 5347}, {"train": 11, "operation": 18, "time": 5347}, {"train": 12, "operation": 11, "time": 5366}, {"train": 3, "operation": 24, "time": 5371}, {"train": 5, "operation": 38, "time": 5389}, {"train": 11, "operation": 19, "time": 5454}, {"train": 12, "operation": 12, "time": 5537}, {"train": 9, "operation": 32, "time": 5636}, {"train": 7, "operation": 21, "time": 5704}, {"train": 5, "operation": 40, "time": 5718}, {"train": 4, "operation": 14, "time": 5725}, {"train": 9, "operation": 34, "time": 5741}, {"train": 2, "operation": 40, "time": 5744}, {"train": 16, "operation": 9, "time": 5790}, {"train": 13, "operation": 13, "time": 5818}, {"train": 15, "operation": 13, "time": 5819}, {"train": 2, "operation": 42, "time": 5901}, {"train": 10, "operation": 17, "time": 5953}, {"train": 7, "operation": 24, "time": 5961}, {"train": 15, "operation": 14, "time": 6002}, {"train": 3, "operation": 25, "time": 6019}, {"train": 8, "operation": 16, "time": 6031}, {"train": 0, "operation": 19, "time": 6032}, {"train": 15, "operation": 15, "time": 6057}, {"train": 9, "operation": 35, "time": 6070}, {"train": 9, "operation": 36, "time": 6072}, {"train": 1, "operation": 13, "time": 6116}, {"train": 3, "operation": 27, "time": 6127}, {"train": 10, "operation": 19, "time": 6135}, {"train": 7, "operation": 27, "time": 6141}, {"train": 8, "operation": 18, "time": 6166}, {"train": 14, "operation": 10, "time": 6174}, {"train": 5, "operation": 41, "time": 6214}, {"train": 16, "operation": 11, "time": 6215}, {"train": 13, "operation": 15, "time": 6225}, {"train": 9, "operation": 39, "time": 6309}, {"train": 9, "operation": 40, "time": 6311}, {"train": 14, "operation": 12, "time": 6349}, {"train": 11, "operation": 20, "time": 6382}, {"train": 1, "operation": 15, "time": 6488}, {"train": 11, "operation": 22, "time": 6530}, {"train": 10, "operation": 21, "time": 6562}, {"train": 12, "operation": 14, "time": 6574}, {"train": 13, "operation": 16, "time": 6646}, {"train": 5, "operation": 42, "time": 6737}, {"train": 7, "operation": 34, "time": 6741}, {"train": 9, "operation": 41, "time": 6773}, {"train": 9, "operation": 43, "time": 6775}, {"train": 4, "operation": 15, "time": 6778}, {"train": 2, "operation": 43, "time": 6782}, {"train": 2, "operation": 44, "time": 6798}, {"train": 3, "operation": 28, "time": 6818}, {"train": 17, "operation": 1, "time": 6820}, {"train": 17, "operation": 2, "time": 6820}, {"train": 17, "operation": 3, "time": 6831}, {"train": 16, "operation": 12, "time": 6837}, {"train": 5, "operation": 44, "time": 6840}, {"train": 7, "operation": 44, "time": 6922}, {"train": 3, "operation": 30, "time": 6934}, {"train": 2, "operation": 46, "time": 6970}, {"train": 15, "operation": 17, "time": 7022}, {"train": 9, "operation": 45, "time": 7042}, {"train": 17, "operation": 5, "time": 7051}, {"train": 17, "operation": 6, "time": 7058}, {"train": 17, "operation": 7, "time": 7084}, {"train": 13, "operation": 18, "time": 7157}, {"train": 13, "operation": 19, "time": 7171}, {"train": 13, "operation": 20, "time": 7173}, {"train": 14, "operation": 13, "time": 7214}, {"train": 5, "operation": 45, "time": 7309}, {"train": 9, "operation": 46, "time": 7338}, {"train": 16, "operation": 14, "time": 7367}, {"train": 16, "operation": 15, "time": 7418}, {"train": 14, "operation": 15, "time": 7426}, {"train": 4, "operation": 16, "time": 7432}, {"train": 17, "operation": 9, "time": 7442}, {"train": 5, "operation": 47, "time": 7448}, {"train": 7, "operation": 45, "time": 7454}, {"train": 9, "operation": 48, "time": 7459}, {"train": 8, "operation": 19, "time": 7463}, {"train": 0, "operation": 21, "time": 7477}, {"train": 4, "operation": 19, "time": 7535}, {"train": 1, "operation": 20, "time": 7577}, {"train": 1, "operation": 21, "time": 7579}, {"train": 7, "operation": 47, "time": 7598}, {"train": 11, "operation": 24, "time": 7610}, {"train": 13, "operation": 21, "time": 7616}, {"train": 13, "operation": 22, "time": 7618}, {"train": 17, "operation": 10, "time": 7621}, {"train": 0, "operation": 22, "time": 7741}, {"train": 3, "operation": 32, "time": 7816}, {"train": 4, "operation": 27, "time": 7852}, {"train": 16, "operation": 16, "time": 7884}, {"train": 11, "operation": 25, "time": 7887}, {"train": 9, "operation": 49, "time": 7905}, {"train": 2, "operation": 47, "time": 7925}, {"train": 14, "operation": 16, "time": 7928}, {"train": 9, "operation": 51, "time": 7991}, {"train": 8, "operation": 21, "time": 8006}, {"train": 16, "operation": 18, "time": 8066}, {"train": 13, "operation": 25, "time": 8069}, {"train": 13, "operation": 26, "time": 8071}, {"train": 2, "operation": 49, "time": 8076}, {"train": 5, "operation": 49, "time": 8108}, {"train": 14, "operation": 18, "time": 8212}, {"train": 16, "operation": 19, "time": 8235}, {"train": 3, "operation": 33, "time": 8324}, {"train": 17, "operation": 11, "time": 8384}, {"train": 9, "operation": 52, "time": 8387}, {"train": 7, "operation": 48, "time": 8403}, {"train": 7, "operation": 49, "time": 8417}, {"train": 9, "operation": 54, "time": 8504}, {"train": 16, "operation": 22, "time": 8552}, {"train": 16, "operation": 26, "time": 8566}, {"train": 17, "operation": 13, "time": 8570}, {"train": 7, "operation": 51, "time": 8584}, {"train": 3, "operation": 34, "time": 8653}, {"train": 4, "operation": 30, "time": 8678}, {"train": 15, "operation": 18, "time": 8748}, {"train": 16, "operation": 27, "time": 8777}, {"train": 3, "operation": 36, "time": 8795}, {"train": 2, "operation": 50, "time": 8803}, {"train": 11, "operation": 26, "time": 8844}, {"train": 4, "operation": 33, "time": 8857}, {"train": 8, "operation": 22, "time": 8857}, {"train": 13, "operation": 27, "time": 8865}, {"train": 16, "operation": 29, "time": 8882}, {"train": 0, "operation": 23, "time": 8888}, {"train": 1, "operation": 29, "time": 8896}, {"train": 1, "operation": 30, "time": 8904}, {"train": 15, "operation": 19, "time": 8948}, {"train": 16, "operation": 31, "time": 8971}, {"train": 8, "operation": 24, "time": 8972}, {"train": 16, "operation": 35, "time": 8985}, {"train": 11, "operation": 28, "time": 9015}, {"train": 2, "operation": 52, "time": 9057}, {"train": 9, "operation": 55, "time": 9061}, {"train": 9, "operation": 57, "time": 9154}, {"train": 13, "operation": 29, "time": 9173}, {"train": 0, "operation": 25, "time": 9273}, {"train": 16, "operation": 37, "time": 9310}, {"train": 15, "operation": 22, "time": 9327}, {"train": 15, "operation": 26, "time": 9345}, {"train": 3, "operation": 37, "time": 9373}, {"train": 2, "operation": 53, "time": 9414}, {"train": 4, "operation": 40, "time": 9457}, {"train": 7, "operation": 52, "time": 9459}, {"train": 18, "operation": 1, "time": 9463}, {"train": 18, "operation": 2, "time": 9463}, {"train": 18, "operation": 4, "time": 9489}, {"train": 3, "operation": 39, "time": 9491}, {"train": 14, "operation": 20, "time": 9560}, {"train": 2, "operation": 55, "time": 9570}, {"train": 15, "operation": 28, "time": 9571}, {"train": 7, "operation": 54, "time": 9589}, {"train": 16, "operation": 39, "time": 9606}, {"train": 8, "operation": 25, "time": 9636}, {"train": 4, "operation": 50, "time": 9645}, {"train": 8, "operation": 26, "time": 9729}, {"train": 1, "operation": 33, "time": 9731}, {"train": 9, "operation": 58, "time": 9748}, {"train": 15, "operation": 29, "time": 9750}, {"train": 15, "operation": 31, "time": 9842}, {"train": 15, "operation": 35, "time": 9856}, {"train": 18, "operation": 5, "time": 9864}, {"train": 18, "operation": 6, "time": 9876}, {"train": 8, "operation": 27, "time": 9879}, {"train": 18, "operation": 7, "time": 9915}, {"train": 11, "operation": 30, "time": 9937}, {"train": 9, "operation": 60, "time": 9956}, {"train": 1, "operation": 34, "time": 10045}, {"train": 5, "operation": 50, "time": 10144}, {"train": 16, "operation": 41, "time": 10178}, {"train": 15, "operation": 36, "time": 10208}, {"train": 3, "operation": 40, "time": 10214}, {"train": 4, "operation": 51, "time": 10226}, {"train": 7, "operation": 55, "time": 10230}, {"train": 15, "operation": 38, "time": 10283}, {"train": 3, "operation": 42, "time": 10333}, {"train": 4, "operation": 53, "time": 10386}, {"train": 0, "operation": 30, "time": 10468}, {"train": 0, "operation": 32, "time": 10470}, {"train": 8, "operation": 28, "time": 10479}, {"train": 0, "operation": 33, "time": 10485}, {"train": 1, "operation": 36, "time": 10493}, {"train": 17, "operation": 15, "time": 10554}, {"train": 15, "operation": 39, "time": 10574}, {"train": 8, "operation": 29, "time": 10598}, {"train": 8, "operation": 30, "time": 10606}, {"train": 11, "operation": 31, "time": 10610}, {"train": 13, "operation": 30, "time": 10614}, {"train": 10, "operation": 22, "time": 10626}, {"train": 0, "operation": 35, "time": 10680}, {"train": 9, "operation": 61, "time": 10714}, {"train": 7, "operation": 57, "time": 10729}, {"train": 2, "operation": 56, "time": 10795}, {"train": 9, "operation": 63, "time": 10802}, {"train": 5, "operation": 51, "time": 10847}, {"train": 1, "operation": 37, "time": 10902}, {"train": 0, "operation": 36, "time": 10929}, {"train": 8, "operation": 31, "time": 10941}, {"train": 2, "operation": 58, "time": 10950}, {"train": 1, "operation": 38, "time": 10953}, {"train": 16, "operation": 42, "time": 11010}, {"train": 7, "operation": 58, "time": 11052}, {"train": 1, "operation": 40, "time": 11066}, {"train": 3, "operation": 43, "time": 11068}, {"train": 9, "operation": 64, "time": 11085}, {"train": 5, "operation": 53, "time": 11110}, {"train": 8, "operation": 39, "time": 11133}, {"train": 7, "operation": 60, "time": 11193}, {"train": 3, "operation": 45, "time": 11200}, {"train": 9, "operation": 66, "time": 11208}, {"train": 14, "operation": 21, "time": 11243}, {"train": 4, "operation": 54, "time": 11288}, {"train": 4, "operation": 55, "time": 11304}, {"train": 15, "operation": 41, "time": 11406}, {"train": 10, "operation": 24, "time": 11441}, {"train": 16, "operation": 43, "time": 11470}, {"train": 4, "operation": 57, "time": 11479}, {"train": 11, "operation": 32, "time": 11538}, {"train": 16, "operation": 45, "time": 11575}, {"train": 9, "operation": 68, "time": 11705}, {"train": 0, "operation": 38, "time": 11711}, {"train": 8, "operation": 40, "time": 11723}, {"train": 0, "operation": 39, "time": 11744}, {"train": 0, "operation": 41, "time": 11752}, {"train": 0, "operation": 42, "time": 11783}, {"train": 13, "operation": 32, "time": 11802}, {"train": 15, "operation": 42, "time": 11866}, {"train": 8, "operation": 42, "time": 11886}, {"train": 16, "operation": 46, "time": 11905}, {"train": 9, "operation": 69, "time": 11934}, {"train": 3, "operation": 46, "time": 11950}, {"train": 2, "operation": 59, "time": 11965}, {"train": 16, "operation": 47, "time": 12073}, {"train": 11, "operation": 34, "time": 12101}, {"train": 3, "operation": 48, "time": 12128}, {"train": 5, "operation": 54, "time": 12151}, {"train": 1, "operation": 41, "time": 12174}, {"train": 2, "operation": 61, "time": 12195}, {"train": 5, "operation": 56, "time": 12255}, {"train": 7, "operation": 61, "time": 12309}, {"train": 14, "operation": 22, "time": 12321}, {"train": 15, "operation": 43, "time": 12341}, {"train": 1, "operation": 43, "time": 12351}, {"train": 16, "operation": 50, "time": 12397}, {"train": 16, "operation": 51, "time": 12399}, {"train": 4, "operation": 58, "time": 12448}, {"train": 15, "operation": 45, "time": 12449}, {"train": 7, "operation": 63, "time": 12449}, {"train": 14, "operation": 24, "time": 12498}, {"train": 9, "operation": 70, "time": 12557}, {"train": 4, "operation": 60, "time": 12603}, {"train": 5, "operation": 57, "time": 12652}, {"train": 9, "operation": 72, "time": 12652}, {"train": 0, "operation": 43, "time": 12673}, {"train": 15, "operation": 46, "time": 12791}, {"train": 15, "operation": 47, "time": 12793}, {"train": 8, "operation": 43, "time": 12807}, {"train": 11, "operation": 36, "time": 12821}, {"train": 8, "operation": 44, "time": 12823}, {"train": 16, "operation": 52, "time": 12861}, {"train": 16, "operation": 54, "time": 12863}, {"train": 13, "operation": 33, "time": 12916}, {"train": 18, "operation": 9, "time": 12947}, {"train": 3, "operation": 49, "time": 12970}, {"train": 0, "operation": 44, "time": 13002}, {"train": 8, "operation": 46, "time": 13004}, {"train": 1, "operation": 44, "time": 13022}, {"train": 15, "operation": 50, "time": 13043}, {"train": 11, "operation": 37, "time": 13048}, {"train": 3, "operation": 51, "time": 13082}, {"train": 16, "operation": 56, "time": 13133}, {"train": 1, "operation": 46, "time": 13145}, {"train": 2, "operation": 62, "time": 13199}, {"train": 5, "operation": 59, "time": 13217}, {"train": 12, "operation": 15, "time": 13219}, {"train": 12, "operation": 16, "time": 13231}, {"train": 9, "operation": 73, "time": 13282}, {"train": 13, "operation": 35, "time": 13306}, {"train": 4, "operation": 61, "time": 13341}, {"train": 2, "operation": 64, "time": 13343}, {"train": 7, "operation": 64, "time": 13387}, {"train": 9, "operation": 75, "time": 13398}, {"train": 16, "operation": 57, "time": 13431}, {"train": 0, "operation": 46, "time": 13435}, {"train": 11, "operation": 38, "time": 13461}, {"train": 14, "operation": 25, "time": 13488}, {"train": 11, "operation": 40, "time": 13585}, {"train": 7, "operation": 66, "time": 13595}, {"train": 4, "operation": 63, "time": 13600}, {"train": 14, "operation": 27, "time": 13697}, {"train": 16, "operation": 59, "time": 13719}, {"train": 3, "operation": 53, "time": 13736}, {"train": 2, "operation": 65, "time": 13751}, {"train": 2, "operation": 66, "time": 13778}, {"train": 2, "operation": 67, "time": 13786}, {"train": 5, "operation": 60, "time": 13806}, {"train": 3, "operation": 56, "time": 13828}, {"train": 3, "operation": 57, "time": 13834}, {"train": 0, "operation": 47, "time": 13899}, {"train": 5, "operation": 62, "time": 13926}, {"train": 12, "operation": 18, "time": 13936}, {"train": 2, "operation": 69, "time": 13945}, {"train": 2, "operation": 70, "time": 13947}, {"train": 2, "operation": 71, "time": 13947}, {"train": 0, "operation": 48, "time": 13950}, {"train": 4, "operation": 64, "time": 13964}, {"train": 8, "operation": 47, "time": 13990}, {"train": 9, "operation": 76, "time": 14057}, {"train": 0, "operation": 50, "time": 14059}, {"train": 15, "operation": 51, "time": 14074}, {"train": 3, "operation": 58, "time": 14080}, {"train": 4, "operation": 66, "time": 14123}, {"train": 8, "operation": 49, "time": 14148}, {"train": 16, "operation": 60, "time": 14190}, {"train": 9, "operation": 78, "time": 14211}, {"train": 3, "operation": 66, "time": 14218}, {"train": 1, "operation": 48, "time": 14269}, {"train": 14, "operation": 29, "time": 14400}, {"train": 13, "operation": 40, "time": 14436}, {"train": 13, "operation": 41, "time": 14438}, {"train": 7, "operation": 67, "time": 14502}, {"train": 1, "operation": 49, "time": 14534}, {"train": 15, "operation": 52, "time": 14536}, {"train": 1, "operation": 50, "time": 14536}, {"train": 1, "operation": 51, "time": 14536}, {"train": 15, "operation": 54, "time": 14538}, {"train": 14, "operation": 30, "time": 14586}, {"train": 7, "operation": 69, "time": 14632}, {"train": 3, "operation": 67, "time": 14652}, {"train": 5, "operation": 63, "time": 14662}, {"train": 11, "operation": 41, "time": 14699}, {"train": 19, "operation": 1, "time": 14762}, {"train": 19, "operation": 2, "time": 14762}, {"train": 3, "operation": 69, "time": 14769}, {"train": 5, "operation": 65, "time": 14776}, {"train": 19, "operation": 4, "time": 14777}, {"train": 16, "operation": 62, "time": 14796}, {"train": 15, "operation": 56, "time": 14835}, {"train": 11, "operation": 43, "time": 14857}, {"train": 18, "operation": 10, "time": 14898}, {"train": 8, "operation": 50, "time": 14899}, {"train": 7, "operation": 70, "time": 14998}, {"train": 9, "operation": 79, "time": 15001}, {"train": 7, "operation": 71, "time": 15022}, {"train": 7, "operation": 72, "time": 15030}, {"train": 9, "operation": 81, "time": 15100}, {"train": 7, "operation": 74, "time": 15173}, {"train": 7, "operation": 75, "time": 15175}, {"train": 7, "operation": 76, "time": 15175}, {"train": 16, "operation": 63, "time": 15217}, {"train": 0, "operation": 51, "time": 15222}, {"train": 8, "operation": 52, "time": 15236}, {"train": 15, "operation": 58, "time": 15244}, {"train": 12, "operation": 19, "time": 15261}, {"train": 16, "operation": 65, "time": 15341}, {"train": 4, "operation": 67, "time": 15372}, {"train": 0, "operation": 53, "time": 15407}, {"train": 14, "operation": 31, "time": 15414}, {"train": 3, "operation": 70, "time": 15414}, {"train": 3, "operation": 71, "time": 15424}, {"train": 5, "operation": 66, "time": 15525}, {"train": 4, "operation": 69, "time": 15529}, {"train": 3, "operation": 73, "time": 15550}, {"train": 8, "operation": 53, "time": 15606}, {"train": 14, "operation": 33, "time": 15640}, {"train": 5, "operation": 68, "time": 15660}, {"train": 9, "operation": 83, "time": 15711}, {"train": 11, "operation": 45, "time": 15752}, {"train": 12, "operation": 20, "time": 15762}, {"train": 8, "operation": 55, "time": 15768}, {"train": 9, "operation": 86, "time": 15797}, {"train": 9, "operation": 87, "time": 15803}, {"train": 15, "operation": 59, "time": 15810}, {"train": 13, "operation": 49, "time": 15811}, {"train": 13, "operation": 50, "time": 15819}, {"train": 16, "operation": 66, "time": 15933}, {"train": 9, "operation": 88, "time": 16030}, {"train": 0, "operation": 54, "time": 16105}, {"train": 14, "operation": 35, "time": 16115}, {"train": 16, "operation": 68, "time": 16148}, {"train": 9, "operation": 96, "time": 16158}, {"train": 0, "operation": 56, "time": 16230}, {"train": 3, "operation": 74, "time": 16288}, {"train": 14, "operation": 37, "time": 16326}, {"train": 14, "operation": 38, "time": 16328}, {"train": 11, "operation": 46, "time": 16329}, {"train": 3, "operation": 76, "time": 16403}, {"train": 5, "operation": 69, "time": 16424}, {"train": 15, "operation": 60, "time": 16461}, {"train": 4, "operation": 70, "time": 16566}, {"train": 9, "operation": 97, "time": 16583}, {"train": 15, "operation": 62, "time": 16590}, {"train": 5, "operation": 71, "time": 16605}, {"train": 13, "operation": 53, "time": 16653}, {"train": 18, "operation": 12, "time": 16682}, {"train": 9, "operation": 99, "time": 16689}, {"train": 14, "operation": 39, "time": 16771}, {"train": 14, "operation": 40, "time": 16773}, {"train": 16, "operation": 69, "time": 16780}, {"train": 16, "operation": 71, "time": 16887}, {"train": 3, "operation": 77, "time": 16955}, {"train": 13, "operation": 54, "time": 16977}, {"train": 8, "operation": 56, "time": 17041}, {"train": 4, "operation": 72, "time": 17078}, {"train": 3, "operation": 79, "time": 17145}, {"train": 11, "operation": 48, "time": 17152}, {"train": 15, "operation": 63, "time": 17179}, {"train": 8, "operation": 58, "time": 17201}, {"train": 14, "operation": 43, "time": 17242}, {"train": 14, "operation": 44, "time": 17244}, {"train": 9, "operation": 100, "time": 17247}, {"train": 9, "operation": 101, "time": 17255}, {"train": 9, "operation": 103, "time": 17365}, {"train": 3, "operation": 80, "time": 17416}, {"train": 0, "operation": 58, "time": 17426}, {"train": 19, "operation": 5, "time": 17438}, {"train": 19, "operation": 6, "time": 17446}, {"train": 13, "operation": 56, "time": 17452}, {"train": 5, "operation": 72, "time": 17455}, {"train": 19, "operation": 7, "time": 17473}, {"train": 15, "operation": 65, "time": 17548}, {"train": 5, "operation": 74, "time": 17570}, {"train": 11, "operation": 49, "time": 17575}, {"train": 16, "operation": 72, "time": 17693}, {"train": 0, "operation": 59, "time": 17714}, {"train": 0, "operation": 60, "time": 17716}, {"train": 0, "operation": 61, "time": 17716}, {"train": 16, "operation": 74, "time": 17786}, {"train": 19, "operation": 9, "time": 17851}, {"train": 13, "operation": 57, "time": 17857}, {"train": 13, "operation": 58, "time": 17908}, {"train": 3, "operation": 82, "time": 17973}, {"train": 9, "operation": 104, "time": 18006}, {"train": 13, "operation": 60, "time": 18021}, {"train": 14, "operation": 45, "time": 18070}, {"train": 16, "operation": 75, "time": 18086}, {"train": 4, "operation": 73, "time": 18101}, {"train": 9, "operation": 106, "time": 18104}, {"train": 11, "operation": 50, "time": 18159}, {"train": 16, "operation": 77, "time": 18217}, {"train": 5, "operation": 76, "time": 18234}, {"train": 4, "operation": 75, "time": 18247}, {"train": 8, "operation": 59, "time": 18260}, {"train": 11, "operation": 52, "time": 18289}, {"train": 15, "operation": 66, "time": 18382}, {"train": 10, "operation": 25, "time": 18402}, {"train": 14, "operation": 47, "time": 18412}, {"train": 20, "operation": 1, "time": 18453}, {"train": 20, "operation": 2, "time": 18453}, {"train": 20, "operation": 4, "time": 18465}, {"train": 5, "operation": 79, "time": 18480}, {"train": 5, "operation": 80, "time": 18486}, {"train": 8, "operation": 61, "time": 18497}, {"train": 15, "operation": 68, "time": 18527}, {"train": 9, "operation": 107, "time": 18576}, {"train": 4, "operation": 76, "time": 18662}, {"train": 4, "operation": 77, "time": 18690}, {"train": 4, "operation": 78, "time": 18698}, {"train": 5, "operation": 81, "time": 18736}, {"train": 16, "operation": 78, "time": 18744}, {"train": 16, "operation": 80, "time": 18851}, {"train": 4, "operation": 80, "time": 18861}, {"train": 4, "operation": 81, "time": 18863}, {"train": 4, "operation": 82, "time": 18863}, {"train": 5, "operation": 89, "time": 18877}, {"train": 3, "operation": 83, "time": 18895}, {"train": 11, "operation": 53, "time": 18968}, {"train": 3, "operation": 85, "time": 19012}, {"train": 9, "operation": 109, "time": 19048}, {"train": 11, "operation": 55, "time": 19153}, {"train": 13, "operation": 61, "time": 19169}, {"train": 9, "operation": 110, "time": 19282}, {"train": 5, "operation": 90, "time": 19320}, {"train": 13, "operation": 63, "time": 19352}, {"train": 9, "operation": 112, "time": 19383}, {"train": 15, "operation": 69, "time": 19405}, {"train": 5, "operation": 92, "time": 19440}, {"train": 16, "operation": 81, "time": 19511}, {"train": 8, "operation": 62, "time": 19540}, {"train": 11, "operation": 57, "time": 19544}, {"train": 15, "operation": 71, "time": 19556}, {"train": 16, "operation": 83, "time": 19614}, {"train": 8, "operation": 64, "time": 19689}, {"train": 11, "operation": 59, "time": 19717}, {"train": 11, "operation": 60, "time": 19719}, {"train": 10, "operation": 27, "time": 19727}, {"train": 3, "operation": 86, "time": 19763}, {"train": 14, "operation": 49, "time": 19909}, {"train": 3, "operation": 88, "time": 19936}, {"train": 13, "operation": 64, "time": 20027}, {"train": 5, "operation": 93, "time": 20098}, {"train": 5, "operation": 94, "time": 20108}, {"train": 8, "operation": 65, "time": 20112}, {"train": 8, "operation": 66, "time": 20140}, {"train": 8, "operation": 67, "time": 20148}, {"train": 13, "operation": 66, "time": 20152}, {"train": 11, "operation": 61, "time": 20162}, {"train": 11, "operation": 62, "time": 20164}, {"train": 14, "operation": 50, "time": 20171}, {"train": 9, "operation": 113, "time": 20188}, {"train": 5, "operation": 96, "time": 20238}, {"train": 16, "operation": 84, "time": 20281}, {"train": 9, "operation": 115, "time": 20290}, {"train": 8, "operation": 69, "time": 20315}, {"train": 8, "operation": 70, "time": 20317}, {"train": 8, "operation": 71, "time": 20317}, {"train": 16, "operation": 86, "time": 20402}, {"train": 11, "operation": 65, "time": 20620}, {"train": 11, "operation": 66, "time": 20622}, {"train": 15, "operation": 72, "time": 20686}, {"train": 3, "operation": 89, "time": 20691}, {"train": 3, "operation": 91, "time": 20802}, {"train": 15, "operation": 74, "time": 20818}, {"train": 9, "operation": 116, "time": 20937}, {"train": 5, "operation": 97, "time": 20990}, {"train": 17, "operation": 16, "time": 21000}, {"train": 16, "operation": 87, "time": 21086}, {"train": 9, "operation": 118, "time": 21087}, {"train": 5, "operation": 99, "time": 21107}, {"train": 3, "operation": 92, "time": 21112}, {"train": 3, "operation": 93, "time": 21132}, {"train": 3, "operation": 94, "time": 21138}, {"train": 15, "operation": 75, "time": 21247}, {"train": 16, "operation": 89, "time": 21248}, {"train": 3, "operation": 96, "time": 21257}, {"train": 3, "operation": 97, "time": 21259}, {"train": 3, "operation": 98, "time": 21259}, {"train": 11, "operation": 67, "time": 21260}, {"train": 13, "operation": 68, "time": 21326}, {"train": 14, "operation": 51, "time": 21340}, {"train": 15, "operation": 77, "time": 21427}, {"train": 18, "operation": 13, "time": 21470}, {"train": 12, "operation": 21, "time": 21482}, {"train": 11, "operation": 69, "time": 21538}, {"train": 13, "operation": 69, "time": 21595}, {"train": 13, "operation": 70, "time": 21597}, {"train": 13, "operation": 71, "time": 21597}, {"train": 12, "operation": 22, "time": 21659}, {"train": 12, "operation": 23, "time": 21659}, {"train": 5, "operation": 100, "time": 21669}, {"train": 9, "operation": 119, "time": 21751}, {"train": 14, "operation": 53, "time": 21800}, {"train": 9, "operation": 121, "time": 21849}, {"train": 17, "operation": 18, "time": 21862}, {"train": 5, "operation": 102, "time": 21863}, {"train": 12, "operation": 24, "time": 21869}, {"train": 12, "operation": 25, "time": 21875}, {"train": 16, "operation": 90, "time": 22051}, {"train": 9, "operation": 122, "time": 22131}, {"train": 5, "operation": 103, "time": 22140}, {"train": 9, "operation": 123, "time": 22149}, {"train": 16, "operation": 92, "time": 22154}, {"train": 9, "operation": 124, "time": 22155}, {"train": 15, "operation": 78, "time": 22172}, {"train": 9, "operation": 126, "time": 22259}, {"train": 5, "operation": 105, "time": 22260}, {"train": 9, "operation": 127, "time": 22261}, {"train": 9, "operation": 128, "time": 22261}, {"train": 12, "operation": 26, "time": 22280}, {"train": 12, "operation": 28, "time": 22287}, {"train": 15, "operation": 80, "time": 22325}, {"train": 21, "operation": 1, "time": 22657}, {"train": 21, "operation": 2, "time": 22657}, {"train": 21, "operation": 3, "time": 22671}, {"train": 11, "operation": 71, "time": 22692}, {"train": 16, "operation": 93, "time": 22779}, {"train": 21, "operation": 5, "time": 22907}, {"train": 21, "operation": 6, "time": 22915}, {"train": 11, "operation": 72, "time": 22919}, {"train": 21, "operation": 7, "time": 22943}, {"train": 16, "operation": 95, "time": 22992}, {"train": 14, "operation": 58, "time": 23037}, {"train": 14, "operation": 59, "time": 23039}, {"train": 17, "operation": 19, "time": 23108}, {"train": 16, "operation": 100, "time": 23142}, {"train": 12, "operation": 31, "time": 23175}, {"train": 5, "operation": 106, "time": 23200}, {"train": 15, "operation": 81, "time": 23253}, {"train": 18, "operation": 15, "time": 23280}, {"train": 21, "operation": 8, "time": 23350}, {"train": 17, "operation": 21, "time": 23367}, {"train": 15, "operation": 83, "time": 23399}, {"train": 21, "operation": 10, "time": 23504}, {"train": 18, "operation": 16, "time": 23596}, {"train": 17, "operation": 22, "time": 23658}, {"train": 5, "operation": 108, "time": 23676}, {"train": 22, "operation": 1, "time": 23725}, {"train": 22, "operation": 2, "time": 23725}, {"train": 11, "operation": 74, "time": 23869}, {"train": 10, "operation": 28, "time": 23904}, {"train": 10, "operation": 29, "time": 23920}, {"train": 22, "operation": 3, "time": 24026}, {"train": 12, "operation": 32, "time": 24095}, {"train": 22, "operation": 5, "time": 24140}, {"train": 17, "operation": 23, "time": 24194}, {"train": 12, "operation": 34, "time": 24250}, {"train": 11, "operation": 77, "time": 24301}, {"train": 17, "operation": 25, "time": 24308}, {"train": 15, "operation": 84, "time": 24373}, {"train": 14, "operation": 67, "time": 24436}, {"train": 5, "operation": 109, "time": 24443}, {"train": 14, "operation": 68, "time": 24444}, {"train": 21, "operation": 12, "time": 24516}, {"train": 15, "operation": 86, "time": 24539}, {"train": 22, "operation": 6, "time": 24667}, {"train": 10, "operation": 31, "time": 24755}, {"train": 22, "operation": 8, "time": 24786}, {"train": 21, "operation": 13, "time": 24841}, {"train": 5, "operation": 111, "time": 24912}, {"train": 10, "operation": 32, "time": 24936}, {"train": 17, "operation": 27, "time": 25099}, {"train": 11, "operation": 78, "time": 25237}, {"train": 11, "operation": 83, "time": 25265}, {"train": 17, "operation": 28, "time": 25282}, {"train": 17, "operation": 29, "time": 25292}, {"train": 14, "operation": 71, "time": 25349}, {"train": 12, "operation": 35, "time": 25398}, {"train": 11, "operation": 85, "time": 25431}, {"train": 23, "operation": 1, "time": 25497}, {"train": 23, "operation": 2, "time": 25497}, {"train": 15, "operation": 88, "time": 25505}, {"train": 22, "operation": 9, "time": 25506}, {"train": 10, "operation": 33, "time": 25536}, {"train": 10, "operation": 34, "time": 25541}, {"train": 18, "operation": 17, "time": 25573}, {"train": 11, "operation": 86, "time": 25640}, {"train": 22, "operation": 11, "time": 25643}, {"train": 5, "operation": 112, "time": 25682}, {"train": 14, "operation": 72, "time": 25697}, {"train": 15, "operation": 89, "time": 25794}, {"train": 5, "operation": 114, "time": 25795}, {"train": 21, "operation": 14, "time": 25827}, {"train": 16, "operation": 105, "time": 25842}, {"train": 17, "operation": 30, "time": 25868}, {"train": 21, "operation": 16, "time": 25969}, {"train": 17, "operation": 32, "time": 25974}, {"train": 5, "operation": 115, "time": 26111}, {"train": 5, "operation": 116, "time": 26132}, {"train": 5, "operation": 117, "time": 26138}, {"train": 23, "operation": 4, "time": 26178}, {"train": 14, "operation": 74, "time": 26183}, {"train": 11, "operation": 87, "time": 26252}, {"train": 5, "operation": 119, "time": 26259}, {"train": 5, "operation": 120, "time": 26261}, {"train": 5, "operation": 121, "time": 26261}, {"train": 22, "operation": 13, "time": 26297}, {"train": 11, "operation": 92, "time": 26319}, {"train": 18, "operation": 19, "time": 26363}, {"train": 17, "operation": 34, "time": 26378}, {"train": 16, "operation": 109, "time": 26382}, {"train": 23, "operation": 5, "time": 26384}, {"train": 16, "operation": 113, "time": 26388}, {"train": 20, "operation": 5, "time": 26534}, {"train": 20, "operation": 6, "time": 26542}, {"train": 20, "operation": 7, "time": 26570}, {"train": 14, "operation": 75, "time": 26624}, {"train": 16, "operation": 117, "time": 26635}, {"train": 14, "operation": 76, "time": 26675}, {"train": 12, "operation": 37, "time": 26702}, {"train": 16, "operation": 127, "time": 26774}, {"train": 15, "operation": 90, "time": 26849}, {"train": 14, "operation": 78, "time": 26850}, {"train": 18, "operation": 21, "time": 26967}, {"train": 15, "operation": 92, "time": 26992}, {"train": 20, "operation": 8, "time": 26992}, {"train": 11, "operation": 93, "time": 27038}, {"train": 22, "operation": 14, "time": 27071}, {"train": 22, "operation": 15, "time": 27122}, {"train": 20, "operation": 10, "time": 27152}, {"train": 21, "operation": 18, "time": 27161}, {"train": 16, "operation": 128, "time": 27213}, {"train": 23, "operation": 6, "time": 27308}, {"train": 11, "operation": 95, "time": 27323}, {"train": 16, "operation": 130, "time": 27332}, {"train": 21, "operation": 19, "time": 27363}, {"train": 23, "operation": 8, "time": 27512}, {"train": 22, "operation": 16, "time": 27518}, {"train": 21, "operation": 20, "time": 27720}, {"train": 12, "operation": 38, "time": 27722}, {"train": 22, "operation": 18, "time": 27806}, {"train": 15, "operation": 94, "time": 27812}, {"train": 12, "operation": 40, "time": 27901}, {"train": 11, "operation": 96, "time": 27914}, {"train": 22, "operation": 20, "time": 27972}, {"train": 16, "operation": 131, "time": 27984}, {"train": 16, "operation": 132, "time": 27994}, {"train": 15, "operation": 98, "time": 28058}, {"train": 21, "operation": 22, "time": 28073}, {"train": 16, "operation": 134, "time": 28122}, {"train": 14, "operation": 80, "time": 28127}, {"train": 20, "operation": 11, "time": 28203}, {"train": 22, "operation": 23, "time": 28316}, {"train": 22, "operation": 24, "time": 28318}, {"train": 14, "operation": 81, "time": 28326}, {"train": 23, "operation": 9, "time": 28344}, {"train": 20, "operation": 13, "time": 28448}, {"train": 23, "operation": 11, "time": 28721}, {"train": 22, "operation": 32, "time": 28735}, {"train": 22, "operation": 34, "time": 28737}, {"train": 22, "operation": 35, "time": 28748}, {"train": 21, "operation": 23, "time": 28815}, {"train": 16, "operation": 136, "time": 28869}, {"train": 12, "operation": 41, "time": 28884}, {"train": 19, "operation": 10, "time": 29007}, {"train": 12, "operation": 43, "time": 29017}, {"train": 14, "operation": 82, "time": 29042}, {"train": 22, "operation": 37, "time": 29073}, {"train": 24, "operation": 1, "time": 29076}, {"train": 24, "operation": 2, "time": 29076}, {"train": 14, "operation": 84, "time": 29181}, {"train": 16, "operation": 137, "time": 29211}, {"train": 21, "operation": 25, "time": 29265}, {"train": 11, "operation": 97, "time": 29330}, {"train": 22, "operation": 39, "time": 29369}, {"train": 11, "operation": 98, "time": 29381}, {"train": 24, "operation": 3, "time": 29445}, {"train": 23, "operation": 16, "time": 29463}, {"train": 23, "operation": 18, "time": 29465}, {"train": 20, "operation": 14, "time": 29473}, {"train": 23, "operation": 20, "time": 29477}, {"train": 11, "operation": 100, "time": 29492}, {"train": 20, "operation": 16, "time": 29619}, {"train": 23, "operation": 23, "time": 29726}, {"train": 16, "operation": 138, "time": 29770}, {"train": 19, "operation": 12, "time": 29891}, {"train": 22, "operation": 40, "time": 29895}, {"train": 16, "operation": 140, "time": 29963}, {"train": 12, "operation": 44, "time": 29991}, {"train": 22, "operation": 42, "time": 29999}, {"train": 12, "operation": 46, "time": 30147}, {"train": 19, "operation": 13, "time": 30162}, {"train": 16, "operation": 141, "time": 30238}, {"train": 21, "operation": 26, "time": 30398}, {"train": 22, "operation": 43, "time": 30459}, {"train": 14, "operation": 86, "time": 30505}, {"train": 11, "operation": 101, "time": 30517}, {"train": 22, "operation": 45, "time": 30564}, {"train": 21, "operation": 28, "time": 30574}, {"train": 21, "operation": 29, "time": 30588}, {"train": 11, "operation": 103, "time": 30683}, {"train": 23, "operation": 25, "time": 30715}, {"train": 15, "operation": 103, "time": 30758}, {"train": 14, "operation": 87, "time": 30825}, {"train": 14, "operation": 88, "time": 30827}, {"train": 14, "operation": 89, "time": 30827}, {"train": 20, "operation": 18, "time": 30850}, {"train": 15, "operation": 109, "time": 30853}, {"train": 15, "operation": 113, "time": 30859}, {"train": 22, "operation": 46, "time": 30892}, {"train": 22, "operation": 47, "time": 30894}, {"train": 24, "operation": 5, "time": 30901}, {"train": 12, "operation": 47, "time": 30903}, {"train": 19, "operation": 15, "time": 31012}, {"train": 12, "operation": 49, "time": 31091}, {"train": 15, "operation": 117, "time": 31093}, {"train": 22, "operation": 50, "time": 31131}, {"train": 22, "operation": 51, "time": 31133}, {"train": 15, "operation": 127, "time": 31223}, {"train": 16, "operation": 143, "time": 31246}, {"train": 11, "operation": 105, "time": 31351}, {"train": 21, "operation": 31, "time": 31359}, {"train": 20, "operation": 19, "time": 31375}, {"train": 24, "operation": 6, "time": 31380}, {"train": 12, "operation": 50, "time": 31527}, {"train": 22, "operation": 52, "time": 31595}, {"train": 22, "operation": 54, "time": 31597}, {"train": 15, "operation": 128, "time": 31648}, {"train": 12, "operation": 52, "time": 31658}, {"train": 20, "operation": 20, "time": 31745}, {"train": 24, "operation": 8, "time": 31747}, {"train": 15, "operation": 130, "time": 31755}, {"train": 25, "operation": 1, "time": 31758}, {"train": 25, "operation": 2, "time": 31758}, {"train": 11, "operation": 106, "time": 31776}, {"train": 17, "operation": 35, "time": 31804}, {"train": 22, "operation": 56, "time": 31872}, {"train": 20, "operation": 22, "time": 32008}, {"train": 21, "operation": 32, "time": 32087}, {"train": 22, "operation": 57, "time": 32145}, {"train": 25, "operation": 3, "time": 32164}, {"train": 16, "operation": 144, "time": 32179}, {"train": 22, "operation": 59, "time": 32252}, {"train": 16, "operation": 146, "time": 32297}, {"train": 15, "operation": 131, "time": 32315}, {"train": 15, "operation": 132, "time": 32323}, {"train": 15, "operation": 134, "time": 32434}, {"train": 21, "operation": 33, "time": 32646}, {"train": 22, "operation": 60, "time": 32659}, {"train": 24, "operation": 10, "time": 32678}, {"train": 19, "operation": 16, "time": 32727}, {"train": 22, "operation": 62, "time": 32737}, {"train": 20, "operation": 24, "time": 32777}, {"train": 11, "operation": 108, "time": 32783}, {"train": 12, "operation": 53, "time": 32831}, {"train": 21, "operation": 49, "time": 32834}, {"train": 24, "operation": 11, "time": 32900}, {"train": 12, "operation": 55, "time": 33000}, {"train": 11, "operation": 109, "time": 33019}, {"train": 11, "operation": 110, "time": 33021}, {"train": 11, "operation": 111, "time": 33021}, {"train": 16, "operation": 147, "time": 33057}, {"train": 15, "operation": 135, "time": 33076}, {"train": 22, "operation": 63, "time": 33098}, {"train": 21, "operation": 51, "time": 33107}, {"train": 21, "operation": 55, "time": 33113}, {"train": 15, "operation": 137, "time": 33173}, {"train": 22, "operation": 65, "time": 33203}, {"train": 16, "operation": 149, "time": 33233}, {"train": 21, "operation": 59, "time": 33255}, {"train": 21, "operation": 63, "time": 33361}, {"train": 25, "operation": 5, "time": 33565}, {"train": 24, "operation": 12, "time": 33602}, {"train": 15, "operation": 138, "time": 33643}, {"train": 22, "operation": 67, "time": 33707}, {"train": 24, "operation": 14, "time": 33713}, {"train": 19, "operation": 18, "time": 33744}, {"train": 24, "operation": 15, "time": 33764}, {"train": 15, "operation": 140, "time": 33806}, {"train": 12, "operation": 56, "time": 33948}, {"train": 16, "operation": 150, "time": 33997}, {"train": 18, "operation": 22, "time": 34039}, {"train": 15, "operation": 141, "time": 34040}, {"train": 20, "operation": 25, "time": 34053}, {"train": 25, "operation": 6, "time": 34091}, {"train": 12, "operation": 58, "time": 34103}, {"train": 16, "operation": 152, "time": 34110}, {"train": 15, "operation": 143, "time": 34140}, {"train": 25, "operation": 8, "time": 34199}, {"train": 16, "operation": 153, "time": 34424}, {"train": 22, "operation": 68, "time": 34441}, {"train": 16, "operation": 154, "time": 34444}, {"train": 16, "operation": 155, "time": 34450}, {"train": 24, "operation": 17, "time": 34453}, {"train": 16, "operation": 157, "time": 34570}, {"train": 16, "operation": 158, "time": 34572}, {"train": 16, "operation": 159, "time": 34572}, {"train": 24, "operation": 18, "time": 34734}, {"train": 24, "operation": 20, "time": 34921}, {"train": 15, "operation": 144, "time": 34945}, {"train": 12, "operation": 59, "time": 34975}, {"train": 22, "operation": 69, "time": 34986}, {"train": 15, "operation": 146, "time": 35047}, {"train": 22, "operation": 71, "time": 35076}, {"train": 12, "operation": 61, "time": 35158}, {"train": 20, "operation": 26, "time": 35245}, {"train": 24, "operation": 23, "time": 35294}, {"train": 24, "operation": 24, "time": 35296}, {"train": 18, "operation": 24, "time": 35312}, {"train": 25, "operation": 10, "time": 35354}, {"train": 25, "operation": 11, "time": 35591}, {"train": 18, "operation": 25, "time": 35653}, {"train": 15, "operation": 147, "time": 35696}, {"train": 24, "operation": 32, "time": 35717}, {"train": 24, "operation": 33, "time": 35719}, {"train": 22, "operation": 72, "time": 35766}, {"train": 12, "operation": 62, "time": 35773}, {"train": 22, "operation": 74, "time": 35845}, {"train": 15, "operation": 149, "time": 35846}, {"train": 12, "operation": 64, "time": 35910}, {"train": 24, "operation": 38, "time": 36056}, {"train": 21, "operation": 66, "time": 36061}, {"train": 22, "operation": 75, "time": 36097}, {"train": 21, "operation": 67, "time": 36171}, {"train": 22, "operation": 77, "time": 36210}, {"train": 24, "operation": 39, "time": 36346}, {"train": 25, "operation": 12, "time": 36371}, {"train": 25, "operation": 14, "time": 36497}, {"train": 15, "operation": 150, "time": 36511}, {"train": 25, "operation": 15, "time": 36552}, {"train": 15, "operation": 152, "time": 36609}, {"train": 12, "operation": 65, "time": 36632}, {"train": 22, "operation": 78, "time": 36658}, {"train": 22, "operation": 80, "time": 36748}, {"train": 12, "operation": 67, "time": 36830}, {"train": 15, "operation": 153, "time": 36891}, {"train": 15, "operation": 154, "time": 36909}, {"train": 15, "operation": 155, "time": 36915}, {"train": 20, "operation": 28, "time": 37002}, {"train": 15, "operation": 157, "time": 37019}, {"train": 15, "operation": 158, "time": 37021}, {"train": 15, "operation": 159, "time": 37021}, {"train": 24, "operation": 40, "time": 37033}, {"train": 20, "operation": 29, "time": 37089}, {"train": 21, "operation": 68, "time": 37097}, {"train": 24, "operation": 42, "time": 37138}, {"train": 12, "operation": 69, "time": 37251}, {"train": 21, "operation": 70, "time": 37254}, {"train": 22, "operation": 81, "time": 37314}, {"train": 22, "operation": 83, "time": 37400}, {"train": 12, "operation": 71, "time": 37438}, {"train": 25, "operation": 17, "time": 37438}, {"train": 12, "operation": 72, "time": 37440}, {"train": 24, "operation": 43, "time": 37598}, {"train": 24, "operation": 45, "time": 37703}, {"train": 25, "operation": 18, "time": 37752}, {"train": 20, "operation": 30, "time": 37882}, {"train": 12, "operation": 73, "time": 37883}, {"train": 12, "operation": 75, "time": 37885}, {"train": 19, "operation": 19, "time": 37911}, {"train": 22, "operation": 84, "time": 37950}, {"train": 25, "operation": 20, "time": 37951}, {"train": 18, "operation": 27, "time": 37979}, {"train": 26, "operation": 1, "time": 37998}, {"train": 26, "operation": 2, "time": 37998}, {"train": 26, "operation": 3, "time": 38005}, {"train": 24, "operation": 46, "time": 38036}, {"train": 24, "operation": 47, "time": 38038}, {"train": 22, "operation": 86, "time": 38057}, {"train": 26, "operation": 5, "time": 38129}, {"train": 26, "operation": 6, "time": 38133}, {"train": 26, "operation": 7, "time": 38149}, {"train": 19, "operation": 20, "time": 38217}, {"train": 24, "operation": 50, "time": 38281}, {"train": 24, "operation": 51, "time": 38283}, {"train": 12, "operation": 76, "time": 38289}, {"train": 18, "operation": 28, "time": 38315}, {"train": 18, "operation": 29, "time": 38342}, {"train": 25, "operation": 23, "time": 38347}, {"train": 25, "operation": 24, "time": 38349}, {"train": 26, "operation": 8, "time": 38406}, {"train": 21, "operation": 72, "time": 38418}, {"train": 19, "operation": 22, "time": 38433}, {"train": 26, "operation": 10, "time": 38497}, {"train": 22, "operation": 87, "time": 38676}, {"train": 20, "operation": 32, "time": 38710}, {"train": 24, "operation": 52, "time": 38745}, {"train": 24, "operation": 54, "time": 38747}, {"train": 25, "operation": 32, "time": 38786}, {"train": 25, "operation": 34, "time": 38788}, {"train": 25, "operation": 35, "time": 38799}, {"train": 22, "operation": 89, "time": 38814}, {"train": 24, "operation": 56, "time": 39045}, {"train": 19, "operation": 23, "time": 39072}, {"train": 26, "operation": 11, "time": 39102}, {"train": 23, "operation": 27, "time": 39115}, {"train": 21, "operation": 73, "time": 39144}, {"train": 25, "operation": 37, "time": 39149}, {"train": 23, "operation": 28, "time": 39191}, {"train": 19, "operation": 25, "time": 39208}, {"train": 26, "operation": 13, "time": 39222}, {"train": 20, "operation": 33, "time": 39287}, {"train": 27, "operation": 1, "time": 39325}, {"train": 27, "operation": 2, "time": 39325}, {"train": 10, "operation": 35, "time": 39327}, {"train": 27, "operation": 4, "time": 39341}, {"train": 12, "operation": 77, "time": 39368}, {"train": 12, "operation": 78, "time": 39370}, {"train": 24, "operation": 57, "time": 39409}, {"train": 25, "operation": 39, "time": 39445}, {"train": 10, "operation": 36, "time": 39511}, {"train": 10, "operation": 37, "time": 39511}, {"train": 18, "operation": 31, "time": 39534}, {"train": 27, "operation": 5, "time": 39534}, {"train": 27, "operation": 6, "time": 39540}, {"train": 24, "operation": 59, "time": 39556}, {"train": 27, "operation": 7, "time": 39558}, {"train": 22, "operation": 90, "time": 39567}, {"train": 22, "operation": 92, "time": 39656}, {"train": 10, "operation": 38, "time": 39674}, {"train": 10, "operation": 39, "time": 39680}, {"train": 10, "operation": 40, "time": 39686}, {"train": 18, "operation": 32, "time": 39747}, {"train": 26, "operation": 14, "time": 39771}, {"train": 23, "operation": 30, "time": 39811}, {"train": 23, "operation": 31, "time": 39831}, {"train": 27, "operation": 8, "time": 39833}, {"train": 23, "operation": 32, "time": 39835}, {"train": 26, "operation": 16, "time": 39924}, {"train": 27, "operation": 10, "time": 39946}, {"train": 10, "operation": 41, "time": 40048}, {"train": 10, "operation": 44, "time": 40053}, {"train": 17, "operation": 40, "time": 40082}, {"train": 24, "operation": 60, "time": 40082}, {"train": 12, "operation": 80, "time": 40168}, {"train": 21, "operation": 74, "time": 40171}, {"train": 24, "operation": 62, "time": 40184}, {"train": 19, "operation": 26, "time": 40187}, {"train": 22, "operation": 94, "time": 40193}, {"train": 10, "operation": 45, "time": 40201}, {"train": 25, "operation": 40, "time": 40250}, {"train": 19, "operation": 28, "time": 40341}, {"train": 19, "operation": 29, "time": 40353}, {"train": 21, "operation": 76, "time": 40356}, {"train": 25, "operation": 42, "time": 40368}, {"train": 23, "operation": 35, "time": 40430}, {"train": 22, "operation": 98, "time": 40439}, {"train": 20, "operation": 41, "time": 40444}, {"train": 26, "operation": 17, "time": 40568}, {"train": 27, "operation": 11, "time": 40641}, {"train": 24, "operation": 63, "time": 40647}, {"train": 26, "operation": 19, "time": 40656}, {"train": 18, "operation": 33, "time": 40670}, {"train": 23, "operation": 36, "time": 40676}, {"train": 10, "operation": 46, "time": 40737}, {"train": 20, "operation": 42, "time": 40767}, {"train": 24, "operation": 65, "time": 40783}, {"train": 27, "operation": 13, "time": 40789}, {"train": 25, "operation": 43, "time": 40842}, {"train": 26, "operation": 20, "time": 40906}, {"train": 23, "operation": 38, "time": 40915}, {"train": 25, "operation": 45, "time": 40950}, {"train": 19, "operation": 31, "time": 41029}, {"train": 26, "operation": 21, "time": 41115}, {"train": 19, "operation": 32, "time": 41210}, {"train": 12, "operation": 81, "time": 41238}, {"train": 25, "operation": 46, "time": 41290}, {"train": 25, "operation": 47, "time": 41292}, {"train": 18, "operation": 34, "time": 41301}, {"train": 18, "operation": 35, "time": 41307}, {"train": 23, "operation": 39, "time": 41327}, {"train": 21, "operation": 77, "time": 41352}, {"train": 23, "operation": 40, "time": 41383}, {"train": 27, "operation": 15, "time": 41409}, {"train": 26, "operation": 22, "time": 41415}, {"train": 24, "operation": 66, "time": 41438}, {"train": 21, "operation": 79, "time": 41491}, {"train": 23, "operation": 42, "time": 41504}, {"train": 25, "operation": 50, "time": 41542}, {"train": 25, "operation": 51, "time": 41544}, {"train": 24, "operation": 68, "time": 41548}, {"train": 26, "operation": 23, "time": 41573}, {"train": 27, "operation": 16, "time": 41590}, {"train": 10, "operation": 47, "time": 41602}, {"train": 22, "operation": 103, "time": 41639}, {"train": 19, "operation": 33, "time": 41697}, {"train": 19, "operation": 34, "time": 41701}, {"train": 22, "operation": 109, "time": 41733}, {"train": 22, "operation": 113, "time": 41739}, {"train": 10, "operation": 49, "time": 41742}, {"train": 28, "operation": 1, "time": 41809}, {"train": 28, "operation": 2, "time": 41809}, {"train": 28, "operation": 4, "time": 41817}, {"train": 26, "operation": 24, "time": 41957}, {"train": 22, "operation": 117, "time": 41964}, {"train": 25, "operation": 52, "time": 42006}, {"train": 25, "operation": 54, "time": 42008}, {"train": 28, "operation": 5, "time": 42008}, {"train": 28, "operation": 6, "time": 42012}, {"train": 28, "operation": 7, "time": 42029}, {"train": 22, "operation": 127, "time": 42093}, {"train": 24, "operation": 69, "time": 42245}, {"train": 26, "operation": 26, "time": 42292}, {"train": 25, "operation": 56, "time": 42304}, {"train": 28, "operation": 8, "time": 42311}, {"train": 27, "operation": 17, "time": 42323}, {"train": 24, "operation": 71, "time": 42362}, {"train": 23, "operation": 43, "time": 42368}, {"train": 27, "operation": 19, "time": 42413}, {"train": 28, "operation": 10, "time": 42414}, {"train": 22, "operation": 128, "time": 42437}, {"train": 17, "operation": 41, "time": 42454}, {"train": 21, "operation": 80, "time": 42501}, {"train": 23, "operation": 45, "time": 42515}, {"train": 22, "operation": 130, "time": 42552}, {"train": 27, "operation": 20, "time": 42645}, {"train": 17, "operation": 42, "time": 42660}, {"train": 21, "operation": 82, "time": 42660}, {"train": 12, "operation": 83, "time": 42697}, {"train": 25, "operation": 57, "time": 42709}, {"train": 10, "operation": 50, "time": 42769}, {"train": 27, "operation": 22, "time": 42805}, {"train": 26, "operation": 28, "time": 42816}, {"train": 25, "operation": 59, "time": 42882}, {"train": 12, "operation": 84, "time": 42953}, {"train": 10, "operation": 52, "time": 43005}, {"train": 22, "operation": 131, "time": 43040}, {"train": 22, "operation": 132, "time": 43048}, {"train": 28, "operation": 11, "time": 43175}, {"train": 22, "operation": 134, "time": 43212}, {"train": 24, "operation": 72, "time": 43250}, {"train": 27, "operation": 24, "time": 43280}, {"train": 23, "operation": 46, "time": 43294}, {"train": 28, "operation": 13, "time": 43309}, {"train": 24, "operation": 74, "time": 43353}, {"train": 23, "operation": 48, "time": 43405}, {"train": 21, "operation": 84, "time": 43436}, {"train": 26, "operation": 29, "time": 43444}, {"train": 26, "operation": 30, "time": 43450}, {"train": 25, "operation": 60, "time": 43527}, {"train": 25, "operation": 62, "time": 43655}, {"train": 24, "operation": 75, "time": 43688}, {"train": 22, "operation": 135, "time": 43805}, {"train": 24, "operation": 77, "time": 43832}, {"train": 28, "operation": 14, "time": 43872}, {"train": 26, "operation": 31, "time": 43874}, {"train": 22, "operation": 137, "time": 43904}, {"train": 10, "operation": 53, "time": 43916}, {"train": 26, "operation": 33, "time": 43954}, {"train": 28, "operation": 16, "time": 44044}, {"train": 10, "operation": 55, "time": 44077}, {"train": 12, "operation": 86, "time": 44083}, {"train": 17, "operation": 43, "time": 44108}, {"train": 23, "operation": 49, "time": 44130}, {"train": 27, "operation": 25, "time": 44201}, {"train": 25, "operation": 63, "time": 44238}, {"train": 26, "operation": 34, "time": 44250}, {"train": 23, "operation": 51, "time": 44311}, {"train": 23, "operation": 52, "time": 44313}, {"train": 23, "operation": 53, "time": 44313}, {"train": 26, "operation": 42, "time": 44340}, {"train": 21, "operation": 85, "time": 44341}, {"train": 22, "operation": 138, "time": 44394}, {"train": 25, "operation": 65, "time": 44411}, {"train": 24, "operation": 78, "time": 44419}, {"train": 26, "operation": 43, "time": 44504}, {"train": 26, "operation": 45, "time": 44506}, {"train": 24, "operation": 80, "time": 44538}, {"train": 12, "operation": 89, "time": 44560}, {"train": 22, "operation": 140, "time": 44560}, {"train": 26, "operation": 46, "time": 44613}, {"train": 26, "operation": 47, "time": 44749}, {"train": 22, "operation": 141, "time": 44771}, {"train": 28, "operation": 18, "time": 44775}, {"train": 21, "operation": 86, "time": 44789}, {"train": 27, "operation": 26, "time": 44793}, {"train": 27, "operation": 28, "time": 44885}, {"train": 27, "operation": 29, "time": 44891}, {"train": 21, "operation": 88, "time": 44924}, {"train": 26, "operation": 48, "time": 44929}, {"train": 29, "operation": 1, "time": 44941}, {"train": 29, "operation": 2, "time": 44941}, {"train": 10, "operation": 56, "time": 44951}, {"train": 26, "operation": 49, "time": 44955}, {"train": 28, "operation": 19, "time": 45167}, {"train": 29, "operation": 3, "time": 45169}, {"train": 22, "operation": 143, "time": 45171}, {"train": 25, "operation": 66, "time": 45236}, {"train": 29, "operation": 5, "time": 45255}, {"train": 24, "operation": 82, "time": 45271}, {"train": 27, "operation": 30, "time": 45370}, {"train": 28, "operation": 20, "time": 45378}, {"train": 25, "operation": 68, "time": 45379}, {"train": 24, "operation": 83, "time": 45444}, {"train": 26, "operation": 50, "time": 45447}, {"train": 27, "operation": 32, "time": 45460}, {"train": 28, "operation": 22, "time": 45523}, {"train": 26, "operation": 52, "time": 45525}, {"train": 17, "operation": 44, "time": 45587}, {"train": 17, "operation": 45, "time": 45587}, {"train": 29, "operation": 6, "time": 45663}, {"train": 10, "operation": 58, "time": 45667}, {"train": 12, "operation": 90, "time": 45721}, {"train": 29, "operation": 8, "time": 45745}, {"train": 12, "operation": 95, "time": 45753}, {"train": 27, "operation": 33, "time": 45795}, {"train": 17, "operation": 46, "time": 45843}, {"train": 22, "operation": 144, "time": 45914}, {"train": 28, "operation": 23, "time": 45955}, {"train": 12, "operation": 97, "time": 45959}, {"train": 27, "operation": 35, "time": 45961}, {"train": 22, "operation": 146, "time": 46005}, {"train": 28, "operation": 25, "time": 46045}, {"train": 21, "operation": 89, "time": 46129}, {"train": 26, "operation": 53, "time": 46184}, {"train": 24, "operation": 84, "time": 46203}, {"train": 12, "operation": 98, "time": 46225}, {"train": 25, "operation": 70, "time": 46249}, {"train": 29, "operation": 9, "time": 46296}, {"train": 26, "operation": 55, "time": 46307}, {"train": 29, "operation": 11, "time": 46388}, {"train": 25, "operation": 71, "time": 46525}, {"train": 10, "operation": 59, "time": 46536}, {"train": 22, "operation": 147, "time": 46577}, {"train": 28, "operation": 26, "time": 46636}, {"train": 21, "operation": 91, "time": 46645}, {"train": 10, "operation": 61, "time": 46676}, {"train": 17, "operation": 47, "time": 46696}, {"train": 22, "operation": 149, "time": 46712}, {"train": 28, "operation": 28, "time": 46728}, {"train": 28, "operation": 29, "time": 46734}, {"train": 26, "operation": 57, "time": 46841}, {"train": 27, "operation": 38, "time": 46861}, {"train": 17, "operation": 49, "time": 46862}, {"train": 29, "operation": 12, "time": 46884}, {"train": 27, "operation": 41, "time": 46961}, {"train": 29, "operation": 14, "time": 47007}, {"train": 29, "operation": 15, "time": 47050}, {"train": 26, "operation": 58, "time": 47057}, {"train": 12, "operation": 100, "time": 47064}, {"train": 12, "operation": 101, "time": 47096}, {"train": 12, "operation": 102, "time": 47104}, {"train": 27, "operation": 43, "time": 47152}, {"train": 27, "operation": 55, "time": 47154}, {"train": 28, "operation": 30, "time": 47213}, {"train": 24, "operation": 86, "time": 47237}, {"train": 27, "operation": 56, "time": 47255}, {"train": 28, "operation": 32, "time": 47303}, {"train": 29, "operation": 16, "time": 47327}, {"train": 27, "operation": 57, "time": 47348}, {"train": 22, "operation": 150, "time": 47349}, {"train": 10, "operation": 62, "time": 47356}, {"train": 29, "operation": 18, "time": 47429}, {"train": 22, "operation": 152, "time": 47441}, {"train": 10, "operation": 64, "time": 47525}, {"train": 26, "operation": 59, "time": 47545}, {"train": 29, "operation": 19, "time": 47567}, {"train": 21, "operation": 92, "time": 47610}, {"train": 26, "operation": 61, "time": 47621}, {"train": 28, "operation": 33, "time": 47638}, {"train": 25, "operation": 73, "time": 47643}, {"train": 22, "operation": 153, "time": 47723}, {"train": 22, "operation": 154, "time": 47740}, {"train": 22, "operation": 155, "time": 47744}, {"train": 21, "operation": 94, "time": 47764}, {"train": 29, "operation": 21, "time": 47830}, {"train": 17, "operation": 51, "time": 47832}, {"train": 29, "operation": 23, "time": 47840}, {"train": 22, "operation": 157, "time": 47842}, {"train": 29, "operation": 25, "time": 47842}, {"train": 22, "operation": 158, "time": 47844}, {"train": 22, "operation": 159, "time": 47844}, {"train": 29, "operation": 26, "time": 47857}, {"train": 10, "operation": 65, "time": 47915}, {"train": 27, "operation": 59, "time": 47957}, {"train": 12, "operation": 105, "time": 47963}, {"train": 24, "operation": 87, "time": 47994}, {"train": 29, "operation": 27, "time": 48018}, {"train": 10, "operation": 67, "time": 48045}, {"train": 29, "operation": 29, "time": 48105}, {"train": 26, "operation": 62, "time": 48135}, {"train": 29, "operation": 31, "time": 48180}, {"train": 29, "operation": 35, "time": 48191}, {"train": 24, "operation": 89, "time": 48228}, {"train": 12, "operation": 106, "time": 48287}, {"train": 25, "operation": 74, "time": 48311}, {"train": 17, "operation": 52, "time": 48390}, {"train": 29, "operation": 37, "time": 48462}, {"train": 21, "operation": 95, "time": 48651}, {"train": 28, "operation": 45, "time": 48663}, {"train": 25, "operation": 75, "time": 48736}, {"train": 12, "operation": 108, "time": 48762}, {"train": 21, "operation": 97, "time": 48837}, {"train": 28, "operation": 46, "time": 48854}, {"train": 28, "operation": 49, "time": 48860}, {"train": 25, "operation": 77, "time": 48914}, {"train": 29, "operation": 39, "time": 48923}, {"train": 28, "operation": 52, "time": 48995}, {"train": 24, "operation": 90, "time": 49078}, {"train": 10, "operation": 68, "time": 49096}, {"train": 12, "operation": 109, "time": 49178}, {"train": 24, "operation": 92, "time": 49195}, {"train": 12, "operation": 110, "time": 49229}, {"train": 10, "operation": 70, "time": 49244}, {"train": 17, "operation": 53, "time": 49256}, {"train": 29, "operation": 40, "time": 49319}, {"train": 12, "operation": 112, "time": 49341}, {"train": 29, "operation": 42, "time": 49398}, {"train": 17, "operation": 55, "time": 49409}, {"train": 21, "operation": 98, "time": 49467}, {"train": 27, "operation": 60, "time": 49474}, {"train": 21, "operation": 100, "time": 49608}, {"train": 25, "operation": 79, "time": 49651}, {"train": 29, "operation": 43, "time": 49748}, {"train": 26, "operation": 63, "time": 49774}, {"train": 29, "operation": 45, "time": 49827}, {"train": 25, "operation": 80, "time": 49832}, {"train": 24, "operation": 94, "time": 49853}, {"train": 28, "operation": 55, "time": 49895}, {"train": 26, "operation": 64, "time": 50014}, {"train": 26, "operation": 65, "time": 50047}, {"train": 10, "operation": 71, "time": 50092}, {"train": 24, "operation": 98, "time": 50099}, {"train": 29, "operation": 46, "time": 50108}, {"train": 29, "operation": 47, "time": 50110}, {"train": 28, "operation": 56, "time": 50156}, {"train": 27, "operation": 61, "time": 50209}, {"train": 10, "operation": 73, "time": 50227}, {"train": 17, "operation": 57, "time": 50237}, {"train": 28, "operation": 57, "time": 50249}, {"train": 21, "operation": 101, "time": 50342}, {"train": 29, "operation": 50, "time": 50342}, {"train": 29, "operation": 51, "time": 50344}, {"train": 27, "operation": 63, "time": 50357}, {"train": 26, "operation": 67, "time": 50475}, {"train": 12, "operation": 113, "time": 50485}, {"train": 21, "operation": 103, "time": 50541}, {"train": 12, "operation": 115, "time": 50666}, {"train": 26, "operation": 68, "time": 50702}, {"train": 25, "operation": 81, "time": 50750}, {"train": 29, "operation": 52, "time": 50791}, {"train": 29, "operation": 53, "time": 50793}, {"train": 29, "operation": 55, "time": 50807}, {"train": 28, "operation": 58, "time": 50855}, {"train": 26, "operation": 69, "time": 50926}, {"train": 28, "operation": 60, "time": 50944}, {"train": 21, "operation": 105, "time": 50962}, {"train": 27, "operation": 64, "time": 50963}, {"train": 26, "operation": 71, "time": 50996}, {"train": 10, "operation": 74, "time": 51008}, {"train": 27, "operation": 66, "time": 51070}, {"train": 17, "operation": 58, "time": 51146}, {"train": 10, "operation": 76, "time": 51171}, {"train": 21, "operation": 107, "time": 51189}, {"train": 21, "operation": 108, "time": 51191}, {"train": 12, "operation": 116, "time": 51344}, {"train": 29, "operation": 56, "time": 51358}, {"train": 12, "operation": 118, "time": 51468}, {"train": 29, "operation": 57, "time": 51567}, {"train": 26, "operation": 72, "time": 51607}, {"train": 27, "operation": 68, "time": 51620}, {"train": 21, "operation": 109, "time": 51634}, {"train": 21, "operation": 110, "time": 51636}, {"train": 28, "operation": 61, "time": 51679}, {"train": 26, "operation": 74, "time": 51687}, {"train": 29, "operation": 59, "time": 51688}, {"train": 10, "operation": 78, "time": 51723}, {"train": 28, "operation": 63, "time": 51828}, {"train": 17, "operation": 60, "time": 51971}, {"train": 25, "operation": 83, "time": 52016}, {"train": 29, "operation": 60, "time": 52049}, {"train": 21, "operation": 113, "time": 52098}, {"train": 21, "operation": 114, "time": 52100}, {"train": 29, "operation": 62, "time": 52119}, {"train": 26, "operation": 75, "time": 52170}, {"train": 26, "operation": 77, "time": 52241}, {"train": 27, "operation": 69, "time": 52367}, {"train": 28, "operation": 65, "time": 52433}, {"train": 29, "operation": 63, "time": 52439}, {"train": 12, "operation": 120, "time": 52640}, {"train": 26, "operation": 79, "time": 52688}, {"train": 21, "operation": 115, "time": 52776}, {"train": 24, "operation": 103, "time": 52799}, {"train": 24, "operation": 109, "time": 52892}, {"train": 24, "operation": 113, "time": 52898}, {"train": 12, "operation": 121, "time": 52914}, {"train": 27, "operation": 70, "time": 52933}, {"train": 26, "operation": 80, "time": 52935}, {"train": 25, "operation": 84, "time": 52978}, {"train": 27, "operation": 72, "time": 53023}, {"train": 21, "operation": 117, "time": 53071}, {"train": 29, "operation": 65, "time": 53084}, {"train": 24, "operation": 117, "time": 53124}, {"train": 25, "operation": 86, "time": 53143}, {"train": 24, "operation": 127, "time": 53252}, {"train": 26, "operation": 81, "time": 53255}, {"train": 26, "operation": 83, "time": 53325}, {"train": 20, "operation": 43, "time": 53348}, {"train": 20, "operation": 44, "time": 53348}, {"train": 28, "operation": 66, "time": 53374}, {"train": 27, "operation": 73, "time": 53471}, {"train": 29, "operation": 66, "time": 53531}, {"train": 12, "operation": 122, "time": 53578}, {"train": 12, "operation": 123, "time": 53578}, {"train": 27, "operation": 75, "time": 53584}, {"train": 24, "operation": 128, "time": 53609}, {"train": 20, "operation": 45, "time": 53653}, {"train": 26, "operation": 84, "time": 53686}, {"train": 24, "operation": 130, "time": 53703}, {"train": 26, "operation": 86, "time": 53781}, {"train": 27, "operation": 76, "time": 53836}, {"train": 27, "operation": 78, "time": 53915}, {"train": 28, "operation": 67, "time": 53924}, {"train": 26, "operation": 88, "time": 53987}, {"train": 28, "operation": 69, "time": 54010}, {"train": 29, "operation": 68, "time": 54058}, {"train": 10, "operation": 79, "time": 54082}, {"train": 25, "operation": 87, "time": 54099}, {"train": 26, "operation": 90, "time": 54123}, {"train": 26, "operation": 91, "time": 54125}, {"train": 20, "operation": 46, "time": 54129}, {"train": 24, "operation": 131, "time": 54203}, {"train": 24, "operation": 132, "time": 54211}, {"train": 21, "operation": 119, "time": 54292}, {"train": 24, "operation": 134, "time": 54310}, {"train": 25, "operation": 89, "time": 54327}, {"train": 21, "operation": 120, "time": 54527}, {"train": 29, "operation": 69, "time": 54541}, {"train": 26, "operation": 92, "time": 54566}, {"train": 26, "operation": 93, "time": 54568}, {"train": 28, "operation": 70, "time": 54576}, {"train": 27, "operation": 80, "time": 54605}, {"train": 28, "operation": 72, "time": 54666}, {"train": 10, "operation": 80, "time": 54725}, {"train": 26, "operation": 96, "time": 54794}, {"train": 26, "operation": 97, "time": 54796}, {"train": 10, "operation": 82, "time": 54900}, {"train": 24, "operation": 135, "time": 54912}, {"train": 27, "operation": 81, "time": 54937}, {"train": 29, "operation": 71, "time": 55001}, {"train": 24, "operation": 137, "time": 55005}, {"train": 26, "operation": 98, "time": 55088}, {"train": 28, "operation": 73, "time": 55114}, {"train": 28, "operation": 75, "time": 55227}, {"train": 10, "operation": 84, "time": 55273}, {"train": 20, "operation": 48, "time": 55310}, {"train": 18, "operation": 36, "time": 55352}, {"train": 18, "operation": 37, "time": 55352}, {"train": 25, "operation": 90, "time": 55371}, {"train": 10, "operation": 86, "time": 55439}, {"train": 24, "operation": 138, "time": 55439}, {"train": 10, "operation": 87, "time": 55441}, {"train": 28, "operation": 76, "time": 55479}, {"train": 27, "operation": 82, "time": 55482}, {"train": 26, "operation": 100, "time": 55488}, {"train": 17, "operation": 61, "time": 55510}, {"train": 18, "operation": 38, "time": 55516}, {"train": 18, "operation": 39, "time": 55522}, {"train": 21, "operation": 122, "time": 55525}, {"train": 18, "operation": 40, "time": 55528}, {"train": 27, "operation": 84, "time": 55562}, {"train": 24, "operation": 140, "time": 55586}, {"train": 29, "operation": 73, "time": 55612}, {"train": 25, "operation": 92, "time": 55706}, {"train": 20, "operation": 49, "time": 55767}, {"train": 24, "operation": 141, "time": 55797}, {"train": 26, "operation": 101, "time": 55842}, {"train": 29, "operation": 74, "time": 55875}, {"train": 10, "operation": 88, "time": 55884}, {"train": 10, "operation": 89, "time": 55886}, {"train": 24, "operation": 143, "time": 55887}, {"train": 18, "operation": 41, "time": 55891}, {"train": 18, "operation": 43, "time": 55895}, {"train": 26, "operation": 103, "time": 55921}, {"train": 21, "operation": 125, "time": 55987}, {"train": 28, "operation": 78, "time": 56008}, {"train": 27, "operation": 85, "time": 56066}, {"train": 29, "operation": 75, "time": 56099}, {"train": 17, "operation": 63, "time": 56157}, {"train": 27, "operation": 87, "time": 56171}, {"train": 26, "operation": 104, "time": 56292}, {"train": 10, "operation": 92, "time": 56331}, {"train": 10, "operation": 93, "time": 56333}, {"train": 17, "operation": 64, "time": 56495}, {"train": 25, "operation": 93, "time": 56518}, {"train": 26, "operation": 106, "time": 56521}, {"train": 27, "operation": 88, "time": 56532}, {"train": 29, "operation": 77, "time": 56553}, {"train": 27, "operation": 90, "time": 56610}, {"train": 25, "operation": 95, "time": 56621}, {"train": 24, "operation": 144, "time": 56641}, {"train": 28, "operation": 79, "time": 56698}, {"train": 24, "operation": 146, "time": 56736}, {"train": 25, "operation": 100, "time": 56771}, {"train": 26, "operation": 111, "time": 56785}, {"train": 26, "operation": 112, "time": 56787}, {"train": 28, "operation": 81, "time": 56788}, {"train": 17, "operation": 65, "time": 56864}, {"train": 18, "operation": 46, "time": 56914}, {"train": 20, "operation": 50, "time": 56984}, {"train": 10, "operation": 94, "time": 56989}, {"train": 27, "operation": 91, "time": 57017}, {"train": 29, "operation": 78, "time": 57063}, {"train": 21, "operation": 127, "time": 57076}, {"train": 17, "operation": 67, "time": 57094}, {"train": 26, "operation": 120, "time": 57108}, {"train": 26, "operation": 122, "time": 57110}, {"train": 26, "operation": 123, "time": 57120}, {"train": 27, "operation": 93, "time": 57124}, {"train": 29, "operation": 79, "time": 57146}, {"train": 21, "operation": 128, "time": 57183}, {"train": 10, "operation": 96, "time": 57265}, {"train": 29, "operation": 80, "time": 57266}, {"train": 20, "operation": 52, "time": 57269}, {"train": 24, "operation": 147, "time": 57331}, {"train": 28, "operation": 82, "time": 57333}, {"train": 27, "operation": 95, "time": 57354}, {"train": 26, "operation": 124, "time": 57372}, {"train": 29, "operation": 81, "time": 57384}, {"train": 28, "operation": 84, "time": 57413}, {"train": 24, "operation": 149, "time": 57469}, {"train": 27, "operation": 97, "time": 57496}, {"train": 27, "operation": 98, "time": 57498}, {"train": 21, "operation": 129, "time": 57504}, {"train": 26, "operation": 125, "time": 57522}, {"train": 26, "operation": 127, "time": 57619}, {"train": 18, "operation": 47, "time": 57786}, {"train": 26, "operation": 128, "time": 57873}, {"train": 26, "operation": 129, "time": 57911}, {"train": 28, "operation": 85, "time": 57917}, {"train": 29, "operation": 82, "time": 57918}, {"train": 18, "operation": 49, "time": 57928}, {"train": 27, "operation": 99, "time": 57941}, {"train": 27, "operation": 100, "time": 57943}, {"train": 26, "operation": 131, "time": 57992}, {"train": 29, "operation": 84, "time": 57994}, {"train": 28, "operation": 87, "time": 58022}, {"train": 17, "operation": 68, "time": 58092}, {"train": 24, "operation": 150, "time": 58109}, {"train": 24, "operation": 152, "time": 58204}, {"train": 17, "operation": 70, "time": 58233}, {"train": 27, "operation": 103, "time": 58304}, {"train": 27, "operation": 104, "time": 58306}, {"train": 20, "operation": 54, "time": 58336}, {"train": 28, "operation": 88, "time": 58383}, {"train": 26, "operation": 132, "time": 58448}, {"train": 10, "operation": 98, "time": 58459}, {"train": 28, "operation": 90, "time": 58461}, {"train": 29, "operation": 85, "time": 58482}, {"train": 24, "operation": 153, "time": 58486}, {"train": 24, "operation": 154, "time": 58504}, {"train": 24, "operation": 155, "time": 58508}, {"train": 26, "operation": 134, "time": 58529}, {"train": 24, "operation": 157, "time": 58608}, {"train": 24, "operation": 158, "time": 58610}, {"train": 24, "operation": 159, "time": 58610}, {"train": 21, "operation": 137, "time": 58625}, {"train": 21, "operation": 138, "time": 58631}, {"train": 27, "operation": 105, "time": 58645}, {"train": 10, "operation": 99, "time": 58689}, {"train": 29, "operation": 87, "time": 58732}, {"train": 27, "operation": 107, "time": 58855}, {"train": 28, "operation": 91, "time": 58868}, {"train": 20, "operation": 55, "time": 58878}, {"train": 18, "operation": 51, "time": 58973}, {"train": 28, "operation": 93, "time": 58975}, {"train": 26, "operation": 135, "time": 59016}, {"train": 17, "operation": 71, "time": 59037}, {"train": 26, "operation": 137, "time": 59100}, {"train": 17, "operation": 73, "time": 59163}, {"train": 28, "operation": 95, "time": 59205}, {"train": 29, "operation": 88, "time": 59266}, {"train": 27, "operation": 108, "time": 59322}, {"train": 28, "operation": 97, "time": 59347}, {"train": 28, "operation": 98, "time": 59349}, {"train": 21, "operation": 141, "time": 59420}, {"train": 26, "operation": 138, "time": 59468}, {"train": 25, "operation": 105, "time": 59471}, {"train": 25, "operation": 109, "time": 59619}, {"train": 25, "operation": 113, "time": 59625}, {"train": 10, "operation": 100, "time": 59653}, {"train": 29, "operation": 90, "time": 59653}, {"train": 26, "operation": 139, "time": 59661}, {"train": 26, "operation": 140, "time": 59661}, {"train": 18, "operation": 52, "time": 59662}, {"train": 21, "operation": 142, "time": 59722}, {"train": 28, "operation": 99, "time": 59792}, {"train": 28, "operation": 100, "time": 59794}, {"train": 25, "operation": 117, "time": 59876}, {"train": 17, "operation": 74, "time": 59905}, {"train": 20, "operation": 56, "time": 59916}, {"train": 10, "operation": 102, "time": 60001}, {"train": 25, "operation": 127, "time": 60015}, {"train": 27, "operation": 110, "time": 60049}, {"train": 17, "operation": 76, "time": 60060}, {"train": 20, "operation": 58, "time": 60060}, {"train": 21, "operation": 144, "time": 60085}, {"train": 28, "operation": 103, "time": 60145}, {"train": 28, "operation": 104, "time": 60147}, {"train": 29, "operation": 91, "time": 60312}, {"train": 29, "operation": 93, "time": 60390}, {"train": 25, "operation": 128, "time": 60448}, {"train": 28, "operation": 105, "time": 60486}, {"train": 21, "operation": 145, "time": 60514}, {"train": 27, "operation": 112, "time": 60538}, {"train": 25, "operation": 130, "time": 60564}, {"train": 21, "operation": 146, "time": 60565}, {"train": 17, "operation": 77, "time": 60585}, {"train": 18, "operation": 53, "time": 60589}, {"train": 28, "operation": 107, "time": 60597}, {"train": 21, "operation": 148, "time": 60677}, {"train": 17, "operation": 79, "time": 60701}, {"train": 18, "operation": 55, "time": 60753}, {"train": 27, "operation": 115, "time": 60855}, {"train": 29, "operation": 94, "time": 60938}, {"train": 10, "operation": 107, "time": 60939}, {"train": 10, "operation": 109, "time": 60941}, {"train": 29, "operation": 95, "time": 61006}, {"train": 28, "operation": 108, "time": 61066}, {"train": 20, "operation": 60, "time": 61111}, {"train": 29, "operation": 96, "time": 61126}, {"train": 28, "operation": 110, "time": 61174}, {"train": 27, "operation": 116, "time": 61191}, {"train": 25, "operation": 131, "time": 61199}, {"train": 27, "operation": 121, "time": 61205}, {"train": 29, "operation": 97, "time": 61208}, {"train": 25, "operation": 132, "time": 61209}, {"train": 20, "operation": 61, "time": 61292}, {"train": 27, "operation": 122, "time": 61294}, {"train": 17, "operation": 80, "time": 61309}, {"train": 29, "operation": 99, "time": 61315}, {"train": 29, "operation": 100, "time": 61317}, {"train": 25, "operation": 134, "time": 61334}, {"train": 27, "operation": 124, "time": 61399}, {"train": 17, "operation": 82, "time": 61474}, {"train": 29, "operation": 101, "time": 61481}, {"train": 29, "operation": 109, "time": 61581}, {"train": 27, "operation": 125, "time": 61614}, {"train": 27, "operation": 130, "time": 61630}, {"train": 18, "operation": 56, "time": 61643}, {"train": 28, "operation": 111, "time": 61664}, {"train": 10, "operation": 110, "time": 61690}, {"train": 18, "operation": 58, "time": 61767}, {"train": 21, "operation": 149, "time": 61778}, {"train": 17, "operation": 84, "time": 61825}, {"train": 10, "operation": 111, "time": 61856}, {"train": 29, "operation": 110, "time": 61900}, {"train": 27, "operation": 131, "time": 61949}, {"train": 21, "operation": 151, "time": 61955}, {"train": 28, "operation": 113, "time": 61955}, {"train": 29, "operation": 112, "time": 61980}, {"train": 17, "operation": 86, "time": 61982}, {"train": 17, "operation": 87, "time": 61984}, {"train": 25, "operation": 135, "time": 62059}, {"train": 20, "operation": 62, "time": 62098}, {"train": 27, "operation": 132, "time": 62133}, {"train": 25, "operation": 137, "time": 62170}, {"train": 10, "operation": 113, "time": 62206}, {"train": 27, "operation": 134, "time": 62257}, {"train": 28, "operation": 118, "time": 62307}, {"train": 28, "operation": 119, "time": 62309}, {"train": 29, "operation": 113, "time": 62404}, {"train": 29, "operation": 115, "time": 62410}, {"train": 17, "operation": 88, "time": 62426}, {"train": 17, "operation": 89, "time": 62428}, {"train": 20, "operation": 64, "time": 62489}, {"train": 27, "operation": 135, "time": 62592}, {"train": 29, "operation": 116, "time": 62593}, {"train": 27, "operation": 136, "time": 62643}, {"train": 18, "operation": 59, "time": 62653}, {"train": 21, "operation": 152, "time": 62683}, {"train": 25, "operation": 138, "time": 62709}, {"train": 28, "operation": 127, "time": 62734}, {"train": 28, "operation": 128, "time": 62736}, {"train": 27, "operation": 138, "time": 62750}, {"train": 18, "operation": 61, "time": 62795}, {"train": 10, "operation": 114, "time": 62863}, {"train": 17, "operation": 92, "time": 62895}, {"train": 25, "operation": 140, "time": 62896}, {"train": 17, "operation": 93, "time": 62897}, {"train": 10, "operation": 119, "time": 62931}, {"train": 21, "operation": 154, "time": 62938}, {"train": 20, "operation": 66, "time": 62955}, {"train": 28, "operation": 131, "time": 63066}, {"train": 29, "operation": 117, "time": 63117}, {"train": 25, "operation": 141, "time": 63163}, {"train": 29, "operation": 119, "time": 63197}, {"train": 28, "operation": 132, "time": 63250}, {"train": 19, "operation": 35, "time": 63270}, {"train": 19, "operation": 36, "time": 63270}, {"train": 25, "operation": 143, "time": 63279}, {"train": 28, "operation": 134, "time": 63376}, {"train": 19, "operation": 37, "time": 63454}, {"train": 19, "operation": 38, "time": 63460}, {"train": 17, "operation": 95, "time": 63468}, {"train": 27, "operation": 139, "time": 63473}, {"train": 18, "operation": 62, "time": 63488}, {"train": 29, "operation": 120, "time": 63604}, {"train": 10, "operation": 120, "time": 63646}, {"train": 18, "operation": 64, "time": 63659}, {"train": 27, "operation": 141, "time": 63673}, {"train": 28, "operation": 135, "time": 63711}, {"train": 17, "operation": 96, "time": 63719}, {"train": 28, "operation": 136, "time": 63762}, {"train": 19, "operation": 39, "time": 63790}, {"train": 19, "operation": 42, "time": 63807}, {"train": 29, "operation": 121, "time": 63860}, {"train": 28, "operation": 138, "time": 63869}, {"train": 10, "operation": 121, "time": 63929}, {"train": 19, "operation": 43, "time": 63936}, {"train": 21, "operation": 156, "time": 64034}, {"train": 18, "operation": 65, "time": 64056}, {"train": 29, "operation": 122, "time": 64100}, {"train": 29, "operation": 123, "time": 64159}, {"train": 18, "operation": 67, "time": 64176}, {"train": 25, "operation": 144, "time": 64185}, {"train": 27, "operation": 142, "time": 64262}, {"train": 10, "operation": 123, "time": 64285}, {"train": 25, "operation": 146, "time": 64300}, {"train": 21, "operation": 157, "time": 64368}, {"train": 29, "operation": 124, "time": 64378}, {"train": 27, "operation": 144, "time": 64430}, {"train": 28, "operation": 140, "time": 64474}, {"train": 29, "operation": 126, "time": 64581}, {"train": 28, "operation": 141, "time": 64658}, {"train": 10, "operation": 124, "time": 64688}, {"train": 17, "operation": 98, "time": 64736}, {"train": 10, "operation": 125, "time": 64739}, {"train": 10, "operation": 127, "time": 64870}, {"train": 27, "operation": 145, "time": 64912}, {"train": 17, "operation": 99, "time": 64953}, {"train": 21, "operation": 158, "time": 64956}, {"train": 21, "operation": 159, "time": 64956}, {"train": 25, "operation": 147, "time": 65040}, {"train": 25, "operation": 149, "time": 65211}, {"train": 29, "operation": 128, "time": 65225}, {"train": 18, "operation": 69, "time": 65246}, {"train": 28, "operation": 143, "time": 65247}, {"train": 27, "operation": 147, "time": 65352}, {"train": 28, "operation": 144, "time": 65431}, {"train": 29, "operation": 129, "time": 65436}, {"train": 19, "operation": 44, "time": 65481}, {"train": 20, "operation": 67, "time": 65642}, {"train": 27, "operation": 148, "time": 65679}, {"train": 27, "operation": 149, "time": 65679}, {"train": 18, "operation": 70, "time": 65691}, {"train": 17, "operation": 100, "time": 65828}, {"train": 10, "operation": 128, "time": 65869}, {"train": 28, "operation": 145, "time": 65915}, {"train": 29, "operation": 130, "time": 65935}, {"train": 25, "operation": 150, "time": 65953}, {"train": 10, "operation": 130, "time": 66033}, {"train": 25, "operation": 152, "time": 66062}, {"train": 28, "operation": 147, "time": 66075}, {"train": 17, "operation": 102, "time": 66153}, {"train": 19, "operation": 45, "time": 66339}, {"train": 29, "operation": 132, "time": 66349}, {"train": 25, "operation": 153, "time": 66366}, {"train": 25, "operation": 154, "time": 66386}, {"train": 25, "operation": 155, "time": 66392}, {"train": 28, "operation": 148, "time": 66402}, {"train": 28, "operation": 149, "time": 66402}, {"train": 19, "operation": 47, "time": 66477}, {"train": 25, "operation": 157, "time": 66508}, {"train": 25, "operation": 158, "time": 66510}, {"train": 25, "operation": 159, "time": 66510}, {"train": 18, "operation": 71, "time": 66555}, {"train": 10, "operation": 131, "time": 66688}, {"train": 18, "operation": 73, "time": 66693}, {"train": 10, "operation": 133, "time": 66808}, {"train": 29, "operation": 133, "time": 66887}, {"train": 20, "operation": 68, "time": 66895}, {"train": 17, "operation": 107, "time": 66955}, {"train": 17, "operation": 108, "time": 66957}, {"train": 29, "operation": 135, "time": 66968}, {"train": 20, "operation": 70, "time": 67074}, {"train": 29, "operation": 136, "time": 67204}, {"train": 29, "operation": 137, "time": 67218}, {"train": 29, "operation": 138, "time": 67222}, {"train": 29, "operation": 140, "time": 67301}, {"train": 29, "operation": 141, "time": 67303}, {"train": 29, "operation": 142, "time": 67303}, {"train": 18, "operation": 74, "time": 67488}, {"train": 19, "operation": 48, "time": 67490}, {"train": 18, "operation": 76, "time": 67654}, {"train": 19, "operation": 50, "time": 67722}, {"train": 10, "operation": 135, "time": 67790}, {"train": 17, "operation": 116, "time": 67872}, {"train": 17, "operation": 118, "time": 67878}, {"train": 17, "operation": 119, "time": 67901}, {"train": 10, "operation": 136, "time": 68026}, {"train": 20, "operation": 71, "time": 68078}, {"train": 18, "operation": 77, "time": 68215}, {"train": 20, "operation": 73, "time": 68240}, {"train": 18, "operation": 79, "time": 68340}, {"train": 17, "operation": 120, "time": 68587}, {"train": 10, "operation": 137, "time": 68597}, {"train": 10, "operation": 138, "time": 68597}, {"train": 19, "operation": 51, "time": 68621}, {"train": 19, "operation": 53, "time": 68780}, {"train": 17, "operation": 121, "time": 68846}, {"train": 18, "operation": 80, "time": 68995}, {"train": 17, "operation": 123, "time": 69115}, {"train": 20, "operation": 74, "time": 69160}, {"train": 18, "operation": 82, "time": 69173}, {"train": 20, "operation": 76, "time": 69353}, {"train": 17, "operation": 124, "time": 69533}, {"train": 18, "operation": 84, "time": 69553}, {"train": 17, "operation": 125, "time": 69584}, {"train": 19, "operation": 54, "time": 69642}, {"train": 17, "operation": 127, "time": 69692}, {"train": 18, "operation": 86, "time": 69722}, {"train": 18, "operation": 87, "time": 69724}, {"train": 19, "operation": 56, "time": 69763}, {"train": 20, "operation": 77, "time": 70007}, {"train": 20, "operation": 79, "time": 70153}, {"train": 18, "operation": 88, "time": 70263}, {"train": 18, "operation": 89, "time": 70265}, {"train": 17, "operation": 128, "time": 70597}, {"train": 19, "operation": 58, "time": 70622}, {"train": 18, "operation": 92, "time": 70713}, {"train": 18, "operation": 93, "time": 70715}, {"train": 17, "operation": 130, "time": 70750}, {"train": 19, "operation": 59, "time": 70803}, {"train": 20, "operation": 80, "time": 70919}, {"train": 20, "operation": 82, "time": 71127}, {"train": 18, "operation": 94, "time": 71390}, {"train": 17, "operation": 131, "time": 71396}, {"train": 19, "operation": 60, "time": 71475}, {"train": 17, "operation": 133, "time": 71511}, {"train": 20, "operation": 84, "time": 71568}, {"train": 19, "operation": 62, "time": 71642}, {"train": 18, "operation": 96, "time": 71672}, {"train": 20, "operation": 86, "time": 71763}, {"train": 20, "operation": 87, "time": 71765}, {"train": 19, "operation": 63, "time": 72027}, {"train": 19, "operation": 65, "time": 72144}, {"train": 20, "operation": 88, "time": 72208}, {"train": 20, "operation": 89, "time": 72210}, {"train": 17, "operation": 135, "time": 72374}, {"train": 17, "operation": 136, "time": 72591}, {"train": 20, "operation": 92, "time": 72667}, {"train": 20, "operation": 93, "time": 72669}, {"train": 18, "operation": 98, "time": 72906}, {"train": 17, "operation": 137, "time": 73105}, {"train": 17, "operation": 138, "time": 73105}, {"train": 19, "operation": 67, "time": 73183}, {"train": 18, "operation": 99, "time": 73279}, {"train": 19, "operation": 68, "time": 73363}, {"train": 20, "operation": 94, "time": 73425}, {"train": 20, "operation": 96, "time": 73729}, {"train": 19, "operation": 69, "time": 74200}, {"train": 18, "operation": 101, "time": 74266}, {"train": 19, "operation": 71, "time": 74333}, {"train": 18, "operation": 104, "time": 74710}, {"train": 20, "operation": 98, "time": 75087}, {"train": 19, "operation": 72, "time": 75104}, {"train": 19, "operation": 74, "time": 75265}, {"train": 20, "operation": 99, "time": 75333}, {"train": 18, "operation": 105, "time": 75694}, {"train": 18, "operation": 110, "time": 75722}, {"train": 19, "operation": 76, "time": 75810}, {"train": 18, "operation": 112, "time": 75891}, {"train": 19, "operation": 77, "time": 76032}, {"train": 18, "operation": 113, "time": 76104}, {"train": 20, "operation": 100, "time": 76408}, {"train": 19, "operation": 78, "time": 76667}, {"train": 18, "operation": 115, "time": 76785}, {"train": 18, "operation": 116, "time": 76819}, {"train": 18, "operation": 118, "time": 76827}, {"train": 20, "operation": 102, "time": 76837}, {"train": 19, "operation": 80, "time": 76840}, {"train": 18, "operation": 119, "time": 76854}, {"train": 19, "operation": 82, "time": 77207}, {"train": 19, "operation": 84, "time": 77370}, {"train": 19, "operation": 85, "time": 77372}, {"train": 18, "operation": 120, "time": 77768}, {"train": 19, "operation": 86, "time": 77815}, {"train": 19, "operation": 87, "time": 77817}, {"train": 20, "operation": 107, "time": 77943}, {"train": 20, "operation": 108, "time": 77945}, {"train": 18, "operation": 121, "time": 78057}, {"train": 19, "operation": 90, "time": 78258}, {"train": 19, "operation": 91, "time": 78260}, {"train": 18, "operation": 123, "time": 78430}, {"train": 18, "operation": 124, "time": 78835}, {"train": 18, "operation": 125, "time": 78897}, {"train": 19, "operation": 92, "time": 78900}, {"train": 18, "operation": 127, "time": 79009}, {"train": 19, "operation": 94, "time": 79167}, {"train": 20, "operation": 116, "time": 79222}, {"train": 20, "operation": 117, "time": 79230}, {"train": 20, "operation": 120, "time": 80051}, {"train": 19, "operation": 96, "time": 80324}, {"train": 20, "operation": 121, "time": 80373}, {"train": 18, "operation": 128, "time": 80409}, {"train": 19, "operation": 97, "time": 80549}, {"train": 18, "operation": 130, "time": 80575}, {"train": 20, "operation": 123, "time": 80809}, {"train": 20, "operation": 124, "time": 81227}, {"train": 18, "operation": 131, "time": 81233}, {"train": 20, "operation": 125, "time": 81278}, {"train": 18, "operation": 133, "time": 81354}, {"train": 20, "operation": 127, "time": 81392}, {"train": 19, "operation": 98, "time": 81489}, {"train": 19, "operation": 101, "time": 81835}, {"train": 19, "operation": 102, "time": 81853}, {"train": 18, "operation": 135, "time": 82363}, {"train": 20, "operation": 128, "time": 82575}, {"train": 18, "operation": 136, "time": 82604}, {"train": 20, "operation": 130, "time": 82762}, {"train": 19, "operation": 104, "time": 82872}, {"train": 19, "operation": 105, "time": 82885}, {"train": 19, "operation": 106, "time": 82889}, {"train": 18, "operation": 137, "time": 83188}, {"train": 18, "operation": 138, "time": 83188}, {"train": 20, "operation": 131, "time": 83454}, {"train": 20, "operation": 133, "time": 83589}, {"train": 19, "operation": 114, "time": 83968}, {"train": 19, "operation": 116, "time": 83974}, {"train": 19, "operation": 117, "time": 84001}, {"train": 19, "operation": 118, "time": 84767}, {"train": 20, "operation": 135, "time": 84786}, {"train": 20, "operation": 136, "time": 85052}, {"train": 19, "operation": 119, "time": 85072}, {"train": 19, "operation": 121, "time": 85450}, {"train": 20, "operation": 137, "time": 85688}, {"train": 20, "operation": 138, "time": 85688}, {"train": 19, "operation": 122, "time": 85889}, {"train": 19, "operation": 123, "time": 85945}, {"train": 19, "operation": 125, "time": 86142}, {"train": 19, "operation": 127, "time": 87150}, {"train": 19, "operation": 128, "time": 87338}, {"train": 19, "operation": 130, "time": 88169}, {"train": 19, "operation": 131, "time": 88353}, {"train": 19, "operation": 133, "time": 89314}, {"train": 19, "operation": 134, "time": 89542}, {"train": 19, "operation": 135, "time": 90102}, {"train": 19, "operation": 136, "time": 90102}]}