{"objective_value": 2889, "events": [{"train": 0, "operation": 0, "time": 0}, {"train": 1, "operation": 0, "time": 0}, {"train": 2, "operation": 0, "time": 0}, {"train": 3, "operation": 0, "time": 0}, {"train": 4, "operation": 0, "time": 0}, {"train": 4, "operation": 1, "time": 0}, {"train": 4, "operation": 2, "time": 28}, {"train": 2, "operation": 1, "time": 155}, {"train": 2, "operation": 2, "time": 163}, {"train": 0, "operation": 1, "time": 203}, {"train": 0, "operation": 2, "time": 212}, {"train": 4, "operation": 3, "time": 299}, {"train": 4, "operation": 4, "time": 370}, {"train": 0, "operation": 3, "time": 488}, {"train": 0, "operation": 5, "time": 492}, {"train": 1, "operation": 1, "time": 574}, {"train": 1, "operation": 2, "time": 694}, {"train": 3, "operation": 1, "time": 702}, {"train": 0, "operation": 7, "time": 704}, {"train": 3, "operation": 2, "time": 712}, {"train": 0, "operation": 9, "time": 720}, {"train": 3, "operation": 3, "time": 893}, {"train": 3, "operation": 4, "time": 913}, {"train": 0, "operation": 11, "time": 938}, {"train": 0, "operation": 13, "time": 946}, {"train": 1, "operation": 3, "time": 970}, {"train": 1, "operation": 5, "time": 976}, {"train": 4, "operation": 5, "time": 1030}, {"train": 4, "operation": 6, "time": 1054}, {"train": 1, "operation": 7, "time": 1090}, {"train": 0, "operation": 15, "time": 1111}, {"train": 1, "operation": 9, "time": 1118}, {"train": 0, "operation": 17, "time": 1120}, {"train": 2, "operation": 3, "time": 1138}, {"train": 2, "operation": 4, "time": 1148}, {"train": 3, "operation": 5, "time": 1311}, {"train": 3, "operation": 6, "time": 1316}, {"train": 0, "operation": 20, "time": 1336}, {"train": 0, "operation": 22, "time": 1347}, {"train": 1, "operation": 12, "time": 1389}, {"train": 2, "operation": 5, "time": 1425}, {"train": 3, "operation": 7, "time": 1431}, {"train": 3, "operation": 8, "time": 1437}, {"train": 2, "operation": 7, "time": 1441}, {"train": 1, "operation": 14, "time": 1460}, {"train": 4, "operation": 7, "time": 1602}, {"train": 4, "operation": 8, "time": 1617}, {"train": 2, "operation": 9, "time": 1637}, {"train": 2, "operation": 11, "time": 1641}, {"train": 3, "operation": 9, "time": 1846}, {"train": 3, "operation": 10, "time": 1851}, {"train": 2, "operation": 13, "time": 1917}, {"train": 2, "operation": 15, "time": 1923}, {"train": 3, "operation": 11, "time": 1967}, {"train": 3, "operation": 12, "time": 1994}, {"train": 4, "operation": 9, "time": 1997}, {"train": 4, "operation": 10, "time": 2001}, {"train": 2, "operation": 17, "time": 2037}, {"train": 2, "operation": 19, "time": 2065}, {"train": 1, "operation": 18, "time": 2106}, {"train": 1, "operation": 22, "time": 2130}, {"train": 4, "operation": 11, "time": 2161}, {"train": 4, "operation": 12, "time": 2166}, {"train": 2, "operation": 22, "time": 2336}, {"train": 2, "operation": 24, "time": 2407}, {"train": 0, "operation": 26, "time": 2508}, {"train": 4, "operation": 13, "time": 2508}, {"train": 4, "operation": 14, "time": 2515}, {"train": 0, "operation": 30, "time": 2516}, {"train": 4, "operation": 15, "time": 2600}, {"train": 4, "operation": 16, "time": 2625}, {"train": 1, "operation": 24, "time": 2656}, {"train": 0, "operation": 32, "time": 2667}, {"train": 1, "operation": 26, "time": 2671}, {"train": 0, "operation": 34, "time": 2687}, {"train": 3, "operation": 13, "time": 2782}, {"train": 3, "operation": 14, "time": 2801}, {"train": 0, "operation": 35, "time": 3041}, {"train": 0, "operation": 37, "time": 3045}, {"train": 1, "operation": 27, "time": 3051}, {"train": 2, "operation": 28, "time": 3053}, {"train": 1, "operation": 29, "time": 3055}, {"train": 2, "operation": 32, "time": 3077}, {"train": 3, "operation": 15, "time": 3082}, {"train": 3, "operation": 16, "time": 3087}, {"train": 4, "operation": 17, "time": 3106}, {"train": 4, "operation": 18, "time": 3119}, {"train": 0, "operation": 39, "time": 3133}, {"train": 0, "operation": 41, "time": 3138}, {"train": 3, "operation": 17, "time": 3201}, {"train": 3, "operation": 18, "time": 3207}, {"train": 1, "operation": 31, "time": 3215}, {"train": 1, "operation": 33, "time": 3220}, {"train": 0, "operation": 43, "time": 3453}, {"train": 0, "operation": 44, "time": 3457}, {"train": 0, "operation": 45, "time": 3547}, {"train": 1, "operation": 36, "time": 3562}, {"train": 0, "operation": 47, "time": 3568}, {"train": 1, "operation": 38, "time": 3572}, {"train": 2, "operation": 34, "time": 3603}, {"train": 2, "operation": 36, "time": 3618}, {"train": 1, "operation": 41, "time": 3657}, {"train": 4, "operation": 19, "time": 3676}, {"train": 1, "operation": 44, "time": 3682}, {"train": 4, "operation": 20, "time": 3690}, {"train": 3, "operation": 19, "time": 3748}, {"train": 3, "operation": 20, "time": 3753}, {"train": 3, "operation": 21, "time": 3958}, {"train": 3, "operation": 22, "time": 3964}, {"train": 2, "operation": 37, "time": 3998}, {"train": 2, "operation": 39, "time": 4002}, {"train": 2, "operation": 41, "time": 4162}, {"train": 1, "operation": 47, "time": 4163}, {"train": 2, "operation": 43, "time": 4167}, {"train": 1, "operation": 50, "time": 4177}, {"train": 0, "operation": 49, "time": 4240}, {"train": 0, "operation": 51, "time": 4255}, {"train": 3, "operation": 23, "time": 4428}, {"train": 3, "operation": 24, "time": 4446}, {"train": 4, "operation": 21, "time": 4454}, {"train": 4, "operation": 22, "time": 4470}, {"train": 0, "operation": 54, "time": 4471}, {"train": 0, "operation": 56, "time": 4479}, {"train": 2, "operation": 46, "time": 4509}, {"train": 2, "operation": 48, "time": 4519}, {"train": 4, "operation": 23, "time": 4581}, {"train": 4, "operation": 24, "time": 4602}, {"train": 2, "operation": 51, "time": 4604}, {"train": 2, "operation": 54, "time": 4629}, {"train": 0, "operation": 58, "time": 4669}, {"train": 0, "operation": 60, "time": 4678}, {"train": 1, "operation": 53, "time": 4734}, {"train": 1, "operation": 56, "time": 4748}, {"train": 3, "operation": 25, "time": 4898}, {"train": 3, "operation": 26, "time": 4922}, {"train": 0, "operation": 61, "time": 5094}, {"train": 0, "operation": 63, "time": 5098}, {"train": 2, "operation": 57, "time": 5110}, {"train": 2, "operation": 60, "time": 5124}, {"train": 1, "operation": 58, "time": 5153}, {"train": 1, "operation": 60, "time": 5169}, {"train": 1, "operation": 62, "time": 5192}, {"train": 1, "operation": 65, "time": 5200}, {"train": 0, "operation": 65, "time": 5256}, {"train": 4, "operation": 25, "time": 5259}, {"train": 0, "operation": 67, "time": 5260}, {"train": 4, "operation": 26, "time": 5274}, {"train": 1, "operation": 68, "time": 5282}, {"train": 1, "operation": 72, "time": 5303}, {"train": 3, "operation": 27, "time": 5310}, {"train": 3, "operation": 28, "time": 5328}, {"train": 0, "operation": 70, "time": 5618}, {"train": 0, "operation": 72, "time": 5632}, {"train": 2, "operation": 63, "time": 5681}, {"train": 2, "operation": 66, "time": 5695}, {"train": 4, "operation": 27, "time": 5775}, {"train": 4, "operation": 28, "time": 5789}, {"train": 3, "operation": 29, "time": 5799}, {"train": 3, "operation": 31, "time": 5804}, {"train": 1, "operation": 77, "time": 5912}, {"train": 1, "operation": 80, "time": 5927}, {"train": 3, "operation": 33, "time": 6017}, {"train": 3, "operation": 35, "time": 6023}, {"train": 0, "operation": 74, "time": 6027}, {"train": 0, "operation": 76, "time": 6044}, {"train": 2, "operation": 68, "time": 6100}, {"train": 2, "operation": 70, "time": 6116}, {"train": 2, "operation": 72, "time": 6139}, {"train": 2, "operation": 75, "time": 6147}, {"train": 2, "operation": 78, "time": 6229}, {"train": 2, "operation": 82, "time": 6250}, {"train": 0, "operation": 78, "time": 6321}, {"train": 3, "operation": 37, "time": 6332}, {"train": 0, "operation": 80, "time": 6334}, {"train": 3, "operation": 39, "time": 6337}, {"train": 4, "operation": 29, "time": 6339}, {"train": 4, "operation": 30, "time": 6360}, {"train": 1, "operation": 83, "time": 6428}, {"train": 1, "operation": 86, "time": 6448}, {"train": 3, "operation": 41, "time": 6451}, {"train": 3, "operation": 43, "time": 6456}, {"train": 4, "operation": 31, "time": 6492}, {"train": 4, "operation": 33, "time": 6496}, {"train": 1, "operation": 88, "time": 6530}, {"train": 1, "operation": 90, "time": 6535}, {"train": 4, "operation": 35, "time": 6592}, {"train": 4, "operation": 37, "time": 6597}, {"train": 0, "operation": 81, "time": 6675}, {"train": 0, "operation": 83, "time": 6679}, {"train": 0, "operation": 85, "time": 6843}, {"train": 0, "operation": 87, "time": 6851}, {"train": 2, "operation": 87, "time": 6859}, {"train": 2, "operation": 90, "time": 6874}, {"train": 4, "operation": 39, "time": 6929}, {"train": 4, "operation": 41, "time": 6933}, {"train": 3, "operation": 45, "time": 6967}, {"train": 3, "operation": 47, "time": 6972}, {"train": 1, "operation": 91, "time": 6992}, {"train": 1, "operation": 92, "time": 7008}, {"train": 4, "operation": 43, "time": 7085}, {"train": 0, "operation": 89, "time": 7089}, {"train": 4, "operation": 45, "time": 7090}, {"train": 0, "operation": 91, "time": 7093}, {"train": 1, "operation": 93, "time": 7140}, {"train": 1, "operation": 95, "time": 7144}, {"train": 0, "operation": 93, "time": 7181}, {"train": 0, "operation": 95, "time": 7185}, {"train": 3, "operation": 49, "time": 7206}, {"train": 3, "operation": 51, "time": 7212}, {"train": 1, "operation": 97, "time": 7240}, {"train": 1, "operation": 99, "time": 7245}, {"train": 4, "operation": 47, "time": 7299}, {"train": 4, "operation": 49, "time": 7309}, {"train": 2, "operation": 93, "time": 7375}, {"train": 2, "operation": 96, "time": 7395}, {"train": 2, "operation": 98, "time": 7477}, {"train": 2, "operation": 100, "time": 7482}, {"train": 3, "operation": 54, "time": 7546}, {"train": 3, "operation": 56, "time": 7554}, {"train": 1, "operation": 101, "time": 7577}, {"train": 0, "operation": 97, "time": 7578}, {"train": 1, "operation": 103, "time": 7581}, {"train": 0, "operation": 99, "time": 7582}, {"train": 1, "operation": 105, "time": 7733}, {"train": 1, "operation": 107, "time": 7738}, {"train": 0, "operation": 101, "time": 7762}, {"train": 0, "operation": 103, "time": 7766}, {"train": 4, "operation": 51, "time": 7789}, {"train": 4, "operation": 55, "time": 7804}, {"train": 2, "operation": 101, "time": 7939}, {"train": 1, "operation": 110, "time": 7947}, {"train": 2, "operation": 102, "time": 7955}, {"train": 1, "operation": 112, "time": 7957}, {"train": 0, "operation": 105, "time": 8023}, {"train": 0, "operation": 107, "time": 8027}, {"train": 2, "operation": 103, "time": 8087}, {"train": 2, "operation": 105, "time": 8091}, {"train": 2, "operation": 107, "time": 8187}, {"train": 0, "operation": 109, "time": 8190}, {"train": 2, "operation": 109, "time": 8192}, {"train": 0, "operation": 111, "time": 8195}, {"train": 3, "operation": 58, "time": 8284}, {"train": 4, "operation": 59, "time": 8325}, {"train": 4, "operation": 62, "time": 8339}, {"train": 1, "operation": 116, "time": 8387}, {"train": 1, "operation": 120, "time": 8402}, {"train": 0, "operation": 113, "time": 8426}, {"train": 0, "operation": 114, "time": 8431}, {"train": 2, "operation": 111, "time": 8524}, {"train": 2, "operation": 113, "time": 8528}, {"train": 0, "operation": 115, "time": 8556}, {"train": 0, "operation": 116, "time": 8562}, {"train": 3, "operation": 60, "time": 8633}, {"train": 2, "operation": 115, "time": 8680}, {"train": 2, "operation": 117, "time": 8685}, {"train": 4, "operation": 65, "time": 8685}, {"train": 4, "operation": 68, "time": 8701}, {"train": 2, "operation": 120, "time": 8894}, {"train": 2, "operation": 122, "time": 8904}, {"train": 0, "operation": 117, "time": 8922}, {"train": 1, "operation": 123, "time": 8923}, {"train": 1, "operation": 126, "time": 8937}, {"train": 0, "operation": 118, "time": 8938}, {"train": 4, "operation": 71, "time": 8983}, {"train": 4, "operation": 74, "time": 8988}, {"train": 3, "operation": 61, "time": 9004}, {"train": 3, "operation": 62, "time": 9009}, {"train": 4, "operation": 77, "time": 9054}, {"train": 4, "operation": 79, "time": 9059}, {"train": 3, "operation": 63, "time": 9134}, {"train": 3, "operation": 64, "time": 9140}, {"train": 4, "operation": 81, "time": 9169}, {"train": 4, "operation": 84, "time": 9202}, {"train": 0, "operation": 119, "time": 9235}, {"train": 0, "operation": 120, "time": 9240}, {"train": 1, "operation": 129, "time": 9283}, {"train": 1, "operation": 132, "time": 9299}, {"train": 0, "operation": 121, "time": 9321}, {"train": 0, "operation": 122, "time": 9325}, {"train": 2, "operation": 126, "time": 9334}, {"train": 2, "operation": 130, "time": 9349}, {"train": 0, "operation": 123, "time": 9489}, {"train": 0, "operation": 124, "time": 9504}, {"train": 3, "operation": 65, "time": 9525}, {"train": 3, "operation": 66, "time": 9546}, {"train": 1, "operation": 135, "time": 9766}, {"train": 1, "operation": 138, "time": 9799}, {"train": 4, "operation": 87, "time": 9834}, {"train": 4, "operation": 90, "time": 9857}, {"train": 2, "operation": 133, "time": 9870}, {"train": 1, "operation": 140, "time": 9876}, {"train": 1, "operation": 142, "time": 9884}, {"train": 2, "operation": 136, "time": 9884}, {"train": 3, "operation": 67, "time": 9961}, {"train": 3, "operation": 68, "time": 9968}, {"train": 3, "operation": 69, "time": 10082}, {"train": 3, "operation": 70, "time": 10088}, {"train": 0, "operation": 125, "time": 10097}, {"train": 0, "operation": 126, "time": 10111}, {"train": 2, "operation": 139, "time": 10230}, {"train": 2, "operation": 142, "time": 10246}, {"train": 3, "operation": 71, "time": 10317}, {"train": 3, "operation": 72, "time": 10338}, {"train": 1, "operation": 145, "time": 10435}, {"train": 1, "operation": 148, "time": 10458}, {"train": 0, "operation": 127, "time": 10480}, {"train": 0, "operation": 128, "time": 10494}, {"train": 4, "operation": 93, "time": 10511}, {"train": 4, "operation": 95, "time": 10536}, {"train": 2, "operation": 144, "time": 10713}, {"train": 2, "operation": 147, "time": 10746}, {"train": 4, "operation": 97, "time": 11032}, {"train": 4, "operation": 100, "time": 11056}, {"train": 0, "operation": 129, "time": 11069}, {"train": 0, "operation": 130, "time": 11087}, {"train": 1, "operation": 151, "time": 11112}, {"train": 1, "operation": 154, "time": 11137}, {"train": 3, "operation": 73, "time": 11152}, {"train": 3, "operation": 74, "time": 11172}, {"train": 1, "operation": 156, "time": 11334}, {"train": 1, "operation": 158, "time": 11341}, {"train": 2, "operation": 159, "time": 11378}, {"train": 2, "operation": 162, "time": 11401}, {"train": 0, "operation": 132, "time": 11589}, {"train": 0, "operation": 134, "time": 11609}, {"train": 4, "operation": 103, "time": 11614}, {"train": 1, "operation": 161, "time": 11635}, {"train": 4, "operation": 106, "time": 11639}, {"train": 1, "operation": 164, "time": 11659}, {"train": 3, "operation": 75, "time": 11689}, {"train": 3, "operation": 76, "time": 11709}, {"train": 0, "operation": 137, "time": 12038}, {"train": 0, "operation": 140, "time": 12049}, {"train": 2, "operation": 165, "time": 12055}, {"train": 2, "operation": 167, "time": 12080}, {"train": 4, "operation": 109, "time": 12080}, {"train": 4, "operation": 112, "time": 12103}, {"train": 0, "operation": 143, "time": 12113}, {"train": 0, "operation": 147, "time": 12131}, {"train": 0, "operation": 153, "time": 12209}, {"train": 0, "operation": 158, "time": 12220}, {"train": 1, "operation": 167, "time": 12229}, {"train": 1, "operation": 170, "time": 12257}, {"train": 0, "operation": 170, "time": 12418}, {"train": 0, "operation": 174, "time": 12434}, {"train": 3, "operation": 77, "time": 12513}, {"train": 3, "operation": 78, "time": 12538}, {"train": 2, "operation": 169, "time": 12576}, {"train": 2, "operation": 172, "time": 12600}, {"train": 1, "operation": 173, "time": 12741}, {"train": 1, "operation": 176, "time": 12764}, {"train": 4, "operation": 116, "time": 12859}, {"train": 4, "operation": 120, "time": 12882}, {"train": 0, "operation": 177, "time": 12900}, {"train": 0, "operation": 180, "time": 12922}, {"train": 2, "operation": 175, "time": 13158}, {"train": 0, "operation": 187, "time": 13165}, {"train": 0, "operation": 191, "time": 13169}, {"train": 2, "operation": 178, "time": 13183}, {"train": 3, "operation": 80, "time": 13210}, {"train": 3, "operation": 82, "time": 13230}, {"train": 0, "operation": 193, "time": 13251}, {"train": 0, "operation": 195, "time": 13256}, {"train": 0, "operation": 198, "time": 13352}, {"train": 0, "operation": 200, "time": 13367}, {"train": 4, "operation": 124, "time": 13477}, {"train": 4, "operation": 125, "time": 13477}, {"train": 1, "operation": 179, "time": 13604}, {"train": 0, "operation": 203, "time": 13616}, {"train": 0, "operation": 207, "time": 13620}, {"train": 2, "operation": 181, "time": 13624}, {"train": 1, "operation": 183, "time": 13630}, {"train": 2, "operation": 184, "time": 13647}, {"train": 0, "operation": 209, "time": 13701}, {"train": 0, "operation": 211, "time": 13706}, {"train": 3, "operation": 85, "time": 13830}, {"train": 3, "operation": 88, "time": 13845}, {"train": 0, "operation": 214, "time": 13846}, {"train": 0, "operation": 216, "time": 13861}, {"train": 3, "operation": 91, "time": 13935}, {"train": 3, "operation": 95, "time": 13960}, {"train": 3, "operation": 101, "time": 14069}, {"train": 3, "operation": 108, "time": 14085}, {"train": 1, "operation": 185, "time": 14225}, {"train": 1, "operation": 187, "time": 14225}, {"train": 0, "operation": 220, "time": 14363}, {"train": 3, "operation": 120, "time": 14363}, {"train": 3, "operation": 124, "time": 14385}, {"train": 0, "operation": 224, "time": 14387}, {"train": 2, "operation": 188, "time": 14403}, {"train": 2, "operation": 192, "time": 14426}, {"train": 0, "operation": 236, "time": 14771}, {"train": 0, "operation": 240, "time": 14804}, {"train": 0, "operation": 248, "time": 14838}, {"train": 0, "operation": 258, "time": 14854}, {"train": 0, "operation": 268, "time": 15011}, {"train": 2, "operation": 196, "time": 15021}, {"train": 2, "operation": 197, "time": 15021}, {"train": 3, "operation": 127, "time": 15038}, {"train": 0, "operation": 278, "time": 15047}, {"train": 3, "operation": 130, "time": 15068}, {"train": 3, "operation": 137, "time": 15407}, {"train": 3, "operation": 141, "time": 15412}, {"train": 0, "operation": 284, "time": 15469}, {"train": 0, "operation": 286, "time": 15485}, {"train": 3, "operation": 143, "time": 15527}, {"train": 3, "operation": 145, "time": 15533}, {"train": 3, "operation": 148, "time": 15667}, {"train": 3, "operation": 152, "time": 15688}, {"train": 0, "operation": 288, "time": 15790}, {"train": 0, "operation": 290, "time": 15800}, {"train": 3, "operation": 155, "time": 16036}, {"train": 3, "operation": 159, "time": 16042}, {"train": 3, "operation": 161, "time": 16155}, {"train": 3, "operation": 163, "time": 16162}, {"train": 3, "operation": 166, "time": 16358}, {"train": 3, "operation": 168, "time": 16379}, {"train": 0, "operation": 292, "time": 16565}, {"train": 0, "operation": 294, "time": 16565}, {"train": 3, "operation": 172, "time": 17031}, {"train": 3, "operation": 176, "time": 17060}, {"train": 0, "operation": 297, "time": 17151}, {"train": 0, "operation": 301, "time": 17163}, {"train": 3, "operation": 188, "time": 17470}, {"train": 3, "operation": 192, "time": 17503}, {"train": 3, "operation": 200, "time": 17537}, {"train": 3, "operation": 210, "time": 17553}, {"train": 0, "operation": 303, "time": 17628}, {"train": 0, "operation": 307, "time": 17640}, {"train": 3, "operation": 220, "time": 17710}, {"train": 3, "operation": 230, "time": 17746}, {"train": 0, "operation": 311, "time": 18079}, {"train": 0, "operation": 315, "time": 18091}, {"train": 3, "operation": 236, "time": 18217}, {"train": 3, "operation": 238, "time": 18240}, {"train": 3, "operation": 240, "time": 18667}, {"train": 3, "operation": 242, "time": 18681}, {"train": 0, "operation": 319, "time": 18805}, {"train": 0, "operation": 323, "time": 18819}, {"train": 0, "operation": 327, "time": 19365}, {"train": 0, "operation": 331, "time": 19378}, {"train": 3, "operation": 244, "time": 19603}, {"train": 3, "operation": 246, "time": 19603}, {"train": 0, "operation": 335, "time": 20213}, {"train": 0, "operation": 339, "time": 20229}, {"train": 3, "operation": 249, "time": 20277}, {"train": 3, "operation": 253, "time": 20289}, {"train": 3, "operation": 255, "time": 20754}, {"train": 3, "operation": 259, "time": 20766}, {"train": 0, "operation": 343, "time": 20786}, {"train": 0, "operation": 347, "time": 20801}, {"train": 3, "operation": 263, "time": 21205}, {"train": 3, "operation": 267, "time": 21217}, {"train": 0, "operation": 351, "time": 21240}, {"train": 0, "operation": 354, "time": 21255}, {"train": 0, "operation": 357, "time": 21661}, {"train": 0, "operation": 361, "time": 21678}, {"train": 3, "operation": 271, "time": 21931}, {"train": 3, "operation": 275, "time": 21945}, {"train": 0, "operation": 366, "time": 22123}, {"train": 0, "operation": 372, "time": 22138}, {"train": 0, "operation": 377, "time": 22217}, {"train": 0, "operation": 383, "time": 22227}, {"train": 3, "operation": 279, "time": 22491}, {"train": 3, "operation": 283, "time": 22504}, {"train": 0, "operation": 389, "time": 22776}, {"train": 0, "operation": 391, "time": 22791}, {"train": 3, "operation": 287, "time": 23371}, {"train": 0, "operation": 394, "time": 23383}, {"train": 0, "operation": 398, "time": 23391}, {"train": 3, "operation": 291, "time": 23393}, {"train": 0, "operation": 403, "time": 23770}, {"train": 0, "operation": 407, "time": 23788}, {"train": 0, "operation": 409, "time": 24092}, {"train": 0, "operation": 412, "time": 24105}, {"train": 3, "operation": 295, "time": 24173}, {"train": 3, "operation": 299, "time": 24194}, {"train": 0, "operation": 418, "time": 24624}, {"train": 0, "operation": 422, "time": 24639}, {"train": 3, "operation": 303, "time": 24807}, {"train": 3, "operation": 306, "time": 24828}, {"train": 0, "operation": 425, "time": 25011}, {"train": 0, "operation": 428, "time": 25032}, {"train": 3, "operation": 310, "time": 25326}, {"train": 3, "operation": 314, "time": 25346}, {"train": 0, "operation": 442, "time": 25633}, {"train": 0, "operation": 446, "time": 25652}, {"train": 0, "operation": 449, "time": 25734}, {"train": 0, "operation": 452, "time": 25738}, {"train": 3, "operation": 320, "time": 25914}, {"train": 3, "operation": 326, "time": 25935}, {"train": 0, "operation": 464, "time": 26217}, {"train": 0, "operation": 466, "time": 26232}, {"train": 0, "operation": 469, "time": 26562}, {"train": 0, "operation": 472, "time": 26566}, {"train": 0, "operation": 475, "time": 26647}, {"train": 0, "operation": 478, "time": 26652}, {"train": 0, "operation": 481, "time": 26758}, {"train": 0, "operation": 484, "time": 26772}, {"train": 3, "operation": 332, "time": 26828}, {"train": 3, "operation": 338, "time": 26849}, {"train": 0, "operation": 485, "time": 27242}, {"train": 0, "operation": 486, "time": 27257}, {"train": 0, "operation": 487, "time": 27648}, {"train": 0, "operation": 488, "time": 27652}, {"train": 3, "operation": 347, "time": 27676}, {"train": 3, "operation": 351, "time": 27688}, {"train": 0, "operation": 489, "time": 27733}, {"train": 0, "operation": 491, "time": 27754}, {"train": 3, "operation": 353, "time": 28068}, {"train": 3, "operation": 357, "time": 28083}, {"train": 0, "operation": 494, "time": 28141}, {"train": 0, "operation": 498, "time": 28157}, {"train": 3, "operation": 361, "time": 28387}, {"train": 3, "operation": 364, "time": 28400}, {"train": 0, "operation": 503, "time": 28664}, {"train": 0, "operation": 506, "time": 28679}, {"train": 3, "operation": 370, "time": 29046}, {"train": 3, "operation": 374, "time": 29067}, {"train": 0, "operation": 510, "time": 29209}, {"train": 0, "operation": 514, "time": 29223}, {"train": 3, "operation": 378, "time": 29587}, {"train": 3, "operation": 382, "time": 29616}, {"train": 0, "operation": 517, "time": 29702}, {"train": 0, "operation": 520, "time": 29717}, {"train": 0, "operation": 523, "time": 30245}, {"train": 0, "operation": 526, "time": 30259}, {"train": 3, "operation": 396, "time": 30458}, {"train": 3, "operation": 400, "time": 30484}, {"train": 3, "operation": 403, "time": 30599}, {"train": 3, "operation": 406, "time": 30605}, {"train": 0, "operation": 530, "time": 30773}, {"train": 0, "operation": 534, "time": 30788}, {"train": 3, "operation": 417, "time": 31276}, {"train": 0, "operation": 538, "time": 31281}, {"train": 0, "operation": 542, "time": 31296}, {"train": 3, "operation": 419, "time": 31297}, {"train": 0, "operation": 546, "time": 31454}, {"train": 0, "operation": 550, "time": 31470}, {"train": 0, "operation": 556, "time": 31568}, {"train": 0, "operation": 577, "time": 31587}, {"train": 0, "operation": 603, "time": 31610}, {"train": 0, "operation": 609, "time": 31861}, {"train": 0, "operation": 620, "time": 31898}, {"train": 0, "operation": 646, "time": 31941}, {"train": 3, "operation": 422, "time": 32030}, {"train": 3, "operation": 425, "time": 32050}, {"train": 0, "operation": 674, "time": 32094}, {"train": 0, "operation": 679, "time": 32128}, {"train": 0, "operation": 683, "time": 32665}, {"train": 0, "operation": 684, "time": 32665}, {"train": 3, "operation": 439, "time": 32708}, {"train": 3, "operation": 440, "time": 32729}, {"train": 3, "operation": 441, "time": 33275}, {"train": 3, "operation": 442, "time": 33280}, {"train": 3, "operation": 444, "time": 33394}, {"train": 3, "operation": 446, "time": 33423}, {"train": 3, "operation": 449, "time": 33964}, {"train": 3, "operation": 453, "time": 33986}, {"train": 3, "operation": 456, "time": 34695}, {"train": 3, "operation": 459, "time": 34716}, {"train": 3, "operation": 464, "time": 35457}, {"train": 3, "operation": 468, "time": 35477}, {"train": 3, "operation": 471, "time": 36147}, {"train": 3, "operation": 474, "time": 36168}, {"train": 3, "operation": 477, "time": 36907}, {"train": 3, "operation": 480, "time": 36927}, {"train": 3, "operation": 484, "time": 37647}, {"train": 3, "operation": 488, "time": 37668}, {"train": 3, "operation": 491, "time": 38358}, {"train": 3, "operation": 495, "time": 38379}, {"train": 3, "operation": 499, "time": 38600}, {"train": 3, "operation": 503, "time": 38622}, {"train": 3, "operation": 510, "time": 38759}, {"train": 3, "operation": 532, "time": 38785}, {"train": 3, "operation": 558, "time": 38817}, {"train": 3, "operation": 569, "time": 39068}, {"train": 3, "operation": 580, "time": 39105}, {"train": 3, "operation": 606, "time": 39148}, {"train": 3, "operation": 635, "time": 39301}, {"train": 3, "operation": 646, "time": 39335}, {"train": 3, "operation": 655, "time": 39872}, {"train": 3, "operation": 656, "time": 39872}]}