{"objective_value": 3775, "events": [{"train": 0, "operation": 0, "time": 0}, {"train": 1, "operation": 0, "time": 0}, {"train": 2, "operation": 0, "time": 0}, {"train": 3, "operation": 0, "time": 0}, {"train": 4, "operation": 0, "time": 0}, {"train": 5, "operation": 0, "time": 0}, {"train": 6, "operation": 0, "time": 0}, {"train": 7, "operation": 0, "time": 0}, {"train": 8, "operation": 0, "time": 0}, {"train": 0, "operation": 1, "time": 8457}, {"train": 4, "operation": 1, "time": 8457}, {"train": 7, "operation": 1, "time": 8457}, {"train": 3, "operation": 1, "time": 8577}, {"train": 1, "operation": 1, "time": 8627}, {"train": 0, "operation": 3, "time": 8697}, {"train": 5, "operation": 2, "time": 8697}, {"train": 1, "operation": 3, "time": 8727}, {"train": 3, "operation": 2, "time": 8727}, {"train": 4, "operation": 2, "time": 8728}, {"train": 7, "operation": 3, "time": 9222}, {"train": 7, "operation": 4, "time": 9222}, {"train": 3, "operation": 3, "time": 9339}, {"train": 0, "operation": 4, "time": 9366}, {"train": 5, "operation": 6, "time": 9453}, {"train": 0, "operation": 8, "time": 9480}, {"train": 3, "operation": 5, "time": 9481}, {"train": 4, "operation": 4, "time": 9481}, {"train": 7, "operation": 5, "time": 9537}, {"train": 7, "operation": 7, "time": 9537}, {"train": 5, "operation": 8, "time": 9539}, {"train": 3, "operation": 6, "time": 9541}, {"train": 5, "operation": 9, "time": 9569}, {"train": 1, "operation": 4, "time": 9578}, {"train": 2, "operation": 4, "time": 9597}, {"train": 2, "operation": 6, "time": 9597}, {"train": 0, "operation": 9, "time": 9600}, {"train": 4, "operation": 5, "time": 9638}, {"train": 4, "operation": 6, "time": 9638}, {"train": 2, "operation": 7, "time": 9687}, {"train": 5, "operation": 10, "time": 9711}, {"train": 2, "operation": 9, "time": 9717}, {"train": 1, "operation": 6, "time": 9720}, {"train": 3, "operation": 7, "time": 9741}, {"train": 5, "operation": 12, "time": 9741}, {"train": 1, "operation": 7, "time": 9750}, {"train": 3, "operation": 10, "time": 9771}, {"train": 4, "operation": 7, "time": 9795}, {"train": 4, "operation": 10, "time": 9825}, {"train": 5, "operation": 14, "time": 9836}, {"train": 5, "operation": 15, "time": 9836}, {"train": 1, "operation": 11, "time": 9864}, {"train": 2, "operation": 10, "time": 9867}, {"train": 5, "operation": 16, "time": 9884}, {"train": 2, "operation": 12, "time": 9897}, {"train": 3, "operation": 11, "time": 9913}, {"train": 5, "operation": 18, "time": 9914}, {"train": 3, "operation": 12, "time": 9943}, {"train": 1, "operation": 13, "time": 9984}, {"train": 3, "operation": 13, "time": 9994}, {"train": 3, "operation": 14, "time": 9994}, {"train": 2, "operation": 14, "time": 9997}, {"train": 2, "operation": 15, "time": 9997}, {"train": 4, "operation": 13, "time": 10005}, {"train": 2, "operation": 17, "time": 10047}, {"train": 4, "operation": 14, "time": 10055}, {"train": 5, "operation": 20, "time": 10056}, {"train": 2, "operation": 18, "time": 10077}, {"train": 5, "operation": 21, "time": 10086}, {"train": 7, "operation": 8, "time": 10112}, {"train": 7, "operation": 10, "time": 10112}, {"train": 3, "operation": 15, "time": 10142}, {"train": 3, "operation": 17, "time": 10172}, {"train": 2, "operation": 20, "time": 10227}, {"train": 4, "operation": 16, "time": 10283}, {"train": 3, "operation": 21, "time": 10314}, {"train": 5, "operation": 23, "time": 10314}, {"train": 2, "operation": 21, "time": 10314}, {"train": 6, "operation": 2, "time": 10317}, {"train": 6, "operation": 5, "time": 10317}, {"train": 3, "operation": 22, "time": 10344}, {"train": 5, "operation": 24, "time": 10374}, {"train": 3, "operation": 24, "time": 10401}, {"train": 4, "operation": 17, "time": 10403}, {"train": 5, "operation": 27, "time": 10460}, {"train": 3, "operation": 25, "time": 10461}, {"train": 5, "operation": 29, "time": 10490}, {"train": 6, "operation": 6, "time": 10523}, {"train": 6, "operation": 7, "time": 10523}, {"train": 2, "operation": 22, "time": 10542}, {"train": 2, "operation": 24, "time": 10602}, {"train": 4, "operation": 18, "time": 10603}, {"train": 5, "operation": 30, "time": 10632}, {"train": 4, "operation": 20, "time": 10633}, {"train": 5, "operation": 32, "time": 10662}, {"train": 6, "operation": 9, "time": 10677}, {"train": 2, "operation": 26, "time": 10716}, {"train": 3, "operation": 27, "time": 10717}, {"train": 7, "operation": 13, "time": 10737}, {"train": 3, "operation": 28, "time": 10747}, {"train": 4, "operation": 21, "time": 10775}, {"train": 6, "operation": 10, "time": 10797}, {"train": 5, "operation": 33, "time": 10806}, {"train": 5, "operation": 34, "time": 10806}, {"train": 2, "operation": 29, "time": 10836}, {"train": 5, "operation": 35, "time": 10861}, {"train": 3, "operation": 29, "time": 10889}, {"train": 5, "operation": 36, "time": 10891}, {"train": 3, "operation": 31, "time": 10919}, {"train": 3, "operation": 32, "time": 10967}, {"train": 3, "operation": 34, "time": 10967}, {"train": 6, "operation": 11, "time": 10977}, {"train": 6, "operation": 12, "time": 10977}, {"train": 5, "operation": 39, "time": 11033}, {"train": 3, "operation": 35, "time": 11062}, {"train": 5, "operation": 40, "time": 11063}, {"train": 6, "operation": 13, "time": 11067}, {"train": 3, "operation": 37, "time": 11092}, {"train": 6, "operation": 14, "time": 11097}, {"train": 7, "operation": 15, "time": 11186}, {"train": 3, "operation": 38, "time": 11234}, {"train": 6, "operation": 16, "time": 11247}, {"train": 4, "operation": 23, "time": 11247}, {"train": 5, "operation": 42, "time": 11263}, {"train": 3, "operation": 40, "time": 11264}, {"train": 6, "operation": 17, "time": 11277}, {"train": 7, "operation": 16, "time": 11359}, {"train": 7, "operation": 17, "time": 11359}, {"train": 3, "operation": 45, "time": 11378}, {"train": 4, "operation": 24, "time": 11389}, {"train": 5, "operation": 43, "time": 11413}, {"train": 4, "operation": 25, "time": 11419}, {"train": 6, "operation": 19, "time": 11427}, {"train": 6, "operation": 20, "time": 11457}, {"train": 7, "operation": 19, "time": 11488}, {"train": 3, "operation": 46, "time": 11498}, {"train": 4, "operation": 26, "time": 11505}, {"train": 4, "operation": 27, "time": 11505}, {"train": 5, "operation": 44, "time": 11570}, {"train": 5, "operation": 45, "time": 11570}, {"train": 6, "operation": 21, "time": 11667}, {"train": 4, "operation": 28, "time": 11676}, {"train": 7, "operation": 20, "time": 11676}, {"train": 6, "operation": 23, "time": 11697}, {"train": 4, "operation": 30, "time": 11706}, {"train": 5, "operation": 47, "time": 11727}, {"train": 5, "operation": 49, "time": 11757}, {"train": 7, "operation": 21, "time": 11848}, {"train": 7, "operation": 22, "time": 11848}, {"train": 4, "operation": 31, "time": 11852}, {"train": 4, "operation": 32, "time": 11852}, {"train": 6, "operation": 26, "time": 11907}, {"train": 7, "operation": 23, "time": 11934}, {"train": 7, "operation": 24, "time": 11934}, {"train": 5, "operation": 51, "time": 11957}, {"train": 6, "operation": 27, "time": 11957}, {"train": 5, "operation": 53, "time": 11987}, {"train": 4, "operation": 35, "time": 12048}, {"train": 7, "operation": 26, "time": 12102}, {"train": 8, "operation": 1, "time": 12117}, {"train": 8, "operation": 5, "time": 12117}, {"train": 6, "operation": 30, "time": 12157}, {"train": 4, "operation": 37, "time": 12168}, {"train": 6, "operation": 31, "time": 12187}, {"train": 5, "operation": 55, "time": 12215}, {"train": 7, "operation": 27, "time": 12311}, {"train": 8, "operation": 6, "time": 12323}, {"train": 8, "operation": 7, "time": 12323}, {"train": 6, "operation": 32, "time": 12329}, {"train": 6, "operation": 33, "time": 12329}, {"train": 5, "operation": 56, "time": 12335}, {"train": 7, "operation": 29, "time": 12475}, {"train": 6, "operation": 34, "time": 12477}, {"train": 8, "operation": 8, "time": 12477}, {"train": 5, "operation": 57, "time": 12535}, {"train": 7, "operation": 30, "time": 12535}, {"train": 6, "operation": 36, "time": 12537}, {"train": 5, "operation": 59, "time": 12565}, {"train": 8, "operation": 10, "time": 12597}, {"train": 5, "operation": 60, "time": 12707}, {"train": 8, "operation": 11, "time": 12737}, {"train": 8, "operation": 12, "time": 12737}, {"train": 7, "operation": 31, "time": 12744}, {"train": 7, "operation": 33, "time": 12744}, {"train": 6, "operation": 37, "time": 12747}, {"train": 6, "operation": 40, "time": 12777}, {"train": 8, "operation": 13, "time": 12807}, {"train": 8, "operation": 14, "time": 12837}, {"train": 6, "operation": 41, "time": 12927}, {"train": 6, "operation": 42, "time": 12957}, {"train": 8, "operation": 16, "time": 12987}, {"train": 5, "operation": 62, "time": 12987}, {"train": 6, "operation": 43, "time": 13011}, {"train": 6, "operation": 44, "time": 13011}, {"train": 8, "operation": 17, "time": 13017}, {"train": 7, "operation": 36, "time": 13027}, {"train": 5, "operation": 63, "time": 13129}, {"train": 5, "operation": 64, "time": 13159}, {"train": 6, "operation": 45, "time": 13167}, {"train": 8, "operation": 18, "time": 13167}, {"train": 6, "operation": 47, "time": 13197}, {"train": 8, "operation": 20, "time": 13197}, {"train": 5, "operation": 65, "time": 13245}, {"train": 5, "operation": 66, "time": 13245}, {"train": 7, "operation": 37, "time": 13267}, {"train": 6, "operation": 50, "time": 13347}, {"train": 6, "operation": 52, "time": 13377}, {"train": 8, "operation": 21, "time": 13407}, {"train": 5, "operation": 67, "time": 13416}, {"train": 6, "operation": 54, "time": 13437}, {"train": 8, "operation": 23, "time": 13437}, {"train": 5, "operation": 69, "time": 13446}, {"train": 7, "operation": 38, "time": 13460}, {"train": 7, "operation": 41, "time": 13460}, {"train": 6, "operation": 55, "time": 13497}, {"train": 5, "operation": 70, "time": 13592}, {"train": 7, "operation": 42, "time": 13592}, {"train": 5, "operation": 71, "time": 13592}, {"train": 7, "operation": 43, "time": 13592}, {"train": 8, "operation": 24, "time": 13707}, {"train": 7, "operation": 44, "time": 13724}, {"train": 8, "operation": 27, "time": 13737}, {"train": 6, "operation": 57, "time": 13767}, {"train": 7, "operation": 46, "time": 13783}, {"train": 5, "operation": 74, "time": 13788}, {"train": 6, "operation": 58, "time": 13797}, {"train": 5, "operation": 76, "time": 13908}, {"train": 6, "operation": 59, "time": 13947}, {"train": 8, "operation": 28, "time": 13947}, {"train": 6, "operation": 61, "time": 13977}, {"train": 8, "operation": 31, "time": 13977}, {"train": 7, "operation": 49, "time": 13992}, {"train": 6, "operation": 63, "time": 14027}, {"train": 6, "operation": 64, "time": 14027}, {"train": 6, "operation": 66, "time": 14127}, {"train": 8, "operation": 32, "time": 14127}, {"train": 8, "operation": 33, "time": 14127}, {"train": 6, "operation": 67, "time": 14157}, {"train": 7, "operation": 50, "time": 14192}, {"train": 8, "operation": 34, "time": 14277}, {"train": 7, "operation": 51, "time": 14290}, {"train": 7, "operation": 52, "time": 14290}, {"train": 6, "operation": 69, "time": 14307}, {"train": 6, "operation": 70, "time": 14337}, {"train": 8, "operation": 36, "time": 14337}, {"train": 7, "operation": 53, "time": 14360}, {"train": 7, "operation": 54, "time": 14360}, {"train": 6, "operation": 74, "time": 14457}, {"train": 7, "operation": 55, "time": 14484}, {"train": 7, "operation": 57, "time": 14484}, {"train": 8, "operation": 37, "time": 14547}, {"train": 8, "operation": 40, "time": 14577}, {"train": 6, "operation": 76, "time": 14577}, {"train": 7, "operation": 58, "time": 14591}, {"train": 7, "operation": 62, "time": 14591}, {"train": 8, "operation": 41, "time": 14667}, {"train": 8, "operation": 42, "time": 14697}, {"train": 7, "operation": 64, "time": 14705}, {"train": 8, "operation": 43, "time": 14758}, {"train": 8, "operation": 44, "time": 14758}, {"train": 7, "operation": 65, "time": 14825}, {"train": 8, "operation": 45, "time": 14907}, {"train": 8, "operation": 47, "time": 14966}, {"train": 7, "operation": 66, "time": 15079}, {"train": 7, "operation": 68, "time": 15079}, {"train": 8, "operation": 48, "time": 15147}, {"train": 7, "operation": 69, "time": 15168}, {"train": 8, "operation": 52, "time": 15177}, {"train": 7, "operation": 71, "time": 15227}, {"train": 8, "operation": 53, "time": 15237}, {"train": 8, "operation": 55, "time": 15297}, {"train": 7, "operation": 72, "time": 15301}, {"train": 7, "operation": 74, "time": 15301}, {"train": 7, "operation": 76, "time": 15448}, {"train": 7, "operation": 77, "time": 15448}, {"train": 8, "operation": 56, "time": 15567}, {"train": 7, "operation": 79, "time": 15579}, {"train": 7, "operation": 80, "time": 15579}, {"train": 8, "operation": 58, "time": 15597}, {"train": 7, "operation": 84, "time": 15740}, {"train": 8, "operation": 59, "time": 15747}, {"train": 8, "operation": 61, "time": 15777}, {"train": 8, "operation": 62, "time": 15827}, {"train": 8, "operation": 64, "time": 15827}, {"train": 8, "operation": 65, "time": 15927}, {"train": 8, "operation": 67, "time": 15957}, {"train": 8, "operation": 69, "time": 16107}, {"train": 8, "operation": 70, "time": 16137}, {"train": 8, "operation": 75, "time": 16257}, {"train": 8, "operation": 76, "time": 16377}, {"train": 7, "operation": 86, "time": 16940}]}