{"objective_value": 2677, "events": [{"train": 0, "operation": 0, "time": 0}, {"train": 1, "operation": 0, "time": 0}, {"train": 2, "operation": 0, "time": 0}, {"train": 3, "operation": 0, "time": 0}, {"train": 4, "operation": 0, "time": 0}, {"train": 5, "operation": 0, "time": 0}, {"train": 0, "operation": 1, "time": 26037}, {"train": 1, "operation": 1, "time": 26097}, {"train": 0, "operation": 6, "time": 26157}, {"train": 1, "operation": 2, "time": 26197}, {"train": 2, "operation": 1, "time": 26217}, {"train": 2, "operation": 2, "time": 26313}, {"train": 2, "operation": 4, "time": 26313}, {"train": 3, "operation": 2, "time": 26397}, {"train": 3, "operation": 5, "time": 26397}, {"train": 2, "operation": 5, "time": 26425}, {"train": 2, "operation": 7, "time": 26425}, {"train": 2, "operation": 9, "time": 26527}, {"train": 2, "operation": 10, "time": 26527}, {"train": 2, "operation": 11, "time": 26578}, {"train": 3, "operation": 6, "time": 26586}, {"train": 3, "operation": 7, "time": 26586}, {"train": 2, "operation": 13, "time": 26637}, {"train": 3, "operation": 8, "time": 26727}, {"train": 4, "operation": 1, "time": 26727}, {"train": 2, "operation": 14, "time": 26729}, {"train": 2, "operation": 16, "time": 26729}, {"train": 1, "operation": 4, "time": 26746}, {"train": 3, "operation": 10, "time": 26757}, {"train": 1, "operation": 6, "time": 26794}, {"train": 1, "operation": 7, "time": 26824}, {"train": 4, "operation": 2, "time": 26851}, {"train": 3, "operation": 11, "time": 26937}, {"train": 3, "operation": 12, "time": 26937}, {"train": 1, "operation": 8, "time": 26966}, {"train": 2, "operation": 18, "time": 26997}, {"train": 1, "operation": 10, "time": 26997}, {"train": 3, "operation": 13, "time": 27027}, {"train": 3, "operation": 14, "time": 27057}, {"train": 2, "operation": 19, "time": 27117}, {"train": 0, "operation": 7, "time": 27136}, {"train": 2, "operation": 23, "time": 27194}, {"train": 2, "operation": 24, "time": 27194}, {"train": 3, "operation": 15, "time": 27207}, {"train": 1, "operation": 12, "time": 27225}, {"train": 3, "operation": 17, "time": 27237}, {"train": 1, "operation": 13, "time": 27285}, {"train": 2, "operation": 26, "time": 27369}, {"train": 3, "operation": 18, "time": 27387}, {"train": 1, "operation": 17, "time": 27399}, {"train": 3, "operation": 20, "time": 27417}, {"train": 1, "operation": 18, "time": 27519}, {"train": 2, "operation": 27, "time": 27537}, {"train": 4, "operation": 3, "time": 27630}, {"train": 3, "operation": 22, "time": 27657}, {"train": 2, "operation": 28, "time": 27691}, {"train": 2, "operation": 29, "time": 27691}, {"train": 2, "operation": 30, "time": 27728}, {"train": 2, "operation": 31, "time": 27728}, {"train": 3, "operation": 23, "time": 27777}, {"train": 4, "operation": 4, "time": 27795}, {"train": 4, "operation": 8, "time": 27795}, {"train": 2, "operation": 34, "time": 27811}, {"train": 2, "operation": 35, "time": 27811}, {"train": 3, "operation": 26, "time": 27987}, {"train": 2, "operation": 36, "time": 28017}, {"train": 3, "operation": 27, "time": 28017}, {"train": 2, "operation": 38, "time": 28077}, {"train": 2, "operation": 39, "time": 28220}, {"train": 2, "operation": 40, "time": 28220}, {"train": 3, "operation": 28, "time": 28257}, {"train": 2, "operation": 42, "time": 28362}, {"train": 2, "operation": 44, "time": 28362}, {"train": 3, "operation": 31, "time": 28377}, {"train": 4, "operation": 9, "time": 28422}, {"train": 4, "operation": 11, "time": 28422}, {"train": 5, "operation": 3, "time": 28497}, {"train": 5, "operation": 6, "time": 28497}, {"train": 2, "operation": 47, "time": 28527}, {"train": 2, "operation": 48, "time": 28527}, {"train": 3, "operation": 32, "time": 28542}, {"train": 3, "operation": 33, "time": 28542}, {"train": 5, "operation": 7, "time": 28587}, {"train": 5, "operation": 9, "time": 28617}, {"train": 2, "operation": 50, "time": 28707}, {"train": 3, "operation": 34, "time": 28707}, {"train": 2, "operation": 51, "time": 28707}, {"train": 3, "operation": 36, "time": 28737}, {"train": 5, "operation": 10, "time": 28767}, {"train": 5, "operation": 12, "time": 28797}, {"train": 2, "operation": 52, "time": 28862}, {"train": 2, "operation": 54, "time": 28862}, {"train": 5, "operation": 14, "time": 28897}, {"train": 5, "operation": 15, "time": 28897}, {"train": 3, "operation": 38, "time": 28947}, {"train": 5, "operation": 16, "time": 28947}, {"train": 3, "operation": 40, "time": 28977}, {"train": 5, "operation": 18, "time": 28977}, {"train": 2, "operation": 56, "time": 28987}, {"train": 2, "operation": 57, "time": 28987}, {"train": 4, "operation": 12, "time": 29064}, {"train": 2, "operation": 58, "time": 29067}, {"train": 2, "operation": 59, "time": 29067}, {"train": 3, "operation": 41, "time": 29127}, {"train": 5, "operation": 19, "time": 29127}, {"train": 2, "operation": 60, "time": 29157}, {"train": 3, "operation": 42, "time": 29157}, {"train": 5, "operation": 21, "time": 29157}, {"train": 2, "operation": 61, "time": 29157}, {"train": 3, "operation": 43, "time": 29235}, {"train": 3, "operation": 44, "time": 29235}, {"train": 2, "operation": 63, "time": 29337}, {"train": 3, "operation": 45, "time": 29367}, {"train": 3, "operation": 47, "time": 29397}, {"train": 5, "operation": 22, "time": 29397}, {"train": 4, "operation": 14, "time": 29439}, {"train": 5, "operation": 24, "time": 29457}, {"train": 2, "operation": 64, "time": 29546}, {"train": 3, "operation": 49, "time": 29547}, {"train": 5, "operation": 25, "time": 29547}, {"train": 3, "operation": 52, "time": 29577}, {"train": 5, "operation": 29, "time": 29577}, {"train": 3, "operation": 54, "time": 29637}, {"train": 2, "operation": 65, "time": 29688}, {"train": 2, "operation": 66, "time": 29688}, {"train": 3, "operation": 55, "time": 29697}, {"train": 5, "operation": 30, "time": 29727}, {"train": 5, "operation": 32, "time": 29757}, {"train": 4, "operation": 15, "time": 29791}, {"train": 4, "operation": 17, "time": 29791}, {"train": 2, "operation": 67, "time": 29877}, {"train": 5, "operation": 33, "time": 29909}, {"train": 5, "operation": 34, "time": 29909}, {"train": 2, "operation": 71, "time": 29937}, {"train": 3, "operation": 56, "time": 29967}, {"train": 5, "operation": 35, "time": 29967}, {"train": 3, "operation": 58, "time": 29997}, {"train": 5, "operation": 36, "time": 29997}, {"train": 3, "operation": 60, "time": 30147}, {"train": 5, "operation": 37, "time": 30147}, {"train": 3, "operation": 61, "time": 30177}, {"train": 5, "operation": 40, "time": 30177}, {"train": 3, "operation": 62, "time": 30227}, {"train": 3, "operation": 64, "time": 30227}, {"train": 3, "operation": 65, "time": 30327}, {"train": 3, "operation": 67, "time": 30357}, {"train": 5, "operation": 41, "time": 30387}, {"train": 3, "operation": 68, "time": 30507}, {"train": 3, "operation": 70, "time": 30537}, {"train": 5, "operation": 43, "time": 30537}, {"train": 2, "operation": 73, "time": 30568}, {"train": 2, "operation": 74, "time": 30568}, {"train": 3, "operation": 75, "time": 30657}, {"train": 5, "operation": 44, "time": 30682}, {"train": 5, "operation": 45, "time": 30682}, {"train": 4, "operation": 18, "time": 30693}, {"train": 4, "operation": 21, "time": 30693}, {"train": 3, "operation": 76, "time": 30777}, {"train": 5, "operation": 47, "time": 30827}, {"train": 5, "operation": 49, "time": 30897}, {"train": 5, "operation": 50, "time": 31107}, {"train": 2, "operation": 75, "time": 31120}, {"train": 2, "operation": 77, "time": 31120}, {"train": 5, "operation": 53, "time": 31137}, {"train": 5, "operation": 55, "time": 31378}, {"train": 2, "operation": 79, "time": 31407}, {"train": 2, "operation": 80, "time": 31407}, {"train": 5, "operation": 56, "time": 31497}, {"train": 5, "operation": 57, "time": 31707}, {"train": 5, "operation": 59, "time": 31737}, {"train": 5, "operation": 60, "time": 31947}, {"train": 5, "operation": 62, "time": 31977}, {"train": 5, "operation": 63, "time": 32127}, {"train": 5, "operation": 64, "time": 32157}, {"train": 5, "operation": 65, "time": 32247}, {"train": 5, "operation": 66, "time": 32247}, {"train": 2, "operation": 82, "time": 32278}, {"train": 2, "operation": 84, "time": 32337}, {"train": 5, "operation": 67, "time": 32427}, {"train": 5, "operation": 69, "time": 32457}, {"train": 5, "operation": 70, "time": 32611}, {"train": 5, "operation": 71, "time": 32611}, {"train": 5, "operation": 75, "time": 32817}, {"train": 5, "operation": 76, "time": 32937}]}