{"objective_value": 3836, "events": [{"train": 0, "operation": 0, "time": 0}, {"train": 1, "operation": 0, "time": 0}, {"train": 2, "operation": 0, "time": 0}, {"train": 3, "operation": 0, "time": 0}, {"train": 4, "operation": 0, "time": 0}, {"train": 5, "operation": 0, "time": 0}, {"train": 6, "operation": 0, "time": 0}, {"train": 7, "operation": 0, "time": 0}, {"train": 8, "operation": 0, "time": 0}, {"train": 9, "operation": 0, "time": 0}, {"train": 4, "operation": 1, "time": 26817}, {"train": 2, "operation": 1, "time": 26877}, {"train": 0, "operation": 1, "time": 26937}, {"train": 6, "operation": 1, "time": 26937}, {"train": 1, "operation": 1, "time": 26997}, {"train": 4, "operation": 4, "time": 27027}, {"train": 6, "operation": 2, "time": 27027}, {"train": 2, "operation": 2, "time": 27042}, {"train": 0, "operation": 6, "time": 27057}, {"train": 1, "operation": 3, "time": 27097}, {"train": 1, "operation": 4, "time": 27097}, {"train": 3, "operation": 1, "time": 27117}, {"train": 1, "operation": 6, "time": 27147}, {"train": 1, "operation": 7, "time": 27177}, {"train": 3, "operation": 4, "time": 27194}, {"train": 3, "operation": 6, "time": 27194}, {"train": 1, "operation": 8, "time": 27327}, {"train": 1, "operation": 10, "time": 27357}, {"train": 3, "operation": 8, "time": 27369}, {"train": 3, "operation": 9, "time": 27537}, {"train": 1, "operation": 12, "time": 27597}, {"train": 1, "operation": 13, "time": 27657}, {"train": 3, "operation": 10, "time": 27691}, {"train": 3, "operation": 11, "time": 27691}, {"train": 3, "operation": 12, "time": 27728}, {"train": 3, "operation": 13, "time": 27728}, {"train": 1, "operation": 14, "time": 27747}, {"train": 6, "operation": 3, "time": 27760}, {"train": 1, "operation": 18, "time": 27777}, {"train": 3, "operation": 15, "time": 27811}, {"train": 3, "operation": 17, "time": 27811}, {"train": 4, "operation": 5, "time": 27811}, {"train": 0, "operation": 7, "time": 27817}, {"train": 6, "operation": 4, "time": 27902}, {"train": 2, "operation": 3, "time": 27915}, {"train": 1, "operation": 20, "time": 27927}, {"train": 6, "operation": 6, "time": 27932}, {"train": 4, "operation": 6, "time": 27953}, {"train": 4, "operation": 7, "time": 27983}, {"train": 3, "operation": 18, "time": 28017}, {"train": 2, "operation": 4, "time": 28072}, {"train": 6, "operation": 7, "time": 28074}, {"train": 3, "operation": 20, "time": 28077}, {"train": 4, "operation": 8, "time": 28079}, {"train": 4, "operation": 9, "time": 28079}, {"train": 2, "operation": 7, "time": 28102}, {"train": 6, "operation": 9, "time": 28104}, {"train": 3, "operation": 21, "time": 28220}, {"train": 3, "operation": 22, "time": 28220}, {"train": 4, "operation": 10, "time": 28240}, {"train": 1, "operation": 21, "time": 28240}, {"train": 2, "operation": 8, "time": 28302}, {"train": 4, "operation": 12, "time": 28330}, {"train": 2, "operation": 11, "time": 28332}, {"train": 6, "operation": 11, "time": 28332}, {"train": 3, "operation": 23, "time": 28362}, {"train": 3, "operation": 26, "time": 28362}, {"train": 1, "operation": 22, "time": 28375}, {"train": 1, "operation": 23, "time": 28375}, {"train": 1, "operation": 24, "time": 28440}, {"train": 1, "operation": 25, "time": 28470}, {"train": 4, "operation": 15, "time": 28472}, {"train": 8, "operation": 4, "time": 28497}, {"train": 8, "operation": 6, "time": 28497}, {"train": 4, "operation": 17, "time": 28502}, {"train": 3, "operation": 29, "time": 28527}, {"train": 4, "operation": 19, "time": 28559}, {"train": 8, "operation": 7, "time": 28587}, {"train": 2, "operation": 12, "time": 28588}, {"train": 3, "operation": 30, "time": 28588}, {"train": 1, "operation": 26, "time": 28612}, {"train": 8, "operation": 9, "time": 28617}, {"train": 2, "operation": 14, "time": 28618}, {"train": 4, "operation": 20, "time": 28619}, {"train": 1, "operation": 29, "time": 28642}, {"train": 5, "operation": 4, "time": 28677}, {"train": 5, "operation": 5, "time": 28677}, {"train": 5, "operation": 6, "time": 28737}, {"train": 3, "operation": 31, "time": 28759}, {"train": 6, "operation": 12, "time": 28759}, {"train": 8, "operation": 11, "time": 28767}, {"train": 8, "operation": 12, "time": 28797}, {"train": 2, "operation": 15, "time": 28818}, {"train": 3, "operation": 33, "time": 28818}, {"train": 1, "operation": 31, "time": 28842}, {"train": 4, "operation": 22, "time": 28875}, {"train": 5, "operation": 8, "time": 28875}, {"train": 8, "operation": 13, "time": 28897}, {"train": 8, "operation": 15, "time": 28897}, {"train": 4, "operation": 23, "time": 28905}, {"train": 8, "operation": 16, "time": 28947}, {"train": 6, "operation": 13, "time": 28959}, {"train": 3, "operation": 35, "time": 28965}, {"train": 3, "operation": 36, "time": 28965}, {"train": 8, "operation": 18, "time": 28977}, {"train": 6, "operation": 16, "time": 28989}, {"train": 1, "operation": 32, "time": 28992}, {"train": 4, "operation": 24, "time": 29047}, {"train": 4, "operation": 26, "time": 29077}, {"train": 3, "operation": 37, "time": 29084}, {"train": 2, "operation": 17, "time": 29084}, {"train": 3, "operation": 39, "time": 29084}, {"train": 4, "operation": 27, "time": 29125}, {"train": 4, "operation": 29, "time": 29125}, {"train": 8, "operation": 20, "time": 29127}, {"train": 5, "operation": 9, "time": 29131}, {"train": 8, "operation": 21, "time": 29157}, {"train": 3, "operation": 40, "time": 29160}, {"train": 3, "operation": 41, "time": 29160}, {"train": 5, "operation": 11, "time": 29161}, {"train": 1, "operation": 33, "time": 29192}, {"train": 1, "operation": 34, "time": 29192}, {"train": 6, "operation": 18, "time": 29217}, {"train": 4, "operation": 31, "time": 29220}, {"train": 3, "operation": 42, "time": 29246}, {"train": 3, "operation": 43, "time": 29246}, {"train": 4, "operation": 32, "time": 29250}, {"train": 2, "operation": 19, "time": 29284}, {"train": 5, "operation": 13, "time": 29303}, {"train": 2, "operation": 20, "time": 29314}, {"train": 5, "operation": 14, "time": 29333}, {"train": 5, "operation": 15, "time": 29381}, {"train": 5, "operation": 17, "time": 29381}, {"train": 1, "operation": 37, "time": 29392}, {"train": 4, "operation": 33, "time": 29392}, {"train": 6, "operation": 20, "time": 29392}, {"train": 8, "operation": 23, "time": 29397}, {"train": 3, "operation": 45, "time": 29417}, {"train": 4, "operation": 35, "time": 29422}, {"train": 2, "operation": 21, "time": 29456}, {"train": 8, "operation": 24, "time": 29457}, {"train": 5, "operation": 19, "time": 29476}, {"train": 2, "operation": 22, "time": 29486}, {"train": 5, "operation": 20, "time": 29506}, {"train": 1, "operation": 38, "time": 29512}, {"train": 4, "operation": 40, "time": 29536}, {"train": 8, "operation": 27, "time": 29547}, {"train": 6, "operation": 21, "time": 29549}, {"train": 6, "operation": 22, "time": 29549}, {"train": 2, "operation": 23, "time": 29572}, {"train": 2, "operation": 24, "time": 29572}, {"train": 8, "operation": 29, "time": 29577}, {"train": 3, "operation": 46, "time": 29626}, {"train": 5, "operation": 22, "time": 29648}, {"train": 4, "operation": 41, "time": 29656}, {"train": 5, "operation": 23, "time": 29678}, {"train": 6, "operation": 24, "time": 29706}, {"train": 8, "operation": 30, "time": 29727}, {"train": 6, "operation": 25, "time": 29736}, {"train": 2, "operation": 25, "time": 29743}, {"train": 8, "operation": 32, "time": 29757}, {"train": 3, "operation": 47, "time": 29761}, {"train": 3, "operation": 48, "time": 29761}, {"train": 2, "operation": 27, "time": 29773}, {"train": 5, "operation": 24, "time": 29792}, {"train": 8, "operation": 33, "time": 29909}, {"train": 8, "operation": 34, "time": 29909}, {"train": 5, "operation": 29, "time": 29912}, {"train": 2, "operation": 28, "time": 29919}, {"train": 6, "operation": 26, "time": 29936}, {"train": 9, "operation": 2, "time": 29937}, {"train": 3, "operation": 51, "time": 29941}, {"train": 2, "operation": 29, "time": 29941}, {"train": 8, "operation": 35, "time": 29967}, {"train": 8, "operation": 36, "time": 29997}, {"train": 3, "operation": 53, "time": 30001}, {"train": 2, "operation": 33, "time": 30137}, {"train": 9, "operation": 5, "time": 30137}, {"train": 8, "operation": 39, "time": 30147}, {"train": 6, "operation": 29, "time": 30147}, {"train": 8, "operation": 40, "time": 30177}, {"train": 2, "operation": 34, "time": 30257}, {"train": 6, "operation": 30, "time": 30289}, {"train": 9, "operation": 6, "time": 30317}, {"train": 9, "operation": 7, "time": 30317}, {"train": 6, "operation": 31, "time": 30319}, {"train": 8, "operation": 41, "time": 30387}, {"train": 6, "operation": 32, "time": 30393}, {"train": 6, "operation": 33, "time": 30393}, {"train": 9, "operation": 9, "time": 30451}, {"train": 7, "operation": 4, "time": 30477}, {"train": 7, "operation": 5, "time": 30477}, {"train": 6, "operation": 34, "time": 30518}, {"train": 7, "operation": 7, "time": 30537}, {"train": 8, "operation": 43, "time": 30537}, {"train": 6, "operation": 36, "time": 30548}, {"train": 7, "operation": 8, "time": 30597}, {"train": 3, "operation": 55, "time": 30600}, {"train": 3, "operation": 56, "time": 30600}, {"train": 9, "operation": 10, "time": 30601}, {"train": 8, "operation": 44, "time": 30682}, {"train": 8, "operation": 45, "time": 30682}, {"train": 6, "operation": 37, "time": 30690}, {"train": 6, "operation": 41, "time": 30720}, {"train": 9, "operation": 11, "time": 30772}, {"train": 9, "operation": 12, "time": 30772}, {"train": 6, "operation": 43, "time": 30777}, {"train": 8, "operation": 47, "time": 30827}, {"train": 9, "operation": 13, "time": 30858}, {"train": 7, "operation": 9, "time": 30867}, {"train": 6, "operation": 44, "time": 30867}, {"train": 9, "operation": 14, "time": 30888}, {"train": 7, "operation": 11, "time": 30897}, {"train": 8, "operation": 49, "time": 30897}, {"train": 9, "operation": 16, "time": 31020}, {"train": 7, "operation": 12, "time": 31047}, {"train": 7, "operation": 14, "time": 31077}, {"train": 8, "operation": 50, "time": 31107}, {"train": 6, "operation": 45, "time": 31123}, {"train": 3, "operation": 58, "time": 31124}, {"train": 3, "operation": 59, "time": 31124}, {"train": 7, "operation": 15, "time": 31127}, {"train": 7, "operation": 17, "time": 31127}, {"train": 8, "operation": 53, "time": 31137}, {"train": 6, "operation": 47, "time": 31153}, {"train": 9, "operation": 17, "time": 31200}, {"train": 7, "operation": 19, "time": 31227}, {"train": 7, "operation": 20, "time": 31257}, {"train": 6, "operation": 48, "time": 31295}, {"train": 6, "operation": 50, "time": 31325}, {"train": 6, "operation": 51, "time": 31373}, {"train": 6, "operation": 53, "time": 31373}, {"train": 8, "operation": 55, "time": 31378}, {"train": 9, "operation": 19, "time": 31381}, {"train": 3, "operation": 60, "time": 31407}, {"train": 7, "operation": 21, "time": 31407}, {"train": 3, "operation": 62, "time": 31407}, {"train": 9, "operation": 20, "time": 31411}, {"train": 7, "operation": 23, "time": 31437}, {"train": 6, "operation": 55, "time": 31468}, {"train": 6, "operation": 56, "time": 31498}, {"train": 7, "operation": 28, "time": 31557}, {"train": 9, "operation": 21, "time": 31611}, {"train": 8, "operation": 56, "time": 31611}, {"train": 6, "operation": 57, "time": 31640}, {"train": 9, "operation": 23, "time": 31641}, {"train": 6, "operation": 59, "time": 31670}, {"train": 7, "operation": 29, "time": 31677}, {"train": 6, "operation": 60, "time": 31784}, {"train": 8, "operation": 57, "time": 31811}, {"train": 8, "operation": 59, "time": 31841}, {"train": 9, "operation": 26, "time": 31841}, {"train": 9, "operation": 27, "time": 31871}, {"train": 6, "operation": 65, "time": 31904}, {"train": 8, "operation": 61, "time": 32041}, {"train": 8, "operation": 62, "time": 32071}, {"train": 9, "operation": 28, "time": 32071}, {"train": 9, "operation": 31, "time": 32101}, {"train": 8, "operation": 63, "time": 32213}, {"train": 8, "operation": 64, "time": 32243}, {"train": 9, "operation": 32, "time": 32243}, {"train": 9, "operation": 33, "time": 32243}, {"train": 3, "operation": 64, "time": 32278}, {"train": 8, "operation": 65, "time": 32329}, {"train": 8, "operation": 66, "time": 32329}, {"train": 3, "operation": 66, "time": 32337}, {"train": 9, "operation": 34, "time": 32385}, {"train": 9, "operation": 36, "time": 32445}, {"train": 8, "operation": 67, "time": 32500}, {"train": 8, "operation": 69, "time": 32530}, {"train": 9, "operation": 37, "time": 32645}, {"train": 9, "operation": 40, "time": 32675}, {"train": 8, "operation": 70, "time": 32676}, {"train": 8, "operation": 71, "time": 32676}, {"train": 9, "operation": 41, "time": 32817}, {"train": 9, "operation": 42, "time": 32847}, {"train": 8, "operation": 75, "time": 32872}, {"train": 9, "operation": 43, "time": 32898}, {"train": 9, "operation": 44, "time": 32898}, {"train": 8, "operation": 76, "time": 32992}, {"train": 9, "operation": 45, "time": 33046}, {"train": 9, "operation": 47, "time": 33076}, {"train": 9, "operation": 51, "time": 33218}, {"train": 9, "operation": 52, "time": 33248}, {"train": 9, "operation": 54, "time": 33305}, {"train": 9, "operation": 55, "time": 33365}, {"train": 9, "operation": 57, "time": 33621}, {"train": 9, "operation": 58, "time": 33651}, {"train": 9, "operation": 60, "time": 33793}, {"train": 9, "operation": 61, "time": 33823}, {"train": 9, "operation": 62, "time": 33871}, {"train": 9, "operation": 64, "time": 33871}, {"train": 9, "operation": 65, "time": 33966}, {"train": 9, "operation": 67, "time": 33996}, {"train": 9, "operation": 69, "time": 34138}, {"train": 9, "operation": 70, "time": 34168}, {"train": 9, "operation": 73, "time": 34282}, {"train": 9, "operation": 76, "time": 34402}]}