{"objective_value": 24225, "events": [{"train": 0, "operation": 0, "time": 0}, {"train": 1, "operation": 0, "time": 0}, {"train": 2, "operation": 0, "time": 0}, {"train": 3, "operation": 0, "time": 0}, {"train": 4, "operation": 0, "time": 0}, {"train": 0, "operation": 1, "time": 0}, {"train": 2, "operation": 1, "time": 0}, {"train": 4, "operation": 1, "time": 0}, {"train": 4, "operation": 2, "time": 7}, {"train": 2, "operation": 2, "time": 29}, {"train": 2, "operation": 3, "time": 227}, {"train": 1, "operation": 1, "time": 271}, {"train": 1, "operation": 3, "time": 294}, {"train": 4, "operation": 3, "time": 695}, {"train": 4, "operation": 4, "time": 701}, {"train": 4, "operation": 5, "time": 806}, {"train": 4, "operation": 6, "time": 813}, {"train": 1, "operation": 5, "time": 896}, {"train": 1, "operation": 7, "time": 896}, {"train": 4, "operation": 7, "time": 2722}, {"train": 4, "operation": 9, "time": 2732}, {"train": 4, "operation": 11, "time": 2885}, {"train": 4, "operation": 13, "time": 2892}, {"train": 4, "operation": 15, "time": 3762}, {"train": 4, "operation": 17, "time": 3768}, {"train": 4, "operation": 19, "time": 3871}, {"train": 4, "operation": 21, "time": 3877}, {"train": 4, "operation": 23, "time": 4735}, {"train": 4, "operation": 25, "time": 4740}, {"train": 4, "operation": 27, "time": 4848}, {"train": 4, "operation": 29, "time": 4854}, {"train": 4, "operation": 31, "time": 5918}, {"train": 4, "operation": 33, "time": 5925}, {"train": 4, "operation": 35, "time": 6040}, {"train": 4, "operation": 37, "time": 6048}, {"train": 4, "operation": 39, "time": 6689}, {"train": 4, "operation": 40, "time": 6689}, {"train": 4, "operation": 41, "time": 7395}, {"train": 4, "operation": 43, "time": 7401}, {"train": 4, "operation": 45, "time": 7509}, {"train": 4, "operation": 47, "time": 7515}, {"train": 4, "operation": 49, "time": 8153}, {"train": 4, "operation": 51, "time": 8160}, {"train": 4, "operation": 53, "time": 8266}, {"train": 4, "operation": 55, "time": 8274}, {"train": 4, "operation": 57, "time": 9501}, {"train": 4, "operation": 59, "time": 9507}, {"train": 4, "operation": 61, "time": 9621}, {"train": 4, "operation": 63, "time": 9628}, {"train": 4, "operation": 65, "time": 10864}, {"train": 4, "operation": 67, "time": 10869}, {"train": 4, "operation": 69, "time": 11015}, {"train": 4, "operation": 71, "time": 11021}, {"train": 4, "operation": 73, "time": 11672}, {"train": 4, "operation": 74, "time": 11683}, {"train": 4, "operation": 75, "time": 11860}, {"train": 4, "operation": 76, "time": 11870}, {"train": 3, "operation": 1, "time": 12008}, {"train": 3, "operation": 2, "time": 12046}, {"train": 0, "operation": 2, "time": 12046}, {"train": 2, "operation": 4, "time": 12046}, {"train": 2, "operation": 5, "time": 12241}, {"train": 3, "operation": 3, "time": 12453}, {"train": 3, "operation": 4, "time": 12453}, {"train": 4, "operation": 77, "time": 12616}, {"train": 4, "operation": 78, "time": 12638}, {"train": 0, "operation": 3, "time": 12648}, {"train": 0, "operation": 4, "time": 12648}, {"train": 2, "operation": 6, "time": 12648}, {"train": 4, "operation": 80, "time": 12678}, {"train": 4, "operation": 82, "time": 12757}, {"train": 4, "operation": 84, "time": 12790}, {"train": 4, "operation": 85, "time": 12790}, {"train": 2, "operation": 7, "time": 13126}, {"train": 2, "operation": 8, "time": 13126}]}