{"objective_value": 4316, "events": [{"train": 0, "operation": 0, "time": 0}, {"train": 1, "operation": 0, "time": 0}, {"train": 2, "operation": 0, "time": 0}, {"train": 3, "operation": 0, "time": 0}, {"train": 4, "operation": 0, "time": 0}, {"train": 5, "operation": 0, "time": 0}, {"train": 1, "operation": 1, "time": 0}, {"train": 1, "operation": 2, "time": 12}, {"train": 5, "operation": 1, "time": 154}, {"train": 3, "operation": 1, "time": 270}, {"train": 3, "operation": 2, "time": 270}, {"train": 4, "operation": 1, "time": 346}, {"train": 4, "operation": 2, "time": 393}, {"train": 1, "operation": 3, "time": 477}, {"train": 1, "operation": 4, "time": 489}, {"train": 2, "operation": 1, "time": 515}, {"train": 2, "operation": 2, "time": 538}, {"train": 4, "operation": 3, "time": 601}, {"train": 4, "operation": 5, "time": 623}, {"train": 4, "operation": 8, "time": 657}, {"train": 4, "operation": 11, "time": 690}, {"train": 2, "operation": 3, "time": 843}, {"train": 2, "operation": 5, "time": 866}, {"train": 1, "operation": 5, "time": 927}, {"train": 1, "operation": 6, "time": 940}, {"train": 4, "operation": 19, "time": 1129}, {"train": 0, "operation": 1, "time": 1144}, {"train": 0, "operation": 2, "time": 1156}, {"train": 5, "operation": 2, "time": 1156}, {"train": 4, "operation": 25, "time": 1158}, {"train": 3, "operation": 3, "time": 1192}, {"train": 3, "operation": 4, "time": 1206}, {"train": 5, "operation": 3, "time": 1621}, {"train": 3, "operation": 6, "time": 1633}, {"train": 1, "operation": 7, "time": 1654}, {"train": 3, "operation": 8, "time": 1656}, {"train": 1, "operation": 8, "time": 1668}, {"train": 0, "operation": 3, "time": 1788}, {"train": 0, "operation": 4, "time": 1788}, {"train": 5, "operation": 5, "time": 1788}, {"train": 4, "operation": 31, "time": 1810}, {"train": 4, "operation": 37, "time": 1831}, {"train": 4, "operation": 46, "time": 2027}, {"train": 4, "operation": 50, "time": 2033}, {"train": 3, "operation": 14, "time": 2084}, {"train": 3, "operation": 20, "time": 2119}, {"train": 4, "operation": 52, "time": 2147}, {"train": 4, "operation": 54, "time": 2153}, {"train": 1, "operation": 9, "time": 2213}, {"train": 1, "operation": 10, "time": 2228}, {"train": 3, "operation": 30, "time": 2276}, {"train": 3, "operation": 40, "time": 2293}, {"train": 3, "operation": 56, "time": 2327}, {"train": 3, "operation": 76, "time": 2360}, {"train": 5, "operation": 7, "time": 2409}, {"train": 2, "operation": 7, "time": 2427}, {"train": 2, "operation": 9, "time": 2427}, {"train": 4, "operation": 57, "time": 2501}, {"train": 4, "operation": 59, "time": 2522}, {"train": 0, "operation": 5, "time": 2595}, {"train": 0, "operation": 6, "time": 2607}, {"train": 5, "operation": 9, "time": 2607}, {"train": 4, "operation": 62, "time": 2656}, {"train": 4, "operation": 66, "time": 2662}, {"train": 4, "operation": 69, "time": 2776}, {"train": 4, "operation": 72, "time": 2782}, {"train": 3, "operation": 88, "time": 2799}, {"train": 3, "operation": 94, "time": 2828}, {"train": 0, "operation": 8, "time": 2963}, {"train": 0, "operation": 10, "time": 2982}, {"train": 1, "operation": 12, "time": 3060}, {"train": 1, "operation": 14, "time": 3078}, {"train": 4, "operation": 74, "time": 3121}, {"train": 4, "operation": 76, "time": 3151}, {"train": 2, "operation": 12, "time": 3360}, {"train": 0, "operation": 16, "time": 3362}, {"train": 2, "operation": 16, "time": 3372}, {"train": 0, "operation": 22, "time": 3397}, {"train": 5, "operation": 11, "time": 3410}, {"train": 5, "operation": 13, "time": 3422}, {"train": 3, "operation": 100, "time": 3480}, {"train": 3, "operation": 106, "time": 3501}, {"train": 0, "operation": 32, "time": 3554}, {"train": 0, "operation": 42, "time": 3571}, {"train": 0, "operation": 58, "time": 3605}, {"train": 0, "operation": 78, "time": 3638}, {"train": 3, "operation": 115, "time": 3697}, {"train": 3, "operation": 119, "time": 3703}, {"train": 1, "operation": 17, "time": 3727}, {"train": 1, "operation": 21, "time": 3748}, {"train": 5, "operation": 16, "time": 3778}, {"train": 5, "operation": 18, "time": 3797}, {"train": 4, "operation": 79, "time": 3804}, {"train": 3, "operation": 121, "time": 3817}, {"train": 3, "operation": 123, "time": 3823}, {"train": 4, "operation": 82, "time": 3826}, {"train": 2, "operation": 22, "time": 3837}, {"train": 2, "operation": 26, "time": 3849}, {"train": 0, "operation": 90, "time": 4069}, {"train": 0, "operation": 96, "time": 4093}, {"train": 4, "operation": 89, "time": 4104}, {"train": 4, "operation": 92, "time": 4119}, {"train": 3, "operation": 126, "time": 4171}, {"train": 5, "operation": 24, "time": 4177}, {"train": 3, "operation": 128, "time": 4192}, {"train": 5, "operation": 30, "time": 4212}, {"train": 4, "operation": 95, "time": 4228}, {"train": 1, "operation": 23, "time": 4259}, {"train": 4, "operation": 98, "time": 4270}, {"train": 1, "operation": 26, "time": 4277}, {"train": 2, "operation": 30, "time": 4287}, {"train": 2, "operation": 34, "time": 4300}, {"train": 4, "operation": 101, "time": 4319}, {"train": 3, "operation": 131, "time": 4326}, {"train": 3, "operation": 135, "time": 4332}, {"train": 4, "operation": 104, "time": 4332}, {"train": 5, "operation": 40, "time": 4369}, {"train": 5, "operation": 50, "time": 4386}, {"train": 5, "operation": 65, "time": 4420}, {"train": 3, "operation": 138, "time": 4446}, {"train": 3, "operation": 141, "time": 4452}, {"train": 4, "operation": 106, "time": 4453}, {"train": 4, "operation": 107, "time": 4453}, {"train": 5, "operation": 79, "time": 4464}, {"train": 0, "operation": 101, "time": 4636}, {"train": 0, "operation": 107, "time": 4657}, {"train": 1, "operation": 29, "time": 4692}, {"train": 1, "operation": 33, "time": 4709}, {"train": 3, "operation": 143, "time": 4791}, {"train": 3, "operation": 145, "time": 4821}, {"train": 5, "operation": 86, "time": 4884}, {"train": 5, "operation": 92, "time": 4907}, {"train": 5, "operation": 97, "time": 5003}, {"train": 5, "operation": 103, "time": 5009}, {"train": 2, "operation": 38, "time": 5014}, {"train": 2, "operation": 42, "time": 5028}, {"train": 1, "operation": 38, "time": 5184}, {"train": 1, "operation": 44, "time": 5201}, {"train": 1, "operation": 49, "time": 5293}, {"train": 1, "operation": 55, "time": 5305}, {"train": 0, "operation": 115, "time": 5332}, {"train": 0, "operation": 119, "time": 5350}, {"train": 5, "operation": 110, "time": 5453}, {"train": 3, "operation": 148, "time": 5474}, {"train": 5, "operation": 112, "time": 5474}, {"train": 3, "operation": 151, "time": 5496}, {"train": 4, "operation": 108, "time": 5551}, {"train": 4, "operation": 109, "time": 5551}, {"train": 4, "operation": 110, "time": 5551}, {"train": 2, "operation": 46, "time": 5573}, {"train": 2, "operation": 50, "time": 5588}, {"train": 5, "operation": 115, "time": 5637}, {"train": 5, "operation": 119, "time": 5642}, {"train": 5, "operation": 121, "time": 5737}, {"train": 5, "operation": 123, "time": 5742}, {"train": 3, "operation": 158, "time": 5774}, {"train": 3, "operation": 161, "time": 5789}, {"train": 0, "operation": 131, "time": 5849}, {"train": 0, "operation": 135, "time": 5898}, {"train": 3, "operation": 166, "time": 5898}, {"train": 3, "operation": 172, "time": 5924}, {"train": 1, "operation": 61, "time": 5945}, {"train": 1, "operation": 63, "time": 5962}, {"train": 3, "operation": 177, "time": 6014}, {"train": 3, "operation": 183, "time": 6029}, {"train": 5, "operation": 126, "time": 6032}, {"train": 5, "operation": 128, "time": 6050}, {"train": 5, "operation": 132, "time": 6162}, {"train": 5, "operation": 136, "time": 6172}, {"train": 5, "operation": 139, "time": 6362}, {"train": 5, "operation": 142, "time": 6371}, {"train": 2, "operation": 54, "time": 6423}, {"train": 2, "operation": 58, "time": 6438}, {"train": 0, "operation": 149, "time": 6442}, {"train": 0, "operation": 152, "time": 6478}, {"train": 3, "operation": 191, "time": 6629}, {"train": 3, "operation": 193, "time": 6649}, {"train": 1, "operation": 66, "time": 6652}, {"train": 5, "operation": 143, "time": 6654}, {"train": 1, "operation": 70, "time": 6661}, {"train": 5, "operation": 145, "time": 6679}, {"train": 0, "operation": 159, "time": 6710}, {"train": 0, "operation": 162, "time": 6723}, {"train": 0, "operation": 165, "time": 6814}, {"train": 0, "operation": 171, "time": 6835}, {"train": 0, "operation": 177, "time": 6855}, {"train": 0, "operation": 182, "time": 6860}, {"train": 0, "operation": 189, "time": 6910}, {"train": 0, "operation": 191, "time": 6934}, {"train": 2, "operation": 62, "time": 6995}, {"train": 2, "operation": 66, "time": 7010}, {"train": 1, "operation": 76, "time": 7040}, {"train": 1, "operation": 80, "time": 7054}, {"train": 5, "operation": 148, "time": 7223}, {"train": 5, "operation": 151, "time": 7241}, {"train": 1, "operation": 82, "time": 7359}, {"train": 1, "operation": 85, "time": 7370}, {"train": 3, "operation": 194, "time": 7392}, {"train": 3, "operation": 195, "time": 7417}, {"train": 0, "operation": 193, "time": 7434}, {"train": 2, "operation": 69, "time": 7448}, {"train": 0, "operation": 195, "time": 7454}, {"train": 2, "operation": 72, "time": 7464}, {"train": 5, "operation": 158, "time": 7473}, {"train": 5, "operation": 161, "time": 7486}, {"train": 5, "operation": 166, "time": 7577}, {"train": 5, "operation": 172, "time": 7598}, {"train": 5, "operation": 178, "time": 7673}, {"train": 5, "operation": 182, "time": 7685}, {"train": 2, "operation": 75, "time": 7869}, {"train": 2, "operation": 79, "time": 7890}, {"train": 1, "operation": 87, "time": 7935}, {"train": 1, "operation": 91, "time": 7952}, {"train": 1, "operation": 95, "time": 8050}, {"train": 1, "operation": 98, "time": 8055}, {"train": 0, "operation": 196, "time": 8096}, {"train": 1, "operation": 101, "time": 8150}, {"train": 1, "operation": 104, "time": 8155}, {"train": 5, "operation": 188, "time": 8185}, {"train": 3, "operation": 196, "time": 8221}, {"train": 3, "operation": 197, "time": 8241}, {"train": 0, "operation": 197, "time": 8241}, {"train": 5, "operation": 190, "time": 8241}, {"train": 2, "operation": 82, "time": 8335}, {"train": 2, "operation": 88, "time": 8350}, {"train": 1, "operation": 107, "time": 8387}, {"train": 1, "operation": 109, "time": 8411}, {"train": 2, "operation": 93, "time": 8429}, {"train": 2, "operation": 99, "time": 8439}, {"train": 1, "operation": 111, "time": 8471}, {"train": 1, "operation": 115, "time": 8475}, {"train": 1, "operation": 119, "time": 8600}, {"train": 1, "operation": 122, "time": 8605}, {"train": 3, "operation": 198, "time": 8758}, {"train": 3, "operation": 199, "time": 8778}, {"train": 5, "operation": 191, "time": 8843}, {"train": 0, "operation": 198, "time": 8911}, {"train": 0, "operation": 199, "time": 8928}, {"train": 5, "operation": 192, "time": 8928}, {"train": 2, "operation": 105, "time": 8988}, {"train": 2, "operation": 107, "time": 9003}, {"train": 1, "operation": 125, "time": 9111}, {"train": 1, "operation": 127, "time": 9133}, {"train": 0, "operation": 200, "time": 9358}, {"train": 3, "operation": 200, "time": 9592}, {"train": 2, "operation": 110, "time": 9595}, {"train": 5, "operation": 193, "time": 9598}, {"train": 2, "operation": 114, "time": 9603}, {"train": 3, "operation": 201, "time": 9613}, {"train": 0, "operation": 201, "time": 9613}, {"train": 5, "operation": 194, "time": 9615}, {"train": 1, "operation": 129, "time": 9792}, {"train": 1, "operation": 132, "time": 9809}, {"train": 3, "operation": 202, "time": 9842}, {"train": 3, "operation": 203, "time": 9847}, {"train": 3, "operation": 204, "time": 9961}, {"train": 3, "operation": 205, "time": 9968}, {"train": 2, "operation": 120, "time": 9982}, {"train": 2, "operation": 124, "time": 9996}, {"train": 5, "operation": 195, "time": 10045}, {"train": 0, "operation": 202, "time": 10291}, {"train": 2, "operation": 126, "time": 10301}, {"train": 0, "operation": 203, "time": 10308}, {"train": 5, "operation": 196, "time": 10308}, {"train": 2, "operation": 129, "time": 10312}, {"train": 3, "operation": 206, "time": 10383}, {"train": 3, "operation": 207, "time": 10404}, {"train": 1, "operation": 139, "time": 10420}, {"train": 1, "operation": 142, "time": 10437}, {"train": 0, "operation": 204, "time": 10499}, {"train": 0, "operation": 205, "time": 10503}, {"train": 0, "operation": 206, "time": 10598}, {"train": 0, "operation": 207, "time": 10604}, {"train": 3, "operation": 208, "time": 10789}, {"train": 3, "operation": 209, "time": 10794}, {"train": 2, "operation": 131, "time": 10832}, {"train": 2, "operation": 135, "time": 10847}, {"train": 3, "operation": 210, "time": 10919}, {"train": 3, "operation": 211, "time": 10925}, {"train": 2, "operation": 139, "time": 10931}, {"train": 2, "operation": 142, "time": 10935}, {"train": 0, "operation": 208, "time": 10950}, {"train": 0, "operation": 209, "time": 10967}, {"train": 1, "operation": 145, "time": 10986}, {"train": 5, "operation": 197, "time": 10986}, {"train": 5, "operation": 198, "time": 11003}, {"train": 1, "operation": 148, "time": 11004}, {"train": 2, "operation": 145, "time": 11017}, {"train": 2, "operation": 148, "time": 11021}, {"train": 3, "operation": 212, "time": 11179}, {"train": 3, "operation": 214, "time": 11185}, {"train": 5, "operation": 199, "time": 11194}, {"train": 5, "operation": 200, "time": 11198}, {"train": 2, "operation": 151, "time": 11221}, {"train": 2, "operation": 153, "time": 11242}, {"train": 5, "operation": 201, "time": 11293}, {"train": 5, "operation": 202, "time": 11293}, {"train": 2, "operation": 155, "time": 11294}, {"train": 2, "operation": 159, "time": 11298}, {"train": 0, "operation": 210, "time": 11307}, {"train": 0, "operation": 211, "time": 11312}, {"train": 3, "operation": 216, "time": 11397}, {"train": 3, "operation": 218, "time": 11403}, {"train": 2, "operation": 163, "time": 11404}, {"train": 2, "operation": 166, "time": 11409}, {"train": 0, "operation": 212, "time": 11437}, {"train": 0, "operation": 213, "time": 11443}, {"train": 1, "operation": 152, "time": 11566}, {"train": 1, "operation": 155, "time": 11583}, {"train": 0, "operation": 214, "time": 11696}, {"train": 0, "operation": 216, "time": 11701}, {"train": 3, "operation": 221, "time": 11737}, {"train": 3, "operation": 223, "time": 11745}, {"train": 2, "operation": 169, "time": 11843}, {"train": 2, "operation": 171, "time": 11862}, {"train": 0, "operation": 218, "time": 11878}, {"train": 0, "operation": 220, "time": 11883}, {"train": 1, "operation": 167, "time": 12034}, {"train": 1, "operation": 171, "time": 12052}, {"train": 0, "operation": 222, "time": 12161}, {"train": 0, "operation": 224, "time": 12165}, {"train": 0, "operation": 226, "time": 12360}, {"train": 0, "operation": 228, "time": 12365}, {"train": 3, "operation": 225, "time": 12365}, {"train": 2, "operation": 173, "time": 12427}, {"train": 2, "operation": 176, "time": 12442}, {"train": 1, "operation": 173, "time": 12643}, {"train": 1, "operation": 176, "time": 12660}, {"train": 0, "operation": 230, "time": 12791}, {"train": 0, "operation": 232, "time": 12795}, {"train": 3, "operation": 227, "time": 12795}, {"train": 0, "operation": 234, "time": 12890}, {"train": 0, "operation": 236, "time": 12895}, {"train": 2, "operation": 183, "time": 12966}, {"train": 2, "operation": 186, "time": 12980}, {"train": 0, "operation": 238, "time": 13152}, {"train": 0, "operation": 240, "time": 13156}, {"train": 1, "operation": 179, "time": 13278}, {"train": 1, "operation": 183, "time": 13294}, {"train": 3, "operation": 228, "time": 13306}, {"train": 3, "operation": 230, "time": 13310}, {"train": 0, "operation": 242, "time": 13334}, {"train": 0, "operation": 244, "time": 13339}, {"train": 3, "operation": 232, "time": 13425}, {"train": 3, "operation": 234, "time": 13431}, {"train": 2, "operation": 189, "time": 13450}, {"train": 2, "operation": 192, "time": 13465}, {"train": 0, "operation": 247, "time": 13732}, {"train": 3, "operation": 236, "time": 13740}, {"train": 3, "operation": 238, "time": 13745}, {"train": 0, "operation": 249, "time": 13747}, {"train": 1, "operation": 187, "time": 13852}, {"train": 1, "operation": 190, "time": 13869}, {"train": 2, "operation": 196, "time": 13948}, {"train": 3, "operation": 240, "time": 13958}, {"train": 2, "operation": 199, "time": 13963}, {"train": 3, "operation": 242, "time": 13964}, {"train": 0, "operation": 251, "time": 14070}, {"train": 0, "operation": 253, "time": 14090}, {"train": 2, "operation": 211, "time": 14350}, {"train": 2, "operation": 215, "time": 14366}, {"train": 3, "operation": 245, "time": 14435}, {"train": 3, "operation": 247, "time": 14453}, {"train": 1, "operation": 193, "time": 14485}, {"train": 1, "operation": 196, "time": 14502}, {"train": 0, "operation": 255, "time": 14522}, {"train": 0, "operation": 257, "time": 14537}, {"train": 3, "operation": 249, "time": 14841}, {"train": 3, "operation": 251, "time": 14865}, {"train": 2, "operation": 217, "time": 14873}, {"train": 2, "operation": 220, "time": 14888}, {"train": 0, "operation": 258, "time": 14924}, {"train": 0, "operation": 260, "time": 14928}, {"train": 0, "operation": 262, "time": 15099}, {"train": 1, "operation": 199, "time": 15102}, {"train": 0, "operation": 264, "time": 15104}, {"train": 1, "operation": 203, "time": 15119}, {"train": 3, "operation": 253, "time": 15317}, {"train": 3, "operation": 255, "time": 15335}, {"train": 2, "operation": 223, "time": 15418}, {"train": 2, "operation": 227, "time": 15432}, {"train": 0, "operation": 266, "time": 15555}, {"train": 0, "operation": 268, "time": 15559}, {"train": 0, "operation": 270, "time": 15654}, {"train": 0, "operation": 272, "time": 15659}, {"train": 1, "operation": 207, "time": 15694}, {"train": 1, "operation": 211, "time": 15711}, {"train": 3, "operation": 256, "time": 15799}, {"train": 3, "operation": 258, "time": 15804}, {"train": 0, "operation": 275, "time": 15894}, {"train": 1, "operation": 215, "time": 15894}, {"train": 0, "operation": 277, "time": 15910}, {"train": 2, "operation": 231, "time": 15911}, {"train": 1, "operation": 219, "time": 15913}, {"train": 2, "operation": 234, "time": 15926}, {"train": 3, "operation": 260, "time": 16009}, {"train": 3, "operation": 262, "time": 16015}, {"train": 1, "operation": 223, "time": 16027}, {"train": 1, "operation": 231, "time": 16049}, {"train": 1, "operation": 257, "time": 16076}, {"train": 1, "operation": 291, "time": 16326}, {"train": 1, "operation": 315, "time": 16363}, {"train": 1, "operation": 341, "time": 16406}, {"train": 2, "operation": 237, "time": 16454}, {"train": 2, "operation": 240, "time": 16468}, {"train": 3, "operation": 264, "time": 16556}, {"train": 1, "operation": 344, "time": 16559}, {"train": 3, "operation": 266, "time": 16561}, {"train": 1, "operation": 349, "time": 16593}, {"train": 0, "operation": 279, "time": 16619}, {"train": 0, "operation": 281, "time": 16641}, {"train": 3, "operation": 268, "time": 16675}, {"train": 3, "operation": 270, "time": 16681}, {"train": 0, "operation": 283, "time": 16738}, {"train": 0, "operation": 285, "time": 16743}, {"train": 3, "operation": 272, "time": 16962}, {"train": 3, "operation": 274, "time": 16981}, {"train": 2, "operation": 243, "time": 16982}, {"train": 2, "operation": 247, "time": 16997}, {"train": 0, "operation": 286, "time": 17084}, {"train": 0, "operation": 288, "time": 17089}, {"train": 1, "operation": 354, "time": 17130}, {"train": 1, "operation": 356, "time": 17130}, {"train": 0, "operation": 290, "time": 17184}, {"train": 0, "operation": 292, "time": 17189}, {"train": 2, "operation": 251, "time": 17490}, {"train": 0, "operation": 295, "time": 17495}, {"train": 2, "operation": 255, "time": 17505}, {"train": 0, "operation": 297, "time": 17515}, {"train": 2, "operation": 259, "time": 17663}, {"train": 0, "operation": 301, "time": 17666}, {"train": 0, "operation": 305, "time": 17674}, {"train": 2, "operation": 263, "time": 17679}, {"train": 3, "operation": 276, "time": 17769}, {"train": 2, "operation": 267, "time": 17777}, {"train": 2, "operation": 275, "time": 17796}, {"train": 3, "operation": 278, "time": 17796}, {"train": 2, "operation": 301, "time": 17820}, {"train": 3, "operation": 280, "time": 17912}, {"train": 3, "operation": 282, "time": 17918}, {"train": 2, "operation": 335, "time": 18070}, {"train": 2, "operation": 359, "time": 18107}, {"train": 2, "operation": 385, "time": 18150}, {"train": 2, "operation": 388, "time": 18303}, {"train": 3, "operation": 284, "time": 18327}, {"train": 3, "operation": 286, "time": 18333}, {"train": 2, "operation": 393, "time": 18337}, {"train": 3, "operation": 288, "time": 18447}, {"train": 3, "operation": 290, "time": 18453}, {"train": 0, "operation": 307, "time": 18761}, {"train": 0, "operation": 309, "time": 18772}, {"train": 3, "operation": 293, "time": 18807}, {"train": 3, "operation": 295, "time": 18827}, {"train": 2, "operation": 398, "time": 18874}, {"train": 2, "operation": 400, "time": 18874}, {"train": 0, "operation": 310, "time": 18988}, {"train": 0, "operation": 312, "time": 18996}, {"train": 3, "operation": 299, "time": 19008}, {"train": 3, "operation": 303, "time": 19018}, {"train": 0, "operation": 314, "time": 19161}, {"train": 0, "operation": 316, "time": 19170}, {"train": 0, "operation": 318, "time": 19444}, {"train": 0, "operation": 320, "time": 19461}, {"train": 0, "operation": 322, "time": 19674}, {"train": 0, "operation": 324, "time": 19679}, {"train": 0, "operation": 326, "time": 20001}, {"train": 0, "operation": 328, "time": 20007}, {"train": 0, "operation": 330, "time": 20121}, {"train": 0, "operation": 332, "time": 20149}, {"train": 3, "operation": 305, "time": 20163}, {"train": 3, "operation": 307, "time": 20174}, {"train": 3, "operation": 308, "time": 20390}, {"train": 3, "operation": 310, "time": 20398}, {"train": 0, "operation": 335, "time": 20420}, {"train": 0, "operation": 337, "time": 20491}, {"train": 3, "operation": 312, "time": 20563}, {"train": 3, "operation": 314, "time": 20572}, {"train": 3, "operation": 316, "time": 20849}, {"train": 3, "operation": 318, "time": 20870}, {"train": 3, "operation": 320, "time": 21125}, {"train": 3, "operation": 322, "time": 21131}, {"train": 0, "operation": 341, "time": 21134}, {"train": 0, "operation": 345, "time": 21158}, {"train": 3, "operation": 324, "time": 21517}, {"train": 3, "operation": 326, "time": 21523}, {"train": 3, "operation": 328, "time": 21637}, {"train": 3, "operation": 330, "time": 21665}, {"train": 0, "operation": 347, "time": 21719}, {"train": 0, "operation": 349, "time": 21736}, {"train": 3, "operation": 333, "time": 21936}, {"train": 3, "operation": 335, "time": 22007}, {"train": 0, "operation": 350, "time": 22147}, {"train": 0, "operation": 352, "time": 22151}, {"train": 0, "operation": 354, "time": 22324}, {"train": 0, "operation": 356, "time": 22329}, {"train": 3, "operation": 338, "time": 22653}, {"train": 3, "operation": 342, "time": 22677}, {"train": 0, "operation": 358, "time": 22700}, {"train": 0, "operation": 359, "time": 22710}, {"train": 0, "operation": 360, "time": 22802}, {"train": 0, "operation": 361, "time": 22829}, {"train": 3, "operation": 344, "time": 23310}, {"train": 3, "operation": 346, "time": 23331}, {"train": 0, "operation": 362, "time": 23390}, {"train": 0, "operation": 363, "time": 23406}, {"train": 3, "operation": 348, "time": 23824}, {"train": 3, "operation": 350, "time": 23829}, {"train": 3, "operation": 352, "time": 24037}, {"train": 3, "operation": 354, "time": 24043}, {"train": 0, "operation": 364, "time": 24055}, {"train": 0, "operation": 365, "time": 24071}, {"train": 3, "operation": 357, "time": 24487}, {"train": 3, "operation": 359, "time": 24497}, {"train": 0, "operation": 366, "time": 24544}, {"train": 3, "operation": 362, "time": 24607}, {"train": 3, "operation": 365, "time": 24640}, {"train": 0, "operation": 367, "time": 24652}, {"train": 0, "operation": 368, "time": 24692}, {"train": 0, "operation": 369, "time": 24718}, {"train": 3, "operation": 368, "time": 25313}, {"train": 3, "operation": 371, "time": 25332}, {"train": 0, "operation": 370, "time": 25474}, {"train": 0, "operation": 371, "time": 25474}, {"train": 0, "operation": 372, "time": 25474}, {"train": 3, "operation": 374, "time": 26111}, {"train": 3, "operation": 377, "time": 26130}, {"train": 3, "operation": 379, "time": 26697}, {"train": 3, "operation": 381, "time": 26719}, {"train": 3, "operation": 383, "time": 26751}, {"train": 3, "operation": 386, "time": 26762}, {"train": 3, "operation": 389, "time": 26876}, {"train": 3, "operation": 393, "time": 26905}, {"train": 3, "operation": 398, "time": 27552}, {"train": 3, "operation": 401, "time": 27573}, {"train": 3, "operation": 404, "time": 28274}, {"train": 3, "operation": 407, "time": 28302}, {"train": 3, "operation": 409, "time": 28417}, {"train": 3, "operation": 411, "time": 28423}, {"train": 3, "operation": 412, "time": 29062}, {"train": 3, "operation": 413, "time": 29083}, {"train": 3, "operation": 414, "time": 29252}, {"train": 3, "operation": 416, "time": 29257}, {"train": 3, "operation": 418, "time": 29372}, {"train": 3, "operation": 420, "time": 29378}, {"train": 3, "operation": 422, "time": 29810}, {"train": 3, "operation": 424, "time": 29815}, {"train": 3, "operation": 426, "time": 30012}, {"train": 3, "operation": 428, "time": 30019}, {"train": 3, "operation": 430, "time": 30290}, {"train": 3, "operation": 432, "time": 30300}, {"train": 3, "operation": 435, "time": 30756}, {"train": 3, "operation": 439, "time": 30777}, {"train": 3, "operation": 444, "time": 31507}, {"train": 3, "operation": 447, "time": 31527}, {"train": 3, "operation": 450, "time": 32011}, {"train": 3, "operation": 453, "time": 32033}, {"train": 3, "operation": 455, "time": 32645}, {"train": 3, "operation": 458, "time": 32678}, {"train": 3, "operation": 470, "time": 33310}, {"train": 3, "operation": 473, "time": 33333}, {"train": 3, "operation": 476, "time": 33987}, {"train": 3, "operation": 478, "time": 34012}, {"train": 3, "operation": 480, "time": 34508}, {"train": 3, "operation": 483, "time": 34532}, {"train": 3, "operation": 486, "time": 35090}, {"train": 3, "operation": 489, "time": 35115}, {"train": 3, "operation": 492, "time": 35556}, {"train": 3, "operation": 495, "time": 35579}, {"train": 3, "operation": 499, "time": 36335}, {"train": 3, "operation": 503, "time": 36358}, {"train": 3, "operation": 507, "time": 36953}, {"train": 3, "operation": 508, "time": 36953}]}