{
  "objective_value": 7832,
  "events": [
    {
      "time": 0,
      "train": 0,
      "operation": 0
    },
    {
      "time": 0,
      "train": 1,
      "operation": 0
    },
    {
      "time": 0,
      "train": 2,
      "operation": 0
    },
    {
      "time": 0,
      "train": 3,
      "operation": 0
    },
    {
      "time": 0,
      "train": 4,
      "operation": 0
    },
    {
      "time": 0,
      "train": 5,
      "operation": 0
    },
    {
      "time": 0,
      "train": 6,
      "operation": 0
    },
    {
      "time": 0,
      "train": 7,
      "operation": 0
    },
    {
      "time": 0,
      "train": 8,
      "operation": 0
    },
    {
      "time": 0,
      "train": 9,
      "operation": 0
    },
    {
      "time": 0,
      "train": 10,
      "operation": 0
    },
    {
      "time": 0,
      "train": 11,
      "operation": 0
    },
    {
      "time": 0,
      "train": 12,
      "operation": 0
    },
    {
      "time": 1,
      "train": 1,
      "operation": 1
    },
    {
      "time": 1,
      "train": 8,
      "operation": 1
    },
    {
      "time": 3,
      "train": 0,
      "operation": 1
    },
    {
      "time": 3,
      "train": 6,
      "operation": 1
    },
    {
      "time": 10,
      "train": 0,
      "operation": 2
    },
    {
      "time": 31,
      "train": 12,
      "operation": 1
    },
    {
      "time": 35,
      "train": 6,
      "operation": 2
    },
    {
      "time": 53,
      "train": 12,
      "operation": 2
    },
    {
      "time": 56,
      "train": 11,
      "operation": 1
    },
    {
      "time": 83,
      "train": 11,
      "operation": 2
    },
    {
      "time": 114,
      "train": 4,
      "operation": 1
    },
    {
      "time": 133,
      "train": 4,
      "operation": 2
    },
    {
      "time": 162,
      "train": 2,
      "operation": 1
    },
    {
      "time": 170,
      "train": 2,
      "operation": 2
    },
    {
      "time": 247,
      "train": 7,
      "operation": 1
    },
    {
      "time": 251,
      "train": 11,
      "operation": 3
    },
    {
      "time": 257,
      "train": 7,
      "operation": 2
    },
    {
      "time": 264,
      "train": 1,
      "operation": 2
    },
    {
      "time": 274,
      "train": 11,
      "operation": 4
    },
    {
      "time": 316,
      "train": 4,
      "operation": 3
    },
    {
      "time": 325,
      "train": 4,
      "operation": 4
    },
    {
      "time": 347,
      "train": 4,
      "operation": 5
    },
    {
      "time": 354,
      "train": 4,
      "operation": 6
    },
    {
      "time": 391,
      "train": 8,
      "operation": 2
    },
    {
      "time": 423,
      "train": 5,
      "operation": 1
    },
    {
      "time": 442,
      "train": 9,
      "operation": 1
    },
    {
      "time": 453,
      "train": 9,
      "operation": 2
    },
    {
      "time": 499,
      "train": 5,
      "operation": 2
    },
    {
      "time": 516,
      "train": 0,
      "operation": 3
    },
    {
      "time": 524,
      "train": 0,
      "operation": 4
    },
    {
      "time": 559,
      "train": 5,
      "operation": 3
    },
    {
      "time": 567,
      "train": 4,
      "operation": 7
    },
    {
      "time": 570,
      "train": 4,
      "operation": 8
    },
    {
      "time": 594,
      "train": 11,
      "operation": 6
    },
    {
      "time": 616,
      "train": 6,
      "operation": 3
    },
    {
      "time": 624,
      "train": 11,
      "operation": 8
    },
    {
      "time": 632,
      "train": 5,
      "operation": 4
    },
    {
      "time": 634,
      "train": 12,
      "operation": 3
    },
    {
      "time": 635,
      "train": 6,
      "operation": 4
    },
    {
      "time": 651,
      "train": 12,
      "operation": 4
    },
    {
      "time": 656,
      "train": 10,
      "operation": 1
    },
    {
      "time": 673,
      "train": 10,
      "operation": 2
    },
    {
      "time": 738,
      "train": 2,
      "operation": 3
    },
    {
      "time": 745,
      "train": 2,
      "operation": 4
    },
    {
      "time": 759,
      "train": 1,
      "operation": 4
    },
    {
      "time": 784,
      "train": 1,
      "operation": 6
    },
    {
      "time": 786,
      "train": 8,
      "operation": 3
    },
    {
      "time": 795,
      "train": 8,
      "operation": 5
    },
    {
      "time": 816,
      "train": 5,
      "operation": 5
    },
    {
      "time": 830,
      "train": 5,
      "operation": 6
    },
    {
      "time": 834,
      "train": 12,
      "operation": 5
    },
    {
      "time": 838,
      "train": 12,
      "operation": 6
    },
    {
      "time": 842,
      "train": 4,
      "operation": 9
    },
    {
      "time": 862,
      "train": 4,
      "operation": 10
    },
    {
      "time": 881,
      "train": 0,
      "operation": 6
    },
    {
      "time": 913,
      "train": 0,
      "operation": 8
    },
    {
      "time": 925,
      "train": 8,
      "operation": 7
    },
    {
      "time": 934,
      "train": 8,
      "operation": 9
    },
    {
      "time": 1090,
      "train": 12,
      "operation": 7
    },
    {
      "time": 1106,
      "train": 12,
      "operation": 8
    },
    {
      "time": 1109,
      "train": 0,
      "operation": 12
    },
    {
      "time": 1136,
      "train": 10,
      "operation": 3
    },
    {
      "time": 1144,
      "train": 10,
      "operation": 4
    },
    {
      "time": 1146,
      "train": 0,
      "operation": 16
    },
    {
      "time": 1178,
      "train": 7,
      "operation": 3
    },
    {
      "time": 1190,
      "train": 7,
      "operation": 4
    },
    {
      "time": 1195,
      "train": 11,
      "operation": 10
    },
    {
      "time": 1205,
      "train": 11,
      "operation": 12
    },
    {
      "time": 1215,
      "train": 6,
      "operation": 5
    },
    {
      "time": 1238,
      "train": 6,
      "operation": 6
    },
    {
      "time": 1249,
      "train": 3,
      "operation": 1
    },
    {
      "time": 1251,
      "train": 2,
      "operation": 6
    },
    {
      "time": 1254,
      "train": 5,
      "operation": 7
    },
    {
      "time": 1255,
      "train": 3,
      "operation": 2
    },
    {
      "time": 1260,
      "train": 2,
      "operation": 8
    },
    {
      "time": 1262,
      "train": 5,
      "operation": 8
    },
    {
      "time": 1314,
      "train": 0,
      "operation": 18
    },
    {
      "time": 1365,
      "train": 1,
      "operation": 9
    },
    {
      "time": 1382,
      "train": 1,
      "operation": 12
    },
    {
      "time": 1394,
      "train": 0,
      "operation": 20
    },
    {
      "time": 1397,
      "train": 3,
      "operation": 3
    },
    {
      "time": 1404,
      "train": 3,
      "operation": 4
    },
    {
      "time": 1414,
      "train": 8,
      "operation": 11
    },
    {
      "time": 1424,
      "train": 8,
      "operation": 12
    },
    {
      "time": 1464,
      "train": 2,
      "operation": 11
    },
    {
      "time": 1481,
      "train": 7,
      "operation": 5
    },
    {
      "time": 1493,
      "train": 7,
      "operation": 6
    },
    {
      "time": 1496,
      "train": 2,
      "operation": 15
    },
    {
      "time": 1507,
      "train": 11,
      "operation": 13
    },
    {
      "time": 1518,
      "train": 11,
      "operation": 15
    },
    {
      "time": 1533,
      "train": 12,
      "operation": 9
    },
    {
      "time": 1537,
      "train": 12,
      "operation": 10
    },
    {
      "time": 1565,
      "train": 1,
      "operation": 14
    },
    {
      "time": 1570,
      "train": 1,
      "operation": 16
    },
    {
      "time": 1583,
      "train": 6,
      "operation": 7
    },
    {
      "time": 1584,
      "train": 6,
      "operation": 8
    },
    {
      "time": 1593,
      "train": 8,
      "operation": 13
    },
    {
      "time": 1609,
      "train": 8,
      "operation": 14
    },
    {
      "time": 1640,
      "train": 4,
      "operation": 11
    },
    {
      "time": 1662,
      "train": 4,
      "operation": 12
    },
    {
      "time": 1681,
      "train": 11,
      "operation": 17
    },
    {
      "time": 1691,
      "train": 11,
      "operation": 19
    },
    {
      "time": 1692,
      "train": 2,
      "operation": 17
    },
    {
      "time": 1692,
      "train": 12,
      "operation": 11
    },
    {
      "time": 1708,
      "train": 12,
      "operation": 12
    },
    {
      "time": 1721,
      "train": 2,
      "operation": 21
    },
    {
      "time": 1758,
      "train": 8,
      "operation": 15
    },
    {
      "time": 1760,
      "train": 8,
      "operation": 16
    },
    {
      "time": 1763,
      "train": 10,
      "operation": 6
    },
    {
      "time": 1774,
      "train": 10,
      "operation": 8
    },
    {
      "time": 1781,
      "train": 6,
      "operation": 10
    },
    {
      "time": 1800,
      "train": 6,
      "operation": 12
    },
    {
      "time": 1822,
      "train": 1,
      "operation": 19
    },
    {
      "time": 1838,
      "train": 1,
      "operation": 22
    },
    {
      "time": 1861,
      "train": 12,
      "operation": 13
    },
    {
      "time": 1870,
      "train": 12,
      "operation": 14
    },
    {
      "time": 1888,
      "train": 12,
      "operation": 15
    },
    {
      "time": 1894,
      "train": 12,
      "operation": 16
    },
    {
      "time": 1902,
      "train": 2,
      "operation": 25
    },
    {
      "time": 1920,
      "train": 2,
      "operation": 27
    },
    {
      "time": 1939,
      "train": 9,
      "operation": 3
    },
    {
      "time": 1955,
      "train": 9,
      "operation": 4
    },
    {
      "time": 1966,
      "train": 11,
      "operation": 23
    },
    {
      "time": 1974,
      "train": 11,
      "operation": 24
    },
    {
      "time": 1997,
      "train": 2,
      "operation": 29
    },
    {
      "time": 2006,
      "train": 4,
      "operation": 13
    },
    {
      "time": 2010,
      "train": 4,
      "operation": 14
    },
    {
      "time": 2019,
      "train": 2,
      "operation": 33
    },
    {
      "time": 2073,
      "train": 12,
      "operation": 17
    },
    {
      "time": 2077,
      "train": 12,
      "operation": 18
    },
    {
      "time": 2124,
      "train": 9,
      "operation": 5
    },
    {
      "time": 2134,
      "train": 7,
      "operation": 8
    },
    {
      "time": 2134,
      "train": 9,
      "operation": 6
    },
    {
      "time": 2145,
      "train": 7,
      "operation": 10
    },
    {
      "time": 2146,
      "train": 5,
      "operation": 9
    },
    {
      "time": 2154,
      "train": 5,
      "operation": 11
    },
    {
      "time": 2190,
      "train": 10,
      "operation": 10
    },
    {
      "time": 2195,
      "train": 11,
      "operation": 25
    },
    {
      "time": 2199,
      "train": 11,
      "operation": 26
    },
    {
      "time": 2203,
      "train": 10,
      "operation": 12
    },
    {
      "time": 2237,
      "train": 3,
      "operation": 6
    },
    {
      "time": 2247,
      "train": 3,
      "operation": 8
    },
    {
      "time": 2264,
      "train": 4,
      "operation": 15
    },
    {
      "time": 2265,
      "train": 1,
      "operation": 24
    },
    {
      "time": 2270,
      "train": 1,
      "operation": 26
    },
    {
      "time": 2300,
      "train": 4,
      "operation": 16
    },
    {
      "time": 2303,
      "train": 12,
      "operation": 19
    },
    {
      "time": 2320,
      "train": 12,
      "operation": 20
    },
    {
      "time": 2344,
      "train": 6,
      "operation": 15
    },
    {
      "time": 2351,
      "train": 5,
      "operation": 13
    },
    {
      "time": 2354,
      "train": 6,
      "operation": 18
    },
    {
      "time": 2359,
      "train": 5,
      "operation": 15
    },
    {
      "time": 2425,
      "train": 1,
      "operation": 29
    },
    {
      "time": 2433,
      "train": 7,
      "operation": 12
    },
    {
      "time": 2441,
      "train": 1,
      "operation": 32
    },
    {
      "time": 2446,
      "train": 7,
      "operation": 14
    },
    {
      "time": 2481,
      "train": 6,
      "operation": 23
    },
    {
      "time": 2498,
      "train": 6,
      "operation": 28
    },
    {
      "time": 2510,
      "train": 2,
      "operation": 37
    },
    {
      "time": 2541,
      "train": 2,
      "operation": 41
    },
    {
      "time": 2596,
      "train": 10,
      "operation": 14
    },
    {
      "time": 2608,
      "train": 10,
      "operation": 16
    },
    {
      "time": 2614,
      "train": 9,
      "operation": 7
    },
    {
      "time": 2622,
      "train": 9,
      "operation": 8
    },
    {
      "time": 2725,
      "train": 0,
      "operation": 24
    },
    {
      "time": 2725,
      "train": 4,
      "operation": 17
    },
    {
      "time": 2733,
      "train": 4,
      "operation": 18
    },
    {
      "time": 2753,
      "train": 9,
      "operation": 9
    },
    {
      "time": 2762,
      "train": 9,
      "operation": 10
    },
    {
      "time": 2783,
      "train": 3,
      "operation": 12
    },
    {
      "time": 2795,
      "train": 1,
      "operation": 34
    },
    {
      "time": 2798,
      "train": 1,
      "operation": 36
    },
    {
      "time": 2800,
      "train": 3,
      "operation": 16
    },
    {
      "time": 2824,
      "train": 10,
      "operation": 18
    },
    {
      "time": 2837,
      "train": 10,
      "operation": 20
    },
    {
      "time": 2838,
      "train": 0,
      "operation": 28
    },
    {
      "time": 2862,
      "train": 4,
      "operation": 19
    },
    {
      "time": 2888,
      "train": 4,
      "operation": 20
    },
    {
      "time": 2949,
      "train": 10,
      "operation": 22
    },
    {
      "time": 2950,
      "train": 10,
      "operation": 24
    },
    {
      "time": 3001,
      "train": 6,
      "operation": 30
    },
    {
      "time": 3011,
      "train": 12,
      "operation": 21
    },
    {
      "time": 3013,
      "train": 5,
      "operation": 17
    },
    {
      "time": 3020,
      "train": 5,
      "operation": 19
    },
    {
      "time": 3024,
      "train": 1,
      "operation": 39
    },
    {
      "time": 3026,
      "train": 6,
      "operation": 32
    },
    {
      "time": 3029,
      "train": 12,
      "operation": 22
    },
    {
      "time": 3041,
      "train": 1,
      "operation": 42
    },
    {
      "time": 3123,
      "train": 2,
      "operation": 45
    },
    {
      "time": 3134,
      "train": 4,
      "operation": 21
    },
    {
      "time": 3137,
      "train": 4,
      "operation": 22
    },
    {
      "time": 3147,
      "train": 2,
      "operation": 49
    },
    {
      "time": 3157,
      "train": 9,
      "operation": 11
    },
    {
      "time": 3165,
      "train": 9,
      "operation": 12
    },
    {
      "time": 3198,
      "train": 3,
      "operation": 18
    },
    {
      "time": 3208,
      "train": 3,
      "operation": 20
    },
    {
      "time": 3219,
      "train": 5,
      "operation": 21
    },
    {
      "time": 3224,
      "train": 10,
      "operation": 25
    },
    {
      "time": 3226,
      "train": 10,
      "operation": 26
    },
    {
      "time": 3228,
      "train": 5,
      "operation": 23
    },
    {
      "time": 3261,
      "train": 7,
      "operation": 16
    },
    {
      "time": 3271,
      "train": 7,
      "operation": 18
    },
    {
      "time": 3330,
      "train": 0,
      "operation": 31
    },
    {
      "time": 3332,
      "train": 12,
      "operation": 23
    },
    {
      "time": 3333,
      "train": 12,
      "operation": 24
    },
    {
      "time": 3340,
      "train": 9,
      "operation": 13
    },
    {
      "time": 3347,
      "train": 9,
      "operation": 14
    },
    {
      "time": 3368,
      "train": 0,
      "operation": 35
    },
    {
      "time": 3497,
      "train": 6,
      "operation": 33
    },
    {
      "time": 3499,
      "train": 6,
      "operation": 34
    },
    {
      "time": 3565,
      "train": 12,
      "operation": 25
    },
    {
      "time": 3569,
      "train": 4,
      "operation": 23
    },
    {
      "time": 3589,
      "train": 4,
      "operation": 24
    },
    {
      "time": 3601,
      "train": 12,
      "operation": 26
    },
    {
      "time": 3639,
      "train": 1,
      "operation": 45
    },
    {
      "time": 3657,
      "train": 1,
      "operation": 48
    },
    {
      "time": 3662,
      "train": 7,
      "operation": 20
    },
    {
      "time": 3675,
      "train": 7,
      "operation": 22
    },
    {
      "time": 3719,
      "train": 3,
      "operation": 21
    },
    {
      "time": 3725,
      "train": 3,
      "operation": 22
    },
    {
      "time": 3790,
      "train": 6,
      "operation": 35
    },
    {
      "time": 3814,
      "train": 6,
      "operation": 36
    },
    {
      "time": 3840,
      "train": 7,
      "operation": 24
    },
    {
      "time": 3853,
      "train": 9,
      "operation": 15
    },
    {
      "time": 3861,
      "train": 9,
      "operation": 17
    },
    {
      "time": 3918,
      "train": 1,
      "operation": 50
    },
    {
      "time": 3922,
      "train": 3,
      "operation": 23
    },
    {
      "time": 3923,
      "train": 1,
      "operation": 52
    },
    {
      "time": 3923,
      "train": 7,
      "operation": 25
    },
    {
      "time": 3928,
      "train": 7,
      "operation": 26
    },
    {
      "time": 3929,
      "train": 3,
      "operation": 24
    },
    {
      "time": 3950,
      "train": 0,
      "operation": 38
    },
    {
      "time": 3955,
      "train": 12,
      "operation": 27
    },
    {
      "time": 3961,
      "train": 12,
      "operation": 28
    },
    {
      "time": 3969,
      "train": 0,
      "operation": 42
    },
    {
      "time": 4059,
      "train": 6,
      "operation": 37
    },
    {
      "time": 4063,
      "train": 6,
      "operation": 38
    },
    {
      "time": 4070,
      "train": 12,
      "operation": 29
    },
    {
      "time": 4083,
      "train": 1,
      "operation": 55
    },
    {
      "time": 4092,
      "train": 12,
      "operation": 30
    },
    {
      "time": 4099,
      "train": 1,
      "operation": 58
    },
    {
      "time": 4111,
      "train": 9,
      "operation": 20
    },
    {
      "time": 4143,
      "train": 9,
      "operation": 24
    },
    {
      "time": 4183,
      "train": 5,
      "operation": 25
    },
    {
      "time": 4192,
      "train": 5,
      "operation": 27
    },
    {
      "time": 4196,
      "train": 4,
      "operation": 25
    },
    {
      "time": 4211,
      "train": 3,
      "operation": 25
    },
    {
      "time": 4215,
      "train": 4,
      "operation": 26
    },
    {
      "time": 4219,
      "train": 3,
      "operation": 27
    },
    {
      "time": 4314,
      "train": 12,
      "operation": 31
    },
    {
      "time": 4315,
      "train": 12,
      "operation": 32
    },
    {
      "time": 4339,
      "train": 9,
      "operation": 29
    },
    {
      "time": 4368,
      "train": 9,
      "operation": 37
    },
    {
      "time": 4374,
      "train": 3,
      "operation": 29
    },
    {
      "time": 4378,
      "train": 3,
      "operation": 31
    },
    {
      "time": 4549,
      "train": 0,
      "operation": 47
    },
    {
      "time": 4549,
      "train": 9,
      "operation": 41
    },
    {
      "time": 4567,
      "train": 9,
      "operation": 45
    },
    {
      "time": 4572,
      "train": 0,
      "operation": 51
    },
    {
      "time": 4644,
      "train": 9,
      "operation": 50
    },
    {
      "time": 4666,
      "train": 9,
      "operation": 54
    },
    {
      "time": 4713,
      "train": 12,
      "operation": 33
    },
    {
      "time": 4730,
      "train": 12,
      "operation": 34
    },
    {
      "time": 4810,
      "train": 5,
      "operation": 30
    },
    {
      "time": 4821,
      "train": 4,
      "operation": 27
    },
    {
      "time": 4830,
      "train": 5,
      "operation": 34
    },
    {
      "time": 4840,
      "train": 4,
      "operation": 28
    },
    {
      "time": 4911,
      "train": 1,
      "operation": 61
    },
    {
      "time": 4917,
      "train": 0,
      "operation": 53
    },
    {
      "time": 4920,
      "train": 0,
      "operation": 55
    },
    {
      "time": 4933,
      "train": 1,
      "operation": 64
    },
    {
      "time": 5113,
      "train": 2,
      "operation": 53
    },
    {
      "time": 5117,
      "train": 0,
      "operation": 58
    },
    {
      "time": 5141,
      "train": 0,
      "operation": 62
    },
    {
      "time": 5141,
      "train": 2,
      "operation": 57
    },
    {
      "time": 5155,
      "train": 1,
      "operation": 66
    },
    {
      "time": 5157,
      "train": 1,
      "operation": 68
    },
    {
      "time": 5212,
      "train": 9,
      "operation": 60
    },
    {
      "time": 5244,
      "train": 9,
      "operation": 64
    },
    {
      "time": 5256,
      "train": 5,
      "operation": 38
    },
    {
      "time": 5266,
      "train": 5,
      "operation": 40
    },
    {
      "time": 5352,
      "train": 12,
      "operation": 35
    },
    {
      "time": 5368,
      "train": 12,
      "operation": 36
    },
    {
      "time": 5374,
      "train": 4,
      "operation": 29
    },
    {
      "time": 5376,
      "train": 4,
      "operation": 30
    },
    {
      "time": 5486,
      "train": 2,
      "operation": 61
    },
    {
      "time": 5489,
      "train": 2,
      "operation": 63
    },
    {
      "time": 5517,
      "train": 1,
      "operation": 71
    },
    {
      "time": 5534,
      "train": 1,
      "operation": 74
    },
    {
      "time": 5685,
      "train": 0,
      "operation": 67
    },
    {
      "time": 5686,
      "train": 2,
      "operation": 65
    },
    {
      "time": 5695,
      "train": 0,
      "operation": 70
    },
    {
      "time": 5705,
      "train": 2,
      "operation": 67
    },
    {
      "time": 5822,
      "train": 0,
      "operation": 75
    },
    {
      "time": 5825,
      "train": 9,
      "operation": 68
    },
    {
      "time": 5839,
      "train": 0,
      "operation": 80
    },
    {
      "time": 5849,
      "train": 9,
      "operation": 72
    },
    {
      "time": 5879,
      "train": 5,
      "operation": 41
    },
    {
      "time": 5886,
      "train": 5,
      "operation": 43
    },
    {
      "time": 5912,
      "train": 12,
      "operation": 37
    },
    {
      "time": 5928,
      "train": 12,
      "operation": 38
    },
    {
      "time": 6040,
      "train": 1,
      "operation": 77
    },
    {
      "time": 6057,
      "train": 1,
      "operation": 80
    },
    {
      "time": 6163,
      "train": 5,
      "operation": 45
    },
    {
      "time": 6172,
      "train": 5,
      "operation": 47
    },
    {
      "time": 6249,
      "train": 2,
      "operation": 69
    },
    {
      "time": 6259,
      "train": 2,
      "operation": 70
    },
    {
      "time": 6342,
      "train": 0,
      "operation": 82
    },
    {
      "time": 6367,
      "train": 0,
      "operation": 84
    },
    {
      "time": 6374,
      "train": 12,
      "operation": 39
    },
    {
      "time": 6377,
      "train": 12,
      "operation": 40
    },
    {
      "time": 6386,
      "train": 2,
      "operation": 71
    },
    {
      "time": 6403,
      "train": 2,
      "operation": 72
    },
    {
      "time": 6429,
      "train": 9,
      "operation": 76
    },
    {
      "time": 6457,
      "train": 9,
      "operation": 80
    },
    {
      "time": 6561,
      "train": 1,
      "operation": 82
    },
    {
      "time": 6565,
      "train": 5,
      "operation": 50
    },
    {
      "time": 6577,
      "train": 5,
      "operation": 52
    },
    {
      "time": 6585,
      "train": 1,
      "operation": 84
    },
    {
      "time": 6793,
      "train": 5,
      "operation": 54
    },
    {
      "time": 6802,
      "train": 9,
      "operation": 82
    },
    {
      "time": 6806,
      "train": 5,
      "operation": 56
    },
    {
      "time": 6807,
      "train": 9,
      "operation": 84
    },
    {
      "time": 6838,
      "train": 0,
      "operation": 85
    },
    {
      "time": 6842,
      "train": 0,
      "operation": 86
    },
    {
      "time": 6906,
      "train": 2,
      "operation": 73
    },
    {
      "time": 6918,
      "train": 5,
      "operation": 58
    },
    {
      "time": 6921,
      "train": 5,
      "operation": 60
    },
    {
      "time": 6931,
      "train": 2,
      "operation": 75
    },
    {
      "time": 7004,
      "train": 9,
      "operation": 88
    },
    {
      "time": 7023,
      "train": 9,
      "operation": 92
    },
    {
      "time": 7031,
      "train": 1,
      "operation": 91
    },
    {
      "time": 7036,
      "train": 1,
      "operation": 92
    },
    {
      "time": 7133,
      "train": 0,
      "operation": 87
    },
    {
      "time": 7157,
      "train": 0,
      "operation": 89
    },
    {
      "time": 7195,
      "train": 5,
      "operation": 61
    },
    {
      "time": 7200,
      "train": 5,
      "operation": 62
    },
    {
      "time": 7402,
      "train": 0,
      "operation": 92
    },
    {
      "time": 7402,
      "train": 2,
      "operation": 77
    },
    {
      "time": 7406,
      "train": 2,
      "operation": 79
    },
    {
      "time": 7451,
      "train": 0,
      "operation": 95
    },
    {
      "time": 7527,
      "train": 0,
      "operation": 98
    },
    {
      "time": 7540,
      "train": 0,
      "operation": 101
    },
    {
      "time": 7567,
      "train": 9,
      "operation": 94
    },
    {
      "time": 7577,
      "train": 9,
      "operation": 96
    },
    {
      "time": 7634,
      "train": 0,
      "operation": 114
    },
    {
      "time": 7656,
      "train": 0,
      "operation": 118
    },
    {
      "time": 7677,
      "train": 0,
      "operation": 124
    },
    {
      "time": 7704,
      "train": 9,
      "operation": 98
    },
    {
      "time": 7712,
      "train": 0,
      "operation": 130
    },
    {
      "time": 7721,
      "train": 9,
      "operation": 100
    },
    {
      "time": 7792,
      "train": 0,
      "operation": 139
    },
    {
      "time": 7836,
      "train": 2,
      "operation": 81
    },
    {
      "time": 7855,
      "train": 2,
      "operation": 85
    },
    {
      "time": 7857,
      "train": 0,
      "operation": 146
    },
    {
      "time": 7916,
      "train": 0,
      "operation": 153
    },
    {
      "time": 7926,
      "train": 0,
      "operation": 160
    },
    {
      "time": 7995,
      "train": 0,
      "operation": 173
    },
    {
      "time": 8048,
      "train": 0,
      "operation": 196
    },
    {
      "time": 8100,
      "train": 2,
      "operation": 90
    },
    {
      "time": 8137,
      "train": 2,
      "operation": 94
    },
    {
      "time": 8183,
      "train": 0,
      "operation": 204
    },
    {
      "time": 8216,
      "train": 2,
      "operation": 97
    },
    {
      "time": 8224,
      "train": 9,
      "operation": 102
    },
    {
      "time": 8226,
      "train": 2,
      "operation": 100
    },
    {
      "time": 8249,
      "train": 9,
      "operation": 104
    },
    {
      "time": 8266,
      "train": 0,
      "operation": 216
    },
    {
      "time": 8289,
      "train": 0,
      "operation": 228
    },
    {
      "time": 8293,
      "train": 0,
      "operation": 286
    },
    {
      "time": 8320,
      "train": 2,
      "operation": 111
    },
    {
      "time": 8341,
      "train": 2,
      "operation": 115
    },
    {
      "time": 8363,
      "train": 2,
      "operation": 119
    },
    {
      "time": 8398,
      "train": 2,
      "operation": 125
    },
    {
      "time": 8448,
      "train": 2,
      "operation": 131
    },
    {
      "time": 8456,
      "train": 2,
      "operation": 141
    },
    {
      "time": 8477,
      "train": 2,
      "operation": 150
    },
    {
      "time": 8524,
      "train": 2,
      "operation": 157
    },
    {
      "time": 8608,
      "train": 2,
      "operation": 164
    },
    {
      "time": 8624,
      "train": 2,
      "operation": 179
    },
    {
      "time": 8720,
      "train": 9,
      "operation": 106
    },
    {
      "time": 8725,
      "train": 9,
      "operation": 108
    },
    {
      "time": 8746,
      "train": 2,
      "operation": 189
    },
    {
      "time": 8799,
      "train": 2,
      "operation": 201
    },
    {
      "time": 8855,
      "train": 2,
      "operation": 211
    },
    {
      "time": 8900,
      "train": 2,
      "operation": 223
    },
    {
      "time": 8911,
      "train": 2,
      "operation": 236
    },
    {
      "time": 8986,
      "train": 2,
      "operation": 248
    },
    {
      "time": 9007,
      "train": 2,
      "operation": 262
    },
    {
      "time": 9009,
      "train": 2,
      "operation": 286
    },
    {
      "time": 9016,
      "train": 9,
      "operation": 112
    },
    {
      "time": 9035,
      "train": 9,
      "operation": 116
    },
    {
      "time": 9059,
      "train": 9,
      "operation": 119
    },
    {
      "time": 9071,
      "train": 9,
      "operation": 122
    },
    {
      "time": 9231,
      "train": 9,
      "operation": 125
    },
    {
      "time": 9244,
      "train": 9,
      "operation": 128
    },
    {
      "time": 9375,
      "train": 9,
      "operation": 131
    },
    {
      "time": 9424,
      "train": 9,
      "operation": 134
    },
    {
      "time": 9503,
      "train": 9,
      "operation": 135
    },
    {
      "time": 9513,
      "train": 9,
      "operation": 136
    },
    {
      "time": 9607,
      "train": 9,
      "operation": 138
    },
    {
      "time": 9636,
      "train": 9,
      "operation": 140
    },
    {
      "time": 9657,
      "train": 9,
      "operation": 143
    },
    {
      "time": 9692,
      "train": 9,
      "operation": 146
    },
    {
      "time": 9772,
      "train": 9,
      "operation": 153
    },
    {
      "time": 9860,
      "train": 9,
      "operation": 162
    },
    {
      "time": 9882,
      "train": 9,
      "operation": 173
    },
    {
      "time": 9894,
      "train": 9,
      "operation": 184
    },
    {
      "time": 10016,
      "train": 9,
      "operation": 196
    },
    {
      "time": 10069,
      "train": 9,
      "operation": 215
    },
    {
      "time": 10134,
      "train": 9,
      "operation": 247
    },
    {
      "time": 10143,
      "train": 9,
      "operation": 280
    },
    {
      "time": 10181,
      "train": 9,
      "operation": 324
    },
    {
      "time": 10213,
      "train": 9,
      "operation": 404
    },
    {
      "time": 10437,
      "train": 9,
      "operation": 436
    },
    {
      "time": 10500,
      "train": 9,
      "operation": 453
    },
    {
      "time": 10620,
      "train": 9,
      "operation": 455
    },
    {
      "time": 10634,
      "train": 9,
      "operation": 457
    },
    {
      "time": 10654,
      "train": 9,
      "operation": 459
    },
    {
      "time": 10655,
      "train": 9,
      "operation": 461
    },
    {
      "time": 10675,
      "train": 9,
      "operation": 463
    },
    {
      "time": 10678,
      "train": 9,
      "operation": 465
    }
  ]
}