{
  "objective_value": 39915,
  "events": [
    {
      "time": 0,
      "train": 0,
      "operation": 0
    },
    {
      "time": 0,
      "train": 1,
      "operation": 0
    },
    {
      "time": 0,
      "train": 2,
      "operation": 0
    },
    {
      "time": 0,
      "train": 3,
      "operation": 0
    },
    {
      "time": 0,
      "train": 4,
      "operation": 0
    },
    {
      "time": 0,
      "train": 5,
      "operation": 0
    },
    {
      "time": 0,
      "train": 6,
      "operation": 0
    },
    {
      "time": 468,
      "train": 2,
      "operation": 1
    },
    {
      "time": 469,
      "train": 6,
      "operation": 1
    },
    {
      "time": 476,
      "train": 2,
      "operation": 2
    },
    {
      "time": 488,
      "train": 6,
      "operation": 2
    },
    {
      "time": 614,
      "train": 2,
      "operation": 3
    },
    {
      "time": 622,
      "train": 2,
      "operation": 4
    },
    {
      "time": 824,
      "train": 2,
      "operation": 5
    },
    {
      "time": 833,
      "train": 2,
      "operation": 6
    },
    {
      "time": 1186,
      "train": 2,
      "operation": 7
    },
    {
      "time": 1200,
      "train": 2,
      "operation": 8
    },
    {
      "time": 1531,
      "train": 2,
      "operation": 9
    },
    {
      "time": 1538,
      "train": 2,
      "operation": 10
    },
    {
      "time": 1595,
      "train": 2,
      "operation": 11
    },
    {
      "time": 1607,
      "train": 2,
      "operation": 12
    },
    {
      "time": 1692,
      "train": 2,
      "operation": 14
    },
    {
      "time": 1706,
      "train": 2,
      "operation": 16
    },
    {
      "time": 1774,
      "train": 2,
      "operation": 18
    },
    {
      "time": 1784,
      "train": 2,
      "operation": 20
    },
    {
      "time": 1920,
      "train": 2,
      "operation": 22
    },
    {
      "time": 1934,
      "train": 2,
      "operation": 24
    },
    {
      "time": 2027,
      "train": 2,
      "operation": 26
    },
    {
      "time": 2040,
      "train": 2,
      "operation": 28
    },
    {
      "time": 2491,
      "train": 2,
      "operation": 29
    },
    {
      "time": 2501,
      "train": 2,
      "operation": 30
    },
    {
      "time": 2613,
      "train": 2,
      "operation": 31
    },
    {
      "time": 2621,
      "train": 2,
      "operation": 32
    },
    {
      "time": 3346,
      "train": 2,
      "operation": 34
    },
    {
      "time": 3361,
      "train": 2,
      "operation": 36
    },
    {
      "time": 3588,
      "train": 2,
      "operation": 38
    },
    {
      "time": 3606,
      "train": 2,
      "operation": 40
    },
    {
      "time": 4303,
      "train": 2,
      "operation": 41
    },
    {
      "time": 4315,
      "train": 2,
      "operation": 43
    },
    {
      "time": 4791,
      "train": 1,
      "operation": 1
    },
    {
      "time": 4818,
      "train": 1,
      "operation": 2
    },
    {
      "time": 4842,
      "train": 2,
      "operation": 45
    },
    {
      "time": 4851,
      "train": 2,
      "operation": 47
    },
    {
      "time": 5050,
      "train": 4,
      "operation": 1
    },
    {
      "time": 5062,
      "train": 4,
      "operation": 2
    },
    {
      "time": 5507,
      "train": 2,
      "operation": 49
    },
    {
      "time": 5515,
      "train": 2,
      "operation": 51
    },
    {
      "time": 5628,
      "train": 2,
      "operation": 53
    },
    {
      "time": 5633,
      "train": 1,
      "operation": 3
    },
    {
      "time": 5636,
      "train": 1,
      "operation": 4
    },
    {
      "time": 5636,
      "train": 2,
      "operation": 55
    },
    {
      "time": 5678,
      "train": 4,
      "operation": 3
    },
    {
      "time": 5701,
      "train": 4,
      "operation": 5
    },
    {
      "time": 5820,
      "train": 0,
      "operation": 1
    },
    {
      "time": 5847,
      "train": 0,
      "operation": 3
    },
    {
      "time": 6123,
      "train": 6,
      "operation": 4
    },
    {
      "time": 6146,
      "train": 6,
      "operation": 6
    },
    {
      "time": 6278,
      "train": 2,
      "operation": 57
    },
    {
      "time": 6285,
      "train": 2,
      "operation": 58
    },
    {
      "time": 6349,
      "train": 4,
      "operation": 7
    },
    {
      "time": 6360,
      "train": 4,
      "operation": 11
    },
    {
      "time": 6397,
      "train": 2,
      "operation": 59
    },
    {
      "time": 6407,
      "train": 2,
      "operation": 60
    },
    {
      "time": 6565,
      "train": 2,
      "operation": 62
    },
    {
      "time": 6576,
      "train": 2,
      "operation": 64
    },
    {
      "time": 6766,
      "train": 4,
      "operation": 16
    },
    {
      "time": 6797,
      "train": 4,
      "operation": 20
    },
    {
      "time": 6844,
      "train": 2,
      "operation": 66
    },
    {
      "time": 6857,
      "train": 2,
      "operation": 68
    },
    {
      "time": 7276,
      "train": 2,
      "operation": 69
    },
    {
      "time": 7283,
      "train": 2,
      "operation": 71
    },
    {
      "time": 7310,
      "train": 4,
      "operation": 27
    },
    {
      "time": 7376,
      "train": 4,
      "operation": 32
    },
    {
      "time": 7399,
      "train": 2,
      "operation": 73
    },
    {
      "time": 7408,
      "train": 2,
      "operation": 75
    },
    {
      "time": 7740,
      "train": 4,
      "operation": 41
    },
    {
      "time": 7789,
      "train": 4,
      "operation": 50
    },
    {
      "time": 7878,
      "train": 4,
      "operation": 64
    },
    {
      "time": 7907,
      "train": 4,
      "operation": 78
    },
    {
      "time": 8035,
      "train": 4,
      "operation": 86
    },
    {
      "time": 8046,
      "train": 3,
      "operation": 2
    },
    {
      "time": 8052,
      "train": 4,
      "operation": 94
    },
    {
      "time": 8063,
      "train": 2,
      "operation": 77
    },
    {
      "time": 8071,
      "train": 2,
      "operation": 78
    },
    {
      "time": 8071,
      "train": 3,
      "operation": 4
    },
    {
      "time": 8077,
      "train": 0,
      "operation": 5
    },
    {
      "time": 8088,
      "train": 0,
      "operation": 9
    },
    {
      "time": 8185,
      "train": 2,
      "operation": 79
    },
    {
      "time": 8195,
      "train": 2,
      "operation": 80
    },
    {
      "time": 8285,
      "train": 5,
      "operation": 1
    },
    {
      "time": 8302,
      "train": 5,
      "operation": 2
    },
    {
      "time": 8437,
      "train": 4,
      "operation": 95
    },
    {
      "time": 8443,
      "train": 4,
      "operation": 97
    },
    {
      "time": 8542,
      "train": 4,
      "operation": 99
    },
    {
      "time": 8548,
      "train": 4,
      "operation": 101
    },
    {
      "time": 8673,
      "train": 2,
      "operation": 82
    },
    {
      "time": 8685,
      "train": 2,
      "operation": 84
    },
    {
      "time": 8692,
      "train": 4,
      "operation": 103
    },
    {
      "time": 8705,
      "train": 4,
      "operation": 105
    },
    {
      "time": 8894,
      "train": 2,
      "operation": 87
    },
    {
      "time": 8903,
      "train": 2,
      "operation": 90
    },
    {
      "time": 8906,
      "train": 0,
      "operation": 13
    },
    {
      "time": 8917,
      "train": 0,
      "operation": 17
    },
    {
      "time": 8958,
      "train": 4,
      "operation": 108
    },
    {
      "time": 8980,
      "train": 4,
      "operation": 112
    },
    {
      "time": 9061,
      "train": 2,
      "operation": 93
    },
    {
      "time": 9079,
      "train": 2,
      "operation": 96
    },
    {
      "time": 9117,
      "train": 5,
      "operation": 3
    },
    {
      "time": 9131,
      "train": 5,
      "operation": 5
    },
    {
      "time": 9191,
      "train": 2,
      "operation": 99
    },
    {
      "time": 9204,
      "train": 2,
      "operation": 102
    },
    {
      "time": 9220,
      "train": 2,
      "operation": 104
    },
    {
      "time": 9244,
      "train": 2,
      "operation": 106
    },
    {
      "time": 9246,
      "train": 4,
      "operation": 116
    },
    {
      "time": 9253,
      "train": 4,
      "operation": 118
    },
    {
      "time": 9310,
      "train": 4,
      "operation": 121
    },
    {
      "time": 9317,
      "train": 4,
      "operation": 125
    },
    {
      "time": 9321,
      "train": 6,
      "operation": 9
    },
    {
      "time": 9345,
      "train": 6,
      "operation": 13
    },
    {
      "time": 9403,
      "train": 4,
      "operation": 127
    },
    {
      "time": 9413,
      "train": 4,
      "operation": 130
    },
    {
      "time": 9462,
      "train": 4,
      "operation": 133
    },
    {
      "time": 9478,
      "train": 4,
      "operation": 136
    },
    {
      "time": 9552,
      "train": 3,
      "operation": 8
    },
    {
      "time": 9567,
      "train": 3,
      "operation": 12
    },
    {
      "time": 9601,
      "train": 4,
      "operation": 140
    },
    {
      "time": 9615,
      "train": 4,
      "operation": 142
    },
    {
      "time": 9708,
      "train": 4,
      "operation": 144
    },
    {
      "time": 9721,
      "train": 4,
      "operation": 146
    },
    {
      "time": 9740,
      "train": 2,
      "operation": 107
    },
    {
      "time": 9746,
      "train": 2,
      "operation": 109
    },
    {
      "time": 9824,
      "train": 0,
      "operation": 21
    },
    {
      "time": 9838,
      "train": 0,
      "operation": 25
    },
    {
      "time": 9882,
      "train": 2,
      "operation": 111
    },
    {
      "time": 9889,
      "train": 2,
      "operation": 113
    },
    {
      "time": 10038,
      "train": 5,
      "operation": 7
    },
    {
      "time": 10044,
      "train": 4,
      "operation": 147
    },
    {
      "time": 10051,
      "train": 4,
      "operation": 148
    },
    {
      "time": 10052,
      "train": 5,
      "operation": 11
    },
    {
      "time": 10132,
      "train": 4,
      "operation": 149
    },
    {
      "time": 10138,
      "train": 4,
      "operation": 150
    },
    {
      "time": 10160,
      "train": 6,
      "operation": 15
    },
    {
      "time": 10177,
      "train": 6,
      "operation": 17
    },
    {
      "time": 10473,
      "train": 3,
      "operation": 16
    },
    {
      "time": 10487,
      "train": 3,
      "operation": 20
    },
    {
      "time": 10620,
      "train": 5,
      "operation": 16
    },
    {
      "time": 10651,
      "train": 5,
      "operation": 20
    },
    {
      "time": 10656,
      "train": 4,
      "operation": 152
    },
    {
      "time": 10671,
      "train": 4,
      "operation": 154
    },
    {
      "time": 10780,
      "train": 6,
      "operation": 19
    },
    {
      "time": 10783,
      "train": 6,
      "operation": 20
    },
    {
      "time": 10898,
      "train": 4,
      "operation": 156
    },
    {
      "time": 10916,
      "train": 4,
      "operation": 158
    },
    {
      "time": 11264,
      "train": 5,
      "operation": 26
    },
    {
      "time": 11280,
      "train": 5,
      "operation": 31
    },
    {
      "time": 11353,
      "train": 5,
      "operation": 36
    },
    {
      "time": 11384,
      "train": 5,
      "operation": 41
    },
    {
      "time": 11414,
      "train": 4,
      "operation": 159
    },
    {
      "time": 11423,
      "train": 4,
      "operation": 161
    },
    {
      "time": 11436,
      "train": 5,
      "operation": 46
    },
    {
      "time": 11443,
      "train": 5,
      "operation": 51
    },
    {
      "time": 11638,
      "train": 3,
      "operation": 24
    },
    {
      "time": 11657,
      "train": 3,
      "operation": 28
    },
    {
      "time": 11926,
      "train": 4,
      "operation": 163
    },
    {
      "time": 11933,
      "train": 4,
      "operation": 165
    },
    {
      "time": 12270,
      "train": 3,
      "operation": 32
    },
    {
      "time": 12286,
      "train": 3,
      "operation": 37
    },
    {
      "time": 12359,
      "train": 3,
      "operation": 46
    },
    {
      "time": 12403,
      "train": 4,
      "operation": 168
    },
    {
      "time": 12415,
      "train": 4,
      "operation": 170
    },
    {
      "time": 12424,
      "train": 5,
      "operation": 53
    },
    {
      "time": 12426,
      "train": 3,
      "operation": 55
    },
    {
      "time": 12431,
      "train": 5,
      "operation": 55
    },
    {
      "time": 12509,
      "train": 3,
      "operation": 67
    },
    {
      "time": 12517,
      "train": 5,
      "operation": 57
    },
    {
      "time": 12525,
      "train": 5,
      "operation": 59
    },
    {
      "time": 12552,
      "train": 3,
      "operation": 81
    },
    {
      "time": 12640,
      "train": 4,
      "operation": 172
    },
    {
      "time": 12654,
      "train": 4,
      "operation": 174
    },
    {
      "time": 12959,
      "train": 3,
      "operation": 94
    },
    {
      "time": 12976,
      "train": 3,
      "operation": 107
    },
    {
      "time": 13114,
      "train": 4,
      "operation": 175
    },
    {
      "time": 13120,
      "train": 4,
      "operation": 176
    },
    {
      "time": 13175,
      "train": 5,
      "operation": 61
    },
    {
      "time": 13183,
      "train": 5,
      "operation": 62
    },
    {
      "time": 13200,
      "train": 4,
      "operation": 177
    },
    {
      "time": 13208,
      "train": 4,
      "operation": 178
    },
    {
      "time": 13321,
      "train": 4,
      "operation": 180
    },
    {
      "time": 13332,
      "train": 4,
      "operation": 182
    },
    {
      "time": 13514,
      "train": 3,
      "operation": 111
    },
    {
      "time": 13522,
      "train": 3,
      "operation": 113
    },
    {
      "time": 13600,
      "train": 4,
      "operation": 184
    },
    {
      "time": 13613,
      "train": 4,
      "operation": 186
    },
    {
      "time": 13660,
      "train": 3,
      "operation": 115
    },
    {
      "time": 13668,
      "train": 3,
      "operation": 117
    },
    {
      "time": 13781,
      "train": 0,
      "operation": 31
    },
    {
      "time": 13788,
      "train": 0,
      "operation": 36
    },
    {
      "time": 13798,
      "train": 5,
      "operation": 63
    },
    {
      "time": 13805,
      "train": 5,
      "operation": 64
    },
    {
      "time": 13825,
      "train": 5,
      "operation": 65
    },
    {
      "time": 13830,
      "train": 5,
      "operation": 67
    },
    {
      "time": 13845,
      "train": 0,
      "operation": 41
    },
    {
      "time": 13870,
      "train": 3,
      "operation": 119
    },
    {
      "time": 13876,
      "train": 0,
      "operation": 46
    },
    {
      "time": 13883,
      "train": 3,
      "operation": 121
    },
    {
      "time": 13913,
      "train": 4,
      "operation": 187
    },
    {
      "time": 13919,
      "train": 4,
      "operation": 189
    },
    {
      "time": 13928,
      "train": 0,
      "operation": 51
    },
    {
      "time": 13935,
      "train": 0,
      "operation": 56
    },
    {
      "time": 13940,
      "train": 5,
      "operation": 69
    },
    {
      "time": 13947,
      "train": 5,
      "operation": 71
    },
    {
      "time": 14002,
      "train": 4,
      "operation": 191
    },
    {
      "time": 14009,
      "train": 4,
      "operation": 193
    },
    {
      "time": 14236,
      "train": 3,
      "operation": 124
    },
    {
      "time": 14258,
      "train": 3,
      "operation": 128
    },
    {
      "time": 14500,
      "train": 4,
      "operation": 195
    },
    {
      "time": 14506,
      "train": 4,
      "operation": 196
    },
    {
      "time": 14588,
      "train": 4,
      "operation": 197
    },
    {
      "time": 14589,
      "train": 3,
      "operation": 132
    },
    {
      "time": 14596,
      "train": 3,
      "operation": 134
    },
    {
      "time": 14596,
      "train": 4,
      "operation": 198
    },
    {
      "time": 14644,
      "train": 5,
      "operation": 73
    },
    {
      "time": 14650,
      "train": 5,
      "operation": 75
    },
    {
      "time": 14653,
      "train": 3,
      "operation": 138
    },
    {
      "time": 14665,
      "train": 3,
      "operation": 142
    },
    {
      "time": 14750,
      "train": 3,
      "operation": 147
    },
    {
      "time": 14767,
      "train": 5,
      "operation": 77
    },
    {
      "time": 14772,
      "train": 3,
      "operation": 153
    },
    {
      "time": 14775,
      "train": 5,
      "operation": 79
    },
    {
      "time": 14786,
      "train": 5,
      "operation": 81
    },
    {
      "time": 14805,
      "train": 5,
      "operation": 83
    },
    {
      "time": 14814,
      "train": 0,
      "operation": 59
    },
    {
      "time": 14820,
      "train": 0,
      "operation": 61
    },
    {
      "time": 14840,
      "train": 3,
      "operation": 156
    },
    {
      "time": 14856,
      "train": 3,
      "operation": 159
    },
    {
      "time": 14892,
      "train": 0,
      "operation": 63
    },
    {
      "time": 14899,
      "train": 0,
      "operation": 65
    },
    {
      "time": 14938,
      "train": 4,
      "operation": 199
    },
    {
      "time": 14944,
      "train": 4,
      "operation": 201
    },
    {
      "time": 14992,
      "train": 3,
      "operation": 161
    },
    {
      "time": 15015,
      "train": 3,
      "operation": 165
    },
    {
      "time": 15108,
      "train": 3,
      "operation": 169
    },
    {
      "time": 15115,
      "train": 4,
      "operation": 203
    },
    {
      "time": 15121,
      "train": 3,
      "operation": 171
    },
    {
      "time": 15122,
      "train": 4,
      "operation": 206
    },
    {
      "time": 15235,
      "train": 4,
      "operation": 209
    },
    {
      "time": 15248,
      "train": 4,
      "operation": 212
    },
    {
      "time": 15328,
      "train": 4,
      "operation": 215
    },
    {
      "time": 15341,
      "train": 4,
      "operation": 217
    },
    {
      "time": 15357,
      "train": 4,
      "operation": 219
    },
    {
      "time": 15381,
      "train": 4,
      "operation": 221
    },
    {
      "time": 15441,
      "train": 0,
      "operation": 67
    },
    {
      "time": 15448,
      "train": 0,
      "operation": 68
    },
    {
      "time": 15572,
      "train": 3,
      "operation": 173
    },
    {
      "time": 15582,
      "train": 3,
      "operation": 174
    },
    {
      "time": 15694,
      "train": 3,
      "operation": 175
    },
    {
      "time": 15702,
      "train": 3,
      "operation": 176
    },
    {
      "time": 15721,
      "train": 2,
      "operation": 115
    },
    {
      "time": 15729,
      "train": 2,
      "operation": 117
    },
    {
      "time": 15836,
      "train": 4,
      "operation": 223
    },
    {
      "time": 15841,
      "train": 4,
      "operation": 225
    },
    {
      "time": 15938,
      "train": 4,
      "operation": 227
    },
    {
      "time": 15943,
      "train": 4,
      "operation": 229
    },
    {
      "time": 15960,
      "train": 0,
      "operation": 69
    },
    {
      "time": 15966,
      "train": 0,
      "operation": 70
    },
    {
      "time": 15983,
      "train": 0,
      "operation": 71
    },
    {
      "time": 15988,
      "train": 0,
      "operation": 73
    },
    {
      "time": 16031,
      "train": 5,
      "operation": 85
    },
    {
      "time": 16038,
      "train": 5,
      "operation": 87
    },
    {
      "time": 16079,
      "train": 0,
      "operation": 75
    },
    {
      "time": 16085,
      "train": 0,
      "operation": 77
    },
    {
      "time": 16144,
      "train": 5,
      "operation": 89
    },
    {
      "time": 16151,
      "train": 5,
      "operation": 91
    },
    {
      "time": 16172,
      "train": 4,
      "operation": 232
    },
    {
      "time": 16184,
      "train": 4,
      "operation": 234
    },
    {
      "time": 16427,
      "train": 3,
      "operation": 178
    },
    {
      "time": 16438,
      "train": 4,
      "operation": 236
    },
    {
      "time": 16442,
      "train": 3,
      "operation": 180
    },
    {
      "time": 16451,
      "train": 4,
      "operation": 238
    },
    {
      "time": 16666,
      "train": 0,
      "operation": 79
    },
    {
      "time": 16669,
      "train": 3,
      "operation": 182
    },
    {
      "time": 16671,
      "train": 0,
      "operation": 81
    },
    {
      "time": 16687,
      "train": 3,
      "operation": 184
    },
    {
      "time": 16769,
      "train": 0,
      "operation": 83
    },
    {
      "time": 16776,
      "train": 0,
      "operation": 85
    },
    {
      "time": 16785,
      "train": 0,
      "operation": 87
    },
    {
      "time": 16804,
      "train": 0,
      "operation": 89
    },
    {
      "time": 16902,
      "train": 5,
      "operation": 93
    },
    {
      "time": 16908,
      "train": 5,
      "operation": 95
    },
    {
      "time": 16923,
      "train": 4,
      "operation": 240
    },
    {
      "time": 16935,
      "train": 4,
      "operation": 242
    },
    {
      "time": 17044,
      "train": 5,
      "operation": 97
    },
    {
      "time": 17051,
      "train": 5,
      "operation": 99
    },
    {
      "time": 17108,
      "train": 4,
      "operation": 244
    },
    {
      "time": 17124,
      "train": 4,
      "operation": 246
    },
    {
      "time": 17174,
      "train": 4,
      "operation": 249
    },
    {
      "time": 17193,
      "train": 4,
      "operation": 253
    },
    {
      "time": 17248,
      "train": 5,
      "operation": 101
    },
    {
      "time": 17273,
      "train": 5,
      "operation": 102
    },
    {
      "time": 17306,
      "train": 4,
      "operation": 256
    },
    {
      "time": 17330,
      "train": 4,
      "operation": 258
    },
    {
      "time": 17384,
      "train": 3,
      "operation": 185
    },
    {
      "time": 17388,
      "train": 4,
      "operation": 259
    },
    {
      "time": 17392,
      "train": 5,
      "operation": 103
    },
    {
      "time": 17393,
      "train": 4,
      "operation": 260
    },
    {
      "time": 17396,
      "train": 3,
      "operation": 187
    },
    {
      "time": 17400,
      "train": 2,
      "operation": 119
    },
    {
      "time": 17407,
      "train": 2,
      "operation": 121
    },
    {
      "time": 17412,
      "train": 5,
      "operation": 104
    },
    {
      "time": 17640,
      "train": 5,
      "operation": 105
    },
    {
      "time": 17647,
      "train": 5,
      "operation": 106
    },
    {
      "time": 17917,
      "train": 0,
      "operation": 91
    },
    {
      "time": 17923,
      "train": 0,
      "operation": 93
    },
    {
      "time": 17949,
      "train": 3,
      "operation": 189
    },
    {
      "time": 17958,
      "train": 3,
      "operation": 191
    },
    {
      "time": 18012,
      "train": 0,
      "operation": 95
    },
    {
      "time": 18018,
      "train": 0,
      "operation": 97
    },
    {
      "time": 18067,
      "train": 2,
      "operation": 123
    },
    {
      "time": 18079,
      "train": 2,
      "operation": 125
    },
    {
      "time": 18111,
      "train": 5,
      "operation": 107
    },
    {
      "time": 18134,
      "train": 5,
      "operation": 109
    },
    {
      "time": 18199,
      "train": 5,
      "operation": 111
    },
    {
      "time": 18225,
      "train": 5,
      "operation": 113
    },
    {
      "time": 18252,
      "train": 2,
      "operation": 127
    },
    {
      "time": 18268,
      "train": 2,
      "operation": 129
    },
    {
      "time": 18297,
      "train": 5,
      "operation": 115
    },
    {
      "time": 18317,
      "train": 5,
      "operation": 119
    },
    {
      "time": 18318,
      "train": 2,
      "operation": 131
    },
    {
      "time": 18337,
      "train": 2,
      "operation": 135
    },
    {
      "time": 18450,
      "train": 2,
      "operation": 139
    },
    {
      "time": 18474,
      "train": 2,
      "operation": 142
    },
    {
      "time": 18497,
      "train": 5,
      "operation": 123
    },
    {
      "time": 18516,
      "train": 5,
      "operation": 127
    },
    {
      "time": 18541,
      "train": 5,
      "operation": 131
    },
    {
      "time": 18543,
      "train": 2,
      "operation": 144
    },
    {
      "time": 18548,
      "train": 2,
      "operation": 145
    },
    {
      "time": 18550,
      "train": 5,
      "operation": 135
    },
    {
      "time": 18569,
      "train": 5,
      "operation": 139
    },
    {
      "time": 18579,
      "train": 5,
      "operation": 143
    },
    {
      "time": 18611,
      "train": 5,
      "operation": 149
    },
    {
      "time": 18614,
      "train": 3,
      "operation": 193
    },
    {
      "time": 18622,
      "train": 3,
      "operation": 195
    },
    {
      "time": 18644,
      "train": 0,
      "operation": 99
    },
    {
      "time": 18649,
      "train": 0,
      "operation": 101
    },
    {
      "time": 18652,
      "train": 5,
      "operation": 155
    },
    {
      "time": 18689,
      "train": 5,
      "operation": 160
    },
    {
      "time": 18693,
      "train": 5,
      "operation": 164
    },
    {
      "time": 18735,
      "train": 3,
      "operation": 197
    },
    {
      "time": 18743,
      "train": 3,
      "operation": 199
    },
    {
      "time": 18763,
      "train": 0,
      "operation": 103
    },
    {
      "time": 18769,
      "train": 0,
      "operation": 105
    },
    {
      "time": 18934,
      "train": 0,
      "operation": 107
    },
    {
      "time": 18955,
      "train": 0,
      "operation": 108
    },
    {
      "time": 19054,
      "train": 0,
      "operation": 109
    },
    {
      "time": 19056,
      "train": 0,
      "operation": 110
    },
    {
      "time": 19385,
      "train": 3,
      "operation": 201
    },
    {
      "time": 19392,
      "train": 3,
      "operation": 202
    },
    {
      "time": 19504,
      "train": 3,
      "operation": 203
    },
    {
      "time": 19514,
      "train": 3,
      "operation": 204
    },
    {
      "time": 19672,
      "train": 3,
      "operation": 205
    },
    {
      "time": 19678,
      "train": 3,
      "operation": 207
    },
    {
      "time": 19813,
      "train": 3,
      "operation": 209
    },
    {
      "time": 19820,
      "train": 3,
      "operation": 211
    },
    {
      "time": 20239,
      "train": 3,
      "operation": 213
    },
    {
      "time": 20246,
      "train": 3,
      "operation": 215
    },
    {
      "time": 20362,
      "train": 3,
      "operation": 217
    },
    {
      "time": 20371,
      "train": 3,
      "operation": 219
    },
    {
      "time": 21026,
      "train": 3,
      "operation": 221
    },
    {
      "time": 21034,
      "train": 3,
      "operation": 222
    },
    {
      "time": 21148,
      "train": 3,
      "operation": 223
    },
    {
      "time": 21158,
      "train": 3,
      "operation": 224
    },
    {
      "time": 21636,
      "train": 3,
      "operation": 226
    },
    {
      "time": 21648,
      "train": 3,
      "operation": 228
    },
    {
      "time": 21857,
      "train": 3,
      "operation": 230
    },
    {
      "time": 21870,
      "train": 3,
      "operation": 233
    },
    {
      "time": 22028,
      "train": 3,
      "operation": 236
    },
    {
      "time": 22030,
      "train": 3,
      "operation": 238
    }
  ]
}