{"objective_value": 3098, "events": [{"time": 0, "train": 0, "operation": 0}, {"time": 0, "train": 0, "operation": 1}, {"time": 0, "train": 1, "operation": 0}, {"time": 0, "train": 1, "operation": 1}, {"time": 0, "train": 2, "operation": 0}, {"time": 0, "train": 3, "operation": 0}, {"time": 0, "train": 4, "operation": 0}, {"time": 0, "train": 5, "operation": 0}, {"time": 0, "train": 6, "operation": 0}, {"time": 0, "train": 6, "operation": 1}, {"time": 0, "train": 7, "operation": 0}, {"time": 0, "train": 8, "operation": 0}, {"time": 0, "train": 9, "operation": 0}, {"time": 0, "train": 10, "operation": 0}, {"time": 0, "train": 11, "operation": 0}, {"time": 0, "train": 12, "operation": 0}, {"time": 6, "train": 0, "operation": 2}, {"time": 30, "train": 12, "operation": 1}, {"time": 31, "train": 6, "operation": 2}, {"time": 51, "train": 12, "operation": 2}, {"time": 52, "train": 1, "operation": 2}, {"time": 55, "train": 11, "operation": 1}, {"time": 81, "train": 11, "operation": 2}, {"time": 113, "train": 4, "operation": 1}, {"time": 131, "train": 4, "operation": 2}, {"time": 148, "train": 8, "operation": 1}, {"time": 161, "train": 2, "operation": 1}, {"time": 168, "train": 2, "operation": 2}, {"time": 169, "train": 8, "operation": 2}, {"time": 246, "train": 7, "operation": 1}, {"time": 248, "train": 11, "operation": 3}, {"time": 255, "train": 7, "operation": 2}, {"time": 270, "train": 3, "operation": 1}, {"time": 270, "train": 11, "operation": 4}, {"time": 275, "train": 3, "operation": 2}, {"time": 313, "train": 4, "operation": 3}, {"time": 321, "train": 4, "operation": 4}, {"time": 342, "train": 2, "operation": 3}, {"time": 342, "train": 4, "operation": 5}, {"time": 348, "train": 4, "operation": 6}, {"time": 416, "train": 3, "operation": 3}, {"time": 422, "train": 5, "operation": 1}, {"time": 441, "train": 9, "operation": 1}, {"time": 451, "train": 9, "operation": 2}, {"time": 497, "train": 5, "operation": 2}, {"time": 511, "train": 0, "operation": 3}, {"time": 518, "train": 0, "operation": 4}, {"time": 519, "train": 2, "operation": 4}, {"time": 546, "train": 1, "operation": 3}, {"time": 556, "train": 5, "operation": 3}, {"time": 560, "train": 4, "operation": 7}, {"time": 560, "train": 4, "operation": 8}, {"time": 563, "train": 8, "operation": 3}, {"time": 571, "train": 8, "operation": 5}, {"time": 589, "train": 11, "operation": 5}, {"time": 599, "train": 9, "operation": 3}, {"time": 611, "train": 6, "operation": 3}, {"time": 614, "train": 9, "operation": 4}, {"time": 618, "train": 11, "operation": 7}, {"time": 628, "train": 5, "operation": 4}, {"time": 629, "train": 6, "operation": 4}, {"time": 631, "train": 12, "operation": 3}, {"time": 647, "train": 12, "operation": 4}, {"time": 648, "train": 1, "operation": 5}, {"time": 655, "train": 10, "operation": 1}, {"time": 671, "train": 10, "operation": 2}, {"time": 700, "train": 8, "operation": 7}, {"time": 708, "train": 8, "operation": 9}, {"time": 746, "train": 0, "operation": 5}, {"time": 782, "train": 9, "operation": 5}, {"time": 784, "train": 0, "operation": 7}, {"time": 811, "train": 5, "operation": 5}, {"time": 824, "train": 5, "operation": 6}, {"time": 829, "train": 12, "operation": 5}, {"time": 829, "train": 12, "operation": 6}, {"time": 831, "train": 4, "operation": 9}, {"time": 850, "train": 4, "operation": 10}, {"time": 979, "train": 0, "operation": 9}, {"time": 1007, "train": 0, "operation": 13}, {"time": 1024, "train": 2, "operation": 5}, {"time": 1031, "train": 2, "operation": 7}, {"time": 1080, "train": 12, "operation": 7}, {"time": 1095, "train": 12, "operation": 8}, {"time": 1133, "train": 10, "operation": 3}, {"time": 1140, "train": 10, "operation": 4}, {"time": 1175, "train": 7, "operation": 3}, {"time": 1186, "train": 7, "operation": 4}, {"time": 1187, "train": 0, "operation": 17}, {"time": 1187, "train": 3, "operation": 4}, {"time": 1187, "train": 8, "operation": 11}, {"time": 1188, "train": 11, "operation": 9}, {"time": 1196, "train": 8, "operation": 12}, {"time": 1197, "train": 9, "operation": 6}, {"time": 1197, "train": 11, "operation": 11}, {"time": 1204, "train": 0, "operation": 19}, {"time": 1208, "train": 6, "operation": 5}, {"time": 1228, "train": 1, "operation": 7}, {"time": 1230, "train": 6, "operation": 6}, {"time": 1244, "train": 1, "operation": 10}, {"time": 1247, "train": 5, "operation": 7}, {"time": 1254, "train": 5, "operation": 8}, {"time": 1259, "train": 2, "operation": 9}, {"time": 1280, "train": 0, "operation": 21}, {"time": 1297, "train": 2, "operation": 13}, {"time": 1301, "train": 0, "operation": 25}, {"time": 1364, "train": 8, "operation": 13}, {"time": 1379, "train": 8, "operation": 14}, {"time": 1426, "train": 1, "operation": 13}, {"time": 1426, "train": 1, "operation": 15}, {"time": 1476, "train": 7, "operation": 5}, {"time": 1487, "train": 7, "operation": 6}, {"time": 1492, "train": 2, "operation": 17}, {"time": 1498, "train": 11, "operation": 14}, {"time": 1514, "train": 11, "operation": 16}, {"time": 1520, "train": 2, "operation": 21}, {"time": 1521, "train": 12, "operation": 9}, {"time": 1521, "train": 12, "operation": 10}, {"time": 1527, "train": 8, "operation": 15}, {"time": 1527, "train": 8, "operation": 16}, {"time": 1574, "train": 6, "operation": 7}, {"time": 1574, "train": 6, "operation": 8}, {"time": 1597, "train": 11, "operation": 18}, {"time": 1607, "train": 11, "operation": 20}, {"time": 1627, "train": 4, "operation": 11}, {"time": 1648, "train": 4, "operation": 12}, {"time": 1675, "train": 12, "operation": 11}, {"time": 1676, "train": 9, "operation": 7}, {"time": 1677, "train": 1, "operation": 17}, {"time": 1683, "train": 9, "operation": 8}, {"time": 1690, "train": 12, "operation": 12}, {"time": 1692, "train": 1, "operation": 20}, {"time": 1700, "train": 2, "operation": 25}, {"time": 1717, "train": 2, "operation": 27}, {"time": 1758, "train": 10, "operation": 6}, {"time": 1768, "train": 10, "operation": 8}, {"time": 1770, "train": 6, "operation": 9}, {"time": 1772, "train": 11, "operation": 21}, {"time": 1783, "train": 11, "operation": 22}, {"time": 1791, "train": 0, "operation": 30}, {"time": 1793, "train": 2, "operation": 29}, {"time": 1793, "train": 6, "operation": 11}, {"time": 1813, "train": 9, "operation": 9}, {"time": 1821, "train": 9, "operation": 10}, {"time": 1829, "train": 0, "operation": 34}, {"time": 1830, "train": 2, "operation": 33}, {"time": 1842, "train": 12, "operation": 13}, {"time": 1850, "train": 12, "operation": 14}, {"time": 1867, "train": 12, "operation": 15}, {"time": 1872, "train": 12, "operation": 16}, {"time": 1991, "train": 4, "operation": 13}, {"time": 1991, "train": 4, "operation": 14}, {"time": 2019, "train": 3, "operation": 5}, {"time": 2025, "train": 3, "operation": 7}, {"time": 2050, "train": 12, "operation": 17}, {"time": 2050, "train": 12, "operation": 18}, {"time": 2057, "train": 11, "operation": 23}, {"time": 2064, "train": 11, "operation": 24}, {"time": 2094, "train": 5, "operation": 9}, {"time": 2101, "train": 5, "operation": 11}, {"time": 2118, "train": 1, "operation": 23}, {"time": 2118, "train": 1, "operation": 25}, {"time": 2127, "train": 7, "operation": 7}, {"time": 2133, "train": 7, "operation": 9}, {"time": 2183, "train": 10, "operation": 10}, {"time": 2195, "train": 10, "operation": 12}, {"time": 2215, "train": 9, "operation": 11}, {"time": 2222, "train": 9, "operation": 12}, {"time": 2244, "train": 4, "operation": 15}, {"time": 2272, "train": 1, "operation": 27}, {"time": 2275, "train": 12, "operation": 19}, {"time": 2279, "train": 4, "operation": 16}, {"time": 2284, "train": 11, "operation": 25}, {"time": 2284, "train": 11, "operation": 26}, {"time": 2287, "train": 1, "operation": 30}, {"time": 2291, "train": 12, "operation": 20}, {"time": 2297, "train": 5, "operation": 13}, {"time": 2304, "train": 5, "operation": 15}, {"time": 2320, "train": 2, "operation": 37}, {"time": 2329, "train": 7, "operation": 11}, {"time": 2336, "train": 6, "operation": 13}, {"time": 2337, "train": 7, "operation": 13}, {"time": 2345, "train": 6, "operation": 16}, {"time": 2350, "train": 2, "operation": 41}, {"time": 2396, "train": 9, "operation": 13}, {"time": 2402, "train": 9, "operation": 14}, {"time": 2409, "train": 0, "operation": 40}, {"time": 2432, "train": 0, "operation": 44}, {"time": 2439, "train": 1, "operation": 33}, {"time": 2447, "train": 1, "operation": 35}, {"time": 2464, "train": 1, "operation": 37}, {"time": 2469, "train": 1, "operation": 40}, {"time": 2471, "train": 6, "operation": 19}, {"time": 2487, "train": 6, "operation": 24}, {"time": 2564, "train": 3, "operation": 9}, {"time": 2580, "train": 3, "operation": 13}, {"time": 2587, "train": 10, "operation": 13}, {"time": 2596, "train": 10, "operation": 15}, {"time": 2647, "train": 1, "operation": 43}, {"time": 2647, "train": 1, "operation": 46}, {"time": 2703, "train": 4, "operation": 17}, {"time": 2710, "train": 4, "operation": 18}, {"time": 2811, "train": 10, "operation": 17}, {"time": 2831, "train": 10, "operation": 19}, {"time": 2838, "train": 4, "operation": 19}, {"time": 2863, "train": 4, "operation": 20}, {"time": 2872, "train": 1, "operation": 49}, {"time": 2907, "train": 9, "operation": 16}, {"time": 2915, "train": 9, "operation": 18}, {"time": 2931, "train": 2, "operation": 46}, {"time": 2942, "train": 10, "operation": 21}, {"time": 2942, "train": 10, "operation": 23}, {"time": 2957, "train": 5, "operation": 18}, {"time": 2967, "train": 5, "operation": 20}, {"time": 2981, "train": 12, "operation": 21}, {"time": 2985, "train": 3, "operation": 17}, {"time": 2989, "train": 6, "operation": 29}, {"time": 2990, "train": 3, "operation": 19}, {"time": 2998, "train": 12, "operation": 22}, {"time": 2999, "train": 1, "operation": 51}, {"time": 3011, "train": 0, "operation": 47}, {"time": 3019, "train": 6, "operation": 31}, {"time": 3033, "train": 0, "operation": 51}, {"time": 3034, "train": 2, "operation": 50}, {"time": 3108, "train": 4, "operation": 21}, {"time": 3108, "train": 4, "operation": 22}, {"time": 3118, "train": 9, "operation": 21}, {"time": 3149, "train": 9, "operation": 25}, {"time": 3151, "train": 7, "operation": 15}, {"time": 3158, "train": 7, "operation": 17}, {"time": 3215, "train": 10, "operation": 25}, {"time": 3215, "train": 10, "operation": 26}, {"time": 3273, "train": 5, "operation": 22}, {"time": 3285, "train": 5, "operation": 24}, {"time": 3300, "train": 12, "operation": 23}, {"time": 3300, "train": 12, "operation": 24}, {"time": 3344, "train": 9, "operation": 31}, {"time": 3372, "train": 9, "operation": 35}, {"time": 3377, "train": 0, "operation": 53}, {"time": 3377, "train": 0, "operation": 55}, {"time": 3489, "train": 6, "operation": 33}, {"time": 3489, "train": 6, "operation": 34}, {"time": 3500, "train": 3, "operation": 21}, {"time": 3505, "train": 3, "operation": 22}, {"time": 3531, "train": 12, "operation": 25}, {"time": 3539, "train": 4, "operation": 23}, {"time": 3552, "train": 9, "operation": 39}, {"time": 3558, "train": 4, "operation": 24}, {"time": 3566, "train": 12, "operation": 26}, {"time": 3568, "train": 7, "operation": 19}, {"time": 3569, "train": 9, "operation": 43}, {"time": 3573, "train": 0, "operation": 58}, {"time": 3580, "train": 7, "operation": 21}, {"time": 3596, "train": 0, "operation": 62}, {"time": 3613, "train": 2, "operation": 56}, {"time": 3640, "train": 2, "operation": 60}, {"time": 3645, "train": 9, "operation": 49}, {"time": 3666, "train": 9, "operation": 53}, {"time": 3689, "train": 1, "operation": 53}, {"time": 3701, "train": 3, "operation": 23}, {"time": 3706, "train": 1, "operation": 56}, {"time": 3707, "train": 3, "operation": 24}, {"time": 3744, "train": 7, "operation": 23}, {"time": 3779, "train": 6, "operation": 35}, {"time": 3802, "train": 6, "operation": 36}, {"time": 3826, "train": 7, "operation": 25}, {"time": 3826, "train": 7, "operation": 26}, {"time": 3919, "train": 12, "operation": 27}, {"time": 3924, "train": 12, "operation": 28}, {"time": 3984, "train": 2, "operation": 62}, {"time": 3984, "train": 2, "operation": 64}, {"time": 3988, "train": 3, "operation": 26}, {"time": 3999, "train": 3, "operation": 28}, {"time": 4007, "train": 1, "operation": 59}, {"time": 4007, "train": 1, "operation": 62}, {"time": 4032, "train": 12, "operation": 29}, {"time": 4046, "train": 6, "operation": 37}, {"time": 4046, "train": 6, "operation": 38}, {"time": 4053, "train": 12, "operation": 30}, {"time": 4139, "train": 0, "operation": 67}, {"time": 4148, "train": 0, "operation": 70}, {"time": 4153, "train": 3, "operation": 30}, {"time": 4153, "train": 3, "operation": 31}, {"time": 4164, "train": 4, "operation": 25}, {"time": 4180, "train": 2, "operation": 66}, {"time": 4182, "train": 4, "operation": 26}, {"time": 4203, "train": 2, "operation": 68}, {"time": 4211, "train": 9, "operation": 58}, {"time": 4238, "train": 1, "operation": 65}, {"time": 4239, "train": 5, "operation": 26}, {"time": 4248, "train": 5, "operation": 28}, {"time": 4249, "train": 9, "operation": 62}, {"time": 4273, "train": 1, "operation": 67}, {"time": 4274, "train": 0, "operation": 74}, {"time": 4274, "train": 12, "operation": 31}, {"time": 4274, "train": 12, "operation": 32}, {"time": 4294, "train": 0, "operation": 79}, {"time": 4626, "train": 1, "operation": 69}, {"time": 4631, "train": 1, "operation": 72}, {"time": 4671, "train": 12, "operation": 33}, {"time": 4687, "train": 12, "operation": 34}, {"time": 4739, "train": 1, "operation": 75}, {"time": 4746, "train": 2, "operation": 69}, {"time": 4755, "train": 2, "operation": 70}, {"time": 4760, "train": 1, "operation": 78}, {"time": 4787, "train": 4, "operation": 27}, {"time": 4796, "train": 0, "operation": 81}, {"time": 4805, "train": 4, "operation": 28}, {"time": 4826, "train": 0, "operation": 83}, {"time": 4829, "train": 9, "operation": 68}, {"time": 4834, "train": 5, "operation": 32}, {"time": 4850, "train": 5, "operation": 36}, {"time": 4852, "train": 9, "operation": 72}, {"time": 4881, "train": 2, "operation": 71}, {"time": 4897, "train": 2, "operation": 72}, {"time": 4981, "train": 1, "operation": 81}, {"time": 4981, "train": 1, "operation": 83}, {"time": 5275, "train": 5, "operation": 38}, {"time": 5284, "train": 5, "operation": 40}, {"time": 5296, "train": 0, "operation": 85}, {"time": 5296, "train": 0, "operation": 86}, {"time": 5308, "train": 12, "operation": 35}, {"time": 5323, "train": 12, "operation": 36}, {"time": 5338, "train": 4, "operation": 29}, {"time": 5338, "train": 4, "operation": 30}, {"time": 5378, "train": 1, "operation": 85}, {"time": 5394, "train": 1, "operation": 86}, {"time": 5399, "train": 2, "operation": 74}, {"time": 5429, "train": 2, "operation": 76}, {"time": 5431, "train": 9, "operation": 75}, {"time": 5453, "train": 9, "operation": 79}, {"time": 5586, "train": 0, "operation": 88}, {"time": 5604, "train": 0, "operation": 90}, {"time": 5627, "train": 0, "operation": 93}, {"time": 5638, "train": 0, "operation": 96}, {"time": 5797, "train": 0, "operation": 99}, {"time": 5797, "train": 9, "operation": 81}, {"time": 5797, "train": 9, "operation": 83}, {"time": 5809, "train": 0, "operation": 102}, {"time": 5866, "train": 12, "operation": 37}, {"time": 5881, "train": 12, "operation": 38}, {"time": 5896, "train": 5, "operation": 41}, {"time": 5899, "train": 2, "operation": 78}, {"time": 5899, "train": 2, "operation": 80}, {"time": 5902, "train": 5, "operation": 43}, {"time": 5939, "train": 0, "operation": 104}, {"time": 5975, "train": 0, "operation": 106}, {"time": 5993, "train": 9, "operation": 86}, {"time": 6014, "train": 1, "operation": 87}, {"time": 6016, "train": 9, "operation": 90}, {"time": 6029, "train": 1, "operation": 88}, {"time": 6050, "train": 0, "operation": 108}, {"time": 6062, "train": 0, "operation": 110}, {"time": 6155, "train": 0, "operation": 113}, {"time": 6178, "train": 5, "operation": 45}, {"time": 6182, "train": 0, "operation": 117}, {"time": 6186, "train": 5, "operation": 47}, {"time": 6189, "train": 2, "operation": 84}, {"time": 6203, "train": 0, "operation": 122}, {"time": 6207, "train": 2, "operation": 88}, {"time": 6230, "train": 2, "operation": 92}, {"time": 6237, "train": 0, "operation": 128}, {"time": 6241, "train": 2, "operation": 96}, {"time": 6286, "train": 0, "operation": 132}, {"time": 6293, "train": 0, "operation": 142}, {"time": 6313, "train": 0, "operation": 150}, {"time": 6326, "train": 12, "operation": 39}, {"time": 6326, "train": 12, "operation": 40}, {"time": 6359, "train": 0, "operation": 157}, {"time": 6400, "train": 2, "operation": 99}, {"time": 6412, "train": 2, "operation": 102}, {"time": 6442, "train": 0, "operation": 164}, {"time": 6457, "train": 0, "operation": 179}, {"time": 6542, "train": 2, "operation": 104}, {"time": 6559, "train": 9, "operation": 94}, {"time": 6568, "train": 9, "operation": 96}, {"time": 6572, "train": 1, "operation": 89}, {"time": 6578, "train": 0, "operation": 189}, {"time": 6578, "train": 2, "operation": 106}, {"time": 6578, "train": 5, "operation": 50}, {"time": 6587, "train": 1, "operation": 90}, {"time": 6589, "train": 5, "operation": 52}, {"time": 6630, "train": 0, "operation": 201}, {"time": 6653, "train": 2, "operation": 108}, {"time": 6665, "train": 2, "operation": 110}, {"time": 6685, "train": 0, "operation": 211}, {"time": 6694, "train": 9, "operation": 98}, {"time": 6710, "train": 9, "operation": 100}, {"time": 6729, "train": 0, "operation": 223}, {"time": 6739, "train": 0, "operation": 237}, {"time": 6758, "train": 2, "operation": 114}, {"time": 6779, "train": 2, "operation": 118}, {"time": 6799, "train": 2, "operation": 124}, {"time": 6804, "train": 5, "operation": 54}, {"time": 6816, "train": 5, "operation": 56}, {"time": 6821, "train": 0, "operation": 249}, {"time": 6833, "train": 2, "operation": 130}, {"time": 6843, "train": 0, "operation": 263}, {"time": 6843, "train": 0, "operation": 286}, {"time": 6912, "train": 2, "operation": 139}, {"time": 6927, "train": 5, "operation": 58}, {"time": 6927, "train": 5, "operation": 60}, {"time": 6976, "train": 2, "operation": 146}, {"time": 7032, "train": 1, "operation": 91}, {"time": 7032, "train": 1, "operation": 92}, {"time": 7034, "train": 2, "operation": 153}, {"time": 7043, "train": 2, "operation": 160}, {"time": 7111, "train": 2, "operation": 176}, {"time": 7198, "train": 2, "operation": 199}, {"time": 7200, "train": 5, "operation": 61}, {"time": 7200, "train": 5, "operation": 62}, {"time": 7212, "train": 9, "operation": 102}, {"time": 7236, "train": 9, "operation": 104}, {"time": 7262, "train": 2, "operation": 209}, {"time": 7271, "train": 2, "operation": 221}, {"time": 7288, "train": 2, "operation": 234}, {"time": 7329, "train": 2, "operation": 247}, {"time": 7339, "train": 2, "operation": 260}, {"time": 7413, "train": 2, "operation": 272}, {"time": 7433, "train": 2, "operation": 280}, {"time": 7433, "train": 2, "operation": 286}, {"time": 7706, "train": 9, "operation": 106}, {"time": 7706, "train": 9, "operation": 108}, {"time": 7996, "train": 9, "operation": 111}, {"time": 8019, "train": 9, "operation": 115}, {"time": 8263, "train": 9, "operation": 118}, {"time": 8299, "train": 9, "operation": 121}, {"time": 8377, "train": 9, "operation": 124}, {"time": 8386, "train": 9, "operation": 127}, {"time": 8479, "train": 9, "operation": 129}, {"time": 8499, "train": 9, "operation": 132}, {"time": 8520, "train": 9, "operation": 142}, {"time": 8565, "train": 9, "operation": 145}, {"time": 8644, "train": 9, "operation": 150}, {"time": 8708, "train": 9, "operation": 159}, {"time": 8766, "train": 9, "operation": 170}, {"time": 8775, "train": 9, "operation": 181}, {"time": 8843, "train": 9, "operation": 198}, {"time": 8895, "train": 9, "operation": 217}, {"time": 9029, "train": 9, "operation": 251}, {"time": 9111, "train": 9, "operation": 345}, {"time": 9334, "train": 9, "operation": 381}, {"time": 9396, "train": 9, "operation": 453}, {"time": 9515, "train": 9, "operation": 455}, {"time": 9528, "train": 9, "operation": 457}, {"time": 9547, "train": 9, "operation": 459}, {"time": 9547, "train": 9, "operation": 461}, {"time": 9566, "train": 9, "operation": 463}, {"time": 9566, "train": 9, "operation": 465}]}