{"objective_value": 869, "events": [{"time": 0, "train": 0, "operation": 0}, {"time": 0, "train": 1, "operation": 0}, {"time": 0, "train": 2, "operation": 0}, {"time": 0, "train": 3, "operation": 0}, {"time": 0, "train": 4, "operation": 0}, {"time": 0, "train": 5, "operation": 0}, {"time": 0, "train": 5, "operation": 1}, {"time": 0, "train": 6, "operation": 0}, {"time": 0, "train": 6, "operation": 1}, {"time": 0, "train": 7, "operation": 0}, {"time": 0, "train": 8, "operation": 0}, {"time": 0, "train": 8, "operation": 1}, {"time": 11, "train": 2, "operation": 1}, {"time": 19, "train": 2, "operation": 2}, {"time": 20, "train": 5, "operation": 2}, {"time": 23, "train": 6, "operation": 2}, {"time": 232, "train": 8, "operation": 2}, {"time": 320, "train": 3, "operation": 1}, {"time": 322, "train": 0, "operation": 1}, {"time": 335, "train": 3, "operation": 2}, {"time": 337, "train": 0, "operation": 2}, {"time": 405, "train": 7, "operation": 2}, {"time": 408, "train": 2, "operation": 3}, {"time": 408, "train": 2, "operation": 4}, {"time": 430, "train": 7, "operation": 4}, {"time": 451, "train": 6, "operation": 3}, {"time": 496, "train": 6, "operation": 4}, {"time": 499, "train": 3, "operation": 3}, {"time": 503, "train": 3, "operation": 4}, {"time": 584, "train": 3, "operation": 5}, {"time": 589, "train": 3, "operation": 6}, {"time": 654, "train": 5, "operation": 3}, {"time": 661, "train": 8, "operation": 4}, {"time": 672, "train": 8, "operation": 6}, {"time": 679, "train": 5, "operation": 4}, {"time": 696, "train": 6, "operation": 5}, {"time": 713, "train": 6, "operation": 6}, {"time": 726, "train": 1, "operation": 1}, {"time": 736, "train": 1, "operation": 3}, {"time": 736, "train": 8, "operation": 8}, {"time": 747, "train": 6, "operation": 8}, {"time": 754, "train": 8, "operation": 11}, {"time": 780, "train": 6, "operation": 10}, {"time": 832, "train": 8, "operation": 15}, {"time": 843, "train": 8, "operation": 20}, {"time": 880, "train": 1, "operation": 5}, {"time": 886, "train": 3, "operation": 7}, {"time": 888, "train": 1, "operation": 8}, {"time": 902, "train": 3, "operation": 8}, {"time": 948, "train": 4, "operation": 1}, {"time": 948, "train": 4, "operation": 2}, {"time": 1041, "train": 8, "operation": 32}, {"time": 1042, "train": 1, "operation": 11}, {"time": 1050, "train": 0, "operation": 3}, {"time": 1057, "train": 8, "operation": 36}, {"time": 1058, "train": 1, "operation": 13}, {"time": 1064, "train": 7, "operation": 6}, {"time": 1065, "train": 0, "operation": 4}, {"time": 1084, "train": 7, "operation": 8}, {"time": 1212, "train": 6, "operation": 14}, {"time": 1238, "train": 3, "operation": 9}, {"time": 1241, "train": 6, "operation": 20}, {"time": 1243, "train": 3, "operation": 10}, {"time": 1368, "train": 3, "operation": 11}, {"time": 1374, "train": 3, "operation": 12}, {"time": 1414, "train": 1, "operation": 15}, {"time": 1433, "train": 1, "operation": 19}, {"time": 1483, "train": 5, "operation": 5}, {"time": 1503, "train": 5, "operation": 6}, {"time": 1523, "train": 8, "operation": 39}, {"time": 1545, "train": 8, "operation": 42}, {"time": 1610, "train": 0, "operation": 5}, {"time": 1624, "train": 0, "operation": 6}, {"time": 1628, "train": 3, "operation": 13}, {"time": 1633, "train": 3, "operation": 15}, {"time": 1655, "train": 1, "operation": 24}, {"time": 1684, "train": 7, "operation": 9}, {"time": 1688, "train": 1, "operation": 28}, {"time": 1708, "train": 7, "operation": 11}, {"time": 1768, "train": 7, "operation": 13}, {"time": 1774, "train": 7, "operation": 16}, {"time": 1788, "train": 8, "operation": 49}, {"time": 1792, "train": 8, "operation": 53}, {"time": 1796, "train": 3, "operation": 17}, {"time": 1798, "train": 7, "operation": 20}, {"time": 1800, "train": 3, "operation": 19}, {"time": 1823, "train": 7, "operation": 25}, {"time": 1874, "train": 8, "operation": 55}, {"time": 1879, "train": 8, "operation": 57}, {"time": 1893, "train": 6, "operation": 25}, {"time": 1914, "train": 6, "operation": 31}, {"time": 1932, "train": 7, "operation": 30}, {"time": 1948, "train": 7, "operation": 33}, {"time": 1975, "train": 8, "operation": 60}, {"time": 1990, "train": 8, "operation": 62}, {"time": 2020, "train": 5, "operation": 7}, {"time": 2040, "train": 5, "operation": 8}, {"time": 2057, "train": 3, "operation": 21}, {"time": 2061, "train": 3, "operation": 23}, {"time": 2133, "train": 1, "operation": 40}, {"time": 2156, "train": 1, "operation": 46}, {"time": 2226, "train": 7, "operation": 35}, {"time": 2239, "train": 8, "operation": 65}, {"time": 2241, "train": 3, "operation": 25}, {"time": 2243, "train": 8, "operation": 68}, {"time": 2245, "train": 3, "operation": 27}, {"time": 2248, "train": 7, "operation": 39}, {"time": 2252, "train": 1, "operation": 51}, {"time": 2258, "train": 1, "operation": 57}, {"time": 2270, "train": 0, "operation": 7}, {"time": 2281, "train": 0, "operation": 8}, {"time": 2324, "train": 8, "operation": 69}, {"time": 2329, "train": 8, "operation": 70}, {"time": 2469, "train": 8, "operation": 72}, {"time": 2484, "train": 8, "operation": 74}, {"time": 2580, "train": 6, "operation": 40}, {"time": 2601, "train": 6, "operation": 43}, {"time": 2638, "train": 3, "operation": 29}, {"time": 2640, "train": 0, "operation": 10}, {"time": 2641, "train": 3, "operation": 31}, {"time": 2650, "train": 0, "operation": 12}, {"time": 2679, "train": 1, "operation": 64}, {"time": 2700, "train": 1, "operation": 66}, {"time": 2729, "train": 3, "operation": 33}, {"time": 2733, "train": 3, "operation": 35}, {"time": 2735, "train": 6, "operation": 53}, {"time": 2741, "train": 6, "operation": 57}, {"time": 2746, "train": 4, "operation": 3}, {"time": 2759, "train": 4, "operation": 5}, {"time": 2789, "train": 7, "operation": 43}, {"time": 2796, "train": 7, "operation": 46}, {"time": 2840, "train": 1, "operation": 69}, {"time": 2845, "train": 1, "operation": 72}, {"time": 2854, "train": 5, "operation": 9}, {"time": 2855, "train": 6, "operation": 60}, {"time": 2861, "train": 6, "operation": 63}, {"time": 2875, "train": 5, "operation": 10}, {"time": 2902, "train": 7, "operation": 49}, {"time": 2926, "train": 1, "operation": 73}, {"time": 2931, "train": 1, "operation": 74}, {"time": 2932, "train": 7, "operation": 51}, {"time": 2960, "train": 4, "operation": 7}, {"time": 2971, "train": 3, "operation": 37}, {"time": 2971, "train": 4, "operation": 10}, {"time": 2975, "train": 3, "operation": 39}, {"time": 2986, "train": 8, "operation": 78}, {"time": 3010, "train": 8, "operation": 82}, {"time": 3030, "train": 0, "operation": 15}, {"time": 3048, "train": 0, "operation": 19}, {"time": 3104, "train": 5, "operation": 11}, {"time": 3109, "train": 5, "operation": 12}, {"time": 3139, "train": 3, "operation": 41}, {"time": 3139, "train": 3, "operation": 43}, {"time": 3180, "train": 1, "operation": 76}, {"time": 3187, "train": 4, "operation": 13}, {"time": 3195, "train": 1, "operation": 78}, {"time": 3200, "train": 6, "operation": 66}, {"time": 3210, "train": 4, "operation": 15}, {"time": 3223, "train": 5, "operation": 13}, {"time": 3230, "train": 5, "operation": 14}, {"time": 3249, "train": 6, "operation": 68}, {"time": 3291, "train": 1, "operation": 81}, {"time": 3295, "train": 1, "operation": 85}, {"time": 3377, "train": 1, "operation": 88}, {"time": 3394, "train": 8, "operation": 92}, {"time": 3423, "train": 6, "operation": 71}, {"time": 3427, "train": 8, "operation": 94}, {"time": 3430, "train": 6, "operation": 74}, {"time": 3461, "train": 1, "operation": 91}, {"time": 3461, "train": 8, "operation": 96}, {"time": 3477, "train": 8, "operation": 98}, {"time": 3530, "train": 7, "operation": 53}, {"time": 3551, "train": 7, "operation": 57}, {"time": 3595, "train": 0, "operation": 21}, {"time": 3595, "train": 0, "operation": 23}, {"time": 3634, "train": 8, "operation": 100}, {"time": 3638, "train": 4, "operation": 17}, {"time": 3638, "train": 4, "operation": 19}, {"time": 3645, "train": 5, "operation": 15}, {"time": 3666, "train": 5, "operation": 16}, {"time": 3670, "train": 8, "operation": 102}, {"time": 3704, "train": 1, "operation": 93}, {"time": 3726, "train": 1, "operation": 95}, {"time": 3971, "train": 6, "operation": 75}, {"time": 3993, "train": 6, "operation": 77}, {"time": 4051, "train": 5, "operation": 17}, {"time": 4056, "train": 5, "operation": 18}, {"time": 4106, "train": 8, "operation": 105}, {"time": 4129, "train": 8, "operation": 109}, {"time": 4181, "train": 5, "operation": 19}, {"time": 4187, "train": 5, "operation": 20}, {"time": 4192, "train": 1, "operation": 98}, {"time": 4208, "train": 1, "operation": 101}, {"time": 4217, "train": 7, "operation": 70}, {"time": 4238, "train": 7, "operation": 73}, {"time": 4271, "train": 6, "operation": 79}, {"time": 4283, "train": 8, "operation": 111}, {"time": 4286, "train": 6, "operation": 82}, {"time": 4291, "train": 8, "operation": 114}, {"time": 4295, "train": 0, "operation": 26}, {"time": 4305, "train": 0, "operation": 30}, {"time": 4395, "train": 6, "operation": 85}, {"time": 4406, "train": 1, "operation": 108}, {"time": 4417, "train": 1, "operation": 111}, {"time": 4435, "train": 8, "operation": 118}, {"time": 4437, "train": 6, "operation": 88}, {"time": 4441, "train": 5, "operation": 21}, {"time": 4447, "train": 5, "operation": 23}, {"time": 4457, "train": 8, "operation": 120}, {"time": 4486, "train": 6, "operation": 91}, {"time": 4495, "train": 1, "operation": 116}, {"time": 4499, "train": 6, "operation": 94}, {"time": 4513, "train": 1, "operation": 122}, {"time": 4577, "train": 1, "operation": 128}, {"time": 4588, "train": 1, "operation": 134}, {"time": 4610, "train": 0, "operation": 35}, {"time": 4620, "train": 6, "operation": 97}, {"time": 4620, "train": 6, "operation": 98}, {"time": 4626, "train": 0, "operation": 38}, {"time": 4659, "train": 5, "operation": 25}, {"time": 4665, "train": 5, "operation": 27}, {"time": 4890, "train": 7, "operation": 83}, {"time": 4919, "train": 7, "operation": 87}, {"time": 4972, "train": 0, "operation": 44}, {"time": 4999, "train": 5, "operation": 29}, {"time": 5004, "train": 5, "operation": 31}, {"time": 5007, "train": 0, "operation": 46}, {"time": 5017, "train": 1, "operation": 143}, {"time": 5037, "train": 1, "operation": 145}, {"time": 5164, "train": 0, "operation": 48}, {"time": 5181, "train": 0, "operation": 49}, {"time": 5215, "train": 0, "operation": 51}, {"time": 5227, "train": 8, "operation": 122}, {"time": 5227, "train": 8, "operation": 124}, {"time": 5238, "train": 5, "operation": 33}, {"time": 5244, "train": 5, "operation": 35}, {"time": 5248, "train": 0, "operation": 53}, {"time": 5329, "train": 7, "operation": 97}, {"time": 5373, "train": 7, "operation": 99}, {"time": 5407, "train": 7, "operation": 101}, {"time": 5423, "train": 7, "operation": 103}, {"time": 5490, "train": 1, "operation": 147}, {"time": 5508, "train": 1, "operation": 149}, {"time": 5580, "train": 7, "operation": 106}, {"time": 5611, "train": 0, "operation": 57}, {"time": 5616, "train": 7, "operation": 108}, {"time": 5632, "train": 0, "operation": 63}, {"time": 5718, "train": 6, "operation": 99}, {"time": 5718, "train": 6, "operation": 100}, {"time": 5718, "train": 6, "operation": 101}, {"time": 5755, "train": 5, "operation": 37}, {"time": 5759, "train": 5, "operation": 39}, {"time": 5813, "train": 8, "operation": 127}, {"time": 5825, "train": 8, "operation": 131}, {"time": 5874, "train": 5, "operation": 41}, {"time": 5880, "train": 5, "operation": 43}, {"time": 6073, "train": 7, "operation": 112}, {"time": 6083, "train": 1, "operation": 151}, {"time": 6096, "train": 7, "operation": 116}, {"time": 6097, "train": 1, "operation": 152}, {"time": 6098, "train": 0, "operation": 69}, {"time": 6113, "train": 0, "operation": 75}, {"time": 6189, "train": 5, "operation": 45}, {"time": 6194, "train": 5, "operation": 47}, {"time": 6253, "train": 0, "operation": 84}, {"time": 6258, "train": 0, "operation": 87}, {"time": 6290, "train": 8, "operation": 133}, {"time": 6302, "train": 8, "operation": 137}, {"time": 6339, "train": 0, "operation": 88}, {"time": 6344, "train": 0, "operation": 89}, {"time": 6407, "train": 5, "operation": 49}, {"time": 6407, "train": 5, "operation": 51}, {"time": 6466, "train": 1, "operation": 153}, {"time": 6480, "train": 1, "operation": 154}, {"time": 6523, "train": 7, "operation": 119}, {"time": 6537, "train": 7, "operation": 122}, {"time": 6593, "train": 0, "operation": 91}, {"time": 6608, "train": 0, "operation": 93}, {"time": 6704, "train": 0, "operation": 96}, {"time": 6708, "train": 0, "operation": 100}, {"time": 6741, "train": 8, "operation": 141}, {"time": 6753, "train": 8, "operation": 145}, {"time": 6790, "train": 0, "operation": 103}, {"time": 6794, "train": 0, "operation": 106}, {"time": 7037, "train": 0, "operation": 108}, {"time": 7059, "train": 0, "operation": 110}, {"time": 7077, "train": 1, "operation": 155}, {"time": 7092, "train": 1, "operation": 156}, {"time": 7256, "train": 1, "operation": 157}, {"time": 7260, "train": 1, "operation": 158}, {"time": 7341, "train": 1, "operation": 159}, {"time": 7346, "train": 1, "operation": 160}, {"time": 7459, "train": 7, "operation": 128}, {"time": 7459, "train": 7, "operation": 130}, {"time": 7467, "train": 8, "operation": 149}, {"time": 7481, "train": 8, "operation": 153}, {"time": 7525, "train": 0, "operation": 113}, {"time": 7541, "train": 0, "operation": 116}, {"time": 7643, "train": 1, "operation": 161}, {"time": 7659, "train": 1, "operation": 162}, {"time": 7739, "train": 0, "operation": 123}, {"time": 7750, "train": 0, "operation": 126}, {"time": 7828, "train": 0, "operation": 131}, {"time": 7846, "train": 0, "operation": 135}, {"time": 7910, "train": 0, "operation": 139}, {"time": 7921, "train": 0, "operation": 141}, {"time": 7995, "train": 1, "operation": 163}, {"time": 8000, "train": 1, "operation": 164}, {"time": 8027, "train": 8, "operation": 157}, {"time": 8040, "train": 8, "operation": 161}, {"time": 8125, "train": 1, "operation": 165}, {"time": 8131, "train": 1, "operation": 166}, {"time": 8133, "train": 7, "operation": 133}, {"time": 8145, "train": 7, "operation": 137}, {"time": 8350, "train": 0, "operation": 144}, {"time": 8370, "train": 0, "operation": 146}, {"time": 8385, "train": 1, "operation": 167}, {"time": 8390, "train": 1, "operation": 169}, {"time": 8553, "train": 1, "operation": 171}, {"time": 8557, "train": 1, "operation": 173}, {"time": 8610, "train": 7, "operation": 139}, {"time": 8622, "train": 7, "operation": 143}, {"time": 8814, "train": 1, "operation": 175}, {"time": 8818, "train": 1, "operation": 177}, {"time": 8823, "train": 0, "operation": 148}, {"time": 8841, "train": 0, "operation": 150}, {"time": 8888, "train": 8, "operation": 165}, {"time": 8904, "train": 8, "operation": 169}, {"time": 8998, "train": 1, "operation": 179}, {"time": 9002, "train": 1, "operation": 181}, {"time": 9061, "train": 7, "operation": 147}, {"time": 9073, "train": 7, "operation": 151}, {"time": 9395, "train": 1, "operation": 183}, {"time": 9398, "train": 1, "operation": 185}, {"time": 9416, "train": 0, "operation": 152}, {"time": 9430, "train": 0, "operation": 153}, {"time": 9461, "train": 8, "operation": 173}, {"time": 9476, "train": 8, "operation": 177}, {"time": 9486, "train": 1, "operation": 187}, {"time": 9490, "train": 1, "operation": 189}, {"time": 9728, "train": 1, "operation": 191}, {"time": 9732, "train": 1, "operation": 193}, {"time": 9787, "train": 7, "operation": 155}, {"time": 9799, "train": 0, "operation": 154}, {"time": 9801, "train": 7, "operation": 159}, {"time": 9813, "train": 0, "operation": 155}, {"time": 9896, "train": 1, "operation": 195}, {"time": 9896, "train": 1, "operation": 197}, {"time": 9915, "train": 8, "operation": 181}, {"time": 9930, "train": 8, "operation": 185}, {"time": 10336, "train": 8, "operation": 190}, {"time": 10347, "train": 7, "operation": 163}, {"time": 10356, "train": 8, "operation": 194}, {"time": 10360, "train": 7, "operation": 167}, {"time": 10395, "train": 0, "operation": 156}, {"time": 10410, "train": 0, "operation": 157}, {"time": 10574, "train": 0, "operation": 158}, {"time": 10578, "train": 0, "operation": 159}, {"time": 10659, "train": 0, "operation": 160}, {"time": 10664, "train": 0, "operation": 161}, {"time": 10804, "train": 8, "operation": 200}, {"time": 10819, "train": 8, "operation": 206}, {"time": 10961, "train": 0, "operation": 162}, {"time": 10976, "train": 0, "operation": 163}, {"time": 11213, "train": 7, "operation": 171}, {"time": 11235, "train": 7, "operation": 175}, {"time": 11283, "train": 0, "operation": 164}, {"time": 11288, "train": 0, "operation": 165}, {"time": 11401, "train": 0, "operation": 166}, {"time": 11406, "train": 0, "operation": 167}, {"time": 11457, "train": 8, "operation": 212}, {"time": 11472, "train": 8, "operation": 218}, {"time": 11617, "train": 0, "operation": 168}, {"time": 11622, "train": 0, "operation": 170}, {"time": 11773, "train": 0, "operation": 172}, {"time": 11777, "train": 0, "operation": 174}, {"time": 12015, "train": 7, "operation": 179}, {"time": 12016, "train": 0, "operation": 176}, {"time": 12020, "train": 0, "operation": 178}, {"time": 12036, "train": 7, "operation": 183}, {"time": 12063, "train": 8, "operation": 227}, {"time": 12072, "train": 8, "operation": 231}, {"time": 12187, "train": 0, "operation": 180}, {"time": 12191, "train": 0, "operation": 182}, {"time": 12450, "train": 8, "operation": 233}, {"time": 12465, "train": 8, "operation": 237}, {"time": 12557, "train": 0, "operation": 184}, {"time": 12560, "train": 0, "operation": 186}, {"time": 12642, "train": 0, "operation": 188}, {"time": 12646, "train": 0, "operation": 190}, {"time": 12649, "train": 7, "operation": 187}, {"time": 12670, "train": 7, "operation": 191}, {"time": 12769, "train": 8, "operation": 242}, {"time": 12782, "train": 8, "operation": 246}, {"time": 12867, "train": 0, "operation": 192}, {"time": 12871, "train": 0, "operation": 194}, {"time": 13023, "train": 0, "operation": 196}, {"time": 13023, "train": 0, "operation": 198}, {"time": 13168, "train": 7, "operation": 196}, {"time": 13188, "train": 7, "operation": 200}, {"time": 13309, "train": 8, "operation": 252}, {"time": 13324, "train": 8, "operation": 256}, {"time": 13696, "train": 8, "operation": 260}, {"time": 13717, "train": 8, "operation": 264}, {"time": 13756, "train": 7, "operation": 206}, {"time": 13777, "train": 7, "operation": 212}, {"time": 14318, "train": 8, "operation": 278}, {"time": 14337, "train": 8, "operation": 282}, {"time": 14419, "train": 8, "operation": 285}, {"time": 14423, "train": 8, "operation": 288}, {"time": 14670, "train": 7, "operation": 218}, {"time": 14691, "train": 7, "operation": 224}, {"time": 14902, "train": 8, "operation": 300}, {"time": 14917, "train": 8, "operation": 302}, {"time": 15247, "train": 8, "operation": 305}, {"time": 15251, "train": 8, "operation": 308}, {"time": 15332, "train": 8, "operation": 309}, {"time": 15337, "train": 8, "operation": 310}, {"time": 15443, "train": 8, "operation": 312}, {"time": 15457, "train": 8, "operation": 314}, {"time": 15518, "train": 7, "operation": 233}, {"time": 15530, "train": 7, "operation": 237}, {"time": 15910, "train": 7, "operation": 239}, {"time": 15925, "train": 7, "operation": 243}, {"time": 15927, "train": 8, "operation": 318}, {"time": 15942, "train": 8, "operation": 322}, {"time": 16229, "train": 7, "operation": 248}, {"time": 16242, "train": 7, "operation": 252}, {"time": 16333, "train": 8, "operation": 325}, {"time": 16337, "train": 8, "operation": 328}, {"time": 16418, "train": 8, "operation": 329}, {"time": 16439, "train": 8, "operation": 331}, {"time": 16826, "train": 8, "operation": 334}, {"time": 16842, "train": 8, "operation": 338}, {"time": 16888, "train": 7, "operation": 258}, {"time": 16909, "train": 7, "operation": 262}, {"time": 17349, "train": 8, "operation": 342}, {"time": 17364, "train": 8, "operation": 344}, {"time": 17429, "train": 7, "operation": 265}, {"time": 17458, "train": 7, "operation": 268}, {"time": 17894, "train": 8, "operation": 346}, {"time": 17908, "train": 8, "operation": 348}, {"time": 18300, "train": 7, "operation": 282}, {"time": 18326, "train": 7, "operation": 286}, {"time": 18387, "train": 8, "operation": 352}, {"time": 18402, "train": 8, "operation": 356}, {"time": 18441, "train": 7, "operation": 289}, {"time": 18447, "train": 7, "operation": 292}, {"time": 18930, "train": 8, "operation": 360}, {"time": 18944, "train": 8, "operation": 364}, {"time": 19118, "train": 7, "operation": 303}, {"time": 19139, "train": 7, "operation": 305}, {"time": 19458, "train": 8, "operation": 368}, {"time": 19473, "train": 8, "operation": 372}, {"time": 19872, "train": 7, "operation": 307}, {"time": 19892, "train": 7, "operation": 310}, {"time": 19966, "train": 8, "operation": 376}, {"time": 19981, "train": 8, "operation": 380}, {"time": 20139, "train": 8, "operation": 384}, {"time": 20155, "train": 8, "operation": 388}, {"time": 20253, "train": 8, "operation": 394}, {"time": 20272, "train": 8, "operation": 417}, {"time": 20295, "train": 8, "operation": 446}, {"time": 20546, "train": 8, "operation": 453}, {"time": 20550, "train": 7, "operation": 320}, {"time": 20571, "train": 7, "operation": 324}, {"time": 20583, "train": 8, "operation": 467}, {"time": 20626, "train": 8, "operation": 499}, {"time": 20779, "train": 8, "operation": 534}, {"time": 20813, "train": 8, "operation": 544}, {"time": 21117, "train": 7, "operation": 329}, {"time": 21122, "train": 7, "operation": 332}, {"time": 21236, "train": 7, "operation": 333}, {"time": 21265, "train": 7, "operation": 335}, {"time": 21350, "train": 8, "operation": 548}, {"time": 21350, "train": 8, "operation": 549}, {"time": 21806, "train": 7, "operation": 338}, {"time": 21828, "train": 7, "operation": 342}, {"time": 22537, "train": 7, "operation": 346}, {"time": 22558, "train": 7, "operation": 348}, {"time": 23299, "train": 7, "operation": 350}, {"time": 23319, "train": 7, "operation": 352}, {"time": 23989, "train": 7, "operation": 355}, {"time": 24010, "train": 7, "operation": 359}, {"time": 24749, "train": 7, "operation": 362}, {"time": 24769, "train": 7, "operation": 366}, {"time": 25489, "train": 7, "operation": 372}, {"time": 25510, "train": 7, "operation": 376}, {"time": 26200, "train": 7, "operation": 379}, {"time": 26221, "train": 7, "operation": 383}, {"time": 26442, "train": 7, "operation": 387}, {"time": 26464, "train": 7, "operation": 391}, {"time": 26601, "train": 7, "operation": 398}, {"time": 26627, "train": 7, "operation": 421}, {"time": 26659, "train": 7, "operation": 450}, {"time": 26910, "train": 7, "operation": 457}, {"time": 26947, "train": 7, "operation": 471}, {"time": 26990, "train": 7, "operation": 503}, {"time": 27143, "train": 7, "operation": 537}, {"time": 27177, "train": 7, "operation": 542}, {"time": 27714, "train": 7, "operation": 546}, {"time": 27714, "train": 7, "operation": 547}]}