{"objective_value": 7619, "events": [{"time": 0, "train": 0, "operation": 0}, {"time": 0, "train": 0, "operation": 1}, {"time": 0, "train": 1, "operation": 0}, {"time": 0, "train": 2, "operation": 0}, {"time": 0, "train": 2, "operation": 1}, {"time": 0, "train": 3, "operation": 0}, {"time": 0, "train": 3, "operation": 1}, {"time": 0, "train": 4, "operation": 0}, {"time": 0, "train": 5, "operation": 0}, {"time": 0, "train": 6, "operation": 0}, {"time": 0, "train": 6, "operation": 1}, {"time": 0, "train": 7, "operation": 0}, {"time": 0, "train": 7, "operation": 1}, {"time": 0, "train": 8, "operation": 0}, {"time": 0, "train": 8, "operation": 1}, {"time": 7, "train": 6, "operation": 2}, {"time": 8, "train": 8, "operation": 2}, {"time": 26, "train": 2, "operation": 2}, {"time": 40, "train": 7, "operation": 2}, {"time": 83, "train": 3, "operation": 2}, {"time": 94, "train": 6, "operation": 3}, {"time": 99, "train": 6, "operation": 4}, {"time": 177, "train": 3, "operation": 3}, {"time": 193, "train": 2, "operation": 3}, {"time": 201, "train": 2, "operation": 4}, {"time": 201, "train": 7, "operation": 3}, {"time": 235, "train": 7, "operation": 4}, {"time": 243, "train": 7, "operation": 5}, {"time": 299, "train": 7, "operation": 6}, {"time": 356, "train": 6, "operation": 5}, {"time": 365, "train": 6, "operation": 6}, {"time": 448, "train": 3, "operation": 4}, {"time": 461, "train": 4, "operation": 1}, {"time": 484, "train": 4, "operation": 2}, {"time": 489, "train": 3, "operation": 5}, {"time": 489, "train": 3, "operation": 6}, {"time": 489, "train": 3, "operation": 7}, {"time": 595, "train": 1, "operation": 1}, {"time": 605, "train": 5, "operation": 1}, {"time": 605, "train": 0, "operation": 2}, {"time": 611, "train": 5, "operation": 2}, {"time": 656, "train": 2, "operation": 6}, {"time": 673, "train": 7, "operation": 7}, {"time": 676, "train": 2, "operation": 8}, {"time": 686, "train": 7, "operation": 8}, {"time": 728, "train": 0, "operation": 3}, {"time": 761, "train": 6, "operation": 7}, {"time": 771, "train": 0, "operation": 4}, {"time": 784, "train": 5, "operation": 3}, {"time": 795, "train": 5, "operation": 4}, {"time": 809, "train": 6, "operation": 9}, {"time": 815, "train": 6, "operation": 11}, {"time": 883, "train": 6, "operation": 17}, {"time": 922, "train": 2, "operation": 11}, {"time": 932, "train": 2, "operation": 14}, {"time": 962, "train": 8, "operation": 3}, {"time": 970, "train": 8, "operation": 5}, {"time": 1074, "train": 8, "operation": 7}, {"time": 1080, "train": 8, "operation": 9}, {"time": 1099, "train": 7, "operation": 9}, {"time": 1131, "train": 2, "operation": 17}, {"time": 1133, "train": 6, "operation": 23}, {"time": 1142, "train": 2, "operation": 20}, {"time": 1149, "train": 6, "operation": 25}, {"time": 1159, "train": 4, "operation": 3}, {"time": 1175, "train": 4, "operation": 4}, {"time": 1176, "train": 7, "operation": 11}, {"time": 1180, "train": 5, "operation": 5}, {"time": 1187, "train": 5, "operation": 6}, {"time": 1203, "train": 6, "operation": 27}, {"time": 1203, "train": 6, "operation": 29}, {"time": 1205, "train": 2, "operation": 23}, {"time": 1225, "train": 2, "operation": 26}, {"time": 1258, "train": 2, "operation": 29}, {"time": 1314, "train": 5, "operation": 7}, {"time": 1321, "train": 5, "operation": 8}, {"time": 1348, "train": 2, "operation": 39}, {"time": 1348, "train": 8, "operation": 11}, {"time": 1357, "train": 8, "operation": 12}, {"time": 1475, "train": 2, "operation": 41}, {"time": 1511, "train": 2, "operation": 43}, {"time": 1546, "train": 0, "operation": 5}, {"time": 1551, "train": 0, "operation": 7}, {"time": 1552, "train": 1, "operation": 2}, {"time": 1587, "train": 4, "operation": 5}, {"time": 1601, "train": 4, "operation": 6}, {"time": 1646, "train": 2, "operation": 44}, {"time": 1654, "train": 2, "operation": 45}, {"time": 1695, "train": 0, "operation": 9}, {"time": 1701, "train": 7, "operation": 14}, {"time": 1704, "train": 0, "operation": 11}, {"time": 1728, "train": 2, "operation": 46}, {"time": 1728, "train": 7, "operation": 18}, {"time": 1741, "train": 2, "operation": 47}, {"time": 1792, "train": 8, "operation": 14}, {"time": 1829, "train": 2, "operation": 48}, {"time": 1840, "train": 8, "operation": 16}, {"time": 1842, "train": 2, "operation": 51}, {"time": 1848, "train": 8, "operation": 24}, {"time": 1867, "train": 7, "operation": 23}, {"time": 1873, "train": 7, "operation": 26}, {"time": 1909, "train": 8, "operation": 33}, {"time": 1975, "train": 4, "operation": 7}, {"time": 1996, "train": 4, "operation": 9}, {"time": 2004, "train": 4, "operation": 11}, {"time": 2040, "train": 4, "operation": 14}, {"time": 2064, "train": 0, "operation": 14}, {"time": 2076, "train": 0, "operation": 16}, {"time": 2089, "train": 2, "operation": 54}, {"time": 2089, "train": 2, "operation": 57}, {"time": 2113, "train": 8, "operation": 38}, {"time": 2120, "train": 8, "operation": 43}, {"time": 2170, "train": 4, "operation": 17}, {"time": 2187, "train": 8, "operation": 49}, {"time": 2194, "train": 8, "operation": 57}, {"time": 2210, "train": 4, "operation": 22}, {"time": 2281, "train": 0, "operation": 18}, {"time": 2292, "train": 4, "operation": 27}, {"time": 2308, "train": 7, "operation": 28}, {"time": 2328, "train": 7, "operation": 30}, {"time": 2335, "train": 4, "operation": 34}, {"time": 2343, "train": 5, "operation": 9}, {"time": 2348, "train": 5, "operation": 11}, {"time": 2348, "train": 0, "operation": 20}, {"time": 2360, "train": 8, "operation": 62}, {"time": 2368, "train": 8, "operation": 65}, {"time": 2370, "train": 4, "operation": 41}, {"time": 2370, "train": 4, "operation": 48}, {"time": 2374, "train": 1, "operation": 4}, {"time": 2395, "train": 1, "operation": 6}, {"time": 2471, "train": 5, "operation": 13}, {"time": 2477, "train": 5, "operation": 15}, {"time": 2491, "train": 8, "operation": 68}, {"time": 2574, "train": 7, "operation": 32}, {"time": 2585, "train": 1, "operation": 9}, {"time": 2590, "train": 7, "operation": 35}, {"time": 2596, "train": 1, "operation": 12}, {"time": 2597, "train": 8, "operation": 71}, {"time": 2713, "train": 1, "operation": 15}, {"time": 2725, "train": 1, "operation": 18}, {"time": 2787, "train": 7, "operation": 39}, {"time": 2804, "train": 7, "operation": 44}, {"time": 2867, "train": 7, "operation": 48}, {"time": 2887, "train": 7, "operation": 52}, {"time": 2907, "train": 1, "operation": 21}, {"time": 2920, "train": 7, "operation": 55}, {"time": 2949, "train": 1, "operation": 24}, {"time": 3003, "train": 1, "operation": 27}, {"time": 3010, "train": 7, "operation": 60}, {"time": 3013, "train": 1, "operation": 30}, {"time": 3138, "train": 7, "operation": 76}, {"time": 3158, "train": 7, "operation": 82}, {"time": 3263, "train": 1, "operation": 34}, {"time": 3299, "train": 0, "operation": 21}, {"time": 3303, "train": 0, "operation": 23}, {"time": 3308, "train": 1, "operation": 38}, {"time": 3308, "train": 7, "operation": 87}, {"time": 3316, "train": 7, "operation": 90}, {"time": 3317, "train": 1, "operation": 44}, {"time": 3338, "train": 1, "operation": 48}, {"time": 3361, "train": 5, "operation": 17}, {"time": 3370, "train": 5, "operation": 19}, {"time": 3371, "train": 7, "operation": 92}, {"time": 3382, "train": 7, "operation": 94}, {"time": 3406, "train": 0, "operation": 25}, {"time": 3411, "train": 0, "operation": 27}, {"time": 3420, "train": 7, "operation": 96}, {"time": 3435, "train": 7, "operation": 100}, {"time": 3444, "train": 8, "operation": 75}, {"time": 3450, "train": 8, "operation": 77}, {"time": 3468, "train": 1, "operation": 53}, {"time": 3508, "train": 1, "operation": 56}, {"time": 3590, "train": 1, "operation": 59}, {"time": 3603, "train": 5, "operation": 21}, {"time": 3609, "train": 5, "operation": 23}, {"time": 3621, "train": 7, "operation": 104}, {"time": 3623, "train": 8, "operation": 79}, {"time": 3633, "train": 1, "operation": 63}, {"time": 3634, "train": 8, "operation": 81}, {"time": 3636, "train": 7, "operation": 107}, {"time": 3668, "train": 1, "operation": 67}, {"time": 3668, "train": 1, "operation": 71}, {"time": 3942, "train": 7, "operation": 110}, {"time": 3975, "train": 7, "operation": 115}, {"time": 4020, "train": 7, "operation": 120}, {"time": 4021, "train": 8, "operation": 83}, {"time": 4029, "train": 8, "operation": 85}, {"time": 4030, "train": 7, "operation": 123}, {"time": 4163, "train": 8, "operation": 87}, {"time": 4165, "train": 5, "operation": 25}, {"time": 4170, "train": 5, "operation": 27}, {"time": 4170, "train": 8, "operation": 89}, {"time": 4195, "train": 0, "operation": 29}, {"time": 4203, "train": 0, "operation": 31}, {"time": 4296, "train": 5, "operation": 29}, {"time": 4303, "train": 5, "operation": 31}, {"time": 4309, "train": 7, "operation": 126}, {"time": 4314, "train": 7, "operation": 130}, {"time": 4428, "train": 0, "operation": 33}, {"time": 4433, "train": 0, "operation": 35}, {"time": 4751, "train": 7, "operation": 135}, {"time": 4760, "train": 7, "operation": 137}, {"time": 4873, "train": 5, "operation": 33}, {"time": 4880, "train": 5, "operation": 35}, {"time": 4953, "train": 0, "operation": 37}, {"time": 4957, "train": 0, "operation": 39}, {"time": 5027, "train": 7, "operation": 140}, {"time": 5034, "train": 7, "operation": 142}, {"time": 5038, "train": 5, "operation": 37}, {"time": 5045, "train": 5, "operation": 39}, {"time": 5062, "train": 0, "operation": 41}, {"time": 5068, "train": 0, "operation": 43}, {"time": 5118, "train": 7, "operation": 144}, {"time": 5122, "train": 7, "operation": 146}, {"time": 5237, "train": 8, "operation": 91}, {"time": 5242, "train": 8, "operation": 93}, {"time": 5365, "train": 8, "operation": 95}, {"time": 5371, "train": 8, "operation": 97}, {"time": 5521, "train": 5, "operation": 41}, {"time": 5531, "train": 5, "operation": 43}, {"time": 5562, "train": 0, "operation": 45}, {"time": 5569, "train": 0, "operation": 47}, {"time": 5724, "train": 5, "operation": 45}, {"time": 5727, "train": 0, "operation": 49}, {"time": 5732, "train": 5, "operation": 47}, {"time": 5733, "train": 0, "operation": 51}, {"time": 5870, "train": 7, "operation": 149}, {"time": 5878, "train": 7, "operation": 151}, {"time": 6111, "train": 7, "operation": 153}, {"time": 6121, "train": 7, "operation": 155}, {"time": 6147, "train": 0, "operation": 53}, {"time": 6157, "train": 0, "operation": 55}, {"time": 6196, "train": 5, "operation": 50}, {"time": 6209, "train": 5, "operation": 52}, {"time": 6263, "train": 8, "operation": 100}, {"time": 6273, "train": 8, "operation": 102}, {"time": 6323, "train": 7, "operation": 158}, {"time": 6329, "train": 7, "operation": 159}, {"time": 6344, "train": 0, "operation": 57}, {"time": 6351, "train": 0, "operation": 59}, {"time": 6394, "train": 7, "operation": 160}, {"time": 6399, "train": 7, "operation": 161}, {"time": 6535, "train": 8, "operation": 104}, {"time": 6544, "train": 8, "operation": 106}, {"time": 6549, "train": 7, "operation": 162}, {"time": 6554, "train": 7, "operation": 163}, {"time": 6637, "train": 5, "operation": 56}, {"time": 6637, "train": 7, "operation": 165}, {"time": 6648, "train": 7, "operation": 167}, {"time": 6665, "train": 5, "operation": 60}, {"time": 6718, "train": 5, "operation": 63}, {"time": 6727, "train": 5, "operation": 66}, {"time": 6802, "train": 0, "operation": 62}, {"time": 6812, "train": 7, "operation": 169}, {"time": 6815, "train": 0, "operation": 64}, {"time": 6823, "train": 7, "operation": 171}, {"time": 6942, "train": 5, "operation": 67}, {"time": 6956, "train": 5, "operation": 68}, {"time": 7143, "train": 8, "operation": 107}, {"time": 7148, "train": 8, "operation": 109}, {"time": 7180, "train": 7, "operation": 172}, {"time": 7185, "train": 7, "operation": 174}, {"time": 7243, "train": 0, "operation": 68}, {"time": 7271, "train": 0, "operation": 72}, {"time": 7274, "train": 8, "operation": 111}, {"time": 7281, "train": 8, "operation": 113}, {"time": 7324, "train": 0, "operation": 75}, {"time": 7333, "train": 0, "operation": 78}, {"time": 7337, "train": 5, "operation": 69}, {"time": 7337, "train": 7, "operation": 176}, {"time": 7343, "train": 7, "operation": 178}, {"time": 7554, "train": 0, "operation": 79}, {"time": 7559, "train": 5, "operation": 70}, {"time": 7568, "train": 0, "operation": 80}, {"time": 7770, "train": 7, "operation": 180}, {"time": 7776, "train": 7, "operation": 182}, {"time": 7859, "train": 8, "operation": 115}, {"time": 7866, "train": 8, "operation": 117}, {"time": 7937, "train": 7, "operation": 184}, {"time": 7941, "train": 7, "operation": 186}, {"time": 7953, "train": 0, "operation": 81}, {"time": 7974, "train": 5, "operation": 72}, {"time": 7984, "train": 5, "operation": 74}, {"time": 7984, "train": 0, "operation": 82}, {"time": 8024, "train": 8, "operation": 119}, {"time": 8031, "train": 8, "operation": 121}, {"time": 8183, "train": 7, "operation": 188}, {"time": 8189, "train": 7, "operation": 190}, {"time": 8292, "train": 7, "operation": 192}, {"time": 8300, "train": 7, "operation": 194}, {"time": 8362, "train": 0, "operation": 83}, {"time": 8366, "train": 0, "operation": 85}, {"time": 8476, "train": 0, "operation": 87}, {"time": 8482, "train": 0, "operation": 89}, {"time": 8482, "train": 5, "operation": 76}, {"time": 8507, "train": 8, "operation": 123}, {"time": 8518, "train": 8, "operation": 125}, {"time": 8659, "train": 7, "operation": 196}, {"time": 8659, "train": 7, "operation": 197}, {"time": 8734, "train": 8, "operation": 127}, {"time": 8742, "train": 8, "operation": 129}, {"time": 8784, "train": 0, "operation": 91}, {"time": 8790, "train": 0, "operation": 93}, {"time": 8867, "train": 7, "operation": 199}, {"time": 8879, "train": 7, "operation": 201}, {"time": 8912, "train": 0, "operation": 95}, {"time": 8934, "train": 0, "operation": 97}, {"time": 9032, "train": 5, "operation": 78}, {"time": 9214, "train": 8, "operation": 132}, {"time": 9220, "train": 7, "operation": 203}, {"time": 9227, "train": 8, "operation": 134}, {"time": 9231, "train": 7, "operation": 205}, {"time": 9266, "train": 7, "operation": 207}, {"time": 9271, "train": 7, "operation": 209}, {"time": 9287, "train": 7, "operation": 211}, {"time": 9293, "train": 7, "operation": 213}, {"time": 9495, "train": 5, "operation": 79}, {"time": 9501, "train": 5, "operation": 81}, {"time": 9544, "train": 0, "operation": 99}, {"time": 9549, "train": 0, "operation": 101}, {"time": 9627, "train": 5, "operation": 83}, {"time": 9646, "train": 0, "operation": 103}, {"time": 9649, "train": 5, "operation": 85}, {"time": 9651, "train": 0, "operation": 105}, {"time": 9655, "train": 8, "operation": 137}, {"time": 9683, "train": 8, "operation": 141}, {"time": 9900, "train": 7, "operation": 215}, {"time": 9911, "train": 7, "operation": 217}, {"time": 9977, "train": 8, "operation": 144}, {"time": 9984, "train": 8, "operation": 147}, {"time": 10142, "train": 7, "operation": 219}, {"time": 10158, "train": 7, "operation": 221}, {"time": 10332, "train": 5, "operation": 87}, {"time": 10338, "train": 5, "operation": 89}, {"time": 10375, "train": 8, "operation": 151}, {"time": 10406, "train": 8, "operation": 152}, {"time": 10454, "train": 0, "operation": 107}, {"time": 10454, "train": 5, "operation": 91}, {"time": 10459, "train": 0, "operation": 109}, {"time": 10460, "train": 5, "operation": 93}, {"time": 10571, "train": 0, "operation": 111}, {"time": 10576, "train": 0, "operation": 113}, {"time": 10591, "train": 7, "operation": 223}, {"time": 10604, "train": 7, "operation": 225}, {"time": 10821, "train": 8, "operation": 153}, {"time": 10826, "train": 8, "operation": 155}, {"time": 10958, "train": 8, "operation": 157}, {"time": 10966, "train": 8, "operation": 159}, {"time": 11039, "train": 7, "operation": 227}, {"time": 11059, "train": 7, "operation": 229}, {"time": 11206, "train": 0, "operation": 115}, {"time": 11211, "train": 0, "operation": 117}, {"time": 11313, "train": 0, "operation": 119}, {"time": 11318, "train": 0, "operation": 121}, {"time": 11329, "train": 8, "operation": 161}, {"time": 11335, "train": 8, "operation": 163}, {"time": 11424, "train": 5, "operation": 95}, {"time": 11430, "train": 5, "operation": 97}, {"time": 11455, "train": 7, "operation": 231}, {"time": 11461, "train": 8, "operation": 165}, {"time": 11466, "train": 7, "operation": 233}, {"time": 11483, "train": 8, "operation": 167}, {"time": 11564, "train": 5, "operation": 99}, {"time": 11570, "train": 5, "operation": 101}, {"time": 11631, "train": 7, "operation": 235}, {"time": 11639, "train": 7, "operation": 237}, {"time": 11772, "train": 0, "operation": 123}, {"time": 11777, "train": 0, "operation": 125}, {"time": 11877, "train": 0, "operation": 127}, {"time": 11883, "train": 0, "operation": 129}, {"time": 11888, "train": 7, "operation": 238}, {"time": 11894, "train": 7, "operation": 239}, {"time": 11961, "train": 7, "operation": 240}, {"time": 11966, "train": 7, "operation": 241}, {"time": 12068, "train": 7, "operation": 243}, {"time": 12080, "train": 7, "operation": 245}, {"time": 12176, "train": 8, "operation": 169}, {"time": 12182, "train": 8, "operation": 171}, {"time": 12298, "train": 8, "operation": 173}, {"time": 12304, "train": 8, "operation": 175}, {"time": 12326, "train": 5, "operation": 103}, {"time": 12332, "train": 5, "operation": 105}, {"time": 12447, "train": 7, "operation": 247}, {"time": 12455, "train": 5, "operation": 107}, {"time": 12459, "train": 7, "operation": 249}, {"time": 12461, "train": 5, "operation": 109}, {"time": 12539, "train": 0, "operation": 131}, {"time": 12544, "train": 0, "operation": 133}, {"time": 12646, "train": 0, "operation": 135}, {"time": 12652, "train": 0, "operation": 137}, {"time": 12713, "train": 7, "operation": 250}, {"time": 12726, "train": 7, "operation": 251}, {"time": 12753, "train": 7, "operation": 253}, {"time": 12762, "train": 7, "operation": 255}, {"time": 12765, "train": 7, "operation": 258}, {"time": 12813, "train": 7, "operation": 261}, {"time": 12908, "train": 7, "operation": 266}, {"time": 12943, "train": 7, "operation": 269}, {"time": 13006, "train": 5, "operation": 111}, {"time": 13012, "train": 5, "operation": 113}, {"time": 13044, "train": 0, "operation": 139}, {"time": 13049, "train": 0, "operation": 141}, {"time": 13132, "train": 5, "operation": 115}, {"time": 13139, "train": 5, "operation": 117}, {"time": 13147, "train": 0, "operation": 143}, {"time": 13153, "train": 0, "operation": 145}, {"time": 13268, "train": 8, "operation": 177}, {"time": 13274, "train": 8, "operation": 179}, {"time": 13335, "train": 7, "operation": 275}, {"time": 13355, "train": 7, "operation": 277}, {"time": 13408, "train": 8, "operation": 181}, {"time": 13414, "train": 8, "operation": 183}, {"time": 13551, "train": 0, "operation": 147}, {"time": 13560, "train": 0, "operation": 149}, {"time": 13758, "train": 0, "operation": 151}, {"time": 13765, "train": 0, "operation": 153}, {"time": 13781, "train": 7, "operation": 279}, {"time": 13795, "train": 7, "operation": 281}, {"time": 13902, "train": 5, "operation": 119}, {"time": 13902, "train": 7, "operation": 285}, {"time": 13908, "train": 5, "operation": 121}, {"time": 13918, "train": 7, "operation": 289}, {"time": 14030, "train": 5, "operation": 123}, {"time": 14037, "train": 5, "operation": 125}, {"time": 14170, "train": 8, "operation": 185}, {"time": 14176, "train": 8, "operation": 187}, {"time": 14268, "train": 7, "operation": 293}, {"time": 14290, "train": 7, "operation": 297}, {"time": 14299, "train": 8, "operation": 189}, {"time": 14305, "train": 8, "operation": 191}, {"time": 14349, "train": 7, "operation": 301}, {"time": 14366, "train": 7, "operation": 304}, {"time": 14508, "train": 5, "operation": 127}, {"time": 14514, "train": 5, "operation": 129}, {"time": 14628, "train": 7, "operation": 306}, {"time": 14631, "train": 5, "operation": 131}, {"time": 14637, "train": 0, "operation": 155}, {"time": 14638, "train": 5, "operation": 133}, {"time": 14640, "train": 7, "operation": 307}, {"time": 14642, "train": 0, "operation": 157}, {"time": 14746, "train": 7, "operation": 308}, {"time": 14754, "train": 0, "operation": 159}, {"time": 14760, "train": 0, "operation": 161}, {"time": 14762, "train": 7, "operation": 309}, {"time": 14850, "train": 8, "operation": 193}, {"time": 14856, "train": 8, "operation": 195}, {"time": 14976, "train": 8, "operation": 197}, {"time": 14983, "train": 8, "operation": 199}, {"time": 15116, "train": 5, "operation": 135}, {"time": 15125, "train": 5, "operation": 137}, {"time": 15270, "train": 7, "operation": 311}, {"time": 15280, "train": 7, "operation": 313}, {"time": 15323, "train": 5, "operation": 139}, {"time": 15330, "train": 5, "operation": 141}, {"time": 15480, "train": 7, "operation": 315}, {"time": 15490, "train": 7, "operation": 317}, {"time": 15649, "train": 0, "operation": 163}, {"time": 15655, "train": 0, "operation": 165}, {"time": 15755, "train": 8, "operation": 201}, {"time": 15761, "train": 8, "operation": 203}, {"time": 15776, "train": 0, "operation": 167}, {"time": 15782, "train": 0, "operation": 169}, {"time": 15883, "train": 8, "operation": 205}, {"time": 15890, "train": 8, "operation": 207}, {"time": 15937, "train": 7, "operation": 318}, {"time": 15976, "train": 7, "operation": 320}, {"time": 16208, "train": 7, "operation": 322}, {"time": 16212, "train": 7, "operation": 324}, {"time": 16359, "train": 5, "operation": 143}, {"time": 16361, "train": 8, "operation": 209}, {"time": 16365, "train": 5, "operation": 145}, {"time": 16367, "train": 8, "operation": 211}, {"time": 16484, "train": 8, "operation": 213}, {"time": 16491, "train": 8, "operation": 215}, {"time": 16499, "train": 5, "operation": 147}, {"time": 16507, "train": 5, "operation": 149}, {"time": 16510, "train": 7, "operation": 327}, {"time": 16519, "train": 7, "operation": 329}, {"time": 16640, "train": 0, "operation": 171}, {"time": 16645, "train": 0, "operation": 173}, {"time": 16729, "train": 7, "operation": 331}, {"time": 16739, "train": 0, "operation": 175}, {"time": 16739, "train": 7, "operation": 333}, {"time": 16744, "train": 0, "operation": 177}, {"time": 16969, "train": 8, "operation": 217}, {"time": 16978, "train": 8, "operation": 219}, {"time": 17029, "train": 7, "operation": 335}, {"time": 17040, "train": 7, "operation": 337}, {"time": 17176, "train": 7, "operation": 339}, {"time": 17176, "train": 8, "operation": 221}, {"time": 17183, "train": 8, "operation": 223}, {"time": 17185, "train": 7, "operation": 341}, {"time": 17437, "train": 0, "operation": 179}, {"time": 17447, "train": 0, "operation": 180}, {"time": 17566, "train": 7, "operation": 343}, {"time": 17574, "train": 5, "operation": 151}, {"time": 17578, "train": 7, "operation": 345}, {"time": 17581, "train": 5, "operation": 153}, {"time": 17722, "train": 0, "operation": 182}, {"time": 17726, "train": 5, "operation": 155}, {"time": 17734, "train": 5, "operation": 157}, {"time": 17738, "train": 0, "operation": 184}, {"time": 17777, "train": 7, "operation": 347}, {"time": 17789, "train": 7, "operation": 349}, {"time": 17975, "train": 0, "operation": 186}, {"time": 17981, "train": 0, "operation": 188}, {"time": 18062, "train": 0, "operation": 191}, {"time": 18070, "train": 0, "operation": 193}, {"time": 18212, "train": 8, "operation": 225}, {"time": 18218, "train": 8, "operation": 227}, {"time": 18276, "train": 7, "operation": 351}, {"time": 18287, "train": 7, "operation": 353}, {"time": 18352, "train": 8, "operation": 229}, {"time": 18360, "train": 8, "operation": 231}, {"time": 18486, "train": 7, "operation": 355}, {"time": 18495, "train": 7, "operation": 357}, {"time": 18524, "train": 0, "operation": 195}, {"time": 18560, "train": 0, "operation": 197}, {"time": 18740, "train": 5, "operation": 159}, {"time": 18747, "train": 5, "operation": 161}, {"time": 18751, "train": 7, "operation": 358}, {"time": 18755, "train": 7, "operation": 359}, {"time": 18803, "train": 7, "operation": 360}, {"time": 18807, "train": 7, "operation": 361}, {"time": 18859, "train": 5, "operation": 163}, {"time": 18865, "train": 5, "operation": 165}, {"time": 19132, "train": 7, "operation": 362}, {"time": 19136, "train": 7, "operation": 364}, {"time": 19229, "train": 7, "operation": 366}, {"time": 19233, "train": 7, "operation": 368}, {"time": 19427, "train": 8, "operation": 233}, {"time": 19434, "train": 8, "operation": 235}, {"time": 19496, "train": 0, "operation": 210}, {"time": 19503, "train": 0, "operation": 212}, {"time": 19579, "train": 8, "operation": 237}, {"time": 19587, "train": 8, "operation": 239}, {"time": 19604, "train": 7, "operation": 371}, {"time": 19615, "train": 7, "operation": 373}, {"time": 19642, "train": 0, "operation": 214}, {"time": 19647, "train": 0, "operation": 216}, {"time": 19677, "train": 5, "operation": 167}, {"time": 19687, "train": 5, "operation": 168}, {"time": 19764, "train": 7, "operation": 376}, {"time": 19790, "train": 7, "operation": 379}, {"time": 19821, "train": 7, "operation": 382}, {"time": 19965, "train": 5, "operation": 169}, {"time": 19980, "train": 5, "operation": 171}, {"time": 19995, "train": 5, "operation": 173}, {"time": 20003, "train": 5, "operation": 175}, {"time": 20071, "train": 7, "operation": 384}, {"time": 20109, "train": 7, "operation": 385}, {"time": 20140, "train": 0, "operation": 218}, {"time": 20146, "train": 0, "operation": 219}, {"time": 20245, "train": 0, "operation": 220}, {"time": 20252, "train": 0, "operation": 221}, {"time": 20271, "train": 5, "operation": 177}, {"time": 20280, "train": 5, "operation": 178}, {"time": 20377, "train": 5, "operation": 179}, {"time": 20386, "train": 5, "operation": 181}, {"time": 20603, "train": 8, "operation": 241}, {"time": 20610, "train": 8, "operation": 243}, {"time": 20722, "train": 8, "operation": 245}, {"time": 20728, "train": 8, "operation": 247}, {"time": 20791, "train": 7, "operation": 386}, {"time": 20801, "train": 7, "operation": 387}, {"time": 20919, "train": 7, "operation": 389}, {"time": 20930, "train": 5, "operation": 183}, {"time": 20933, "train": 7, "operation": 391}, {"time": 20966, "train": 5, "operation": 185}, {"time": 21166, "train": 7, "operation": 393}, {"time": 21183, "train": 7, "operation": 395}, {"time": 21388, "train": 0, "operation": 222}, {"time": 21406, "train": 0, "operation": 224}, {"time": 21491, "train": 0, "operation": 226}, {"time": 21494, "train": 7, "operation": 397}, {"time": 21496, "train": 0, "operation": 228}, {"time": 21505, "train": 7, "operation": 399}, {"time": 21540, "train": 8, "operation": 249}, {"time": 21541, "train": 7, "operation": 401}, {"time": 21545, "train": 7, "operation": 403}, {"time": 21550, "train": 8, "operation": 250}, {"time": 21595, "train": 7, "operation": 404}, {"time": 21600, "train": 7, "operation": 405}, {"time": 21840, "train": 8, "operation": 252}, {"time": 21848, "train": 8, "operation": 254}, {"time": 21872, "train": 7, "operation": 407}, {"time": 21882, "train": 7, "operation": 409}, {"time": 22048, "train": 7, "operation": 411}, {"time": 22050, "train": 5, "operation": 198}, {"time": 22057, "train": 5, "operation": 200}, {"time": 22060, "train": 7, "operation": 413}, {"time": 22092, "train": 0, "operation": 230}, {"time": 22097, "train": 0, "operation": 232}, {"time": 22133, "train": 8, "operation": 256}, {"time": 22141, "train": 8, "operation": 258}, {"time": 22201, "train": 5, "operation": 202}, {"time": 22202, "train": 0, "operation": 234}, {"time": 22207, "train": 0, "operation": 236}, {"time": 22207, "train": 5, "operation": 204}, {"time": 22238, "train": 8, "operation": 260}, {"time": 22245, "train": 7, "operation": 414}, {"time": 22247, "train": 8, "operation": 263}, {"time": 22256, "train": 7, "operation": 415}, {"time": 22382, "train": 7, "operation": 417}, {"time": 22430, "train": 7, "operation": 419}, {"time": 22752, "train": 7, "operation": 421}, {"time": 22764, "train": 7, "operation": 423}, {"time": 22791, "train": 8, "operation": 269}, {"time": 22798, "train": 5, "operation": 206}, {"time": 22804, "train": 5, "operation": 207}, {"time": 22827, "train": 8, "operation": 271}, {"time": 22903, "train": 5, "operation": 208}, {"time": 22910, "train": 5, "operation": 209}, {"time": 23060, "train": 7, "operation": 424}, {"time": 23065, "train": 7, "operation": 426}, {"time": 23110, "train": 0, "operation": 238}, {"time": 23114, "train": 0, "operation": 240}, {"time": 23126, "train": 7, "operation": 428}, {"time": 23132, "train": 7, "operation": 430}, {"time": 23202, "train": 0, "operation": 242}, {"time": 23207, "train": 0, "operation": 244}, {"time": 23374, "train": 7, "operation": 432}, {"time": 23378, "train": 7, "operation": 434}, {"time": 23484, "train": 7, "operation": 436}, {"time": 23492, "train": 7, "operation": 438}, {"time": 23771, "train": 7, "operation": 440}, {"time": 23776, "train": 7, "operation": 441}, {"time": 23826, "train": 0, "operation": 247}, {"time": 23831, "train": 0, "operation": 249}, {"time": 23857, "train": 7, "operation": 442}, {"time": 23862, "train": 7, "operation": 443}, {"time": 23919, "train": 8, "operation": 285}, {"time": 23927, "train": 8, "operation": 287}, {"time": 24061, "train": 5, "operation": 210}, {"time": 24067, "train": 0, "operation": 251}, {"time": 24080, "train": 8, "operation": 289}, {"time": 24082, "train": 0, "operation": 253}, {"time": 24083, "train": 5, "operation": 212}, {"time": 24086, "train": 8, "operation": 291}, {"time": 24185, "train": 5, "operation": 214}, {"time": 24191, "train": 5, "operation": 216}, {"time": 24260, "train": 7, "operation": 444}, {"time": 24269, "train": 7, "operation": 445}, {"time": 24333, "train": 0, "operation": 254}, {"time": 24339, "train": 0, "operation": 256}, {"time": 24403, "train": 7, "operation": 447}, {"time": 24431, "train": 7, "operation": 449}, {"time": 24464, "train": 0, "operation": 258}, {"time": 24470, "train": 0, "operation": 260}, {"time": 24635, "train": 7, "operation": 451}, {"time": 24644, "train": 7, "operation": 453}, {"time": 24677, "train": 8, "operation": 293}, {"time": 24683, "train": 8, "operation": 294}, {"time": 24782, "train": 8, "operation": 295}, {"time": 24789, "train": 8, "operation": 296}, {"time": 24906, "train": 5, "operation": 218}, {"time": 24912, "train": 5, "operation": 220}, {"time": 25038, "train": 5, "operation": 222}, {"time": 25044, "train": 5, "operation": 224}, {"time": 25145, "train": 7, "operation": 455}, {"time": 25155, "train": 7, "operation": 457}, {"time": 25274, "train": 0, "operation": 262}, {"time": 25282, "train": 0, "operation": 264}, {"time": 25396, "train": 7, "operation": 459}, {"time": 25406, "train": 7, "operation": 461}, {"time": 25414, "train": 0, "operation": 266}, {"time": 25422, "train": 0, "operation": 268}, {"time": 25656, "train": 7, "operation": 463}, {"time": 25672, "train": 7, "operation": 465}, {"time": 25841, "train": 7, "operation": 467}, {"time": 25857, "train": 7, "operation": 469}, {"time": 25870, "train": 0, "operation": 270}, {"time": 25874, "train": 0, "operation": 272}, {"time": 25983, "train": 0, "operation": 274}, {"time": 25988, "train": 0, "operation": 276}, {"time": 25997, "train": 8, "operation": 297}, {"time": 26019, "train": 8, "operation": 299}, {"time": 26067, "train": 7, "operation": 471}, {"time": 26084, "train": 7, "operation": 473}, {"time": 26121, "train": 8, "operation": 301}, {"time": 26127, "train": 8, "operation": 303}, {"time": 26129, "train": 5, "operation": 226}, {"time": 26133, "train": 5, "operation": 228}, {"time": 26239, "train": 5, "operation": 230}, {"time": 26245, "train": 5, "operation": 232}, {"time": 26253, "train": 7, "operation": 475}, {"time": 26267, "train": 7, "operation": 477}, {"time": 26385, "train": 0, "operation": 278}, {"time": 26398, "train": 0, "operation": 280}, {"time": 26500, "train": 0, "operation": 282}, {"time": 26506, "train": 0, "operation": 284}, {"time": 26590, "train": 7, "operation": 479}, {"time": 26604, "train": 7, "operation": 481}, {"time": 26842, "train": 8, "operation": 305}, {"time": 26848, "train": 8, "operation": 307}, {"time": 26856, "train": 7, "operation": 483}, {"time": 26869, "train": 7, "operation": 485}, {"time": 26964, "train": 5, "operation": 234}, {"time": 26974, "train": 8, "operation": 309}, {"time": 26978, "train": 5, "operation": 236}, {"time": 26980, "train": 8, "operation": 311}, {"time": 27023, "train": 0, "operation": 286}, {"time": 27031, "train": 0, "operation": 288}, {"time": 27164, "train": 0, "operation": 290}, {"time": 27172, "train": 0, "operation": 292}, {"time": 27260, "train": 7, "operation": 486}, {"time": 27265, "train": 7, "operation": 488}, {"time": 27304, "train": 5, "operation": 238}, {"time": 27314, "train": 5, "operation": 240}, {"time": 27337, "train": 7, "operation": 490}, {"time": 27343, "train": 7, "operation": 492}, {"time": 27575, "train": 5, "operation": 242}, {"time": 27581, "train": 5, "operation": 244}, {"time": 27626, "train": 7, "operation": 494}, {"time": 27631, "train": 7, "operation": 495}, {"time": 27690, "train": 7, "operation": 496}, {"time": 27695, "train": 7, "operation": 497}, {"time": 27712, "train": 5, "operation": 246}, {"time": 27718, "train": 5, "operation": 248}, {"time": 27871, "train": 7, "operation": 498}, {"time": 27876, "train": 7, "operation": 500}, {"time": 27938, "train": 0, "operation": 294}, {"time": 27943, "train": 0, "operation": 296}, {"time": 27985, "train": 7, "operation": 502}, {"time": 27993, "train": 7, "operation": 504}, {"time": 28033, "train": 0, "operation": 298}, {"time": 28038, "train": 0, "operation": 300}, {"time": 28052, "train": 7, "operation": 507}, {"time": 28062, "train": 7, "operation": 511}, {"time": 28065, "train": 8, "operation": 313}, {"time": 28069, "train": 8, "operation": 315}, {"time": 28175, "train": 8, "operation": 317}, {"time": 28181, "train": 8, "operation": 319}, {"time": 28337, "train": 7, "operation": 516}, {"time": 28356, "train": 7, "operation": 519}, {"time": 28603, "train": 7, "operation": 523}, {"time": 28618, "train": 7, "operation": 527}, {"time": 28639, "train": 5, "operation": 250}, {"time": 28647, "train": 5, "operation": 252}, {"time": 28779, "train": 5, "operation": 254}, {"time": 28787, "train": 5, "operation": 256}, {"time": 28909, "train": 8, "operation": 322}, {"time": 28915, "train": 8, "operation": 324}, {"time": 28954, "train": 0, "operation": 302}, {"time": 28958, "train": 0, "operation": 304}, {"time": 28981, "train": 7, "operation": 529}, {"time": 28991, "train": 7, "operation": 531}, {"time": 29052, "train": 0, "operation": 306}, {"time": 29057, "train": 0, "operation": 308}, {"time": 29151, "train": 8, "operation": 326}, {"time": 29151, "train": 8, "operation": 327}, {"time": 29243, "train": 5, "operation": 258}, {"time": 29248, "train": 5, "operation": 260}, {"time": 29378, "train": 5, "operation": 262}, {"time": 29384, "train": 5, "operation": 264}, {"time": 29425, "train": 7, "operation": 535}, {"time": 29446, "train": 7, "operation": 539}, {"time": 29460, "train": 0, "operation": 310}, {"time": 29466, "train": 0, "operation": 312}, {"time": 29568, "train": 0, "operation": 314}, {"time": 29573, "train": 0, "operation": 316}, {"time": 29768, "train": 7, "operation": 542}, {"time": 29778, "train": 7, "operation": 545}, {"time": 29861, "train": 5, "operation": 266}, {"time": 29875, "train": 5, "operation": 268}, {"time": 29922, "train": 7, "operation": 548}, {"time": 29948, "train": 7, "operation": 551}, {"time": 29971, "train": 7, "operation": 554}, {"time": 29988, "train": 5, "operation": 270}, {"time": 29994, "train": 5, "operation": 272}, {"time": 29998, "train": 7, "operation": 557}, {"time": 30022, "train": 7, "operation": 560}, {"time": 30042, "train": 7, "operation": 565}, {"time": 30052, "train": 7, "operation": 566}, {"time": 30157, "train": 7, "operation": 567}, {"time": 30207, "train": 7, "operation": 569}, {"time": 30249, "train": 0, "operation": 318}, {"time": 30255, "train": 0, "operation": 320}, {"time": 30336, "train": 7, "operation": 571}, {"time": 30343, "train": 0, "operation": 322}, {"time": 30344, "train": 7, "operation": 574}, {"time": 30348, "train": 0, "operation": 324}, {"time": 30371, "train": 7, "operation": 577}, {"time": 30400, "train": 7, "operation": 582}, {"time": 30531, "train": 5, "operation": 274}, {"time": 30539, "train": 5, "operation": 276}, {"time": 30598, "train": 7, "operation": 587}, {"time": 30603, "train": 7, "operation": 591}, {"time": 30672, "train": 5, "operation": 278}, {"time": 30680, "train": 5, "operation": 280}, {"time": 30798, "train": 7, "operation": 594}, {"time": 30836, "train": 7, "operation": 596}, {"time": 30897, "train": 0, "operation": 326}, {"time": 30903, "train": 0, "operation": 328}, {"time": 31041, "train": 0, "operation": 330}, {"time": 31046, "train": 0, "operation": 332}, {"time": 31309, "train": 7, "operation": 598}, {"time": 31309, "train": 7, "operation": 600}, {"time": 31453, "train": 5, "operation": 282}, {"time": 31459, "train": 5, "operation": 284}, {"time": 31567, "train": 5, "operation": 286}, {"time": 31573, "train": 5, "operation": 288}, {"time": 31601, "train": 0, "operation": 334}, {"time": 31607, "train": 0, "operation": 335}, {"time": 31696, "train": 0, "operation": 336}, {"time": 31703, "train": 0, "operation": 337}, {"time": 32316, "train": 0, "operation": 338}, {"time": 32321, "train": 0, "operation": 340}, {"time": 32422, "train": 0, "operation": 342}, {"time": 32428, "train": 0, "operation": 344}, {"time": 32605, "train": 5, "operation": 290}, {"time": 32610, "train": 5, "operation": 292}, {"time": 32723, "train": 5, "operation": 294}, {"time": 32729, "train": 5, "operation": 296}, {"time": 33159, "train": 0, "operation": 346}, {"time": 33168, "train": 0, "operation": 348}, {"time": 33212, "train": 5, "operation": 298}, {"time": 33219, "train": 5, "operation": 300}, {"time": 33342, "train": 5, "operation": 302}, {"time": 33348, "train": 5, "operation": 304}, {"time": 33571, "train": 0, "operation": 350}, {"time": 33578, "train": 0, "operation": 353}, {"time": 33792, "train": 0, "operation": 356}, {"time": 33805, "train": 0, "operation": 359}, {"time": 34028, "train": 0, "operation": 362}, {"time": 34034, "train": 0, "operation": 365}, {"time": 34042, "train": 5, "operation": 306}, {"time": 34049, "train": 5, "operation": 308}, {"time": 34154, "train": 5, "operation": 310}, {"time": 34160, "train": 5, "operation": 312}, {"time": 34273, "train": 0, "operation": 369}, {"time": 34281, "train": 0, "operation": 371}, {"time": 34413, "train": 0, "operation": 373}, {"time": 34420, "train": 0, "operation": 375}, {"time": 34444, "train": 0, "operation": 377}, {"time": 34471, "train": 0, "operation": 379}, {"time": 34762, "train": 5, "operation": 314}, {"time": 34768, "train": 5, "operation": 316}, {"time": 34906, "train": 5, "operation": 318}, {"time": 34912, "train": 5, "operation": 320}, {"time": 35135, "train": 0, "operation": 381}, {"time": 35146, "train": 0, "operation": 382}, {"time": 35303, "train": 0, "operation": 383}, {"time": 35316, "train": 0, "operation": 384}, {"time": 35553, "train": 5, "operation": 322}, {"time": 35560, "train": 5, "operation": 323}, {"time": 35591, "train": 0, "operation": 386}, {"time": 35597, "train": 0, "operation": 388}, {"time": 35666, "train": 5, "operation": 324}, {"time": 35674, "train": 5, "operation": 325}, {"time": 36004, "train": 0, "operation": 390}, {"time": 36011, "train": 0, "operation": 392}, {"time": 36285, "train": 0, "operation": 393}, {"time": 36294, "train": 0, "operation": 395}, {"time": 36314, "train": 5, "operation": 326}, {"time": 36319, "train": 5, "operation": 328}, {"time": 36420, "train": 5, "operation": 330}, {"time": 36426, "train": 5, "operation": 332}, {"time": 36507, "train": 0, "operation": 397}, {"time": 36513, "train": 0, "operation": 399}, {"time": 36877, "train": 0, "operation": 402}, {"time": 36887, "train": 0, "operation": 404}, {"time": 37087, "train": 0, "operation": 406}, {"time": 37096, "train": 0, "operation": 408}, {"time": 37157, "train": 5, "operation": 334}, {"time": 37166, "train": 5, "operation": 336}, {"time": 37543, "train": 0, "operation": 410}, {"time": 37555, "train": 0, "operation": 412}, {"time": 37572, "train": 5, "operation": 338}, {"time": 37579, "train": 5, "operation": 340}, {"time": 37791, "train": 0, "operation": 414}, {"time": 37796, "train": 5, "operation": 342}, {"time": 37809, "train": 0, "operation": 416}, {"time": 37809, "train": 5, "operation": 343}, {"time": 37861, "train": 0, "operation": 418}, {"time": 37861, "train": 0, "operation": 420}, {"time": 37912, "train": 0, "operation": 422}, {"time": 37912, "train": 0, "operation": 425}, {"time": 38032, "train": 5, "operation": 344}, {"time": 38039, "train": 5, "operation": 345}, {"time": 38302, "train": 5, "operation": 346}, {"time": 38311, "train": 5, "operation": 348}, {"time": 38456, "train": 5, "operation": 350}, {"time": 38464, "train": 5, "operation": 352}, {"time": 38490, "train": 5, "operation": 354}, {"time": 38517, "train": 5, "operation": 356}, {"time": 39243, "train": 5, "operation": 358}, {"time": 39254, "train": 5, "operation": 359}, {"time": 39414, "train": 5, "operation": 360}, {"time": 39427, "train": 5, "operation": 361}, {"time": 39757, "train": 5, "operation": 362}, {"time": 39766, "train": 5, "operation": 364}, {"time": 40254, "train": 5, "operation": 366}, {"time": 40264, "train": 5, "operation": 368}, {"time": 40569, "train": 5, "operation": 370}, {"time": 40579, "train": 5, "operation": 372}, {"time": 40810, "train": 5, "operation": 374}, {"time": 40816, "train": 5, "operation": 376}, {"time": 41218, "train": 5, "operation": 379}, {"time": 41228, "train": 5, "operation": 381}, {"time": 41437, "train": 5, "operation": 383}, {"time": 41446, "train": 5, "operation": 385}, {"time": 41893, "train": 5, "operation": 387}, {"time": 41905, "train": 5, "operation": 389}, {"time": 42162, "train": 5, "operation": 391}, {"time": 42180, "train": 5, "operation": 393}, {"time": 42232, "train": 5, "operation": 395}, {"time": 42232, "train": 5, "operation": 397}, {"time": 42283, "train": 5, "operation": 399}, {"time": 42283, "train": 5, "operation": 402}]}