{"objective_value": 3182, "events": [{"time": 0, "train": 0, "operation": 0}, {"time": 0, "train": 1, "operation": 0}, {"time": 0, "train": 2, "operation": 0}, {"time": 0, "train": 3, "operation": 0}, {"time": 0, "train": 4, "operation": 0}, {"time": 0, "train": 4, "operation": 1}, {"time": 28, "train": 4, "operation": 2}, {"time": 47, "train": 1, "operation": 1}, {"time": 155, "train": 2, "operation": 1}, {"time": 163, "train": 2, "operation": 2}, {"time": 212, "train": 1, "operation": 2}, {"time": 299, "train": 4, "operation": 3}, {"time": 356, "train": 2, "operation": 3}, {"time": 366, "train": 2, "operation": 4}, {"time": 370, "train": 4, "operation": 4}, {"time": 488, "train": 1, "operation": 3}, {"time": 494, "train": 1, "operation": 5}, {"time": 608, "train": 1, "operation": 7}, {"time": 636, "train": 1, "operation": 9}, {"time": 702, "train": 3, "operation": 1}, {"time": 712, "train": 3, "operation": 2}, {"time": 851, "train": 2, "operation": 6}, {"time": 893, "train": 3, "operation": 3}, {"time": 907, "train": 1, "operation": 11}, {"time": 913, "train": 3, "operation": 4}, {"time": 978, "train": 1, "operation": 13}, {"time": 983, "train": 2, "operation": 8}, {"time": 1030, "train": 4, "operation": 5}, {"time": 1054, "train": 4, "operation": 6}, {"time": 1179, "train": 2, "operation": 10}, {"time": 1188, "train": 2, "operation": 12}, {"time": 1311, "train": 3, "operation": 5}, {"time": 1316, "train": 3, "operation": 6}, {"time": 1431, "train": 3, "operation": 7}, {"time": 1437, "train": 3, "operation": 8}, {"time": 1464, "train": 2, "operation": 13}, {"time": 1470, "train": 2, "operation": 15}, {"time": 1584, "train": 2, "operation": 17}, {"time": 1585, "train": 0, "operation": 1}, {"time": 1602, "train": 4, "operation": 7}, {"time": 1612, "train": 2, "operation": 19}, {"time": 1617, "train": 4, "operation": 8}, {"time": 1641, "train": 1, "operation": 15}, {"time": 1665, "train": 1, "operation": 19}, {"time": 1682, "train": 0, "operation": 2}, {"time": 1846, "train": 3, "operation": 9}, {"time": 1851, "train": 3, "operation": 10}, {"time": 1883, "train": 2, "operation": 22}, {"time": 1954, "train": 2, "operation": 24}, {"time": 1958, "train": 0, "operation": 4}, {"time": 1967, "train": 0, "operation": 6}, {"time": 1967, "train": 3, "operation": 11}, {"time": 1994, "train": 3, "operation": 12}, {"time": 1997, "train": 4, "operation": 9}, {"time": 2001, "train": 4, "operation": 10}, {"time": 2161, "train": 4, "operation": 11}, {"time": 2163, "train": 0, "operation": 8}, {"time": 2166, "train": 4, "operation": 12}, {"time": 2184, "train": 0, "operation": 10}, {"time": 2191, "train": 1, "operation": 23}, {"time": 2212, "train": 1, "operation": 25}, {"time": 2402, "train": 0, "operation": 12}, {"time": 2412, "train": 0, "operation": 14}, {"time": 2508, "train": 4, "operation": 13}, {"time": 2515, "train": 4, "operation": 14}, {"time": 2592, "train": 1, "operation": 27}, {"time": 2596, "train": 1, "operation": 29}, {"time": 2600, "train": 2, "operation": 28}, {"time": 2600, "train": 4, "operation": 15}, {"time": 2604, "train": 0, "operation": 16}, {"time": 2613, "train": 0, "operation": 18}, {"time": 2624, "train": 2, "operation": 32}, {"time": 2625, "train": 4, "operation": 16}, {"time": 2756, "train": 1, "operation": 31}, {"time": 2782, "train": 3, "operation": 13}, {"time": 2801, "train": 3, "operation": 14}, {"time": 2809, "train": 1, "operation": 33}, {"time": 2829, "train": 0, "operation": 20}, {"time": 2840, "train": 0, "operation": 22}, {"time": 3082, "train": 3, "operation": 15}, {"time": 3087, "train": 3, "operation": 16}, {"time": 3106, "train": 4, "operation": 17}, {"time": 3119, "train": 4, "operation": 18}, {"time": 3150, "train": 2, "operation": 34}, {"time": 3151, "train": 1, "operation": 36}, {"time": 3161, "train": 1, "operation": 38}, {"time": 3165, "train": 2, "operation": 36}, {"time": 3201, "train": 3, "operation": 17}, {"time": 3207, "train": 3, "operation": 18}, {"time": 3246, "train": 1, "operation": 41}, {"time": 3271, "train": 1, "operation": 44}, {"time": 3545, "train": 2, "operation": 37}, {"time": 3549, "train": 2, "operation": 39}, {"time": 3676, "train": 4, "operation": 19}, {"time": 3690, "train": 4, "operation": 20}, {"time": 3709, "train": 2, "operation": 41}, {"time": 3714, "train": 2, "operation": 43}, {"time": 3748, "train": 3, "operation": 19}, {"time": 3752, "train": 1, "operation": 47}, {"time": 3753, "train": 3, "operation": 20}, {"time": 3766, "train": 1, "operation": 50}, {"time": 3958, "train": 3, "operation": 21}, {"time": 3964, "train": 3, "operation": 22}, {"time": 3999, "train": 0, "operation": 26}, {"time": 4007, "train": 0, "operation": 30}, {"time": 4056, "train": 2, "operation": 46}, {"time": 4066, "train": 2, "operation": 48}, {"time": 4151, "train": 2, "operation": 51}, {"time": 4158, "train": 0, "operation": 32}, {"time": 4176, "train": 2, "operation": 54}, {"time": 4178, "train": 0, "operation": 34}, {"time": 4323, "train": 1, "operation": 53}, {"time": 4337, "train": 1, "operation": 56}, {"time": 4428, "train": 3, "operation": 23}, {"time": 4446, "train": 3, "operation": 24}, {"time": 4454, "train": 4, "operation": 21}, {"time": 4470, "train": 4, "operation": 22}, {"time": 4532, "train": 0, "operation": 35}, {"time": 4536, "train": 0, "operation": 37}, {"time": 4581, "train": 4, "operation": 23}, {"time": 4602, "train": 4, "operation": 24}, {"time": 4624, "train": 0, "operation": 39}, {"time": 4629, "train": 0, "operation": 41}, {"time": 4657, "train": 2, "operation": 57}, {"time": 4671, "train": 2, "operation": 60}, {"time": 4742, "train": 1, "operation": 58}, {"time": 4758, "train": 1, "operation": 60}, {"time": 4781, "train": 1, "operation": 62}, {"time": 4789, "train": 1, "operation": 65}, {"time": 4871, "train": 1, "operation": 68}, {"time": 4892, "train": 1, "operation": 72}, {"time": 4898, "train": 3, "operation": 25}, {"time": 4922, "train": 3, "operation": 26}, {"time": 4944, "train": 0, "operation": 43}, {"time": 4948, "train": 0, "operation": 44}, {"time": 5038, "train": 0, "operation": 46}, {"time": 5065, "train": 0, "operation": 48}, {"time": 5228, "train": 2, "operation": 63}, {"time": 5242, "train": 2, "operation": 66}, {"time": 5259, "train": 4, "operation": 25}, {"time": 5274, "train": 4, "operation": 26}, {"time": 5310, "train": 3, "operation": 27}, {"time": 5328, "train": 3, "operation": 28}, {"time": 5501, "train": 1, "operation": 77}, {"time": 5516, "train": 1, "operation": 80}, {"time": 5647, "train": 2, "operation": 68}, {"time": 5663, "train": 2, "operation": 70}, {"time": 5686, "train": 2, "operation": 72}, {"time": 5694, "train": 2, "operation": 75}, {"time": 5737, "train": 0, "operation": 50}, {"time": 5756, "train": 0, "operation": 52}, {"time": 5775, "train": 4, "operation": 27}, {"time": 5776, "train": 2, "operation": 78}, {"time": 5789, "train": 4, "operation": 28}, {"time": 5797, "train": 2, "operation": 82}, {"time": 5799, "train": 3, "operation": 29}, {"time": 5804, "train": 3, "operation": 31}, {"time": 5972, "train": 0, "operation": 53}, {"time": 5976, "train": 0, "operation": 55}, {"time": 6017, "train": 1, "operation": 83}, {"time": 6017, "train": 3, "operation": 33}, {"time": 6023, "train": 3, "operation": 35}, {"time": 6037, "train": 1, "operation": 86}, {"time": 6064, "train": 0, "operation": 57}, {"time": 6068, "train": 0, "operation": 59}, {"time": 6119, "train": 1, "operation": 88}, {"time": 6124, "train": 1, "operation": 90}, {"time": 6332, "train": 3, "operation": 37}, {"time": 6337, "train": 3, "operation": 39}, {"time": 6339, "train": 4, "operation": 29}, {"time": 6360, "train": 4, "operation": 30}, {"time": 6406, "train": 2, "operation": 87}, {"time": 6421, "train": 2, "operation": 90}, {"time": 6451, "train": 3, "operation": 41}, {"time": 6456, "train": 3, "operation": 43}, {"time": 6484, "train": 0, "operation": 61}, {"time": 6488, "train": 0, "operation": 63}, {"time": 6492, "train": 4, "operation": 31}, {"time": 6496, "train": 4, "operation": 33}, {"time": 6581, "train": 1, "operation": 91}, {"time": 6592, "train": 4, "operation": 35}, {"time": 6597, "train": 4, "operation": 37}, {"time": 6646, "train": 0, "operation": 65}, {"time": 6650, "train": 0, "operation": 67}, {"time": 6781, "train": 1, "operation": 92}, {"time": 6913, "train": 1, "operation": 93}, {"time": 6917, "train": 1, "operation": 95}, {"time": 6922, "train": 2, "operation": 93}, {"time": 6929, "train": 4, "operation": 39}, {"time": 6933, "train": 4, "operation": 41}, {"time": 6942, "train": 2, "operation": 96}, {"time": 6967, "train": 3, "operation": 45}, {"time": 6972, "train": 3, "operation": 47}, {"time": 7008, "train": 0, "operation": 70}, {"time": 7013, "train": 1, "operation": 97}, {"time": 7022, "train": 0, "operation": 72}, {"time": 7024, "train": 2, "operation": 98}, {"time": 7029, "train": 2, "operation": 100}, {"time": 7085, "train": 4, "operation": 43}, {"time": 7090, "train": 4, "operation": 45}, {"time": 7117, "train": 1, "operation": 99}, {"time": 7206, "train": 3, "operation": 49}, {"time": 7212, "train": 3, "operation": 51}, {"time": 7299, "train": 4, "operation": 47}, {"time": 7309, "train": 4, "operation": 49}, {"time": 7417, "train": 0, "operation": 74}, {"time": 7434, "train": 0, "operation": 76}, {"time": 7449, "train": 1, "operation": 101}, {"time": 7453, "train": 1, "operation": 103}, {"time": 7486, "train": 2, "operation": 101}, {"time": 7502, "train": 2, "operation": 102}, {"time": 7546, "train": 3, "operation": 53}, {"time": 7551, "train": 3, "operation": 55}, {"time": 7605, "train": 1, "operation": 105}, {"time": 7610, "train": 1, "operation": 107}, {"time": 7634, "train": 2, "operation": 103}, {"time": 7638, "train": 2, "operation": 105}, {"time": 7711, "train": 0, "operation": 78}, {"time": 7724, "train": 0, "operation": 80}, {"time": 7734, "train": 2, "operation": 107}, {"time": 7739, "train": 2, "operation": 109}, {"time": 7763, "train": 3, "operation": 57}, {"time": 7770, "train": 3, "operation": 59}, {"time": 7789, "train": 4, "operation": 51}, {"time": 7804, "train": 4, "operation": 55}, {"time": 7819, "train": 1, "operation": 110}, {"time": 7829, "train": 1, "operation": 112}, {"time": 8024, "train": 3, "operation": 61}, {"time": 8029, "train": 3, "operation": 62}, {"time": 8065, "train": 0, "operation": 81}, {"time": 8069, "train": 0, "operation": 83}, {"time": 8071, "train": 2, "operation": 111}, {"time": 8075, "train": 2, "operation": 113}, {"time": 8154, "train": 3, "operation": 63}, {"time": 8160, "train": 3, "operation": 64}, {"time": 8227, "train": 2, "operation": 115}, {"time": 8232, "train": 2, "operation": 117}, {"time": 8233, "train": 0, "operation": 85}, {"time": 8237, "train": 0, "operation": 87}, {"time": 8259, "train": 1, "operation": 116}, {"time": 8274, "train": 1, "operation": 120}, {"time": 8325, "train": 4, "operation": 59}, {"time": 8339, "train": 4, "operation": 62}, {"time": 8441, "train": 2, "operation": 119}, {"time": 8451, "train": 2, "operation": 121}, {"time": 8475, "train": 0, "operation": 89}, {"time": 8479, "train": 0, "operation": 91}, {"time": 8545, "train": 3, "operation": 65}, {"time": 8566, "train": 3, "operation": 66}, {"time": 8567, "train": 0, "operation": 93}, {"time": 8571, "train": 0, "operation": 95}, {"time": 8685, "train": 4, "operation": 65}, {"time": 8701, "train": 4, "operation": 68}, {"time": 8795, "train": 1, "operation": 123}, {"time": 8809, "train": 1, "operation": 126}, {"time": 8881, "train": 2, "operation": 123}, {"time": 8896, "train": 2, "operation": 127}, {"time": 8964, "train": 0, "operation": 97}, {"time": 8968, "train": 0, "operation": 99}, {"time": 8981, "train": 3, "operation": 67}, {"time": 8983, "train": 4, "operation": 71}, {"time": 8988, "train": 3, "operation": 68}, {"time": 8988, "train": 4, "operation": 74}, {"time": 9054, "train": 4, "operation": 77}, {"time": 9059, "train": 4, "operation": 79}, {"time": 9102, "train": 3, "operation": 69}, {"time": 9108, "train": 3, "operation": 70}, {"time": 9148, "train": 0, "operation": 101}, {"time": 9152, "train": 0, "operation": 103}, {"time": 9155, "train": 1, "operation": 129}, {"time": 9169, "train": 4, "operation": 81}, {"time": 9171, "train": 1, "operation": 132}, {"time": 9202, "train": 4, "operation": 84}, {"time": 9337, "train": 3, "operation": 71}, {"time": 9358, "train": 3, "operation": 72}, {"time": 9409, "train": 0, "operation": 105}, {"time": 9413, "train": 0, "operation": 107}, {"time": 9417, "train": 2, "operation": 131}, {"time": 9431, "train": 2, "operation": 134}, {"time": 9576, "train": 0, "operation": 109}, {"time": 9581, "train": 0, "operation": 111}, {"time": 9638, "train": 1, "operation": 135}, {"time": 9671, "train": 1, "operation": 138}, {"time": 9748, "train": 1, "operation": 140}, {"time": 9756, "train": 1, "operation": 142}, {"time": 9777, "train": 2, "operation": 137}, {"time": 9793, "train": 2, "operation": 140}, {"time": 9812, "train": 0, "operation": 113}, {"time": 9825, "train": 0, "operation": 114}, {"time": 9834, "train": 4, "operation": 87}, {"time": 9857, "train": 4, "operation": 90}, {"time": 9950, "train": 0, "operation": 115}, {"time": 9956, "train": 0, "operation": 116}, {"time": 10075, "train": 2, "operation": 143}, {"time": 10080, "train": 2, "operation": 146}, {"time": 10146, "train": 2, "operation": 149}, {"time": 10151, "train": 2, "operation": 151}, {"time": 10172, "train": 3, "operation": 73}, {"time": 10192, "train": 3, "operation": 74}, {"time": 10261, "train": 2, "operation": 153}, {"time": 10294, "train": 2, "operation": 156}, {"time": 10307, "train": 1, "operation": 145}, {"time": 10316, "train": 0, "operation": 117}, {"time": 10330, "train": 1, "operation": 148}, {"time": 10332, "train": 0, "operation": 118}, {"time": 10511, "train": 4, "operation": 93}, {"time": 10536, "train": 4, "operation": 95}, {"time": 10629, "train": 0, "operation": 119}, {"time": 10634, "train": 0, "operation": 120}, {"time": 10709, "train": 3, "operation": 75}, {"time": 10715, "train": 0, "operation": 121}, {"time": 10719, "train": 0, "operation": 122}, {"time": 10729, "train": 3, "operation": 76}, {"time": 10883, "train": 0, "operation": 123}, {"time": 10898, "train": 0, "operation": 124}, {"time": 10926, "train": 2, "operation": 159}, {"time": 10949, "train": 2, "operation": 162}, {"time": 10984, "train": 1, "operation": 151}, {"time": 11009, "train": 1, "operation": 154}, {"time": 11032, "train": 4, "operation": 97}, {"time": 11056, "train": 4, "operation": 100}, {"time": 11206, "train": 1, "operation": 156}, {"time": 11213, "train": 1, "operation": 158}, {"time": 11491, "train": 0, "operation": 125}, {"time": 11505, "train": 0, "operation": 126}, {"time": 11507, "train": 1, "operation": 161}, {"time": 11531, "train": 1, "operation": 164}, {"time": 11533, "train": 3, "operation": 77}, {"time": 11558, "train": 3, "operation": 78}, {"time": 11603, "train": 2, "operation": 165}, {"time": 11614, "train": 4, "operation": 103}, {"time": 11628, "train": 2, "operation": 167}, {"time": 11639, "train": 4, "operation": 106}, {"time": 11874, "train": 0, "operation": 127}, {"time": 11888, "train": 0, "operation": 128}, {"time": 12080, "train": 4, "operation": 109}, {"time": 12101, "train": 1, "operation": 167}, {"time": 12103, "train": 4, "operation": 112}, {"time": 12124, "train": 2, "operation": 169}, {"time": 12129, "train": 1, "operation": 170}, {"time": 12148, "train": 2, "operation": 172}, {"time": 12230, "train": 3, "operation": 79}, {"time": 12269, "train": 3, "operation": 81}, {"time": 12463, "train": 0, "operation": 129}, {"time": 12481, "train": 0, "operation": 130}, {"time": 12613, "train": 1, "operation": 173}, {"time": 12636, "train": 1, "operation": 176}, {"time": 12706, "train": 2, "operation": 175}, {"time": 12731, "train": 2, "operation": 178}, {"time": 12859, "train": 4, "operation": 115}, {"time": 12869, "train": 3, "operation": 83}, {"time": 12882, "train": 4, "operation": 119}, {"time": 12884, "train": 3, "operation": 86}, {"time": 12944, "train": 3, "operation": 89}, {"time": 12950, "train": 3, "operation": 93}, {"time": 12974, "train": 3, "operation": 98}, {"time": 12983, "train": 0, "operation": 132}, {"time": 12999, "train": 3, "operation": 105}, {"time": 13003, "train": 0, "operation": 134}, {"time": 13108, "train": 3, "operation": 112}, {"time": 13124, "train": 3, "operation": 115}, {"time": 13172, "train": 2, "operation": 181}, {"time": 13195, "train": 2, "operation": 184}, {"time": 13402, "train": 3, "operation": 117}, {"time": 13424, "train": 3, "operation": 121}, {"time": 13432, "train": 0, "operation": 137}, {"time": 13443, "train": 0, "operation": 140}, {"time": 13476, "train": 1, "operation": 180}, {"time": 13477, "train": 4, "operation": 123}, {"time": 13477, "train": 4, "operation": 125}, {"time": 13502, "train": 1, "operation": 184}, {"time": 13507, "train": 0, "operation": 143}, {"time": 13525, "train": 0, "operation": 147}, {"time": 13603, "train": 0, "operation": 153}, {"time": 13614, "train": 0, "operation": 158}, {"time": 13812, "train": 0, "operation": 170}, {"time": 13828, "train": 0, "operation": 174}, {"time": 13951, "train": 2, "operation": 187}, {"time": 13965, "train": 3, "operation": 125}, {"time": 13972, "train": 3, "operation": 128}, {"time": 13974, "train": 2, "operation": 191}, {"time": 14078, "train": 3, "operation": 131}, {"time": 14097, "train": 1, "operation": 186}, {"time": 14097, "train": 1, "operation": 187}, {"time": 14108, "train": 3, "operation": 133}, {"time": 14294, "train": 0, "operation": 177}, {"time": 14316, "train": 0, "operation": 180}, {"time": 14559, "train": 0, "operation": 187}, {"time": 14563, "train": 0, "operation": 191}, {"time": 14569, "train": 2, "operation": 195}, {"time": 14569, "train": 2, "operation": 197}, {"time": 14645, "train": 0, "operation": 193}, {"time": 14650, "train": 0, "operation": 195}, {"time": 14706, "train": 3, "operation": 135}, {"time": 14727, "train": 3, "operation": 139}, {"time": 14746, "train": 0, "operation": 198}, {"time": 14761, "train": 0, "operation": 200}, {"time": 15010, "train": 0, "operation": 203}, {"time": 15014, "train": 0, "operation": 207}, {"time": 15095, "train": 0, "operation": 209}, {"time": 15100, "train": 0, "operation": 211}, {"time": 15240, "train": 0, "operation": 214}, {"time": 15255, "train": 0, "operation": 216}, {"time": 15505, "train": 3, "operation": 153}, {"time": 15540, "train": 3, "operation": 157}, {"time": 15757, "train": 0, "operation": 220}, {"time": 15781, "train": 0, "operation": 224}, {"time": 16073, "train": 3, "operation": 169}, {"time": 16165, "train": 0, "operation": 236}, {"time": 16198, "train": 0, "operation": 240}, {"time": 16232, "train": 0, "operation": 248}, {"time": 16248, "train": 0, "operation": 258}, {"time": 16306, "train": 3, "operation": 173}, {"time": 16405, "train": 0, "operation": 268}, {"time": 16422, "train": 3, "operation": 178}, {"time": 16441, "train": 0, "operation": 278}, {"time": 16450, "train": 3, "operation": 182}, {"time": 16860, "train": 3, "operation": 188}, {"time": 16863, "train": 0, "operation": 284}, {"time": 16879, "train": 0, "operation": 286}, {"time": 16893, "train": 3, "operation": 192}, {"time": 16927, "train": 3, "operation": 200}, {"time": 16943, "train": 3, "operation": 210}, {"time": 17100, "train": 3, "operation": 220}, {"time": 17136, "train": 3, "operation": 230}, {"time": 17184, "train": 0, "operation": 288}, {"time": 17194, "train": 0, "operation": 290}, {"time": 17607, "train": 3, "operation": 236}, {"time": 17630, "train": 3, "operation": 238}, {"time": 17959, "train": 0, "operation": 292}, {"time": 17959, "train": 0, "operation": 294}, {"time": 18057, "train": 3, "operation": 240}, {"time": 18161, "train": 3, "operation": 242}, {"time": 18545, "train": 0, "operation": 297}, {"time": 18557, "train": 0, "operation": 301}, {"time": 19022, "train": 0, "operation": 303}, {"time": 19034, "train": 0, "operation": 307}, {"time": 19083, "train": 3, "operation": 244}, {"time": 19083, "train": 3, "operation": 246}, {"time": 19473, "train": 0, "operation": 311}, {"time": 19485, "train": 0, "operation": 315}, {"time": 19757, "train": 3, "operation": 249}, {"time": 19769, "train": 3, "operation": 253}, {"time": 20199, "train": 0, "operation": 319}, {"time": 20213, "train": 0, "operation": 323}, {"time": 20234, "train": 3, "operation": 255}, {"time": 20246, "train": 3, "operation": 259}, {"time": 20685, "train": 3, "operation": 263}, {"time": 20697, "train": 3, "operation": 267}, {"time": 20759, "train": 0, "operation": 327}, {"time": 20772, "train": 0, "operation": 331}, {"time": 21411, "train": 3, "operation": 271}, {"time": 21425, "train": 3, "operation": 275}, {"time": 21607, "train": 0, "operation": 335}, {"time": 21623, "train": 0, "operation": 339}, {"time": 21971, "train": 3, "operation": 279}, {"time": 21984, "train": 3, "operation": 283}, {"time": 22180, "train": 0, "operation": 343}, {"time": 22195, "train": 0, "operation": 347}, {"time": 22634, "train": 0, "operation": 351}, {"time": 22649, "train": 0, "operation": 354}, {"time": 22851, "train": 3, "operation": 287}, {"time": 22873, "train": 3, "operation": 291}, {"time": 23055, "train": 0, "operation": 358}, {"time": 23075, "train": 0, "operation": 362}, {"time": 23520, "train": 0, "operation": 368}, {"time": 23535, "train": 0, "operation": 374}, {"time": 23653, "train": 3, "operation": 295}, {"time": 23674, "train": 3, "operation": 299}, {"time": 24173, "train": 0, "operation": 380}, {"time": 24188, "train": 0, "operation": 386}, {"time": 24287, "train": 3, "operation": 303}, {"time": 24308, "train": 3, "operation": 306}, {"time": 24779, "train": 0, "operation": 395}, {"time": 24788, "train": 0, "operation": 399}, {"time": 24806, "train": 3, "operation": 309}, {"time": 24826, "train": 3, "operation": 313}, {"time": 25166, "train": 0, "operation": 401}, {"time": 25181, "train": 0, "operation": 405}, {"time": 25395, "train": 3, "operation": 318}, {"time": 25415, "train": 3, "operation": 324}, {"time": 25485, "train": 0, "operation": 409}, {"time": 25498, "train": 0, "operation": 412}, {"time": 25526, "train": 3, "operation": 329}, {"time": 25540, "train": 3, "operation": 335}, {"time": 26017, "train": 0, "operation": 418}, {"time": 26032, "train": 0, "operation": 422}, {"time": 26308, "train": 3, "operation": 341}, {"time": 26329, "train": 3, "operation": 343}, {"time": 26404, "train": 0, "operation": 425}, {"time": 26425, "train": 0, "operation": 428}, {"time": 27026, "train": 0, "operation": 442}, {"time": 27045, "train": 0, "operation": 446}, {"time": 27127, "train": 0, "operation": 449}, {"time": 27131, "train": 0, "operation": 452}, {"time": 27157, "train": 3, "operation": 346}, {"time": 27168, "train": 3, "operation": 350}, {"time": 27549, "train": 3, "operation": 356}, {"time": 27563, "train": 3, "operation": 360}, {"time": 27610, "train": 0, "operation": 464}, {"time": 27625, "train": 0, "operation": 466}, {"time": 27868, "train": 3, "operation": 362}, {"time": 27879, "train": 3, "operation": 365}, {"time": 27955, "train": 0, "operation": 469}, {"time": 27959, "train": 0, "operation": 472}, {"time": 28040, "train": 0, "operation": 475}, {"time": 28045, "train": 0, "operation": 478}, {"time": 28151, "train": 0, "operation": 481}, {"time": 28165, "train": 0, "operation": 484}, {"time": 28526, "train": 3, "operation": 368}, {"time": 28547, "train": 3, "operation": 372}, {"time": 28635, "train": 0, "operation": 485}, {"time": 28650, "train": 0, "operation": 486}, {"time": 29041, "train": 0, "operation": 487}, {"time": 29045, "train": 0, "operation": 488}, {"time": 29067, "train": 3, "operation": 378}, {"time": 29096, "train": 3, "operation": 382}, {"time": 29126, "train": 0, "operation": 489}, {"time": 29147, "train": 0, "operation": 491}, {"time": 29534, "train": 0, "operation": 494}, {"time": 29550, "train": 0, "operation": 498}, {"time": 29938, "train": 3, "operation": 396}, {"time": 29964, "train": 3, "operation": 400}, {"time": 30057, "train": 0, "operation": 503}, {"time": 30072, "train": 0, "operation": 506}, {"time": 30079, "train": 3, "operation": 403}, {"time": 30085, "train": 3, "operation": 406}, {"time": 30602, "train": 0, "operation": 510}, {"time": 30616, "train": 0, "operation": 514}, {"time": 30756, "train": 3, "operation": 417}, {"time": 30777, "train": 3, "operation": 419}, {"time": 31095, "train": 0, "operation": 517}, {"time": 31110, "train": 0, "operation": 520}, {"time": 31510, "train": 3, "operation": 422}, {"time": 31530, "train": 3, "operation": 425}, {"time": 31638, "train": 0, "operation": 523}, {"time": 31652, "train": 0, "operation": 526}, {"time": 32166, "train": 0, "operation": 530}, {"time": 32181, "train": 0, "operation": 534}, {"time": 32188, "train": 3, "operation": 439}, {"time": 32209, "train": 3, "operation": 440}, {"time": 32674, "train": 0, "operation": 538}, {"time": 32689, "train": 0, "operation": 542}, {"time": 32755, "train": 3, "operation": 441}, {"time": 32760, "train": 3, "operation": 442}, {"time": 32847, "train": 0, "operation": 546}, {"time": 32863, "train": 0, "operation": 550}, {"time": 32874, "train": 3, "operation": 444}, {"time": 32903, "train": 3, "operation": 446}, {"time": 32961, "train": 0, "operation": 556}, {"time": 32980, "train": 0, "operation": 577}, {"time": 33003, "train": 0, "operation": 603}, {"time": 33254, "train": 0, "operation": 609}, {"time": 33291, "train": 0, "operation": 620}, {"time": 33334, "train": 0, "operation": 646}, {"time": 33444, "train": 3, "operation": 449}, {"time": 33466, "train": 3, "operation": 453}, {"time": 33487, "train": 0, "operation": 674}, {"time": 33521, "train": 0, "operation": 679}, {"time": 34058, "train": 0, "operation": 683}, {"time": 34058, "train": 0, "operation": 684}, {"time": 34175, "train": 3, "operation": 455}, {"time": 34196, "train": 3, "operation": 458}, {"time": 34938, "train": 3, "operation": 461}, {"time": 34957, "train": 3, "operation": 465}, {"time": 35627, "train": 3, "operation": 469}, {"time": 35648, "train": 3, "operation": 472}, {"time": 36387, "train": 3, "operation": 475}, {"time": 36407, "train": 3, "operation": 478}, {"time": 37127, "train": 3, "operation": 481}, {"time": 37148, "train": 3, "operation": 485}, {"time": 37838, "train": 3, "operation": 489}, {"time": 37859, "train": 3, "operation": 493}, {"time": 38080, "train": 3, "operation": 499}, {"time": 38102, "train": 3, "operation": 503}, {"time": 38239, "train": 3, "operation": 510}, {"time": 38265, "train": 3, "operation": 532}, {"time": 38297, "train": 3, "operation": 558}, {"time": 38548, "train": 3, "operation": 569}, {"time": 38585, "train": 3, "operation": 580}, {"time": 38628, "train": 3, "operation": 606}, {"time": 38781, "train": 3, "operation": 635}, {"time": 38815, "train": 3, "operation": 646}, {"time": 39352, "train": 3, "operation": 655}, {"time": 39352, "train": 3, "operation": 656}]}