{"objective_value": 2320, "events": [{"time": 0, "train": 0, "operation": 0}, {"time": 0, "train": 0, "operation": 1}, {"time": 0, "train": 1, "operation": 0}, {"time": 0, "train": 2, "operation": 0}, {"time": 0, "train": 2, "operation": 1}, {"time": 0, "train": 2, "operation": 2}, {"time": 0, "train": 3, "operation": 0}, {"time": 0, "train": 4, "operation": 0}, {"time": 0, "train": 4, "operation": 1}, {"time": 0, "train": 5, "operation": 0}, {"time": 0, "train": 5, "operation": 1}, {"time": 5, "train": 4, "operation": 2}, {"time": 13, "train": 0, "operation": 2}, {"time": 147, "train": 4, "operation": 3}, {"time": 154, "train": 4, "operation": 4}, {"time": 217, "train": 5, "operation": 2}, {"time": 319, "train": 3, "operation": 1}, {"time": 546, "train": 1, "operation": 1}, {"time": 553, "train": 0, "operation": 4}, {"time": 554, "train": 1, "operation": 2}, {"time": 589, "train": 0, "operation": 6}, {"time": 661, "train": 1, "operation": 3}, {"time": 672, "train": 1, "operation": 4}, {"time": 675, "train": 0, "operation": 8}, {"time": 688, "train": 0, "operation": 10}, {"time": 732, "train": 4, "operation": 5}, {"time": 743, "train": 4, "operation": 6}, {"time": 815, "train": 4, "operation": 7}, {"time": 835, "train": 4, "operation": 8}, {"time": 858, "train": 5, "operation": 3}, {"time": 863, "train": 5, "operation": 5}, {"time": 947, "train": 0, "operation": 11}, {"time": 984, "train": 0, "operation": 12}, {"time": 1005, "train": 5, "operation": 7}, {"time": 1034, "train": 1, "operation": 5}, {"time": 1045, "train": 1, "operation": 6}, {"time": 1047, "train": 4, "operation": 9}, {"time": 1047, "train": 5, "operation": 9}, {"time": 1065, "train": 4, "operation": 10}, {"time": 1075, "train": 3, "operation": 2}, {"time": 1100, "train": 4, "operation": 11}, {"time": 1106, "train": 4, "operation": 12}, {"time": 1187, "train": 1, "operation": 8}, {"time": 1195, "train": 1, "operation": 10}, {"time": 1462, "train": 1, "operation": 14}, {"time": 1502, "train": 1, "operation": 18}, {"time": 1567, "train": 0, "operation": 13}, {"time": 1575, "train": 0, "operation": 14}, {"time": 1619, "train": 5, "operation": 11}, {"time": 1630, "train": 5, "operation": 12}, {"time": 1640, "train": 1, "operation": 22}, {"time": 1646, "train": 4, "operation": 14}, {"time": 1655, "train": 1, "operation": 26}, {"time": 1676, "train": 1, "operation": 30}, {"time": 1682, "train": 0, "operation": 16}, {"time": 1682, "train": 1, "operation": 34}, {"time": 1682, "train": 4, "operation": 16}, {"time": 1693, "train": 0, "operation": 18}, {"time": 1702, "train": 5, "operation": 13}, {"time": 1702, "train": 5, "operation": 14}, {"time": 1716, "train": 3, "operation": 4}, {"time": 1724, "train": 3, "operation": 6}, {"time": 1729, "train": 1, "operation": 38}, {"time": 1768, "train": 4, "operation": 18}, {"time": 1781, "train": 4, "operation": 20}, {"time": 1961, "train": 3, "operation": 8}, {"time": 1972, "train": 3, "operation": 10}, {"time": 1978, "train": 1, "operation": 40}, {"time": 1978, "train": 1, "operation": 41}, {"time": 2040, "train": 4, "operation": 21}, {"time": 2050, "train": 4, "operation": 22}, {"time": 2060, "train": 0, "operation": 20}, {"time": 2071, "train": 0, "operation": 22}, {"time": 2213, "train": 0, "operation": 25}, {"time": 2228, "train": 0, "operation": 29}, {"time": 2369, "train": 0, "operation": 31}, {"time": 2391, "train": 0, "operation": 33}, {"time": 2524, "train": 0, "operation": 35}, {"time": 2551, "train": 3, "operation": 11}, {"time": 2560, "train": 0, "operation": 37}, {"time": 2562, "train": 3, "operation": 12}, {"time": 2575, "train": 0, "operation": 39}, {"time": 2597, "train": 0, "operation": 42}, {"time": 2612, "train": 4, "operation": 23}, {"time": 2620, "train": 4, "operation": 24}, {"time": 2634, "train": 3, "operation": 13}, {"time": 2645, "train": 0, "operation": 48}, {"time": 2654, "train": 3, "operation": 14}, {"time": 2678, "train": 0, "operation": 56}, {"time": 2711, "train": 0, "operation": 71}, {"time": 2727, "train": 4, "operation": 26}, {"time": 2738, "train": 4, "operation": 28}, {"time": 2745, "train": 0, "operation": 82}, {"time": 2785, "train": 0, "operation": 93}, {"time": 2803, "train": 0, "operation": 105}, {"time": 2866, "train": 3, "operation": 15}, {"time": 2884, "train": 3, "operation": 16}, {"time": 2919, "train": 3, "operation": 17}, {"time": 2925, "train": 3, "operation": 18}, {"time": 3086, "train": 4, "operation": 30}, {"time": 3097, "train": 4, "operation": 32}, {"time": 3108, "train": 0, "operation": 118}, {"time": 3159, "train": 0, "operation": 126}, {"time": 3193, "train": 0, "operation": 132}, {"time": 3201, "train": 0, "operation": 139}, {"time": 3239, "train": 4, "operation": 33}, {"time": 3254, "train": 4, "operation": 35}, {"time": 3320, "train": 0, "operation": 148}, {"time": 3362, "train": 0, "operation": 160}, {"time": 3386, "train": 0, "operation": 176}, {"time": 3395, "train": 4, "operation": 38}, {"time": 3430, "train": 0, "operation": 194}, {"time": 3437, "train": 4, "operation": 42}, {"time": 3465, "train": 3, "operation": 19}, {"time": 3482, "train": 3, "operation": 21}, {"time": 3575, "train": 4, "operation": 46}, {"time": 3590, "train": 4, "operation": 50}, {"time": 3611, "train": 4, "operation": 54}, {"time": 3617, "train": 4, "operation": 56}, {"time": 3664, "train": 4, "operation": 58}, {"time": 3689, "train": 3, "operation": 23}, {"time": 3693, "train": 0, "operation": 208}, {"time": 3695, "train": 3, "operation": 25}, {"time": 3723, "train": 0, "operation": 222}, {"time": 3913, "train": 4, "operation": 59}, {"time": 3913, "train": 4, "operation": 60}, {"time": 4047, "train": 0, "operation": 249}, {"time": 4067, "train": 0, "operation": 253}, {"time": 4264, "train": 3, "operation": 29}, {"time": 4272, "train": 3, "operation": 30}, {"time": 4379, "train": 3, "operation": 31}, {"time": 4379, "train": 3, "operation": 32}, {"time": 4473, "train": 0, "operation": 261}, {"time": 4493, "train": 0, "operation": 265}, {"time": 4539, "train": 0, "operation": 270}, {"time": 4544, "train": 0, "operation": 276}, {"time": 4575, "train": 0, "operation": 280}, {"time": 4581, "train": 0, "operation": 283}, {"time": 4733, "train": 0, "operation": 285}, {"time": 4741, "train": 0, "operation": 286}, {"time": 4753, "train": 0, "operation": 287}, {"time": 4753, "train": 0, "operation": 288}]}