{"objective_value": 5118, "events": [{"time": 0, "train": 0, "operation": 0}, {"time": 0, "train": 1, "operation": 0}, {"time": 0, "train": 2, "operation": 0}, {"time": 0, "train": 3, "operation": 0}, {"time": 0, "train": 4, "operation": 0}, {"time": 0, "train": 5, "operation": 0}, {"time": 0, "train": 6, "operation": 0}, {"time": 0, "train": 7, "operation": 0}, {"time": 0, "train": 8, "operation": 0}, {"time": 0, "train": 9, "operation": 0}, {"time": 0, "train": 10, "operation": 0}, {"time": 0, "train": 11, "operation": 0}, {"time": 22857, "train": 0, "operation": 1}, {"time": 22977, "train": 3, "operation": 1}, {"time": 22977, "train": 5, "operation": 1}, {"time": 22986, "train": 6, "operation": 1}, {"time": 23027, "train": 1, "operation": 1}, {"time": 23097, "train": 0, "operation": 3}, {"time": 23097, "train": 4, "operation": 1}, {"time": 23127, "train": 1, "operation": 3}, {"time": 23142, "train": 3, "operation": 2}, {"time": 23157, "train": 6, "operation": 2}, {"time": 23731, "train": 0, "operation": 4}, {"time": 23793, "train": 6, "operation": 3}, {"time": 23813, "train": 1, "operation": 4}, {"time": 23814, "train": 4, "operation": 6}, {"time": 23845, "train": 0, "operation": 7}, {"time": 23877, "train": 11, "operation": 1}, {"time": 23877, "train": 11, "operation": 2}, {"time": 23879, "train": 6, "operation": 4}, {"time": 23900, "train": 4, "operation": 8}, {"time": 23909, "train": 6, "operation": 5}, {"time": 23930, "train": 4, "operation": 9}, {"time": 23948, "train": 3, "operation": 3}, {"time": 23955, "train": 1, "operation": 6}, {"time": 23956, "train": 5, "operation": 3}, {"time": 23965, "train": 0, "operation": 9}, {"time": 23985, "train": 1, "operation": 7}, {"time": 24023, "train": 6, "operation": 6}, {"time": 24051, "train": 11, "operation": 3}, {"time": 24051, "train": 11, "operation": 4}, {"time": 24072, "train": 4, "operation": 10}, {"time": 24099, "train": 1, "operation": 12}, {"time": 24102, "train": 4, "operation": 12}, {"time": 24105, "train": 3, "operation": 4}, {"time": 24106, "train": 5, "operation": 4}, {"time": 24145, "train": 11, "operation": 7}, {"time": 24145, "train": 11, "operation": 8}, {"time": 24197, "train": 4, "operation": 14}, {"time": 24197, "train": 4, "operation": 15}, {"time": 24203, "train": 6, "operation": 8}, {"time": 24219, "train": 1, "operation": 13}, {"time": 24245, "train": 4, "operation": 16}, {"time": 24263, "train": 5, "operation": 5}, {"time": 24263, "train": 5, "operation": 6}, {"time": 24275, "train": 4, "operation": 18}, {"time": 24378, "train": 11, "operation": 10}, {"time": 24378, "train": 3, "operation": 6}, {"time": 24378, "train": 11, "operation": 11}, {"time": 24403, "train": 6, "operation": 9}, {"time": 24417, "train": 4, "operation": 19}, {"time": 24420, "train": 5, "operation": 8}, {"time": 24433, "train": 6, "operation": 11}, {"time": 24447, "train": 4, "operation": 21}, {"time": 24450, "train": 5, "operation": 10}, {"time": 24568, "train": 11, "operation": 12}, {"time": 24568, "train": 11, "operation": 13}, {"time": 24578, "train": 3, "operation": 7}, {"time": 24608, "train": 3, "operation": 10}, {"time": 24633, "train": 6, "operation": 13}, {"time": 24650, "train": 5, "operation": 12}, {"time": 24675, "train": 4, "operation": 23}, {"time": 24735, "train": 4, "operation": 24}, {"time": 24750, "train": 3, "operation": 11}, {"time": 24757, "train": 11, "operation": 15}, {"time": 24757, "train": 11, "operation": 17}, {"time": 24780, "train": 3, "operation": 12}, {"time": 24783, "train": 6, "operation": 14}, {"time": 24821, "train": 4, "operation": 27}, {"time": 24831, "train": 3, "operation": 13}, {"time": 24831, "train": 3, "operation": 14}, {"time": 24851, "train": 4, "operation": 29}, {"time": 24897, "train": 7, "operation": 4}, {"time": 24901, "train": 7, "operation": 6}, {"time": 24979, "train": 3, "operation": 15}, {"time": 24983, "train": 6, "operation": 15}, {"time": 24987, "train": 7, "operation": 7}, {"time": 24993, "train": 4, "operation": 31}, {"time": 25009, "train": 3, "operation": 17}, {"time": 25017, "train": 7, "operation": 9}, {"time": 25023, "train": 4, "operation": 32}, {"time": 25057, "train": 11, "operation": 20}, {"time": 25057, "train": 6, "operation": 18}, {"time": 25057, "train": 11, "operation": 21}, {"time": 25077, "train": 2, "operation": 4}, {"time": 25077, "train": 2, "operation": 5}, {"time": 25137, "train": 2, "operation": 6}, {"time": 25151, "train": 3, "operation": 18}, {"time": 25167, "train": 4, "operation": 33}, {"time": 25167, "train": 4, "operation": 34}, {"time": 25167, "train": 7, "operation": 11}, {"time": 25181, "train": 3, "operation": 22}, {"time": 25197, "train": 2, "operation": 8}, {"time": 25197, "train": 7, "operation": 12}, {"time": 25222, "train": 4, "operation": 35}, {"time": 25238, "train": 3, "operation": 24}, {"time": 25252, "train": 4, "operation": 36}, {"time": 25285, "train": 6, "operation": 21}, {"time": 25297, "train": 7, "operation": 13}, {"time": 25297, "train": 7, "operation": 15}, {"time": 25322, "train": 11, "operation": 23}, {"time": 25322, "train": 5, "operation": 14}, {"time": 25322, "train": 11, "operation": 24}, {"time": 25347, "train": 7, "operation": 16}, {"time": 25377, "train": 7, "operation": 18}, {"time": 25394, "train": 4, "operation": 39}, {"time": 25405, "train": 6, "operation": 22}, {"time": 25424, "train": 4, "operation": 40}, {"time": 25467, "train": 2, "operation": 9}, {"time": 25467, "train": 3, "operation": 25}, {"time": 25497, "train": 2, "operation": 11}, {"time": 25527, "train": 7, "operation": 19}, {"time": 25540, "train": 5, "operation": 16}, {"time": 25540, "train": 11, "operation": 26}, {"time": 25540, "train": 11, "operation": 27}, {"time": 25557, "train": 7, "operation": 21}, {"time": 25558, "train": 6, "operation": 23}, {"time": 25558, "train": 6, "operation": 24}, {"time": 25610, "train": 5, "operation": 17}, {"time": 25624, "train": 4, "operation": 42}, {"time": 25647, "train": 2, "operation": 12}, {"time": 25677, "train": 2, "operation": 14}, {"time": 25707, "train": 11, "operation": 29}, {"time": 25707, "train": 11, "operation": 30}, {"time": 25710, "train": 6, "operation": 25}, {"time": 25723, "train": 3, "operation": 26}, {"time": 25727, "train": 2, "operation": 16}, {"time": 25727, "train": 2, "operation": 17}, {"time": 25749, "train": 6, "operation": 27}, {"time": 25753, "train": 3, "operation": 28}, {"time": 25774, "train": 4, "operation": 43}, {"time": 25790, "train": 11, "operation": 31}, {"time": 25790, "train": 11, "operation": 32}, {"time": 25797, "train": 7, "operation": 22}, {"time": 25810, "train": 5, "operation": 19}, {"time": 25827, "train": 2, "operation": 19}, {"time": 25840, "train": 5, "operation": 20}, {"time": 25857, "train": 2, "operation": 20}, {"time": 25857, "train": 7, "operation": 24}, {"time": 25880, "train": 11, "operation": 33}, {"time": 25880, "train": 11, "operation": 34}, {"time": 25895, "train": 3, "operation": 29}, {"time": 25925, "train": 3, "operation": 31}, {"time": 25947, "train": 7, "operation": 28}, {"time": 25949, "train": 6, "operation": 28}, {"time": 25973, "train": 3, "operation": 32}, {"time": 25973, "train": 3, "operation": 34}, {"time": 25974, "train": 4, "operation": 44}, {"time": 25974, "train": 4, "operation": 45}, {"time": 25977, "train": 7, "operation": 29}, {"time": 25979, "train": 6, "operation": 31}, {"time": 26007, "train": 2, "operation": 21}, {"time": 26037, "train": 2, "operation": 23}, {"time": 26040, "train": 5, "operation": 22}, {"time": 26061, "train": 11, "operation": 36}, {"time": 26061, "train": 11, "operation": 37}, {"time": 26068, "train": 3, "operation": 35}, {"time": 26070, "train": 5, "operation": 23}, {"time": 26098, "train": 3, "operation": 37}, {"time": 26121, "train": 6, "operation": 32}, {"time": 26127, "train": 7, "operation": 31}, {"time": 26151, "train": 6, "operation": 33}, {"time": 26157, "train": 2, "operation": 25}, {"time": 26174, "train": 4, "operation": 48}, {"time": 26192, "train": 11, "operation": 38}, {"time": 26192, "train": 11, "operation": 39}, {"time": 26212, "train": 5, "operation": 24}, {"time": 26225, "train": 6, "operation": 34}, {"time": 26225, "train": 6, "operation": 35}, {"time": 26240, "train": 3, "operation": 39}, {"time": 26242, "train": 5, "operation": 25}, {"time": 26270, "train": 3, "operation": 40}, {"time": 26277, "train": 2, "operation": 29}, {"time": 26294, "train": 4, "operation": 49}, {"time": 26328, "train": 5, "operation": 26}, {"time": 26328, "train": 5, "operation": 27}, {"time": 26337, "train": 9, "operation": 2}, {"time": 26337, "train": 9, "operation": 4}, {"time": 26350, "train": 6, "operation": 36}, {"time": 26350, "train": 7, "operation": 32}, {"time": 26366, "train": 11, "operation": 41}, {"time": 26366, "train": 11, "operation": 44}, {"time": 26380, "train": 6, "operation": 38}, {"time": 26384, "train": 3, "operation": 41}, {"time": 26397, "train": 10, "operation": 3}, {"time": 26406, "train": 10, "operation": 5}, {"time": 26479, "train": 7, "operation": 33}, {"time": 26479, "train": 7, "operation": 34}, {"time": 26487, "train": 9, "operation": 5}, {"time": 26487, "train": 9, "operation": 6}, {"time": 26499, "train": 5, "operation": 28}, {"time": 26504, "train": 3, "operation": 46}, {"time": 26522, "train": 6, "operation": 40}, {"time": 26549, "train": 7, "operation": 35}, {"time": 26552, "train": 6, "operation": 43}, {"time": 26579, "train": 7, "operation": 36}, {"time": 26586, "train": 10, "operation": 6}, {"time": 26586, "train": 10, "operation": 7}, {"time": 26609, "train": 6, "operation": 45}, {"time": 26637, "train": 9, "operation": 8}, {"time": 26669, "train": 6, "operation": 46}, {"time": 26721, "train": 7, "operation": 39}, {"time": 26727, "train": 10, "operation": 9}, {"time": 26728, "train": 5, "operation": 30}, {"time": 26751, "train": 7, "operation": 40}, {"time": 26757, "train": 10, "operation": 10}, {"time": 26874, "train": 5, "operation": 31}, {"time": 26874, "train": 5, "operation": 32}, {"time": 26877, "train": 8, "operation": 2}, {"time": 26877, "train": 8, "operation": 5}, {"time": 26925, "train": 6, "operation": 48}, {"time": 26937, "train": 8, "operation": 7}, {"time": 26937, "train": 10, "operation": 11}, {"time": 26937, "train": 10, "operation": 12}, {"time": 26955, "train": 6, "operation": 49}, {"time": 26960, "train": 7, "operation": 41}, {"time": 26960, "train": 9, "operation": 9}, {"time": 26997, "train": 8, "operation": 8}, {"time": 27026, "train": 11, "operation": 46}, {"time": 27027, "train": 10, "operation": 13}, {"time": 27040, "train": 7, "operation": 43}, {"time": 27057, "train": 10, "operation": 14}, {"time": 27060, "train": 11, "operation": 47}, {"time": 27070, "train": 5, "operation": 36}, {"time": 27097, "train": 6, "operation": 50}, {"time": 27127, "train": 6, "operation": 52}, {"time": 27160, "train": 9, "operation": 10}, {"time": 27175, "train": 6, "operation": 53}, {"time": 27175, "train": 6, "operation": 55}, {"time": 27190, "train": 5, "operation": 37}, {"time": 27190, "train": 9, "operation": 13}, {"time": 27197, "train": 7, "operation": 44}, {"time": 27197, "train": 7, "operation": 45}, {"time": 27207, "train": 10, "operation": 15}, {"time": 27237, "train": 10, "operation": 17}, {"time": 27267, "train": 8, "operation": 10}, {"time": 27270, "train": 6, "operation": 56}, {"time": 27297, "train": 8, "operation": 11}, {"time": 27300, "train": 6, "operation": 58}, {"time": 27332, "train": 9, "operation": 14}, {"time": 27354, "train": 7, "operation": 48}, {"time": 27362, "train": 9, "operation": 15}, {"time": 27384, "train": 7, "operation": 49}, {"time": 27387, "train": 10, "operation": 19}, {"time": 27417, "train": 10, "operation": 20}, {"time": 27442, "train": 6, "operation": 59}, {"time": 27447, "train": 8, "operation": 13}, {"time": 27458, "train": 9, "operation": 16}, {"time": 27458, "train": 9, "operation": 17}, {"time": 27472, "train": 6, "operation": 61}, {"time": 27477, "train": 8, "operation": 14}, {"time": 27527, "train": 8, "operation": 16}, {"time": 27527, "train": 8, "operation": 17}, {"time": 27584, "train": 7, "operation": 52}, {"time": 27586, "train": 6, "operation": 65}, {"time": 27614, "train": 7, "operation": 53}, {"time": 27619, "train": 9, "operation": 19}, {"time": 27627, "train": 8, "operation": 19}, {"time": 27657, "train": 8, "operation": 20}, {"time": 27657, "train": 10, "operation": 21}, {"time": 27702, "train": 11, "operation": 49}, {"time": 27706, "train": 6, "operation": 67}, {"time": 27709, "train": 9, "operation": 20}, {"time": 27807, "train": 8, "operation": 22}, {"time": 27837, "train": 8, "operation": 23}, {"time": 27851, "train": 9, "operation": 24}, {"time": 27870, "train": 7, "operation": 55}, {"time": 27870, "train": 10, "operation": 23}, {"time": 27881, "train": 9, "operation": 25}, {"time": 27900, "train": 7, "operation": 56}, {"time": 27938, "train": 9, "operation": 27}, {"time": 27957, "train": 8, "operation": 24}, {"time": 27998, "train": 9, "operation": 28}, {"time": 28070, "train": 10, "operation": 26}, {"time": 28077, "train": 8, "operation": 29}, {"time": 28095, "train": 11, "operation": 50}, {"time": 28100, "train": 7, "operation": 57}, {"time": 28100, "train": 10, "operation": 27}, {"time": 28130, "train": 7, "operation": 59}, {"time": 28254, "train": 9, "operation": 29}, {"time": 28284, "train": 9, "operation": 31}, {"time": 28329, "train": 10, "operation": 28}, {"time": 28330, "train": 7, "operation": 61}, {"time": 28360, "train": 7, "operation": 62}, {"time": 28426, "train": 9, "operation": 32}, {"time": 28447, "train": 11, "operation": 52}, {"time": 28449, "train": 10, "operation": 31}, {"time": 28456, "train": 9, "operation": 34}, {"time": 28495, "train": 11, "operation": 53}, {"time": 28502, "train": 7, "operation": 63}, {"time": 28504, "train": 9, "operation": 35}, {"time": 28504, "train": 9, "operation": 37}, {"time": 28532, "train": 7, "operation": 64}, {"time": 28599, "train": 9, "operation": 38}, {"time": 28606, "train": 10, "operation": 32}, {"time": 28606, "train": 10, "operation": 33}, {"time": 28618, "train": 7, "operation": 65}, {"time": 28618, "train": 7, "operation": 66}, {"time": 28629, "train": 9, "operation": 40}, {"time": 28763, "train": 10, "operation": 34}, {"time": 28771, "train": 9, "operation": 42}, {"time": 28789, "train": 7, "operation": 67}, {"time": 28793, "train": 10, "operation": 36}, {"time": 28801, "train": 9, "operation": 43}, {"time": 28819, "train": 7, "operation": 69}, {"time": 28915, "train": 9, "operation": 46}, {"time": 28965, "train": 7, "operation": 70}, {"time": 28965, "train": 7, "operation": 71}, {"time": 28993, "train": 10, "operation": 39}, {"time": 29023, "train": 10, "operation": 40}, {"time": 29035, "train": 9, "operation": 49}, {"time": 29161, "train": 7, "operation": 75}, {"time": 29165, "train": 10, "operation": 41}, {"time": 29195, "train": 10, "operation": 42}, {"time": 29269, "train": 10, "operation": 43}, {"time": 29269, "train": 10, "operation": 44}, {"time": 29281, "train": 7, "operation": 76}, {"time": 29394, "train": 10, "operation": 46}, {"time": 29397, "train": 11, "operation": 56}, {"time": 29397, "train": 11, "operation": 57}, {"time": 29424, "train": 10, "operation": 47}, {"time": 29566, "train": 10, "operation": 51}, {"time": 29596, "train": 10, "operation": 52}, {"time": 29653, "train": 10, "operation": 54}, {"time": 29713, "train": 10, "operation": 55}, {"time": 29969, "train": 10, "operation": 57}, {"time": 29999, "train": 10, "operation": 58}, {"time": 30147, "train": 10, "operation": 59}, {"time": 30177, "train": 10, "operation": 61}, {"time": 30227, "train": 10, "operation": 62}, {"time": 30227, "train": 10, "operation": 64}, {"time": 30327, "train": 10, "operation": 65}, {"time": 30357, "train": 10, "operation": 67}, {"time": 30507, "train": 10, "operation": 68}, {"time": 30537, "train": 10, "operation": 70}, {"time": 30657, "train": 10, "operation": 73}, {"time": 30777, "train": 10, "operation": 76}]}