{"objective_value": 5389, "events": [{"time": 0, "train": 0, "operation": 0}, {"time": 0, "train": 1, "operation": 0}, {"time": 0, "train": 1, "operation": 1}, {"time": 0, "train": 2, "operation": 0}, {"time": 0, "train": 3, "operation": 0}, {"time": 0, "train": 4, "operation": 0}, {"time": 0, "train": 5, "operation": 0}, {"time": 12, "train": 1, "operation": 2}, {"time": 154, "train": 5, "operation": 1}, {"time": 270, "train": 3, "operation": 1}, {"time": 270, "train": 3, "operation": 2}, {"time": 346, "train": 4, "operation": 1}, {"time": 393, "train": 4, "operation": 2}, {"time": 477, "train": 1, "operation": 3}, {"time": 489, "train": 1, "operation": 4}, {"time": 515, "train": 2, "operation": 1}, {"time": 558, "train": 2, "operation": 2}, {"time": 601, "train": 4, "operation": 3}, {"time": 623, "train": 4, "operation": 5}, {"time": 657, "train": 4, "operation": 8}, {"time": 690, "train": 4, "operation": 11}, {"time": 863, "train": 2, "operation": 3}, {"time": 886, "train": 2, "operation": 5}, {"time": 927, "train": 1, "operation": 5}, {"time": 940, "train": 1, "operation": 6}, {"time": 1129, "train": 4, "operation": 19}, {"time": 1144, "train": 0, "operation": 1}, {"time": 1156, "train": 0, "operation": 2}, {"time": 1158, "train": 4, "operation": 25}, {"time": 1192, "train": 3, "operation": 3}, {"time": 1206, "train": 3, "operation": 4}, {"time": 1365, "train": 5, "operation": 2}, {"time": 1633, "train": 3, "operation": 6}, {"time": 1654, "train": 1, "operation": 7}, {"time": 1656, "train": 3, "operation": 8}, {"time": 1668, "train": 1, "operation": 8}, {"time": 1788, "train": 0, "operation": 3}, {"time": 1788, "train": 0, "operation": 4}, {"time": 1810, "train": 4, "operation": 31}, {"time": 1830, "train": 5, "operation": 3}, {"time": 1831, "train": 4, "operation": 37}, {"time": 1997, "train": 5, "operation": 5}, {"time": 2027, "train": 4, "operation": 46}, {"time": 2033, "train": 4, "operation": 50}, {"time": 2084, "train": 3, "operation": 14}, {"time": 2119, "train": 3, "operation": 20}, {"time": 2147, "train": 4, "operation": 52}, {"time": 2153, "train": 4, "operation": 54}, {"time": 2213, "train": 1, "operation": 9}, {"time": 2228, "train": 1, "operation": 10}, {"time": 2276, "train": 3, "operation": 30}, {"time": 2293, "train": 3, "operation": 40}, {"time": 2327, "train": 3, "operation": 56}, {"time": 2360, "train": 3, "operation": 76}, {"time": 2447, "train": 2, "operation": 7}, {"time": 2447, "train": 2, "operation": 9}, {"time": 2501, "train": 4, "operation": 56}, {"time": 2522, "train": 4, "operation": 58}, {"time": 2595, "train": 0, "operation": 5}, {"time": 2607, "train": 0, "operation": 6}, {"time": 2618, "train": 5, "operation": 7}, {"time": 2799, "train": 3, "operation": 88}, {"time": 2816, "train": 5, "operation": 9}, {"time": 2828, "train": 3, "operation": 94}, {"time": 2963, "train": 0, "operation": 8}, {"time": 2982, "train": 0, "operation": 10}, {"time": 3060, "train": 1, "operation": 12}, {"time": 3078, "train": 1, "operation": 14}, {"time": 3120, "train": 4, "operation": 61}, {"time": 3150, "train": 4, "operation": 65}, {"time": 3256, "train": 4, "operation": 68}, {"time": 3263, "train": 4, "operation": 71}, {"time": 3362, "train": 0, "operation": 16}, {"time": 3380, "train": 2, "operation": 12}, {"time": 3392, "train": 2, "operation": 16}, {"time": 3397, "train": 0, "operation": 22}, {"time": 3480, "train": 3, "operation": 100}, {"time": 3501, "train": 3, "operation": 106}, {"time": 3554, "train": 0, "operation": 32}, {"time": 3571, "train": 0, "operation": 42}, {"time": 3605, "train": 0, "operation": 58}, {"time": 3619, "train": 5, "operation": 11}, {"time": 3631, "train": 5, "operation": 13}, {"time": 3638, "train": 0, "operation": 78}, {"time": 3697, "train": 3, "operation": 115}, {"time": 3703, "train": 3, "operation": 119}, {"time": 3727, "train": 1, "operation": 18}, {"time": 3745, "train": 1, "operation": 22}, {"time": 3804, "train": 4, "operation": 84}, {"time": 3817, "train": 3, "operation": 121}, {"time": 3823, "train": 3, "operation": 123}, {"time": 3826, "train": 4, "operation": 86}, {"time": 3857, "train": 2, "operation": 22}, {"time": 3869, "train": 2, "operation": 26}, {"time": 3987, "train": 5, "operation": 16}, {"time": 4006, "train": 5, "operation": 18}, {"time": 4069, "train": 0, "operation": 91}, {"time": 4096, "train": 0, "operation": 97}, {"time": 4104, "train": 4, "operation": 88}, {"time": 4119, "train": 4, "operation": 91}, {"time": 4171, "train": 3, "operation": 126}, {"time": 4192, "train": 3, "operation": 128}, {"time": 4211, "train": 0, "operation": 103}, {"time": 4217, "train": 0, "operation": 109}, {"time": 4228, "train": 4, "operation": 94}, {"time": 4256, "train": 1, "operation": 25}, {"time": 4270, "train": 4, "operation": 97}, {"time": 4274, "train": 1, "operation": 28}, {"time": 4307, "train": 2, "operation": 30}, {"time": 4319, "train": 4, "operation": 100}, {"time": 4320, "train": 2, "operation": 34}, {"time": 4326, "train": 3, "operation": 131}, {"time": 4332, "train": 3, "operation": 135}, {"time": 4332, "train": 4, "operation": 103}, {"time": 4386, "train": 5, "operation": 24}, {"time": 4421, "train": 5, "operation": 30}, {"time": 4446, "train": 3, "operation": 138}, {"time": 4452, "train": 3, "operation": 141}, {"time": 4453, "train": 4, "operation": 106}, {"time": 4453, "train": 4, "operation": 107}, {"time": 4578, "train": 5, "operation": 40}, {"time": 4595, "train": 5, "operation": 50}, {"time": 4629, "train": 5, "operation": 66}, {"time": 4661, "train": 0, "operation": 112}, {"time": 4662, "train": 5, "operation": 80}, {"time": 4682, "train": 0, "operation": 114}, {"time": 4688, "train": 1, "operation": 32}, {"time": 4705, "train": 1, "operation": 36}, {"time": 4791, "train": 3, "operation": 143}, {"time": 4821, "train": 3, "operation": 145}, {"time": 4845, "train": 0, "operation": 118}, {"time": 4856, "train": 0, "operation": 122}, {"time": 5034, "train": 2, "operation": 38}, {"time": 5045, "train": 0, "operation": 124}, {"time": 5048, "train": 2, "operation": 42}, {"time": 5055, "train": 0, "operation": 126}, {"time": 5082, "train": 5, "operation": 88}, {"time": 5106, "train": 5, "operation": 94}, {"time": 5179, "train": 1, "operation": 40}, {"time": 5197, "train": 1, "operation": 46}, {"time": 5345, "train": 0, "operation": 128}, {"time": 5363, "train": 0, "operation": 130}, {"time": 5474, "train": 3, "operation": 148}, {"time": 5475, "train": 0, "operation": 133}, {"time": 5480, "train": 0, "operation": 137}, {"time": 5496, "train": 3, "operation": 151}, {"time": 5551, "train": 4, "operation": 108}, {"time": 5551, "train": 4, "operation": 109}, {"time": 5551, "train": 4, "operation": 110}, {"time": 5575, "train": 0, "operation": 140}, {"time": 5580, "train": 0, "operation": 143}, {"time": 5593, "train": 2, "operation": 46}, {"time": 5608, "train": 2, "operation": 50}, {"time": 5649, "train": 5, "operation": 100}, {"time": 5667, "train": 5, "operation": 106}, {"time": 5774, "train": 3, "operation": 158}, {"time": 5789, "train": 3, "operation": 161}, {"time": 5830, "train": 5, "operation": 115}, {"time": 5835, "train": 5, "operation": 119}, {"time": 5863, "train": 0, "operation": 146}, {"time": 5898, "train": 3, "operation": 166}, {"time": 5912, "train": 0, "operation": 148}, {"time": 5924, "train": 3, "operation": 172}, {"time": 5930, "train": 5, "operation": 121}, {"time": 5935, "train": 5, "operation": 123}, {"time": 5941, "train": 1, "operation": 51}, {"time": 5962, "train": 1, "operation": 57}, {"time": 6014, "train": 3, "operation": 177}, {"time": 6029, "train": 3, "operation": 183}, {"time": 6089, "train": 0, "operation": 151}, {"time": 6095, "train": 0, "operation": 154}, {"time": 6225, "train": 5, "operation": 126}, {"time": 6243, "train": 5, "operation": 128}, {"time": 6355, "train": 5, "operation": 131}, {"time": 6360, "train": 5, "operation": 135}, {"time": 6443, "train": 2, "operation": 54}, {"time": 6455, "train": 5, "operation": 138}, {"time": 6458, "train": 2, "operation": 58}, {"time": 6460, "train": 5, "operation": 141}, {"time": 6546, "train": 0, "operation": 155}, {"time": 6564, "train": 0, "operation": 157}, {"time": 6629, "train": 3, "operation": 191}, {"time": 6649, "train": 3, "operation": 193}, {"time": 6652, "train": 1, "operation": 66}, {"time": 6661, "train": 1, "operation": 70}, {"time": 6743, "train": 5, "operation": 143}, {"time": 6768, "train": 5, "operation": 145}, {"time": 6796, "train": 0, "operation": 159}, {"time": 6809, "train": 0, "operation": 162}, {"time": 6900, "train": 0, "operation": 166}, {"time": 7015, "train": 2, "operation": 62}, {"time": 7030, "train": 2, "operation": 66}, {"time": 7040, "train": 1, "operation": 76}, {"time": 7054, "train": 1, "operation": 80}, {"time": 7312, "train": 5, "operation": 148}, {"time": 7330, "train": 5, "operation": 151}, {"time": 7359, "train": 1, "operation": 82}, {"time": 7370, "train": 1, "operation": 85}, {"time": 7392, "train": 3, "operation": 194}, {"time": 7417, "train": 3, "operation": 195}, {"time": 7468, "train": 2, "operation": 69}, {"time": 7484, "train": 2, "operation": 72}, {"time": 7562, "train": 5, "operation": 158}, {"time": 7575, "train": 5, "operation": 161}, {"time": 7666, "train": 5, "operation": 166}, {"time": 7687, "train": 5, "operation": 172}, {"time": 7762, "train": 5, "operation": 178}, {"time": 7774, "train": 5, "operation": 182}, {"time": 7889, "train": 2, "operation": 75}, {"time": 7910, "train": 2, "operation": 79}, {"time": 7931, "train": 0, "operation": 172}, {"time": 7935, "train": 1, "operation": 87}, {"time": 7952, "train": 1, "operation": 91}, {"time": 8006, "train": 0, "operation": 181}, {"time": 8050, "train": 1, "operation": 95}, {"time": 8055, "train": 1, "operation": 98}, {"time": 8150, "train": 1, "operation": 101}, {"time": 8155, "train": 1, "operation": 104}, {"time": 8221, "train": 3, "operation": 196}, {"time": 8241, "train": 3, "operation": 197}, {"time": 8274, "train": 5, "operation": 188}, {"time": 8294, "train": 5, "operation": 190}, {"time": 8355, "train": 2, "operation": 82}, {"time": 8370, "train": 2, "operation": 88}, {"time": 8387, "train": 1, "operation": 107}, {"time": 8411, "train": 1, "operation": 109}, {"time": 8449, "train": 2, "operation": 93}, {"time": 8451, "train": 0, "operation": 185}, {"time": 8459, "train": 2, "operation": 99}, {"time": 8471, "train": 1, "operation": 111}, {"time": 8475, "train": 1, "operation": 115}, {"time": 8600, "train": 1, "operation": 119}, {"time": 8605, "train": 1, "operation": 122}, {"time": 8758, "train": 3, "operation": 198}, {"time": 8778, "train": 3, "operation": 199}, {"time": 8896, "train": 5, "operation": 191}, {"time": 8917, "train": 5, "operation": 192}, {"time": 8951, "train": 0, "operation": 193}, {"time": 9008, "train": 2, "operation": 105}, {"time": 9023, "train": 2, "operation": 107}, {"time": 9074, "train": 0, "operation": 195}, {"time": 9111, "train": 1, "operation": 125}, {"time": 9133, "train": 1, "operation": 127}, {"time": 9587, "train": 5, "operation": 193}, {"time": 9592, "train": 3, "operation": 200}, {"time": 9604, "train": 5, "operation": 194}, {"time": 9613, "train": 3, "operation": 201}, {"time": 9615, "train": 2, "operation": 110}, {"time": 9623, "train": 2, "operation": 114}, {"time": 9716, "train": 0, "operation": 196}, {"time": 9761, "train": 0, "operation": 197}, {"time": 9792, "train": 1, "operation": 129}, {"time": 9809, "train": 1, "operation": 132}, {"time": 9842, "train": 3, "operation": 202}, {"time": 9847, "train": 3, "operation": 203}, {"time": 9961, "train": 3, "operation": 204}, {"time": 9968, "train": 3, "operation": 205}, {"time": 10002, "train": 2, "operation": 120}, {"time": 10016, "train": 2, "operation": 124}, {"time": 10034, "train": 5, "operation": 195}, {"time": 10051, "train": 5, "operation": 196}, {"time": 10321, "train": 2, "operation": 126}, {"time": 10332, "train": 2, "operation": 129}, {"time": 10383, "train": 3, "operation": 206}, {"time": 10404, "train": 3, "operation": 207}, {"time": 10420, "train": 1, "operation": 139}, {"time": 10431, "train": 0, "operation": 198}, {"time": 10437, "train": 1, "operation": 142}, {"time": 10448, "train": 0, "operation": 199}, {"time": 10729, "train": 5, "operation": 197}, {"time": 10746, "train": 5, "operation": 198}, {"time": 10789, "train": 3, "operation": 208}, {"time": 10794, "train": 3, "operation": 209}, {"time": 10852, "train": 2, "operation": 131}, {"time": 10867, "train": 2, "operation": 135}, {"time": 10878, "train": 0, "operation": 200}, {"time": 10903, "train": 0, "operation": 201}, {"time": 10919, "train": 3, "operation": 210}, {"time": 10925, "train": 3, "operation": 211}, {"time": 10937, "train": 5, "operation": 199}, {"time": 10941, "train": 5, "operation": 200}, {"time": 10951, "train": 2, "operation": 139}, {"time": 10955, "train": 2, "operation": 142}, {"time": 10986, "train": 1, "operation": 145}, {"time": 11004, "train": 1, "operation": 148}, {"time": 11036, "train": 5, "operation": 201}, {"time": 11036, "train": 5, "operation": 202}, {"time": 11037, "train": 2, "operation": 145}, {"time": 11041, "train": 2, "operation": 148}, {"time": 11179, "train": 3, "operation": 212}, {"time": 11185, "train": 3, "operation": 214}, {"time": 11241, "train": 2, "operation": 151}, {"time": 11262, "train": 2, "operation": 153}, {"time": 11314, "train": 2, "operation": 155}, {"time": 11318, "train": 2, "operation": 159}, {"time": 11397, "train": 3, "operation": 216}, {"time": 11403, "train": 3, "operation": 218}, {"time": 11424, "train": 2, "operation": 163}, {"time": 11429, "train": 2, "operation": 166}, {"time": 11566, "train": 1, "operation": 152}, {"time": 11581, "train": 0, "operation": 202}, {"time": 11583, "train": 1, "operation": 155}, {"time": 11598, "train": 0, "operation": 203}, {"time": 11737, "train": 3, "operation": 220}, {"time": 11742, "train": 3, "operation": 222}, {"time": 11789, "train": 0, "operation": 204}, {"time": 11793, "train": 0, "operation": 205}, {"time": 11863, "train": 2, "operation": 169}, {"time": 11882, "train": 2, "operation": 171}, {"time": 11888, "train": 0, "operation": 206}, {"time": 11894, "train": 0, "operation": 207}, {"time": 11976, "train": 3, "operation": 224}, {"time": 11982, "train": 3, "operation": 226}, {"time": 12034, "train": 1, "operation": 167}, {"time": 12052, "train": 1, "operation": 171}, {"time": 12240, "train": 0, "operation": 208}, {"time": 12257, "train": 0, "operation": 209}, {"time": 12447, "train": 2, "operation": 173}, {"time": 12462, "train": 2, "operation": 176}, {"time": 12493, "train": 3, "operation": 228}, {"time": 12497, "train": 3, "operation": 230}, {"time": 12597, "train": 0, "operation": 210}, {"time": 12602, "train": 0, "operation": 211}, {"time": 12612, "train": 3, "operation": 232}, {"time": 12618, "train": 3, "operation": 234}, {"time": 12643, "train": 1, "operation": 173}, {"time": 12660, "train": 1, "operation": 176}, {"time": 12727, "train": 0, "operation": 212}, {"time": 12733, "train": 0, "operation": 213}, {"time": 12927, "train": 3, "operation": 236}, {"time": 12932, "train": 3, "operation": 238}, {"time": 12986, "train": 0, "operation": 214}, {"time": 12986, "train": 2, "operation": 183}, {"time": 12991, "train": 0, "operation": 216}, {"time": 13000, "train": 2, "operation": 186}, {"time": 13145, "train": 3, "operation": 240}, {"time": 13151, "train": 3, "operation": 242}, {"time": 13168, "train": 0, "operation": 218}, {"time": 13173, "train": 0, "operation": 220}, {"time": 13278, "train": 1, "operation": 179}, {"time": 13294, "train": 1, "operation": 183}, {"time": 13451, "train": 0, "operation": 223}, {"time": 13459, "train": 0, "operation": 225}, {"time": 13470, "train": 2, "operation": 189}, {"time": 13485, "train": 2, "operation": 192}, {"time": 13622, "train": 3, "operation": 245}, {"time": 13640, "train": 3, "operation": 247}, {"time": 13848, "train": 0, "operation": 227}, {"time": 13852, "train": 1, "operation": 187}, {"time": 13857, "train": 0, "operation": 229}, {"time": 13869, "train": 1, "operation": 190}, {"time": 13968, "train": 2, "operation": 196}, {"time": 13983, "train": 2, "operation": 199}, {"time": 14028, "train": 3, "operation": 249}, {"time": 14052, "train": 3, "operation": 251}, {"time": 14283, "train": 0, "operation": 230}, {"time": 14287, "train": 0, "operation": 232}, {"time": 14370, "train": 2, "operation": 211}, {"time": 14382, "train": 0, "operation": 234}, {"time": 14386, "train": 2, "operation": 215}, {"time": 14387, "train": 0, "operation": 236}, {"time": 14485, "train": 1, "operation": 193}, {"time": 14502, "train": 1, "operation": 196}, {"time": 14504, "train": 3, "operation": 253}, {"time": 14522, "train": 3, "operation": 255}, {"time": 14644, "train": 0, "operation": 238}, {"time": 14648, "train": 0, "operation": 240}, {"time": 14826, "train": 0, "operation": 242}, {"time": 14831, "train": 0, "operation": 244}, {"time": 14893, "train": 2, "operation": 217}, {"time": 14908, "train": 2, "operation": 220}, {"time": 14986, "train": 3, "operation": 256}, {"time": 14991, "train": 3, "operation": 258}, {"time": 15102, "train": 1, "operation": 199}, {"time": 15119, "train": 1, "operation": 203}, {"time": 15196, "train": 3, "operation": 260}, {"time": 15202, "train": 3, "operation": 262}, {"time": 15224, "train": 0, "operation": 247}, {"time": 15239, "train": 0, "operation": 249}, {"time": 15438, "train": 2, "operation": 223}, {"time": 15452, "train": 2, "operation": 227}, {"time": 15562, "train": 0, "operation": 251}, {"time": 15582, "train": 0, "operation": 253}, {"time": 15694, "train": 1, "operation": 207}, {"time": 15711, "train": 1, "operation": 211}, {"time": 15743, "train": 3, "operation": 264}, {"time": 15748, "train": 3, "operation": 266}, {"time": 15862, "train": 3, "operation": 268}, {"time": 15868, "train": 3, "operation": 270}, {"time": 15894, "train": 1, "operation": 215}, {"time": 15913, "train": 1, "operation": 219}, {"time": 15931, "train": 2, "operation": 231}, {"time": 15946, "train": 2, "operation": 234}, {"time": 16014, "train": 0, "operation": 255}, {"time": 16027, "train": 1, "operation": 223}, {"time": 16029, "train": 0, "operation": 257}, {"time": 16049, "train": 1, "operation": 231}, {"time": 16076, "train": 1, "operation": 257}, {"time": 16149, "train": 3, "operation": 272}, {"time": 16168, "train": 3, "operation": 274}, {"time": 16326, "train": 1, "operation": 291}, {"time": 16363, "train": 1, "operation": 315}, {"time": 16406, "train": 1, "operation": 341}, {"time": 16416, "train": 0, "operation": 259}, {"time": 16424, "train": 0, "operation": 261}, {"time": 16474, "train": 2, "operation": 237}, {"time": 16488, "train": 2, "operation": 240}, {"time": 16559, "train": 1, "operation": 344}, {"time": 16593, "train": 1, "operation": 349}, {"time": 16766, "train": 0, "operation": 263}, {"time": 16775, "train": 0, "operation": 265}, {"time": 16956, "train": 3, "operation": 276}, {"time": 16983, "train": 3, "operation": 278}, {"time": 17002, "train": 2, "operation": 243}, {"time": 17017, "train": 2, "operation": 247}, {"time": 17099, "train": 3, "operation": 280}, {"time": 17105, "train": 3, "operation": 282}, {"time": 17130, "train": 1, "operation": 354}, {"time": 17130, "train": 1, "operation": 356}, {"time": 17226, "train": 0, "operation": 266}, {"time": 17230, "train": 0, "operation": 268}, {"time": 17325, "train": 0, "operation": 270}, {"time": 17330, "train": 0, "operation": 272}, {"time": 17510, "train": 2, "operation": 251}, {"time": 17514, "train": 3, "operation": 284}, {"time": 17520, "train": 3, "operation": 286}, {"time": 17525, "train": 2, "operation": 255}, {"time": 17565, "train": 0, "operation": 274}, {"time": 17584, "train": 0, "operation": 276}, {"time": 17634, "train": 3, "operation": 288}, {"time": 17640, "train": 3, "operation": 290}, {"time": 17683, "train": 2, "operation": 259}, {"time": 17699, "train": 2, "operation": 263}, {"time": 17797, "train": 2, "operation": 267}, {"time": 17816, "train": 2, "operation": 275}, {"time": 17840, "train": 2, "operation": 301}, {"time": 17994, "train": 3, "operation": 293}, {"time": 18014, "train": 3, "operation": 295}, {"time": 18090, "train": 2, "operation": 335}, {"time": 18127, "train": 2, "operation": 359}, {"time": 18170, "train": 2, "operation": 385}, {"time": 18195, "train": 3, "operation": 299}, {"time": 18205, "train": 3, "operation": 303}, {"time": 18293, "train": 0, "operation": 278}, {"time": 18320, "train": 0, "operation": 280}, {"time": 18323, "train": 2, "operation": 388}, {"time": 18357, "train": 2, "operation": 393}, {"time": 18435, "train": 0, "operation": 282}, {"time": 18440, "train": 0, "operation": 284}, {"time": 18781, "train": 0, "operation": 287}, {"time": 18791, "train": 0, "operation": 289}, {"time": 18894, "train": 2, "operation": 398}, {"time": 18894, "train": 2, "operation": 400}, {"time": 18981, "train": 0, "operation": 291}, {"time": 18990, "train": 0, "operation": 293}, {"time": 19296, "train": 0, "operation": 295}, {"time": 19316, "train": 0, "operation": 297}, {"time": 19350, "train": 3, "operation": 305}, {"time": 19361, "train": 3, "operation": 307}, {"time": 19467, "train": 0, "operation": 301}, {"time": 19574, "train": 0, "operation": 305}, {"time": 19577, "train": 3, "operation": 308}, {"time": 19585, "train": 3, "operation": 310}, {"time": 19750, "train": 3, "operation": 312}, {"time": 19759, "train": 3, "operation": 314}, {"time": 20036, "train": 3, "operation": 316}, {"time": 20057, "train": 3, "operation": 318}, {"time": 20312, "train": 3, "operation": 320}, {"time": 20318, "train": 3, "operation": 322}, {"time": 20661, "train": 0, "operation": 307}, {"time": 20672, "train": 0, "operation": 309}, {"time": 20704, "train": 3, "operation": 324}, {"time": 20710, "train": 3, "operation": 326}, {"time": 20824, "train": 3, "operation": 328}, {"time": 20852, "train": 3, "operation": 330}, {"time": 20888, "train": 0, "operation": 310}, {"time": 20896, "train": 0, "operation": 312}, {"time": 21061, "train": 0, "operation": 314}, {"time": 21070, "train": 0, "operation": 316}, {"time": 21123, "train": 3, "operation": 333}, {"time": 21194, "train": 3, "operation": 335}, {"time": 21344, "train": 0, "operation": 318}, {"time": 21361, "train": 0, "operation": 320}, {"time": 21574, "train": 0, "operation": 322}, {"time": 21579, "train": 0, "operation": 324}, {"time": 21840, "train": 3, "operation": 338}, {"time": 21864, "train": 3, "operation": 342}, {"time": 21901, "train": 0, "operation": 327}, {"time": 21910, "train": 0, "operation": 329}, {"time": 22025, "train": 0, "operation": 331}, {"time": 22053, "train": 0, "operation": 333}, {"time": 22324, "train": 0, "operation": 334}, {"time": 22395, "train": 0, "operation": 336}, {"time": 22497, "train": 3, "operation": 344}, {"time": 22518, "train": 3, "operation": 346}, {"time": 23011, "train": 3, "operation": 348}, {"time": 23016, "train": 3, "operation": 350}, {"time": 23054, "train": 0, "operation": 339}, {"time": 23078, "train": 0, "operation": 343}, {"time": 23224, "train": 3, "operation": 352}, {"time": 23230, "train": 3, "operation": 354}, {"time": 23639, "train": 0, "operation": 347}, {"time": 23656, "train": 0, "operation": 349}, {"time": 23674, "train": 3, "operation": 357}, {"time": 23684, "train": 3, "operation": 359}, {"time": 23794, "train": 3, "operation": 362}, {"time": 23827, "train": 3, "operation": 365}, {"time": 24067, "train": 0, "operation": 350}, {"time": 24071, "train": 0, "operation": 352}, {"time": 24244, "train": 0, "operation": 354}, {"time": 24249, "train": 0, "operation": 356}, {"time": 24500, "train": 3, "operation": 368}, {"time": 24519, "train": 3, "operation": 371}, {"time": 24620, "train": 0, "operation": 358}, {"time": 24630, "train": 0, "operation": 359}, {"time": 24722, "train": 0, "operation": 360}, {"time": 24749, "train": 0, "operation": 361}, {"time": 25298, "train": 3, "operation": 374}, {"time": 25317, "train": 3, "operation": 377}, {"time": 25513, "train": 0, "operation": 362}, {"time": 25529, "train": 0, "operation": 363}, {"time": 25884, "train": 3, "operation": 379}, {"time": 25906, "train": 3, "operation": 381}, {"time": 25938, "train": 3, "operation": 383}, {"time": 25949, "train": 3, "operation": 386}, {"time": 26063, "train": 3, "operation": 389}, {"time": 26092, "train": 3, "operation": 393}, {"time": 26178, "train": 0, "operation": 364}, {"time": 26194, "train": 0, "operation": 365}, {"time": 26667, "train": 0, "operation": 366}, {"time": 26739, "train": 3, "operation": 398}, {"time": 26760, "train": 3, "operation": 401}, {"time": 26775, "train": 0, "operation": 367}, {"time": 26815, "train": 0, "operation": 368}, {"time": 26841, "train": 0, "operation": 369}, {"time": 27461, "train": 3, "operation": 404}, {"time": 27489, "train": 3, "operation": 407}, {"time": 27597, "train": 0, "operation": 370}, {"time": 27597, "train": 0, "operation": 371}, {"time": 27597, "train": 0, "operation": 372}, {"time": 27604, "train": 3, "operation": 409}, {"time": 27610, "train": 3, "operation": 411}, {"time": 28249, "train": 3, "operation": 412}, {"time": 28270, "train": 3, "operation": 413}, {"time": 28439, "train": 3, "operation": 414}, {"time": 28444, "train": 3, "operation": 416}, {"time": 28559, "train": 3, "operation": 418}, {"time": 28565, "train": 3, "operation": 420}, {"time": 28997, "train": 3, "operation": 422}, {"time": 29002, "train": 3, "operation": 424}, {"time": 29199, "train": 3, "operation": 426}, {"time": 29206, "train": 3, "operation": 428}, {"time": 29477, "train": 3, "operation": 430}, {"time": 29487, "train": 3, "operation": 432}, {"time": 29943, "train": 3, "operation": 435}, {"time": 29964, "train": 3, "operation": 439}, {"time": 30694, "train": 3, "operation": 444}, {"time": 30714, "train": 3, "operation": 447}, {"time": 31198, "train": 3, "operation": 450}, {"time": 31220, "train": 3, "operation": 453}, {"time": 31832, "train": 3, "operation": 455}, {"time": 31865, "train": 3, "operation": 458}, {"time": 32497, "train": 3, "operation": 470}, {"time": 32520, "train": 3, "operation": 473}, {"time": 33174, "train": 3, "operation": 476}, {"time": 33199, "train": 3, "operation": 478}, {"time": 33695, "train": 3, "operation": 480}, {"time": 33719, "train": 3, "operation": 483}, {"time": 34277, "train": 3, "operation": 486}, {"time": 34302, "train": 3, "operation": 489}, {"time": 34743, "train": 3, "operation": 492}, {"time": 34766, "train": 3, "operation": 495}, {"time": 35522, "train": 3, "operation": 499}, {"time": 35545, "train": 3, "operation": 503}, {"time": 36140, "train": 3, "operation": 507}, {"time": 36140, "train": 3, "operation": 508}]}