{"objective_value": 1506, "events": [{"time": 0, "train": 0, "operation": 0}, {"time": 0, "train": 1, "operation": 0}, {"time": 0, "train": 2, "operation": 0}, {"time": 0, "train": 3, "operation": 0}, {"time": 7647, "train": 0, "operation": 1}, {"time": 7797, "train": 1, "operation": 1}, {"time": 7857, "train": 2, "operation": 1}, {"time": 7857, "train": 3, "operation": 1}, {"time": 7887, "train": 1, "operation": 3}, {"time": 7895, "train": 0, "operation": 3}, {"time": 8009, "train": 3, "operation": 2}, {"time": 8009, "train": 3, "operation": 3}, {"time": 8067, "train": 2, "operation": 2}, {"time": 8067, "train": 3, "operation": 4}, {"time": 8098, "train": 2, "operation": 4}, {"time": 8105, "train": 3, "operation": 5}, {"time": 8247, "train": 3, "operation": 8}, {"time": 8307, "train": 2, "operation": 7}, {"time": 8337, "train": 2, "operation": 8}, {"time": 8457, "train": 3, "operation": 9}, {"time": 8506, "train": 1, "operation": 4}, {"time": 8547, "train": 2, "operation": 9}, {"time": 8577, "train": 2, "operation": 12}, {"time": 8648, "train": 1, "operation": 6}, {"time": 8678, "train": 1, "operation": 7}, {"time": 8727, "train": 2, "operation": 13}, {"time": 8727, "train": 2, "operation": 14}, {"time": 8728, "train": 3, "operation": 11}, {"time": 8773, "train": 1, "operation": 9}, {"time": 8773, "train": 1, "operation": 10}, {"time": 8784, "train": 0, "operation": 5}, {"time": 8821, "train": 1, "operation": 12}, {"time": 8851, "train": 1, "operation": 13}, {"time": 8877, "train": 2, "operation": 15}, {"time": 8937, "train": 2, "operation": 17}, {"time": 8946, "train": 0, "operation": 6}, {"time": 8946, "train": 0, "operation": 7}, {"time": 8993, "train": 1, "operation": 15}, {"time": 9023, "train": 1, "operation": 16}, {"time": 9108, "train": 0, "operation": 8}, {"time": 9108, "train": 3, "operation": 12}, {"time": 9147, "train": 2, "operation": 18}, {"time": 9147, "train": 0, "operation": 10}, {"time": 9177, "train": 2, "operation": 21}, {"time": 9251, "train": 1, "operation": 18}, {"time": 9265, "train": 3, "operation": 13}, {"time": 9265, "train": 3, "operation": 14}, {"time": 9311, "train": 1, "operation": 19}, {"time": 9327, "train": 2, "operation": 22}, {"time": 9343, "train": 0, "operation": 13}, {"time": 9343, "train": 0, "operation": 14}, {"time": 9357, "train": 2, "operation": 23}, {"time": 9411, "train": 2, "operation": 24}, {"time": 9419, "train": 2, "operation": 25}, {"time": 9422, "train": 3, "operation": 16}, {"time": 9425, "train": 1, "operation": 23}, {"time": 9443, "train": 0, "operation": 15}, {"time": 9443, "train": 0, "operation": 16}, {"time": 9452, "train": 3, "operation": 18}, {"time": 9545, "train": 1, "operation": 24}, {"time": 9567, "train": 2, "operation": 27}, {"time": 9605, "train": 2, "operation": 28}, {"time": 9632, "train": 3, "operation": 20}, {"time": 9682, "train": 3, "operation": 22}, {"time": 9699, "train": 0, "operation": 17}, {"time": 9747, "train": 2, "operation": 29}, {"time": 9778, "train": 2, "operation": 33}, {"time": 9819, "train": 0, "operation": 18}, {"time": 9837, "train": 2, "operation": 35}, {"time": 9897, "train": 2, "operation": 36}, {"time": 9910, "train": 3, "operation": 23}, {"time": 10030, "train": 3, "operation": 25}, {"time": 10167, "train": 2, "operation": 37}, {"time": 10198, "train": 2, "operation": 39}, {"time": 10230, "train": 3, "operation": 27}, {"time": 10260, "train": 3, "operation": 28}, {"time": 10347, "train": 2, "operation": 40}, {"time": 10378, "train": 2, "operation": 42}, {"time": 10402, "train": 3, "operation": 30}, {"time": 10427, "train": 2, "operation": 43}, {"time": 10428, "train": 2, "operation": 45}, {"time": 10432, "train": 3, "operation": 31}, {"time": 10527, "train": 2, "operation": 46}, {"time": 10558, "train": 2, "operation": 48}, {"time": 10574, "train": 3, "operation": 32}, {"time": 10604, "train": 3, "operation": 33}, {"time": 10690, "train": 3, "operation": 34}, {"time": 10690, "train": 3, "operation": 35}, {"time": 10707, "train": 2, "operation": 49}, {"time": 10737, "train": 2, "operation": 51}, {"time": 10857, "train": 2, "operation": 52}, {"time": 10861, "train": 3, "operation": 37}, {"time": 10891, "train": 3, "operation": 38}, {"time": 10977, "train": 2, "operation": 57}, {"time": 11037, "train": 3, "operation": 39}, {"time": 11037, "train": 3, "operation": 40}, {"time": 11233, "train": 3, "operation": 41}, {"time": 11353, "train": 3, "operation": 45}]}