{"objective_value": 3901, "events": [{"time": 0, "train": 0, "operation": 0}, {"time": 0, "train": 1, "operation": 0}, {"time": 0, "train": 2, "operation": 0}, {"time": 0, "train": 3, "operation": 0}, {"time": 0, "train": 4, "operation": 0}, {"time": 0, "train": 5, "operation": 0}, {"time": 0, "train": 6, "operation": 0}, {"time": 0, "train": 7, "operation": 0}, {"time": 0, "train": 8, "operation": 0}, {"time": 0, "train": 9, "operation": 0}, {"time": 26817, "train": 4, "operation": 1}, {"time": 26877, "train": 2, "operation": 1}, {"time": 26937, "train": 0, "operation": 1}, {"time": 26937, "train": 6, "operation": 1}, {"time": 26997, "train": 1, "operation": 1}, {"time": 27027, "train": 4, "operation": 4}, {"time": 27027, "train": 6, "operation": 2}, {"time": 27042, "train": 2, "operation": 2}, {"time": 27057, "train": 0, "operation": 3}, {"time": 27097, "train": 1, "operation": 3}, {"time": 27097, "train": 1, "operation": 4}, {"time": 27117, "train": 3, "operation": 1}, {"time": 27147, "train": 1, "operation": 6}, {"time": 27177, "train": 1, "operation": 7}, {"time": 27194, "train": 3, "operation": 5}, {"time": 27194, "train": 3, "operation": 6}, {"time": 27327, "train": 1, "operation": 9}, {"time": 27357, "train": 1, "operation": 10}, {"time": 27369, "train": 3, "operation": 8}, {"time": 27537, "train": 3, "operation": 9}, {"time": 27597, "train": 1, "operation": 12}, {"time": 27657, "train": 1, "operation": 13}, {"time": 27691, "train": 3, "operation": 10}, {"time": 27691, "train": 3, "operation": 11}, {"time": 27728, "train": 3, "operation": 12}, {"time": 27728, "train": 3, "operation": 13}, {"time": 27747, "train": 1, "operation": 15}, {"time": 27760, "train": 6, "operation": 3}, {"time": 27777, "train": 1, "operation": 18}, {"time": 27811, "train": 3, "operation": 15}, {"time": 27811, "train": 3, "operation": 17}, {"time": 27817, "train": 0, "operation": 7}, {"time": 27902, "train": 6, "operation": 4}, {"time": 27915, "train": 2, "operation": 3}, {"time": 27927, "train": 1, "operation": 20}, {"time": 27932, "train": 6, "operation": 6}, {"time": 27957, "train": 1, "operation": 21}, {"time": 28017, "train": 3, "operation": 19}, {"time": 28072, "train": 2, "operation": 6}, {"time": 28074, "train": 6, "operation": 8}, {"time": 28077, "train": 3, "operation": 20}, {"time": 28099, "train": 1, "operation": 22}, {"time": 28099, "train": 1, "operation": 23}, {"time": 28102, "train": 2, "operation": 7}, {"time": 28167, "train": 1, "operation": 24}, {"time": 28197, "train": 1, "operation": 25}, {"time": 28220, "train": 3, "operation": 21}, {"time": 28220, "train": 3, "operation": 22}, {"time": 28240, "train": 6, "operation": 9}, {"time": 28302, "train": 2, "operation": 8}, {"time": 28332, "train": 2, "operation": 11}, {"time": 28347, "train": 1, "operation": 27}, {"time": 28348, "train": 4, "operation": 5}, {"time": 28362, "train": 3, "operation": 25}, {"time": 28362, "train": 3, "operation": 26}, {"time": 28377, "train": 1, "operation": 29}, {"time": 28468, "train": 6, "operation": 10}, {"time": 28490, "train": 4, "operation": 6}, {"time": 28497, "train": 8, "operation": 1}, {"time": 28497, "train": 8, "operation": 6}, {"time": 28520, "train": 4, "operation": 7}, {"time": 28527, "train": 3, "operation": 28}, {"time": 28587, "train": 1, "operation": 31}, {"time": 28587, "train": 8, "operation": 8}, {"time": 28588, "train": 2, "operation": 13}, {"time": 28588, "train": 6, "operation": 12}, {"time": 28616, "train": 4, "operation": 8}, {"time": 28616, "train": 4, "operation": 9}, {"time": 28617, "train": 8, "operation": 9}, {"time": 28618, "train": 2, "operation": 14}, {"time": 28677, "train": 5, "operation": 4}, {"time": 28680, "train": 5, "operation": 5}, {"time": 28737, "train": 1, "operation": 32}, {"time": 28737, "train": 5, "operation": 7}, {"time": 28767, "train": 8, "operation": 11}, {"time": 28777, "train": 4, "operation": 10}, {"time": 28788, "train": 6, "operation": 15}, {"time": 28789, "train": 3, "operation": 30}, {"time": 28797, "train": 8, "operation": 12}, {"time": 28811, "train": 5, "operation": 8}, {"time": 28818, "train": 2, "operation": 15}, {"time": 28818, "train": 6, "operation": 16}, {"time": 28848, "train": 2, "operation": 17}, {"time": 28867, "train": 4, "operation": 12}, {"time": 28897, "train": 8, "operation": 14}, {"time": 28897, "train": 8, "operation": 15}, {"time": 28947, "train": 1, "operation": 33}, {"time": 28947, "train": 1, "operation": 34}, {"time": 28947, "train": 8, "operation": 17}, {"time": 28960, "train": 3, "operation": 32}, {"time": 28960, "train": 3, "operation": 33}, {"time": 28977, "train": 8, "operation": 18}, {"time": 29009, "train": 4, "operation": 16}, {"time": 29039, "train": 4, "operation": 17}, {"time": 29046, "train": 6, "operation": 17}, {"time": 29048, "train": 2, "operation": 19}, {"time": 29067, "train": 5, "operation": 10}, {"time": 29078, "train": 2, "operation": 20}, {"time": 29096, "train": 4, "operation": 18}, {"time": 29097, "train": 5, "operation": 11}, {"time": 29107, "train": 3, "operation": 35}, {"time": 29107, "train": 3, "operation": 36}, {"time": 29127, "train": 8, "operation": 20}, {"time": 29156, "train": 4, "operation": 20}, {"time": 29157, "train": 1, "operation": 37}, {"time": 29157, "train": 8, "operation": 21}, {"time": 29166, "train": 6, "operation": 20}, {"time": 29220, "train": 2, "operation": 21}, {"time": 29226, "train": 3, "operation": 37}, {"time": 29226, "train": 3, "operation": 39}, {"time": 29247, "train": 5, "operation": 12}, {"time": 29250, "train": 2, "operation": 22}, {"time": 29277, "train": 1, "operation": 38}, {"time": 29277, "train": 5, "operation": 14}, {"time": 29302, "train": 3, "operation": 40}, {"time": 29323, "train": 6, "operation": 21}, {"time": 29323, "train": 6, "operation": 22}, {"time": 29327, "train": 5, "operation": 16}, {"time": 29327, "train": 5, "operation": 17}, {"time": 29336, "train": 2, "operation": 23}, {"time": 29336, "train": 3, "operation": 41}, {"time": 29336, "train": 2, "operation": 24}, {"time": 29397, "train": 8, "operation": 23}, {"time": 29412, "train": 4, "operation": 21}, {"time": 29422, "train": 3, "operation": 42}, {"time": 29427, "train": 5, "operation": 19}, {"time": 29442, "train": 4, "operation": 23}, {"time": 29457, "train": 5, "operation": 20}, {"time": 29457, "train": 8, "operation": 24}, {"time": 29480, "train": 6, "operation": 24}, {"time": 29507, "train": 2, "operation": 26}, {"time": 29507, "train": 3, "operation": 43}, {"time": 29510, "train": 6, "operation": 25}, {"time": 29537, "train": 2, "operation": 27}, {"time": 29547, "train": 8, "operation": 25}, {"time": 29577, "train": 8, "operation": 29}, {"time": 29584, "train": 4, "operation": 25}, {"time": 29607, "train": 5, "operation": 21}, {"time": 29614, "train": 4, "operation": 26}, {"time": 29637, "train": 5, "operation": 23}, {"time": 29662, "train": 4, "operation": 27}, {"time": 29662, "train": 4, "operation": 29}, {"time": 29678, "train": 3, "operation": 45}, {"time": 29683, "train": 2, "operation": 28}, {"time": 29683, "train": 2, "operation": 29}, {"time": 29710, "train": 6, "operation": 26}, {"time": 29727, "train": 8, "operation": 30}, {"time": 29740, "train": 6, "operation": 29}, {"time": 29757, "train": 4, "operation": 31}, {"time": 29757, "train": 5, "operation": 26}, {"time": 29787, "train": 4, "operation": 32}, {"time": 29877, "train": 5, "operation": 29}, {"time": 29879, "train": 2, "operation": 33}, {"time": 29882, "train": 6, "operation": 30}, {"time": 29887, "train": 3, "operation": 46}, {"time": 29912, "train": 6, "operation": 31}, {"time": 29929, "train": 4, "operation": 34}, {"time": 29937, "train": 9, "operation": 3}, {"time": 29959, "train": 4, "operation": 35}, {"time": 29986, "train": 6, "operation": 32}, {"time": 29986, "train": 6, "operation": 33}, {"time": 29999, "train": 2, "operation": 34}, {"time": 30022, "train": 3, "operation": 47}, {"time": 30022, "train": 3, "operation": 48}, {"time": 30073, "train": 4, "operation": 36}, {"time": 30111, "train": 6, "operation": 35}, {"time": 30111, "train": 8, "operation": 32}, {"time": 30141, "train": 6, "operation": 36}, {"time": 30193, "train": 4, "operation": 41}, {"time": 30202, "train": 3, "operation": 52}, {"time": 30202, "train": 9, "operation": 5}, {"time": 30255, "train": 8, "operation": 33}, {"time": 30255, "train": 8, "operation": 34}, {"time": 30262, "train": 3, "operation": 53}, {"time": 30283, "train": 6, "operation": 37}, {"time": 30310, "train": 8, "operation": 35}, {"time": 30313, "train": 6, "operation": 41}, {"time": 30340, "train": 8, "operation": 36}, {"time": 30370, "train": 6, "operation": 43}, {"time": 30382, "train": 9, "operation": 6}, {"time": 30382, "train": 9, "operation": 7}, {"time": 30430, "train": 6, "operation": 44}, {"time": 30477, "train": 7, "operation": 3}, {"time": 30477, "train": 7, "operation": 5}, {"time": 30482, "train": 8, "operation": 38}, {"time": 30512, "train": 8, "operation": 40}, {"time": 30516, "train": 9, "operation": 9}, {"time": 30537, "train": 7, "operation": 7}, {"time": 30666, "train": 9, "operation": 10}, {"time": 30686, "train": 6, "operation": 46}, {"time": 30686, "train": 7, "operation": 8}, {"time": 30712, "train": 8, "operation": 42}, {"time": 30716, "train": 6, "operation": 47}, {"time": 30837, "train": 9, "operation": 11}, {"time": 30837, "train": 9, "operation": 12}, {"time": 30858, "train": 6, "operation": 49}, {"time": 30861, "train": 3, "operation": 55}, {"time": 30861, "train": 3, "operation": 56}, {"time": 30862, "train": 8, "operation": 43}, {"time": 30888, "train": 6, "operation": 50}, {"time": 30923, "train": 9, "operation": 13}, {"time": 30936, "train": 6, "operation": 52}, {"time": 30936, "train": 6, "operation": 53}, {"time": 30942, "train": 7, "operation": 9}, {"time": 30953, "train": 9, "operation": 14}, {"time": 30972, "train": 7, "operation": 11}, {"time": 31000, "train": 8, "operation": 44}, {"time": 31000, "train": 8, "operation": 45}, {"time": 31031, "train": 6, "operation": 55}, {"time": 31061, "train": 6, "operation": 56}, {"time": 31085, "train": 9, "operation": 15}, {"time": 31114, "train": 7, "operation": 13}, {"time": 31138, "train": 8, "operation": 48}, {"time": 31144, "train": 7, "operation": 14}, {"time": 31192, "train": 7, "operation": 15}, {"time": 31192, "train": 7, "operation": 17}, {"time": 31203, "train": 6, "operation": 58}, {"time": 31208, "train": 8, "operation": 49}, {"time": 31233, "train": 6, "operation": 59}, {"time": 31265, "train": 9, "operation": 17}, {"time": 31287, "train": 7, "operation": 19}, {"time": 31317, "train": 7, "operation": 20}, {"time": 31347, "train": 6, "operation": 60}, {"time": 31385, "train": 3, "operation": 57}, {"time": 31385, "train": 3, "operation": 59}, {"time": 31408, "train": 8, "operation": 52}, {"time": 31438, "train": 8, "operation": 53}, {"time": 31446, "train": 9, "operation": 19}, {"time": 31459, "train": 7, "operation": 21}, {"time": 31467, "train": 6, "operation": 65}, {"time": 31476, "train": 9, "operation": 20}, {"time": 31489, "train": 7, "operation": 23}, {"time": 31603, "train": 7, "operation": 24}, {"time": 31658, "train": 3, "operation": 61}, {"time": 31658, "train": 3, "operation": 62}, {"time": 31667, "train": 8, "operation": 55}, {"time": 31676, "train": 9, "operation": 21}, {"time": 31706, "train": 9, "operation": 23}, {"time": 31723, "train": 7, "operation": 29}, {"time": 31786, "train": 8, "operation": 56}, {"time": 31906, "train": 9, "operation": 25}, {"time": 31936, "train": 9, "operation": 27}, {"time": 31986, "train": 8, "operation": 57}, {"time": 32016, "train": 8, "operation": 59}, {"time": 32136, "train": 9, "operation": 30}, {"time": 32166, "train": 9, "operation": 31}, {"time": 32216, "train": 8, "operation": 61}, {"time": 32246, "train": 8, "operation": 62}, {"time": 32308, "train": 9, "operation": 32}, {"time": 32308, "train": 9, "operation": 33}, {"time": 32388, "train": 8, "operation": 63}, {"time": 32418, "train": 8, "operation": 64}, {"time": 32450, "train": 9, "operation": 34}, {"time": 32485, "train": 3, "operation": 65}, {"time": 32504, "train": 8, "operation": 65}, {"time": 32504, "train": 8, "operation": 66}, {"time": 32510, "train": 9, "operation": 36}, {"time": 32544, "train": 3, "operation": 66}, {"time": 32675, "train": 8, "operation": 68}, {"time": 32705, "train": 8, "operation": 69}, {"time": 32710, "train": 9, "operation": 39}, {"time": 32740, "train": 9, "operation": 40}, {"time": 32851, "train": 8, "operation": 70}, {"time": 32851, "train": 8, "operation": 71}, {"time": 32882, "train": 9, "operation": 41}, {"time": 32912, "train": 9, "operation": 42}, {"time": 32963, "train": 9, "operation": 43}, {"time": 32963, "train": 9, "operation": 44}, {"time": 33047, "train": 8, "operation": 75}, {"time": 33111, "train": 9, "operation": 46}, {"time": 33141, "train": 9, "operation": 47}, {"time": 33167, "train": 8, "operation": 76}, {"time": 33283, "train": 9, "operation": 49}, {"time": 33313, "train": 9, "operation": 52}, {"time": 33370, "train": 9, "operation": 53}, {"time": 33430, "train": 9, "operation": 55}, {"time": 33686, "train": 9, "operation": 57}, {"time": 33716, "train": 9, "operation": 58}, {"time": 33858, "train": 9, "operation": 60}, {"time": 33888, "train": 9, "operation": 61}, {"time": 33936, "train": 9, "operation": 63}, {"time": 33936, "train": 9, "operation": 64}, {"time": 34031, "train": 9, "operation": 66}, {"time": 34061, "train": 9, "operation": 67}, {"time": 34203, "train": 9, "operation": 69}, {"time": 34233, "train": 9, "operation": 70}, {"time": 34347, "train": 9, "operation": 75}, {"time": 34467, "train": 9, "operation": 76}]}