{"objective_value": 2677, "events": [{"time": 0, "train": 0, "operation": 0}, {"time": 0, "train": 1, "operation": 0}, {"time": 0, "train": 2, "operation": 0}, {"time": 0, "train": 3, "operation": 0}, {"time": 0, "train": 4, "operation": 0}, {"time": 0, "train": 5, "operation": 0}, {"time": 26037, "train": 0, "operation": 1}, {"time": 26098, "train": 1, "operation": 1}, {"time": 26157, "train": 0, "operation": 2}, {"time": 26197, "train": 1, "operation": 2}, {"time": 26217, "train": 2, "operation": 1}, {"time": 26313, "train": 2, "operation": 2}, {"time": 26319, "train": 2, "operation": 4}, {"time": 26397, "train": 3, "operation": 2}, {"time": 26397, "train": 3, "operation": 5}, {"time": 26425, "train": 2, "operation": 6}, {"time": 26425, "train": 2, "operation": 7}, {"time": 26528, "train": 2, "operation": 9}, {"time": 26530, "train": 2, "operation": 10}, {"time": 26578, "train": 2, "operation": 12}, {"time": 26586, "train": 3, "operation": 6}, {"time": 26586, "train": 3, "operation": 7}, {"time": 26638, "train": 2, "operation": 13}, {"time": 26727, "train": 3, "operation": 9}, {"time": 26727, "train": 4, "operation": 1}, {"time": 26729, "train": 2, "operation": 15}, {"time": 26729, "train": 2, "operation": 16}, {"time": 26746, "train": 1, "operation": 4}, {"time": 26757, "train": 3, "operation": 10}, {"time": 26794, "train": 1, "operation": 6}, {"time": 26825, "train": 1, "operation": 7}, {"time": 26851, "train": 4, "operation": 2}, {"time": 26967, "train": 1, "operation": 8}, {"time": 26991, "train": 3, "operation": 11}, {"time": 26991, "train": 3, "operation": 12}, {"time": 26997, "train": 2, "operation": 17}, {"time": 26997, "train": 1, "operation": 10}, {"time": 27077, "train": 3, "operation": 13}, {"time": 27107, "train": 3, "operation": 14}, {"time": 27117, "train": 2, "operation": 19}, {"time": 27136, "train": 0, "operation": 7}, {"time": 27194, "train": 2, "operation": 20}, {"time": 27225, "train": 1, "operation": 11}, {"time": 27234, "train": 2, "operation": 24}, {"time": 27249, "train": 3, "operation": 15}, {"time": 27279, "train": 3, "operation": 17}, {"time": 27285, "train": 1, "operation": 13}, {"time": 27399, "train": 1, "operation": 17}, {"time": 27400, "train": 2, "operation": 26}, {"time": 27421, "train": 3, "operation": 19}, {"time": 27451, "train": 3, "operation": 20}, {"time": 27519, "train": 1, "operation": 18}, {"time": 27568, "train": 2, "operation": 27}, {"time": 27630, "train": 4, "operation": 3}, {"time": 27679, "train": 3, "operation": 22}, {"time": 27714, "train": 2, "operation": 28}, {"time": 27714, "train": 2, "operation": 29}, {"time": 27749, "train": 2, "operation": 30}, {"time": 27749, "train": 2, "operation": 31}, {"time": 27795, "train": 4, "operation": 7}, {"time": 27795, "train": 4, "operation": 8}, {"time": 27799, "train": 3, "operation": 23}, {"time": 27828, "train": 2, "operation": 32}, {"time": 27828, "train": 2, "operation": 35}, {"time": 27999, "train": 3, "operation": 24}, {"time": 28024, "train": 2, "operation": 36}, {"time": 28029, "train": 3, "operation": 27}, {"time": 28084, "train": 2, "operation": 38}, {"time": 28220, "train": 2, "operation": 39}, {"time": 28220, "train": 2, "operation": 40}, {"time": 28258, "train": 3, "operation": 28}, {"time": 28362, "train": 2, "operation": 42}, {"time": 28378, "train": 3, "operation": 31}, {"time": 28422, "train": 4, "operation": 9}, {"time": 28422, "train": 4, "operation": 11}, {"time": 28459, "train": 2, "operation": 44}, {"time": 28497, "train": 5, "operation": 1}, {"time": 28497, "train": 5, "operation": 6}, {"time": 28542, "train": 3, "operation": 32}, {"time": 28579, "train": 3, "operation": 33}, {"time": 28587, "train": 5, "operation": 8}, {"time": 28616, "train": 2, "operation": 45}, {"time": 28616, "train": 2, "operation": 48}, {"time": 28617, "train": 5, "operation": 9}, {"time": 28744, "train": 3, "operation": 35}, {"time": 28767, "train": 5, "operation": 11}, {"time": 28774, "train": 3, "operation": 36}, {"time": 28787, "train": 2, "operation": 50}, {"time": 28787, "train": 2, "operation": 51}, {"time": 28804, "train": 5, "operation": 12}, {"time": 28899, "train": 5, "operation": 14}, {"time": 28899, "train": 5, "operation": 15}, {"time": 28934, "train": 2, "operation": 52}, {"time": 28934, "train": 2, "operation": 54}, {"time": 28948, "train": 5, "operation": 17}, {"time": 28974, "train": 3, "operation": 39}, {"time": 28978, "train": 5, "operation": 18}, {"time": 29004, "train": 3, "operation": 40}, {"time": 29053, "train": 2, "operation": 55}, {"time": 29053, "train": 2, "operation": 57}, {"time": 29064, "train": 4, "operation": 13}, {"time": 29127, "train": 5, "operation": 20}, {"time": 29129, "train": 2, "operation": 58}, {"time": 29129, "train": 2, "operation": 59}, {"time": 29149, "train": 3, "operation": 41}, {"time": 29157, "train": 5, "operation": 21}, {"time": 29179, "train": 3, "operation": 42}, {"time": 29242, "train": 2, "operation": 60}, {"time": 29253, "train": 3, "operation": 43}, {"time": 29253, "train": 3, "operation": 44}, {"time": 29256, "train": 2, "operation": 61}, {"time": 29392, "train": 3, "operation": 46}, {"time": 29397, "train": 5, "operation": 23}, {"time": 29422, "train": 3, "operation": 47}, {"time": 29439, "train": 4, "operation": 14}, {"time": 29457, "train": 5, "operation": 24}, {"time": 29471, "train": 2, "operation": 63}, {"time": 29547, "train": 5, "operation": 27}, {"time": 29564, "train": 3, "operation": 51}, {"time": 29577, "train": 5, "operation": 29}, {"time": 29601, "train": 3, "operation": 52}, {"time": 29659, "train": 3, "operation": 53}, {"time": 29680, "train": 2, "operation": 64}, {"time": 29721, "train": 3, "operation": 55}, {"time": 29727, "train": 5, "operation": 31}, {"time": 29757, "train": 5, "operation": 32}, {"time": 29791, "train": 4, "operation": 15}, {"time": 29791, "train": 4, "operation": 17}, {"time": 29815, "train": 2, "operation": 65}, {"time": 29815, "train": 2, "operation": 66}, {"time": 29909, "train": 5, "operation": 33}, {"time": 29909, "train": 5, "operation": 34}, {"time": 29967, "train": 5, "operation": 35}, {"time": 29977, "train": 3, "operation": 57}, {"time": 29995, "train": 2, "operation": 67}, {"time": 29997, "train": 5, "operation": 36}, {"time": 30009, "train": 3, "operation": 58}, {"time": 30055, "train": 2, "operation": 71}, {"time": 30147, "train": 5, "operation": 39}, {"time": 30151, "train": 3, "operation": 60}, {"time": 30177, "train": 5, "operation": 40}, {"time": 30194, "train": 3, "operation": 61}, {"time": 30246, "train": 3, "operation": 63}, {"time": 30246, "train": 3, "operation": 64}, {"time": 30341, "train": 3, "operation": 66}, {"time": 30371, "train": 3, "operation": 67}, {"time": 30387, "train": 5, "operation": 42}, {"time": 30513, "train": 3, "operation": 69}, {"time": 30537, "train": 5, "operation": 43}, {"time": 30543, "train": 3, "operation": 70}, {"time": 30654, "train": 2, "operation": 72}, {"time": 30654, "train": 2, "operation": 74}, {"time": 30657, "train": 3, "operation": 71}, {"time": 30682, "train": 5, "operation": 44}, {"time": 30682, "train": 5, "operation": 45}, {"time": 30693, "train": 4, "operation": 20}, {"time": 30693, "train": 4, "operation": 21}, {"time": 30777, "train": 3, "operation": 76}, {"time": 30827, "train": 5, "operation": 47}, {"time": 30897, "train": 5, "operation": 49}, {"time": 31107, "train": 5, "operation": 50}, {"time": 31137, "train": 5, "operation": 53}, {"time": 31178, "train": 2, "operation": 76}, {"time": 31178, "train": 2, "operation": 77}, {"time": 31378, "train": 5, "operation": 55}, {"time": 31451, "train": 2, "operation": 78}, {"time": 31451, "train": 2, "operation": 80}, {"time": 31497, "train": 5, "operation": 56}, {"time": 31707, "train": 5, "operation": 58}, {"time": 31737, "train": 5, "operation": 59}, {"time": 31947, "train": 5, "operation": 61}, {"time": 31977, "train": 5, "operation": 62}, {"time": 32127, "train": 5, "operation": 63}, {"time": 32157, "train": 5, "operation": 64}, {"time": 32247, "train": 5, "operation": 65}, {"time": 32247, "train": 5, "operation": 66}, {"time": 32278, "train": 2, "operation": 83}, {"time": 32337, "train": 2, "operation": 84}, {"time": 32427, "train": 5, "operation": 68}, {"time": 32457, "train": 5, "operation": 69}, {"time": 32611, "train": 5, "operation": 70}, {"time": 32611, "train": 5, "operation": 71}, {"time": 32817, "train": 5, "operation": 73}, {"time": 32937, "train": 5, "operation": 76}]}