{"objective_value": 5159, "events": [{"time": 0, "train": 0, "operation": 0}, {"time": 0, "train": 0, "operation": 1}, {"time": 0, "train": 1, "operation": 0}, {"time": 0, "train": 1, "operation": 1}, {"time": 0, "train": 2, "operation": 0}, {"time": 0, "train": 2, "operation": 1}, {"time": 0, "train": 3, "operation": 0}, {"time": 0, "train": 3, "operation": 1}, {"time": 0, "train": 4, "operation": 0}, {"time": 0, "train": 5, "operation": 0}, {"time": 0, "train": 6, "operation": 0}, {"time": 0, "train": 6, "operation": 1}, {"time": 0, "train": 7, "operation": 0}, {"time": 0, "train": 7, "operation": 1}, {"time": 0, "train": 8, "operation": 0}, {"time": 0, "train": 8, "operation": 1}, {"time": 7, "train": 6, "operation": 2}, {"time": 26, "train": 2, "operation": 2}, {"time": 40, "train": 7, "operation": 2}, {"time": 83, "train": 3, "operation": 2}, {"time": 94, "train": 6, "operation": 3}, {"time": 99, "train": 6, "operation": 4}, {"time": 177, "train": 3, "operation": 3}, {"time": 189, "train": 8, "operation": 2}, {"time": 193, "train": 2, "operation": 3}, {"time": 201, "train": 2, "operation": 4}, {"time": 201, "train": 7, "operation": 3}, {"time": 235, "train": 7, "operation": 4}, {"time": 243, "train": 7, "operation": 5}, {"time": 299, "train": 7, "operation": 6}, {"time": 356, "train": 6, "operation": 5}, {"time": 365, "train": 6, "operation": 6}, {"time": 448, "train": 3, "operation": 4}, {"time": 461, "train": 4, "operation": 1}, {"time": 484, "train": 4, "operation": 2}, {"time": 489, "train": 3, "operation": 5}, {"time": 489, "train": 3, "operation": 6}, {"time": 489, "train": 3, "operation": 7}, {"time": 605, "train": 5, "operation": 1}, {"time": 611, "train": 5, "operation": 2}, {"time": 656, "train": 2, "operation": 6}, {"time": 673, "train": 7, "operation": 7}, {"time": 676, "train": 2, "operation": 8}, {"time": 686, "train": 7, "operation": 8}, {"time": 761, "train": 6, "operation": 7}, {"time": 784, "train": 5, "operation": 3}, {"time": 795, "train": 5, "operation": 4}, {"time": 809, "train": 6, "operation": 9}, {"time": 815, "train": 6, "operation": 11}, {"time": 817, "train": 0, "operation": 2}, {"time": 823, "train": 1, "operation": 2}, {"time": 883, "train": 6, "operation": 17}, {"time": 922, "train": 2, "operation": 11}, {"time": 932, "train": 2, "operation": 14}, {"time": 940, "train": 0, "operation": 3}, {"time": 1099, "train": 7, "operation": 10}, {"time": 1115, "train": 7, "operation": 12}, {"time": 1131, "train": 2, "operation": 17}, {"time": 1133, "train": 6, "operation": 23}, {"time": 1142, "train": 2, "operation": 20}, {"time": 1143, "train": 8, "operation": 4}, {"time": 1149, "train": 6, "operation": 25}, {"time": 1156, "train": 8, "operation": 6}, {"time": 1159, "train": 4, "operation": 3}, {"time": 1175, "train": 4, "operation": 4}, {"time": 1180, "train": 5, "operation": 5}, {"time": 1187, "train": 5, "operation": 6}, {"time": 1203, "train": 6, "operation": 27}, {"time": 1203, "train": 6, "operation": 29}, {"time": 1205, "train": 2, "operation": 23}, {"time": 1225, "train": 2, "operation": 26}, {"time": 1258, "train": 2, "operation": 29}, {"time": 1314, "train": 5, "operation": 7}, {"time": 1321, "train": 5, "operation": 8}, {"time": 1330, "train": 8, "operation": 8}, {"time": 1340, "train": 8, "operation": 10}, {"time": 1348, "train": 2, "operation": 39}, {"time": 1475, "train": 2, "operation": 41}, {"time": 1511, "train": 2, "operation": 43}, {"time": 1587, "train": 4, "operation": 5}, {"time": 1601, "train": 4, "operation": 6}, {"time": 1608, "train": 8, "operation": 11}, {"time": 1614, "train": 7, "operation": 16}, {"time": 1617, "train": 8, "operation": 12}, {"time": 1628, "train": 7, "operation": 20}, {"time": 1645, "train": 1, "operation": 4}, {"time": 1646, "train": 2, "operation": 44}, {"time": 1654, "train": 2, "operation": 45}, {"time": 1666, "train": 1, "operation": 6}, {"time": 1728, "train": 2, "operation": 46}, {"time": 1741, "train": 2, "operation": 47}, {"time": 1767, "train": 7, "operation": 23}, {"time": 1773, "train": 7, "operation": 26}, {"time": 1829, "train": 2, "operation": 48}, {"time": 1842, "train": 2, "operation": 51}, {"time": 1856, "train": 1, "operation": 9}, {"time": 1867, "train": 1, "operation": 12}, {"time": 1975, "train": 4, "operation": 8}, {"time": 1984, "train": 1, "operation": 15}, {"time": 1996, "train": 1, "operation": 18}, {"time": 2031, "train": 4, "operation": 10}, {"time": 2039, "train": 4, "operation": 13}, {"time": 2052, "train": 8, "operation": 14}, {"time": 2075, "train": 4, "operation": 16}, {"time": 2079, "train": 0, "operation": 4}, {"time": 2089, "train": 2, "operation": 54}, {"time": 2089, "train": 2, "operation": 57}, {"time": 2100, "train": 8, "operation": 16}, {"time": 2108, "train": 8, "operation": 24}, {"time": 2169, "train": 8, "operation": 33}, {"time": 2178, "train": 1, "operation": 21}, {"time": 2205, "train": 4, "operation": 21}, {"time": 2208, "train": 7, "operation": 28}, {"time": 2220, "train": 1, "operation": 24}, {"time": 2228, "train": 7, "operation": 30}, {"time": 2245, "train": 4, "operation": 26}, {"time": 2274, "train": 1, "operation": 27}, {"time": 2284, "train": 1, "operation": 30}, {"time": 2311, "train": 4, "operation": 33}, {"time": 2343, "train": 5, "operation": 9}, {"time": 2348, "train": 5, "operation": 11}, {"time": 2361, "train": 4, "operation": 40}, {"time": 2373, "train": 8, "operation": 38}, {"time": 2380, "train": 8, "operation": 43}, {"time": 2389, "train": 4, "operation": 47}, {"time": 2389, "train": 4, "operation": 48}, {"time": 2447, "train": 8, "operation": 49}, {"time": 2454, "train": 8, "operation": 57}, {"time": 2471, "train": 5, "operation": 13}, {"time": 2474, "train": 7, "operation": 33}, {"time": 2477, "train": 5, "operation": 15}, {"time": 2484, "train": 7, "operation": 36}, {"time": 2534, "train": 1, "operation": 34}, {"time": 2579, "train": 1, "operation": 38}, {"time": 2588, "train": 1, "operation": 44}, {"time": 2609, "train": 1, "operation": 48}, {"time": 2620, "train": 8, "operation": 62}, {"time": 2628, "train": 8, "operation": 65}, {"time": 2683, "train": 7, "operation": 41}, {"time": 2694, "train": 7, "operation": 46}, {"time": 2739, "train": 1, "operation": 53}, {"time": 2757, "train": 7, "operation": 50}, {"time": 2777, "train": 7, "operation": 54}, {"time": 2779, "train": 1, "operation": 56}, {"time": 2810, "train": 7, "operation": 58}, {"time": 2854, "train": 0, "operation": 5}, {"time": 2859, "train": 0, "operation": 7}, {"time": 2861, "train": 1, "operation": 59}, {"time": 2900, "train": 7, "operation": 64}, {"time": 2904, "train": 1, "operation": 63}, {"time": 2939, "train": 1, "operation": 67}, {"time": 2939, "train": 1, "operation": 71}, {"time": 3003, "train": 0, "operation": 9}, {"time": 3012, "train": 0, "operation": 11}, {"time": 3025, "train": 8, "operation": 68}, {"time": 3028, "train": 7, "operation": 76}, {"time": 3048, "train": 7, "operation": 82}, {"time": 3068, "train": 8, "operation": 71}, {"time": 3198, "train": 7, "operation": 87}, {"time": 3206, "train": 7, "operation": 90}, {"time": 3261, "train": 7, "operation": 92}, {"time": 3272, "train": 7, "operation": 94}, {"time": 3310, "train": 7, "operation": 97}, {"time": 3330, "train": 7, "operation": 101}, {"time": 3361, "train": 5, "operation": 17}, {"time": 3370, "train": 5, "operation": 19}, {"time": 3372, "train": 0, "operation": 13}, {"time": 3378, "train": 0, "operation": 15}, {"time": 3488, "train": 0, "operation": 17}, {"time": 3494, "train": 0, "operation": 19}, {"time": 3603, "train": 5, "operation": 21}, {"time": 3609, "train": 5, "operation": 23}, {"time": 3744, "train": 7, "operation": 105}, {"time": 3798, "train": 7, "operation": 108}, {"time": 3843, "train": 7, "operation": 113}, {"time": 3849, "train": 7, "operation": 118}, {"time": 3915, "train": 8, "operation": 75}, {"time": 3921, "train": 8, "operation": 77}, {"time": 3933, "train": 7, "operation": 128}, {"time": 3938, "train": 7, "operation": 132}, {"time": 3986, "train": 7, "operation": 134}, {"time": 3994, "train": 7, "operation": 136}, {"time": 4049, "train": 7, "operation": 138}, {"time": 4055, "train": 7, "operation": 139}, {"time": 4094, "train": 8, "operation": 79}, {"time": 4105, "train": 8, "operation": 81}, {"time": 4165, "train": 5, "operation": 25}, {"time": 4170, "train": 5, "operation": 27}, {"time": 4296, "train": 5, "operation": 29}, {"time": 4303, "train": 5, "operation": 31}, {"time": 4322, "train": 7, "operation": 140}, {"time": 4329, "train": 7, "operation": 142}, {"time": 4413, "train": 7, "operation": 144}, {"time": 4417, "train": 7, "operation": 146}, {"time": 4445, "train": 0, "operation": 21}, {"time": 4449, "train": 0, "operation": 23}, {"time": 4492, "train": 8, "operation": 83}, {"time": 4500, "train": 8, "operation": 85}, {"time": 4552, "train": 0, "operation": 25}, {"time": 4557, "train": 0, "operation": 27}, {"time": 4634, "train": 8, "operation": 87}, {"time": 4658, "train": 8, "operation": 89}, {"time": 4873, "train": 5, "operation": 33}, {"time": 4880, "train": 5, "operation": 35}, {"time": 5038, "train": 5, "operation": 37}, {"time": 5045, "train": 5, "operation": 39}, {"time": 5165, "train": 7, "operation": 148}, {"time": 5169, "train": 7, "operation": 150}, {"time": 5224, "train": 7, "operation": 152}, {"time": 5228, "train": 7, "operation": 154}, {"time": 5272, "train": 7, "operation": 156}, {"time": 5277, "train": 7, "operation": 157}, {"time": 5341, "train": 0, "operation": 29}, {"time": 5349, "train": 0, "operation": 31}, {"time": 5479, "train": 7, "operation": 158}, {"time": 5485, "train": 7, "operation": 159}, {"time": 5521, "train": 5, "operation": 41}, {"time": 5531, "train": 5, "operation": 43}, {"time": 5550, "train": 7, "operation": 160}, {"time": 5555, "train": 7, "operation": 161}, {"time": 5574, "train": 0, "operation": 33}, {"time": 5579, "train": 0, "operation": 35}, {"time": 5705, "train": 7, "operation": 162}, {"time": 5710, "train": 7, "operation": 163}, {"time": 5724, "train": 5, "operation": 45}, {"time": 5725, "train": 8, "operation": 91}, {"time": 5730, "train": 8, "operation": 93}, {"time": 5732, "train": 5, "operation": 47}, {"time": 5793, "train": 7, "operation": 164}, {"time": 5798, "train": 7, "operation": 166}, {"time": 5853, "train": 8, "operation": 95}, {"time": 5859, "train": 8, "operation": 97}, {"time": 5868, "train": 7, "operation": 168}, {"time": 5873, "train": 7, "operation": 170}, {"time": 6099, "train": 0, "operation": 37}, {"time": 6103, "train": 0, "operation": 39}, {"time": 6196, "train": 5, "operation": 50}, {"time": 6208, "train": 0, "operation": 41}, {"time": 6209, "train": 5, "operation": 52}, {"time": 6214, "train": 0, "operation": 43}, {"time": 6230, "train": 7, "operation": 172}, {"time": 6235, "train": 7, "operation": 174}, {"time": 6387, "train": 7, "operation": 176}, {"time": 6393, "train": 7, "operation": 178}, {"time": 6637, "train": 5, "operation": 55}, {"time": 6665, "train": 5, "operation": 59}, {"time": 6708, "train": 0, "operation": 45}, {"time": 6715, "train": 0, "operation": 47}, {"time": 6751, "train": 8, "operation": 100}, {"time": 6761, "train": 8, "operation": 102}, {"time": 6820, "train": 7, "operation": 180}, {"time": 6826, "train": 7, "operation": 182}, {"time": 6873, "train": 0, "operation": 49}, {"time": 6879, "train": 0, "operation": 51}, {"time": 6945, "train": 5, "operation": 62}, {"time": 6952, "train": 5, "operation": 65}, {"time": 6987, "train": 7, "operation": 184}, {"time": 6991, "train": 7, "operation": 186}, {"time": 7023, "train": 8, "operation": 104}, {"time": 7032, "train": 8, "operation": 106}, {"time": 7233, "train": 7, "operation": 188}, {"time": 7239, "train": 7, "operation": 190}, {"time": 7293, "train": 0, "operation": 53}, {"time": 7303, "train": 0, "operation": 55}, {"time": 7333, "train": 5, "operation": 69}, {"time": 7342, "train": 7, "operation": 192}, {"time": 7350, "train": 7, "operation": 194}, {"time": 7364, "train": 5, "operation": 70}, {"time": 7490, "train": 0, "operation": 57}, {"time": 7497, "train": 0, "operation": 59}, {"time": 7631, "train": 8, "operation": 107}, {"time": 7636, "train": 8, "operation": 109}, {"time": 7709, "train": 7, "operation": 196}, {"time": 7709, "train": 7, "operation": 197}, {"time": 7762, "train": 8, "operation": 111}, {"time": 7769, "train": 8, "operation": 113}, {"time": 7779, "train": 5, "operation": 71}, {"time": 7784, "train": 5, "operation": 73}, {"time": 7916, "train": 5, "operation": 75}, {"time": 7917, "train": 7, "operation": 198}, {"time": 7922, "train": 7, "operation": 200}, {"time": 7924, "train": 5, "operation": 77}, {"time": 7948, "train": 0, "operation": 62}, {"time": 7961, "train": 0, "operation": 64}, {"time": 8069, "train": 7, "operation": 202}, {"time": 8074, "train": 7, "operation": 204}, {"time": 8109, "train": 7, "operation": 206}, {"time": 8114, "train": 7, "operation": 208}, {"time": 8130, "train": 7, "operation": 210}, {"time": 8136, "train": 7, "operation": 212}, {"time": 8287, "train": 5, "operation": 79}, {"time": 8293, "train": 5, "operation": 81}, {"time": 8347, "train": 8, "operation": 115}, {"time": 8354, "train": 8, "operation": 117}, {"time": 8389, "train": 0, "operation": 67}, {"time": 8417, "train": 0, "operation": 71}, {"time": 8419, "train": 5, "operation": 83}, {"time": 8441, "train": 5, "operation": 85}, {"time": 8512, "train": 8, "operation": 119}, {"time": 8519, "train": 8, "operation": 121}, {"time": 8703, "train": 0, "operation": 74}, {"time": 8710, "train": 0, "operation": 77}, {"time": 8743, "train": 7, "operation": 214}, {"time": 8753, "train": 7, "operation": 216}, {"time": 8963, "train": 7, "operation": 218}, {"time": 8977, "train": 7, "operation": 220}, {"time": 8995, "train": 8, "operation": 123}, {"time": 9006, "train": 8, "operation": 125}, {"time": 9095, "train": 0, "operation": 81}, {"time": 9124, "train": 5, "operation": 87}, {"time": 9126, "train": 0, "operation": 82}, {"time": 9130, "train": 5, "operation": 89}, {"time": 9222, "train": 8, "operation": 127}, {"time": 9230, "train": 8, "operation": 129}, {"time": 9246, "train": 5, "operation": 91}, {"time": 9252, "train": 5, "operation": 93}, {"time": 9410, "train": 7, "operation": 222}, {"time": 9416, "train": 7, "operation": 224}, {"time": 9504, "train": 0, "operation": 83}, {"time": 9508, "train": 0, "operation": 85}, {"time": 9602, "train": 7, "operation": 226}, {"time": 9618, "train": 0, "operation": 87}, {"time": 9622, "train": 7, "operation": 228}, {"time": 9624, "train": 0, "operation": 89}, {"time": 9702, "train": 8, "operation": 132}, {"time": 9715, "train": 8, "operation": 134}, {"time": 9926, "train": 0, "operation": 91}, {"time": 9932, "train": 0, "operation": 93}, {"time": 10018, "train": 7, "operation": 230}, {"time": 10026, "train": 7, "operation": 232}, {"time": 10054, "train": 0, "operation": 95}, {"time": 10076, "train": 0, "operation": 97}, {"time": 10143, "train": 8, "operation": 137}, {"time": 10144, "train": 7, "operation": 234}, {"time": 10148, "train": 7, "operation": 236}, {"time": 10171, "train": 8, "operation": 141}, {"time": 10216, "train": 5, "operation": 95}, {"time": 10222, "train": 5, "operation": 97}, {"time": 10356, "train": 5, "operation": 99}, {"time": 10362, "train": 5, "operation": 101}, {"time": 10397, "train": 7, "operation": 238}, {"time": 10403, "train": 7, "operation": 239}, {"time": 10465, "train": 8, "operation": 144}, {"time": 10470, "train": 7, "operation": 240}, {"time": 10472, "train": 8, "operation": 147}, {"time": 10475, "train": 7, "operation": 241}, {"time": 10577, "train": 7, "operation": 242}, {"time": 10584, "train": 7, "operation": 244}, {"time": 10686, "train": 0, "operation": 99}, {"time": 10691, "train": 0, "operation": 101}, {"time": 10788, "train": 0, "operation": 103}, {"time": 10793, "train": 0, "operation": 105}, {"time": 10815, "train": 7, "operation": 246}, {"time": 10821, "train": 7, "operation": 248}, {"time": 10863, "train": 8, "operation": 151}, {"time": 10894, "train": 8, "operation": 152}, {"time": 11075, "train": 7, "operation": 250}, {"time": 11088, "train": 7, "operation": 251}, {"time": 11115, "train": 7, "operation": 252}, {"time": 11118, "train": 5, "operation": 103}, {"time": 11122, "train": 7, "operation": 254}, {"time": 11124, "train": 5, "operation": 105}, {"time": 11131, "train": 7, "operation": 256}, {"time": 11139, "train": 7, "operation": 259}, {"time": 11234, "train": 7, "operation": 262}, {"time": 11247, "train": 5, "operation": 107}, {"time": 11252, "train": 7, "operation": 268}, {"time": 11253, "train": 5, "operation": 109}, {"time": 11309, "train": 8, "operation": 153}, {"time": 11314, "train": 8, "operation": 155}, {"time": 11446, "train": 8, "operation": 157}, {"time": 11454, "train": 8, "operation": 159}, {"time": 11596, "train": 0, "operation": 107}, {"time": 11601, "train": 0, "operation": 109}, {"time": 11644, "train": 7, "operation": 274}, {"time": 11659, "train": 7, "operation": 276}, {"time": 11713, "train": 0, "operation": 111}, {"time": 11718, "train": 0, "operation": 113}, {"time": 11798, "train": 5, "operation": 111}, {"time": 11804, "train": 5, "operation": 113}, {"time": 11817, "train": 8, "operation": 161}, {"time": 11823, "train": 8, "operation": 163}, {"time": 11924, "train": 5, "operation": 115}, {"time": 11931, "train": 5, "operation": 117}, {"time": 11949, "train": 8, "operation": 165}, {"time": 11971, "train": 8, "operation": 167}, {"time": 12085, "train": 7, "operation": 279}, {"time": 12099, "train": 7, "operation": 281}, {"time": 12206, "train": 7, "operation": 285}, {"time": 12222, "train": 7, "operation": 289}, {"time": 12348, "train": 0, "operation": 115}, {"time": 12353, "train": 0, "operation": 117}, {"time": 12455, "train": 0, "operation": 119}, {"time": 12460, "train": 0, "operation": 121}, {"time": 12572, "train": 7, "operation": 292}, {"time": 12589, "train": 7, "operation": 296}, {"time": 12664, "train": 8, "operation": 169}, {"time": 12670, "train": 8, "operation": 171}, {"time": 12694, "train": 5, "operation": 119}, {"time": 12700, "train": 5, "operation": 121}, {"time": 12777, "train": 7, "operation": 300}, {"time": 12786, "train": 8, "operation": 173}, {"time": 12791, "train": 7, "operation": 303}, {"time": 12792, "train": 8, "operation": 175}, {"time": 12822, "train": 5, "operation": 123}, {"time": 12829, "train": 5, "operation": 125}, {"time": 12914, "train": 0, "operation": 123}, {"time": 12919, "train": 0, "operation": 125}, {"time": 13019, "train": 0, "operation": 127}, {"time": 13025, "train": 0, "operation": 129}, {"time": 13299, "train": 7, "operation": 310}, {"time": 13300, "train": 5, "operation": 127}, {"time": 13304, "train": 7, "operation": 312}, {"time": 13306, "train": 5, "operation": 129}, {"time": 13395, "train": 7, "operation": 314}, {"time": 13399, "train": 7, "operation": 316}, {"time": 13423, "train": 5, "operation": 131}, {"time": 13430, "train": 5, "operation": 133}, {"time": 13681, "train": 0, "operation": 131}, {"time": 13686, "train": 0, "operation": 133}, {"time": 13756, "train": 8, "operation": 177}, {"time": 13762, "train": 8, "operation": 179}, {"time": 13788, "train": 0, "operation": 135}, {"time": 13794, "train": 0, "operation": 137}, {"time": 13846, "train": 7, "operation": 318}, {"time": 13885, "train": 7, "operation": 320}, {"time": 13896, "train": 8, "operation": 181}, {"time": 13902, "train": 8, "operation": 183}, {"time": 13908, "train": 5, "operation": 136}, {"time": 13932, "train": 5, "operation": 138}, {"time": 14117, "train": 7, "operation": 322}, {"time": 14121, "train": 7, "operation": 324}, {"time": 14186, "train": 0, "operation": 139}, {"time": 14191, "train": 0, "operation": 141}, {"time": 14289, "train": 0, "operation": 143}, {"time": 14295, "train": 0, "operation": 145}, {"time": 14419, "train": 7, "operation": 326}, {"time": 14422, "train": 7, "operation": 328}, {"time": 14498, "train": 7, "operation": 330}, {"time": 14502, "train": 7, "operation": 332}, {"time": 14658, "train": 8, "operation": 185}, {"time": 14664, "train": 8, "operation": 187}, {"time": 14693, "train": 0, "operation": 147}, {"time": 14702, "train": 0, "operation": 149}, {"time": 14787, "train": 8, "operation": 189}, {"time": 14792, "train": 7, "operation": 334}, {"time": 14793, "train": 8, "operation": 191}, {"time": 14799, "train": 7, "operation": 336}, {"time": 14885, "train": 7, "operation": 338}, {"time": 14891, "train": 7, "operation": 340}, {"time": 14900, "train": 0, "operation": 151}, {"time": 14907, "train": 0, "operation": 153}, {"time": 15033, "train": 5, "operation": 140}, {"time": 15272, "train": 7, "operation": 342}, {"time": 15278, "train": 7, "operation": 344}, {"time": 15338, "train": 8, "operation": 193}, {"time": 15344, "train": 8, "operation": 195}, {"time": 15374, "train": 7, "operation": 346}, {"time": 15379, "train": 7, "operation": 348}, {"time": 15464, "train": 8, "operation": 197}, {"time": 15471, "train": 8, "operation": 199}, {"time": 15779, "train": 0, "operation": 155}, {"time": 15784, "train": 0, "operation": 157}, {"time": 15866, "train": 7, "operation": 350}, {"time": 15870, "train": 7, "operation": 352}, {"time": 15896, "train": 0, "operation": 159}, {"time": 15902, "train": 0, "operation": 161}, {"time": 15947, "train": 7, "operation": 354}, {"time": 15951, "train": 7, "operation": 356}, {"time": 15993, "train": 5, "operation": 142}, {"time": 16207, "train": 7, "operation": 358}, {"time": 16211, "train": 7, "operation": 359}, {"time": 16243, "train": 8, "operation": 201}, {"time": 16249, "train": 8, "operation": 203}, {"time": 16259, "train": 7, "operation": 360}, {"time": 16263, "train": 7, "operation": 361}, {"time": 16371, "train": 8, "operation": 205}, {"time": 16378, "train": 8, "operation": 207}, {"time": 16588, "train": 7, "operation": 362}, {"time": 16592, "train": 7, "operation": 364}, {"time": 16685, "train": 7, "operation": 366}, {"time": 16689, "train": 7, "operation": 368}, {"time": 16791, "train": 0, "operation": 163}, {"time": 16797, "train": 0, "operation": 165}, {"time": 16849, "train": 8, "operation": 209}, {"time": 16855, "train": 8, "operation": 211}, {"time": 16918, "train": 0, "operation": 167}, {"time": 16924, "train": 0, "operation": 169}, {"time": 16972, "train": 8, "operation": 213}, {"time": 16979, "train": 8, "operation": 215}, {"time": 17022, "train": 5, "operation": 143}, {"time": 17028, "train": 5, "operation": 145}, {"time": 17060, "train": 7, "operation": 370}, {"time": 17071, "train": 7, "operation": 372}, {"time": 17162, "train": 5, "operation": 147}, {"time": 17170, "train": 5, "operation": 149}, {"time": 17220, "train": 7, "operation": 375}, {"time": 17246, "train": 7, "operation": 378}, {"time": 17277, "train": 7, "operation": 381}, {"time": 17457, "train": 8, "operation": 217}, {"time": 17466, "train": 8, "operation": 219}, {"time": 17527, "train": 7, "operation": 384}, {"time": 17565, "train": 7, "operation": 385}, {"time": 17664, "train": 8, "operation": 221}, {"time": 17671, "train": 8, "operation": 223}, {"time": 17782, "train": 0, "operation": 171}, {"time": 17787, "train": 0, "operation": 173}, {"time": 17881, "train": 0, "operation": 175}, {"time": 17886, "train": 0, "operation": 177}, {"time": 18237, "train": 5, "operation": 151}, {"time": 18244, "train": 5, "operation": 153}, {"time": 18247, "train": 7, "operation": 386}, {"time": 18257, "train": 7, "operation": 387}, {"time": 18375, "train": 7, "operation": 388}, {"time": 18380, "train": 7, "operation": 390}, {"time": 18389, "train": 5, "operation": 155}, {"time": 18397, "train": 5, "operation": 157}, {"time": 18464, "train": 7, "operation": 392}, {"time": 18471, "train": 7, "operation": 394}, {"time": 18579, "train": 0, "operation": 179}, {"time": 18589, "train": 0, "operation": 180}, {"time": 18700, "train": 8, "operation": 225}, {"time": 18706, "train": 8, "operation": 227}, {"time": 18782, "train": 7, "operation": 397}, {"time": 18793, "train": 7, "operation": 399}, {"time": 18829, "train": 7, "operation": 401}, {"time": 18833, "train": 7, "operation": 403}, {"time": 18840, "train": 8, "operation": 229}, {"time": 18848, "train": 8, "operation": 231}, {"time": 18864, "train": 0, "operation": 182}, {"time": 18880, "train": 0, "operation": 184}, {"time": 18883, "train": 7, "operation": 404}, {"time": 18888, "train": 7, "operation": 405}, {"time": 19117, "train": 0, "operation": 186}, {"time": 19123, "train": 0, "operation": 188}, {"time": 19160, "train": 7, "operation": 406}, {"time": 19164, "train": 7, "operation": 408}, {"time": 19204, "train": 0, "operation": 191}, {"time": 19212, "train": 0, "operation": 193}, {"time": 19223, "train": 7, "operation": 410}, {"time": 19228, "train": 7, "operation": 412}, {"time": 19403, "train": 5, "operation": 159}, {"time": 19410, "train": 5, "operation": 161}, {"time": 19413, "train": 7, "operation": 414}, {"time": 19424, "train": 7, "operation": 415}, {"time": 19522, "train": 5, "operation": 163}, {"time": 19528, "train": 5, "operation": 165}, {"time": 19550, "train": 7, "operation": 416}, {"time": 19568, "train": 7, "operation": 418}, {"time": 19666, "train": 0, "operation": 195}, {"time": 19688, "train": 7, "operation": 420}, {"time": 19694, "train": 7, "operation": 422}, {"time": 19702, "train": 0, "operation": 197}, {"time": 19915, "train": 8, "operation": 233}, {"time": 19922, "train": 8, "operation": 235}, {"time": 19990, "train": 7, "operation": 424}, {"time": 19995, "train": 7, "operation": 426}, {"time": 20056, "train": 7, "operation": 428}, {"time": 20062, "train": 7, "operation": 430}, {"time": 20067, "train": 8, "operation": 237}, {"time": 20075, "train": 8, "operation": 239}, {"time": 20304, "train": 7, "operation": 432}, {"time": 20308, "train": 7, "operation": 434}, {"time": 20340, "train": 5, "operation": 167}, {"time": 20350, "train": 5, "operation": 168}, {"time": 20414, "train": 7, "operation": 436}, {"time": 20422, "train": 7, "operation": 438}, {"time": 20628, "train": 5, "operation": 170}, {"time": 20638, "train": 0, "operation": 210}, {"time": 20644, "train": 5, "operation": 172}, {"time": 20645, "train": 0, "operation": 212}, {"time": 20701, "train": 7, "operation": 440}, {"time": 20706, "train": 7, "operation": 441}, {"time": 20784, "train": 0, "operation": 214}, {"time": 20787, "train": 7, "operation": 442}, {"time": 20789, "train": 0, "operation": 216}, {"time": 20792, "train": 7, "operation": 443}, {"time": 20929, "train": 5, "operation": 174}, {"time": 20937, "train": 5, "operation": 176}, {"time": 21034, "train": 5, "operation": 179}, {"time": 21043, "train": 5, "operation": 181}, {"time": 21091, "train": 8, "operation": 241}, {"time": 21098, "train": 8, "operation": 243}, {"time": 21190, "train": 7, "operation": 444}, {"time": 21199, "train": 7, "operation": 445}, {"time": 21210, "train": 8, "operation": 245}, {"time": 21216, "train": 8, "operation": 247}, {"time": 21282, "train": 0, "operation": 218}, {"time": 21288, "train": 0, "operation": 219}, {"time": 21333, "train": 7, "operation": 446}, {"time": 21345, "train": 7, "operation": 448}, {"time": 21387, "train": 0, "operation": 220}, {"time": 21394, "train": 0, "operation": 221}, {"time": 21549, "train": 7, "operation": 450}, {"time": 21555, "train": 7, "operation": 452}, {"time": 21587, "train": 5, "operation": 183}, {"time": 21623, "train": 5, "operation": 185}, {"time": 22028, "train": 8, "operation": 249}, {"time": 22038, "train": 8, "operation": 250}, {"time": 22056, "train": 7, "operation": 454}, {"time": 22060, "train": 7, "operation": 456}, {"time": 22147, "train": 7, "operation": 458}, {"time": 22152, "train": 7, "operation": 460}, {"time": 22328, "train": 8, "operation": 252}, {"time": 22336, "train": 8, "operation": 254}, {"time": 22402, "train": 7, "operation": 462}, {"time": 22408, "train": 7, "operation": 464}, {"time": 22469, "train": 7, "operation": 466}, {"time": 22475, "train": 7, "operation": 468}, {"time": 22530, "train": 0, "operation": 222}, {"time": 22548, "train": 0, "operation": 224}, {"time": 22621, "train": 8, "operation": 256}, {"time": 22629, "train": 8, "operation": 258}, {"time": 22633, "train": 0, "operation": 226}, {"time": 22638, "train": 0, "operation": 228}, {"time": 22685, "train": 7, "operation": 470}, {"time": 22691, "train": 7, "operation": 472}, {"time": 22707, "train": 5, "operation": 198}, {"time": 22714, "train": 5, "operation": 200}, {"time": 22726, "train": 8, "operation": 260}, {"time": 22735, "train": 8, "operation": 263}, {"time": 22752, "train": 7, "operation": 474}, {"time": 22758, "train": 7, "operation": 476}, {"time": 22858, "train": 5, "operation": 202}, {"time": 22864, "train": 5, "operation": 204}, {"time": 23081, "train": 7, "operation": 478}, {"time": 23088, "train": 7, "operation": 480}, {"time": 23176, "train": 7, "operation": 482}, {"time": 23182, "train": 7, "operation": 484}, {"time": 23234, "train": 0, "operation": 230}, {"time": 23239, "train": 0, "operation": 232}, {"time": 23279, "train": 8, "operation": 269}, {"time": 23315, "train": 8, "operation": 271}, {"time": 23344, "train": 0, "operation": 234}, {"time": 23349, "train": 0, "operation": 236}, {"time": 23455, "train": 5, "operation": 206}, {"time": 23461, "train": 5, "operation": 207}, {"time": 23560, "train": 5, "operation": 208}, {"time": 23567, "train": 5, "operation": 209}, {"time": 23573, "train": 7, "operation": 486}, {"time": 23578, "train": 7, "operation": 488}, {"time": 23650, "train": 7, "operation": 490}, {"time": 23656, "train": 7, "operation": 492}, {"time": 23939, "train": 7, "operation": 494}, {"time": 23944, "train": 7, "operation": 495}, {"time": 24003, "train": 7, "operation": 496}, {"time": 24008, "train": 7, "operation": 497}, {"time": 24184, "train": 7, "operation": 498}, {"time": 24189, "train": 7, "operation": 500}, {"time": 24252, "train": 0, "operation": 238}, {"time": 24256, "train": 0, "operation": 240}, {"time": 24298, "train": 7, "operation": 502}, {"time": 24306, "train": 7, "operation": 504}, {"time": 24344, "train": 0, "operation": 242}, {"time": 24349, "train": 0, "operation": 244}, {"time": 24365, "train": 7, "operation": 506}, {"time": 24371, "train": 7, "operation": 510}, {"time": 24407, "train": 8, "operation": 285}, {"time": 24415, "train": 8, "operation": 287}, {"time": 24475, "train": 7, "operation": 514}, {"time": 24480, "train": 7, "operation": 517}, {"time": 24568, "train": 8, "operation": 289}, {"time": 24574, "train": 8, "operation": 291}, {"time": 24718, "train": 5, "operation": 210}, {"time": 24740, "train": 5, "operation": 212}, {"time": 24842, "train": 5, "operation": 214}, {"time": 24848, "train": 5, "operation": 216}, {"time": 24968, "train": 0, "operation": 247}, {"time": 24973, "train": 0, "operation": 249}, {"time": 25060, "train": 7, "operation": 520}, {"time": 25070, "train": 7, "operation": 524}, {"time": 25165, "train": 8, "operation": 293}, {"time": 25171, "train": 8, "operation": 294}, {"time": 25209, "train": 0, "operation": 251}, {"time": 25224, "train": 0, "operation": 253}, {"time": 25270, "train": 8, "operation": 295}, {"time": 25277, "train": 8, "operation": 296}, {"time": 25475, "train": 0, "operation": 254}, {"time": 25481, "train": 0, "operation": 256}, {"time": 25504, "train": 7, "operation": 532}, {"time": 25525, "train": 7, "operation": 536}, {"time": 25563, "train": 5, "operation": 218}, {"time": 25569, "train": 5, "operation": 220}, {"time": 25606, "train": 0, "operation": 258}, {"time": 25612, "train": 0, "operation": 260}, {"time": 25695, "train": 5, "operation": 222}, {"time": 25701, "train": 5, "operation": 224}, {"time": 26001, "train": 7, "operation": 540}, {"time": 26027, "train": 7, "operation": 543}, {"time": 26050, "train": 7, "operation": 546}, {"time": 26077, "train": 7, "operation": 549}, {"time": 26101, "train": 7, "operation": 552}, {"time": 26121, "train": 7, "operation": 555}, {"time": 26131, "train": 7, "operation": 558}, {"time": 26236, "train": 7, "operation": 561}, {"time": 26286, "train": 7, "operation": 569}, {"time": 26415, "train": 7, "operation": 571}, {"time": 26416, "train": 0, "operation": 262}, {"time": 26423, "train": 7, "operation": 574}, {"time": 26424, "train": 0, "operation": 264}, {"time": 26450, "train": 7, "operation": 577}, {"time": 26479, "train": 7, "operation": 582}, {"time": 26485, "train": 8, "operation": 297}, {"time": 26507, "train": 8, "operation": 299}, {"time": 26556, "train": 0, "operation": 266}, {"time": 26564, "train": 0, "operation": 268}, {"time": 26609, "train": 8, "operation": 301}, {"time": 26615, "train": 8, "operation": 303}, {"time": 26677, "train": 7, "operation": 587}, {"time": 26682, "train": 7, "operation": 591}, {"time": 26786, "train": 5, "operation": 226}, {"time": 26790, "train": 5, "operation": 228}, {"time": 26877, "train": 7, "operation": 595}, {"time": 26896, "train": 5, "operation": 230}, {"time": 26896, "train": 7, "operation": 597}, {"time": 26902, "train": 5, "operation": 232}, {"time": 27012, "train": 0, "operation": 270}, {"time": 27016, "train": 0, "operation": 272}, {"time": 27125, "train": 0, "operation": 274}, {"time": 27130, "train": 0, "operation": 276}, {"time": 27330, "train": 8, "operation": 305}, {"time": 27336, "train": 8, "operation": 307}, {"time": 27369, "train": 7, "operation": 599}, {"time": 27369, "train": 7, "operation": 600}, {"time": 27462, "train": 8, "operation": 309}, {"time": 27468, "train": 8, "operation": 311}, {"time": 27527, "train": 0, "operation": 278}, {"time": 27540, "train": 0, "operation": 280}, {"time": 27621, "train": 5, "operation": 235}, {"time": 27627, "train": 5, "operation": 237}, {"time": 27642, "train": 0, "operation": 282}, {"time": 27648, "train": 0, "operation": 284}, {"time": 27863, "train": 5, "operation": 239}, {"time": 27878, "train": 5, "operation": 241}, {"time": 28139, "train": 5, "operation": 242}, {"time": 28145, "train": 5, "operation": 244}, {"time": 28165, "train": 0, "operation": 286}, {"time": 28173, "train": 0, "operation": 288}, {"time": 28276, "train": 5, "operation": 246}, {"time": 28282, "train": 5, "operation": 248}, {"time": 28306, "train": 0, "operation": 290}, {"time": 28314, "train": 0, "operation": 292}, {"time": 28553, "train": 8, "operation": 313}, {"time": 28557, "train": 8, "operation": 315}, {"time": 28663, "train": 8, "operation": 317}, {"time": 28669, "train": 8, "operation": 319}, {"time": 29080, "train": 0, "operation": 294}, {"time": 29085, "train": 0, "operation": 296}, {"time": 29175, "train": 0, "operation": 298}, {"time": 29180, "train": 0, "operation": 300}, {"time": 29203, "train": 5, "operation": 250}, {"time": 29211, "train": 5, "operation": 252}, {"time": 29343, "train": 5, "operation": 254}, {"time": 29351, "train": 5, "operation": 256}, {"time": 29397, "train": 8, "operation": 322}, {"time": 29403, "train": 8, "operation": 324}, {"time": 29639, "train": 8, "operation": 326}, {"time": 29639, "train": 8, "operation": 327}, {"time": 29807, "train": 5, "operation": 258}, {"time": 29812, "train": 5, "operation": 260}, {"time": 29942, "train": 5, "operation": 262}, {"time": 29948, "train": 5, "operation": 264}, {"time": 30096, "train": 0, "operation": 302}, {"time": 30100, "train": 0, "operation": 304}, {"time": 30194, "train": 0, "operation": 306}, {"time": 30199, "train": 0, "operation": 308}, {"time": 30425, "train": 5, "operation": 266}, {"time": 30439, "train": 5, "operation": 268}, {"time": 30552, "train": 5, "operation": 270}, {"time": 30558, "train": 5, "operation": 272}, {"time": 30602, "train": 0, "operation": 310}, {"time": 30608, "train": 0, "operation": 312}, {"time": 30710, "train": 0, "operation": 314}, {"time": 30715, "train": 0, "operation": 316}, {"time": 31095, "train": 5, "operation": 274}, {"time": 31103, "train": 5, "operation": 276}, {"time": 31236, "train": 5, "operation": 278}, {"time": 31244, "train": 5, "operation": 280}, {"time": 31391, "train": 0, "operation": 318}, {"time": 31397, "train": 0, "operation": 320}, {"time": 31485, "train": 0, "operation": 322}, {"time": 31490, "train": 0, "operation": 324}, {"time": 32017, "train": 5, "operation": 282}, {"time": 32023, "train": 5, "operation": 284}, {"time": 32039, "train": 0, "operation": 326}, {"time": 32045, "train": 0, "operation": 328}, {"time": 32131, "train": 5, "operation": 286}, {"time": 32137, "train": 5, "operation": 288}, {"time": 32183, "train": 0, "operation": 330}, {"time": 32188, "train": 0, "operation": 332}, {"time": 32743, "train": 0, "operation": 334}, {"time": 32749, "train": 0, "operation": 335}, {"time": 32838, "train": 0, "operation": 336}, {"time": 32845, "train": 0, "operation": 337}, {"time": 33169, "train": 5, "operation": 290}, {"time": 33174, "train": 5, "operation": 292}, {"time": 33287, "train": 5, "operation": 294}, {"time": 33293, "train": 5, "operation": 296}, {"time": 33458, "train": 0, "operation": 338}, {"time": 33463, "train": 0, "operation": 340}, {"time": 33564, "train": 0, "operation": 342}, {"time": 33570, "train": 0, "operation": 344}, {"time": 33776, "train": 5, "operation": 298}, {"time": 33783, "train": 5, "operation": 300}, {"time": 33906, "train": 5, "operation": 302}, {"time": 33912, "train": 5, "operation": 304}, {"time": 34301, "train": 0, "operation": 346}, {"time": 34310, "train": 0, "operation": 348}, {"time": 34606, "train": 5, "operation": 306}, {"time": 34613, "train": 5, "operation": 308}, {"time": 34713, "train": 0, "operation": 350}, {"time": 34718, "train": 5, "operation": 310}, {"time": 34720, "train": 0, "operation": 353}, {"time": 34724, "train": 5, "operation": 312}, {"time": 34934, "train": 0, "operation": 356}, {"time": 34947, "train": 0, "operation": 359}, {"time": 35170, "train": 0, "operation": 362}, {"time": 35176, "train": 0, "operation": 365}, {"time": 35326, "train": 5, "operation": 314}, {"time": 35332, "train": 5, "operation": 316}, {"time": 35415, "train": 0, "operation": 369}, {"time": 35423, "train": 0, "operation": 371}, {"time": 35470, "train": 5, "operation": 318}, {"time": 35476, "train": 5, "operation": 320}, {"time": 35555, "train": 0, "operation": 373}, {"time": 35562, "train": 0, "operation": 375}, {"time": 35586, "train": 0, "operation": 377}, {"time": 35613, "train": 0, "operation": 379}, {"time": 36117, "train": 5, "operation": 322}, {"time": 36124, "train": 5, "operation": 323}, {"time": 36230, "train": 5, "operation": 324}, {"time": 36238, "train": 5, "operation": 325}, {"time": 36277, "train": 0, "operation": 381}, {"time": 36288, "train": 0, "operation": 382}, {"time": 36445, "train": 0, "operation": 383}, {"time": 36458, "train": 0, "operation": 384}, {"time": 36733, "train": 0, "operation": 386}, {"time": 36739, "train": 0, "operation": 388}, {"time": 36878, "train": 5, "operation": 326}, {"time": 36883, "train": 5, "operation": 328}, {"time": 36984, "train": 5, "operation": 330}, {"time": 36990, "train": 5, "operation": 332}, {"time": 37146, "train": 0, "operation": 390}, {"time": 37153, "train": 0, "operation": 392}, {"time": 37427, "train": 0, "operation": 393}, {"time": 37436, "train": 0, "operation": 395}, {"time": 37649, "train": 0, "operation": 397}, {"time": 37655, "train": 0, "operation": 399}, {"time": 37721, "train": 5, "operation": 334}, {"time": 37730, "train": 5, "operation": 336}, {"time": 38019, "train": 0, "operation": 402}, {"time": 38029, "train": 0, "operation": 404}, {"time": 38136, "train": 5, "operation": 338}, {"time": 38143, "train": 5, "operation": 340}, {"time": 38229, "train": 0, "operation": 406}, {"time": 38238, "train": 0, "operation": 408}, {"time": 38360, "train": 5, "operation": 342}, {"time": 38373, "train": 5, "operation": 343}, {"time": 38596, "train": 5, "operation": 344}, {"time": 38603, "train": 5, "operation": 345}, {"time": 38685, "train": 0, "operation": 410}, {"time": 38697, "train": 0, "operation": 412}, {"time": 38866, "train": 5, "operation": 346}, {"time": 38875, "train": 5, "operation": 348}, {"time": 38933, "train": 0, "operation": 414}, {"time": 38951, "train": 0, "operation": 416}, {"time": 39003, "train": 0, "operation": 418}, {"time": 39003, "train": 0, "operation": 420}, {"time": 39020, "train": 5, "operation": 350}, {"time": 39028, "train": 5, "operation": 352}, {"time": 39054, "train": 0, "operation": 422}, {"time": 39054, "train": 0, "operation": 425}, {"time": 39054, "train": 5, "operation": 354}, {"time": 39081, "train": 5, "operation": 356}, {"time": 39807, "train": 5, "operation": 358}, {"time": 39818, "train": 5, "operation": 359}, {"time": 39978, "train": 5, "operation": 360}, {"time": 39991, "train": 5, "operation": 361}, {"time": 40321, "train": 5, "operation": 363}, {"time": 40328, "train": 5, "operation": 365}, {"time": 40816, "train": 5, "operation": 367}, {"time": 40824, "train": 5, "operation": 369}, {"time": 41129, "train": 5, "operation": 370}, {"time": 41139, "train": 5, "operation": 372}, {"time": 41370, "train": 5, "operation": 374}, {"time": 41376, "train": 5, "operation": 376}, {"time": 41778, "train": 5, "operation": 379}, {"time": 41788, "train": 5, "operation": 381}, {"time": 41997, "train": 5, "operation": 383}, {"time": 42006, "train": 5, "operation": 385}, {"time": 42453, "train": 5, "operation": 387}, {"time": 42465, "train": 5, "operation": 389}, {"time": 42722, "train": 5, "operation": 391}, {"time": 42740, "train": 5, "operation": 393}, {"time": 42792, "train": 5, "operation": 395}, {"time": 42792, "train": 5, "operation": 397}, {"time": 42843, "train": 5, "operation": 399}, {"time": 42843, "train": 5, "operation": 402}]}