{"trains":[[{"start_ub":0,"min_duration":0,"successors":[1]},{"start_lb":8457,"min_duration":228,"resources":[{"resource":"r22"}],"successors":[2,3]},{"start_lb":8697,"min_duration":669,"resources":[{"resource":"r23"}],"successors":[4]},{"start_lb":8697,"min_duration":669,"resources":[{"resource":"r24"}],"successors":[4]},{"start_lb":8757,"min_duration":114,"resources":[{"resource":"r25"}],"successors":[5,6,7,8]},{"start_lb":8877,"min_duration":120,"resources":[{"resource":"r26"}],"successors":[9]},{"start_lb":8877,"min_duration":120,"resources":[{"resource":"r27"}],"successors":[9]},{"start_lb":8877,"min_duration":120,"resources":[{"resource":"r28"}],"successors":[9]},{"start_lb":8877,"min_duration":120,"resources":[{"resource":"r29"}],"successors":[9]},{"start_lb":8997,"min_duration":0,"successors":[]}],[{"start_ub":0,"min_duration":0,"successors":[1]},{"start_lb":8627,"min_duration":95,"resources":[{"resource":"r92"}],"successors":[2,3]},{"start_lb":8727,"min_duration":851,"resources":[{"resource":"r11"}],"successors":[4]},{"start_lb":8727,"min_duration":851,"resources":[{"resource":"r12"}],"successors":[4]},{"start_lb":8757,"min_duration":142,"resources":[{"resource":"r93"}],"successors":[5,6]},{"start_lb":8907,"min_duration":30,"resources":[{"resource":"r8"}],"successors":[7]},{"start_lb":8907,"min_duration":30,"resources":[{"resource":"r9"}],"successors":[7]},{"start_lb":8937,"min_duration":114,"resources":[{"resource":"r94"}],"successors":[8,9,10,11,12]},{"start_lb":9057,"min_duration":120,"resources":[{"resource":"r2"}],"successors":[13]},{"start_lb":9057,"min_duration":120,"resources":[{"resource":"r3"}],"successors":[13]},{"start_lb":9057,"min_duration":120,"resources":[{"resource":"r4"}],"successors":[13]},{"start_lb":9057,"min_duration":120,"resources":[{"resource":"r5"}],"successors":[13]},{"start_lb":9057,"min_duration":120,"resources":[{"resource":"r6"}],"successors":[13]},{"start_lb":9177,"min_duration":0,"successors":[]}],[{"start_ub":0,"min_duration":0,"successors":[1,2,3,4,5]},{"start_lb":9597,"min_duration":0,"resources":[{"resource":"r2"}],"successors":[6]},{"start_lb":9597,"min_duration":0,"resources":[{"resource":"r3"}],"successors":[6]},{"start_lb":9597,"min_duration":0,"resources":[{"resource":"r4"}],"successors":[6]},{"start_lb":9597,"min_duration":0,"resources":[{"resource":"r5"}],"successors":[6]},{"start_lb":9597,"min_duration":0,"resources":[{"resource":"r6"}],"successors":[6]},{"start_lb":9597,"min_duration":86,"resources":[{"resource":"r7"}],"successors":[7,8]},{"start_lb":9687,"min_duration":30,"resources":[{"resource":"r8"}],"successors":[9]},{"start_lb":9687,"min_duration":30,"resources":[{"resource":"r9"}],"successors":[9]},{"start_lb":9717,"min_duration":142,"resources":[{"resource":"r10"}],"successors":[10,11]},{"start_lb":9867,"min_duration":30,"resources":[{"resource":"r11"}],"successors":[12]},{"start_lb":9867,"min_duration":30,"resources":[{"resource":"r12"}],"successors":[12]},{"start_lb":9897,"min_duration":95,"resources":[{"resource":"r13"}],"successors":[13,14]},{"start_lb":9997,"min_duration":0,"resources":[{"resource":"r14"}],"successors":[15]},{"start_lb":9997,"min_duration":0,"resources":[{"resource":"r15"}],"successors":[15]},{"start_lb":9997,"min_duration":48,"resources":[{"resource":"r16"}],"successors":[16,17]},{"start_lb":10047,"min_duration":30,"resources":[{"resource":"r17"}],"successors":[18]},{"start_lb":10047,"min_duration":30,"resources":[{"resource":"r18"}],"successors":[18]},{"start_lb":10077,"min_duration":142,"resources":[{"resource":"r19"}],"successors":[19,20]},{"start_lb":10227,"min_duration":30,"resources":[{"resource":"r20"}],"successors":[21]},{"start_lb":10227,"min_duration":30,"resources":[{"resource":"r21"}],"successors":[21]},{"start_lb":10257,"min_duration":228,"resources":[{"resource":"r22"}],"successors":[22,23]},{"start_lb":10497,"min_duration":60,"resources":[{"resource":"r23"}],"successors":[24]},{"start_lb":10497,"min_duration":60,"resources":[{"resource":"r24"}],"successors":[24]},{"start_lb":10557,"min_duration":114,"resources":[{"resource":"r25"}],"successors":[25,26,27,28]},{"start_lb":10677,"min_duration":120,"resources":[{"resource":"r26"}],"successors":[29]},{"start_lb":10677,"min_duration":120,"resources":[{"resource":"r27"}],"successors":[29]},{"start_lb":10677,"min_duration":120,"resources":[{"resource":"r28"}],"successors":[29]},{"start_lb":10677,"min_duration":120,"resources":[{"resource":"r29"}],"successors":[29]},{"start_lb":10797,"min_duration":0,"successors":[]}],[{"start_ub":0,"min_duration":0,"successors":[1]},{"start_lb":8577,"min_duration":142,"resources":[{"resource":"r44"}],"successors":[2]},{"start_lb":8727,"min_duration":612,"resources":[{"resource":"r43"}],"successors":[3]},{"start_lb":8727,"min_duration":142,"resources":[{"resource":"r42"}],"successors":[4,5]},{"start_lb":8877,"min_duration":60,"resources":[{"resource":"r40"}],"successors":[6]},{"start_lb":8877,"min_duration":60,"resources":[{"resource":"r41"}],"successors":[6]},{"start_lb":8937,"min_duration":200,"resources":[{"resource":"r39"}],"successors":[7,8,9]},{"start_lb":9147,"min_duration":30,"resources":[{"resource":"r36"}],"successors":[10]},{"start_lb":9147,"min_duration":30,"resources":[{"resource":"r37"}],"successors":[10]},{"start_lb":9147,"min_duration":30,"resources":[{"resource":"r38"}],"successors":[10]},{"start_lb":9177,"min_duration":142,"resources":[{"resource":"r35"}],"successors":[11]},{"start_lb":9327,"min_duration":30,"resources":[{"resource":"r34"}],"successors":[12]},{"start_lb":9357,"min_duration":51,"resources":[{"resource":"r0"}],"successors":[13]},{"start_lb":9411,"min_duration":0,"resources":[{"resource":"r1"}],"successors":[14]},{"start_lb":9411,"min_duration":148,"resources":[{"resource":"r33"}],"successors":[15,16]},{"start_lb":9567,"min_duration":30,"resources":[{"resource":"r31"}],"successors":[17]},{"start_lb":9567,"min_duration":30,"resources":[{"resource":"r32"}],"successors":[17]},{"start_lb":9597,"min_duration":142,"resources":[{"resource":"r30"}],"successors":[18,19,20,21]},{"start_lb":9747,"min_duration":30,"resources":[{"resource":"r26"}],"successors":[22]},{"start_lb":9747,"min_duration":30,"resources":[{"resource":"r27"}],"successors":[22]},{"start_lb":9747,"min_duration":30,"resources":[{"resource":"r28"}],"successors":[22]},{"start_lb":9747,"min_duration":30,"resources":[{"resource":"r29"}],"successors":[22]},{"start_lb":9777,"min_duration":57,"resources":[{"resource":"r88"}],"successors":[23,24]},{"start_lb":9837,"min_duration":60,"resources":[{"resource":"r23"}],"successors":[25]},{"start_lb":9837,"min_duration":60,"resources":[{"resource":"r24"}],"successors":[25]},{"start_lb":9897,"min_duration":256,"resources":[{"resource":"r89"}],"successors":[26,27]},{"start_lb":10167,"min_duration":30,"resources":[{"resource":"r20"}],"successors":[28]},{"start_lb":10167,"min_duration":30,"resources":[{"resource":"r21"}],"successors":[28]},{"start_lb":10197,"min_duration":142,"resources":[{"resource":"r90"}],"successors":[29,30]},{"start_lb":10347,"min_duration":30,"resources":[{"resource":"r17"}],"successors":[31]},{"start_lb":10347,"min_duration":30,"resources":[{"resource":"r18"}],"successors":[31]},{"start_lb":10377,"min_duration":48,"resources":[{"resource":"r91"}],"successors":[32,33]},{"start_lb":10427,"min_duration":0,"resources":[{"resource":"r14"}],"successors":[34]},{"start_lb":10427,"min_duration":0,"resources":[{"resource":"r15"}],"successors":[34]},{"start_lb":10427,"min_duration":95,"resources":[{"resource":"r92"}],"successors":[35,36]},{"start_lb":10527,"min_duration":30,"resources":[{"resource":"r11"}],"successors":[37]},{"start_lb":10527,"min_duration":30,"resources":[{"resource":"r12"}],"successors":[37]},{"start_lb":10557,"min_duration":142,"resources":[{"resource":"r93"}],"successors":[38,39]},{"start_lb":10707,"min_duration":30,"resources":[{"resource":"r8"}],"successors":[40]},{"start_lb":10707,"min_duration":30,"resources":[{"resource":"r9"}],"successors":[40]},{"start_lb":10737,"min_duration":114,"resources":[{"resource":"r94"}],"successors":[41,42,43,44,45]},{"start_lb":10857,"min_duration":120,"resources":[{"resource":"r2"}],"successors":[46]},{"start_lb":10857,"min_duration":120,"resources":[{"resource":"r3"}],"successors":[46]},{"start_lb":10857,"min_duration":120,"resources":[{"resource":"r4"}],"successors":[46]},{"start_lb":10857,"min_duration":120,"resources":[{"resource":"r5"}],"successors":[46]},{"start_lb":10857,"min_duration":120,"resources":[{"resource":"r6"}],"successors":[46]},{"start_lb":10977,"min_duration":0,"successors":[]}],[{"start_ub":0,"min_duration":0,"successors":[1]},{"start_lb":8457,"min_duration":257,"resources":[{"resource":"r39"}],"successors":[2,3]},{"start_lb":8728,"min_duration":702,"resources":[{"resource":"r40"}],"successors":[4]},{"start_lb":8728,"min_duration":702,"resources":[{"resource":"r41"}],"successors":[4]},{"start_lb":8937,"min_duration":157,"resources":[{"resource":"r42"}],"successors":[5]},{"start_lb":9102,"min_duration":0,"resources":[{"resource":"r43"}],"successors":[6]},{"start_lb":9102,"min_duration":157,"resources":[{"resource":"r44"}],"successors":[7,8,9]},{"start_lb":9267,"min_duration":30,"resources":[{"resource":"r45"}],"successors":[10]},{"start_lb":9267,"min_duration":30,"resources":[{"resource":"r46"}],"successors":[10]},{"start_lb":9267,"min_duration":30,"resources":[{"resource":"r47"}],"successors":[10]},{"start_lb":9297,"min_duration":180,"resources":[{"resource":"r48"}],"successors":[11,12,13]},{"start_lb":9487,"min_duration":50,"resources":[{"resource":"r49"}],"successors":[14]},{"start_lb":9487,"min_duration":50,"resources":[{"resource":"r50"}],"successors":[14]},{"start_lb":9487,"min_duration":50,"resources":[{"resource":"r51"}],"successors":[14]},{"start_lb":9537,"min_duration":228,"resources":[{"resource":"r52"}],"successors":[15,16]},{"start_lb":9777,"min_duration":120,"resources":[{"resource":"r53"}],"successors":[17]},{"start_lb":9777,"min_duration":120,"resources":[{"resource":"r54"}],"successors":[17]},{"start_lb":9897,"min_duration":200,"resources":[{"resource":"r55"}],"successors":[18,19]},{"start_lb":10107,"min_duration":30,"resources":[{"resource":"r56"}],"successors":[20]},{"start_lb":10107,"min_duration":30,"resources":[{"resource":"r57"}],"successors":[20]},{"start_lb":10137,"min_duration":142,"resources":[{"resource":"r58"}],"successors":[21,22]},{"start_lb":10287,"min_duration":30,"resources":[{"resource":"r59"}],"successors":[23]},{"start_lb":10287,"min_duration":30,"resources":[{"resource":"r60"}],"successors":[23]},{"start_lb":10317,"min_duration":142,"resources":[{"resource":"r61"}],"successors":[24]},{"start_lb":10467,"min_duration":30,"resources":[{"resource":"r62"}],"successors":[25]},{"start_lb":10497,"min_duration":86,"resources":[{"resource":"r63"}],"successors":[26]},{"start_lb":10587,"min_duration":0,"resources":[{"resource":"r64"}],"successors":[27]},{"start_lb":10587,"min_duration":171,"resources":[{"resource":"r65"}],"successors":[28,29]},{"start_lb":10767,"min_duration":30,"resources":[{"resource":"r66"}],"successors":[30]},{"start_lb":10767,"min_duration":30,"resources":[{"resource":"r67"}],"successors":[30]},{"start_lb":10797,"min_duration":146,"resources":[{"resource":"r68"}],"successors":[31]},{"start_lb":10951,"min_duration":0,"resources":[{"resource":"r69"}],"successors":[32]},{"start_lb":10951,"min_duration":196,"resources":[{"resource":"r70"}],"successors":[33,34,35,36]},{"start_lb":11157,"min_duration":120,"resources":[{"resource":"r71"}],"successors":[37]},{"start_lb":11157,"min_duration":120,"resources":[{"resource":"r72"}],"successors":[37]},{"start_lb":11157,"min_duration":120,"resources":[{"resource":"r73"}],"successors":[37]},{"start_lb":11157,"min_duration":120,"resources":[{"resource":"r74"}],"successors":[37]},{"start_lb":11277,"min_duration":0,"successors":[]}],[{"start_ub":0,"min_duration":0,"successors":[1,2,3,4,5]},{"start_lb":8697,"min_duration":756,"resources":[{"resource":"r2"}],"successors":[6]},{"start_lb":8697,"min_duration":756,"resources":[{"resource":"r3"}],"successors":[6]},{"start_lb":8697,"min_duration":756,"resources":[{"resource":"r4"}],"successors":[6]},{"start_lb":8697,"min_duration":756,"resources":[{"resource":"r5"}],"successors":[6]},{"start_lb":8697,"min_duration":756,"resources":[{"resource":"r6"}],"successors":[6]},{"start_lb":8697,"min_duration":86,"resources":[{"resource":"r7"}],"successors":[7,8]},{"start_lb":8787,"min_duration":30,"resources":[{"resource":"r8"}],"successors":[9]},{"start_lb":8787,"min_duration":30,"resources":[{"resource":"r9"}],"successors":[9]},{"start_lb":8817,"min_duration":142,"resources":[{"resource":"r10"}],"successors":[10,11]},{"start_lb":8967,"min_duration":30,"resources":[{"resource":"r11"}],"successors":[12]},{"start_lb":8967,"min_duration":30,"resources":[{"resource":"r12"}],"successors":[12]},{"start_lb":8997,"min_duration":95,"resources":[{"resource":"r13"}],"successors":[13,14]},{"start_lb":9097,"min_duration":0,"resources":[{"resource":"r14"}],"successors":[15]},{"start_lb":9097,"min_duration":0,"resources":[{"resource":"r15"}],"successors":[15]},{"start_lb":9097,"min_duration":48,"resources":[{"resource":"r16"}],"successors":[16,17]},{"start_lb":9147,"min_duration":30,"resources":[{"resource":"r17"}],"successors":[18]},{"start_lb":9147,"min_duration":30,"resources":[{"resource":"r18"}],"successors":[18]},{"start_lb":9177,"min_duration":142,"resources":[{"resource":"r19"}],"successors":[19,20]},{"start_lb":9327,"min_duration":30,"resources":[{"resource":"r20"}],"successors":[21]},{"start_lb":9327,"min_duration":30,"resources":[{"resource":"r21"}],"successors":[21]},{"start_lb":9357,"min_duration":228,"resources":[{"resource":"r22"}],"successors":[22,23]},{"start_lb":9597,"min_duration":60,"resources":[{"resource":"r23"}],"successors":[24]},{"start_lb":9597,"min_duration":60,"resources":[{"resource":"r24"}],"successors":[24]},{"start_lb":9657,"min_duration":86,"resources":[{"resource":"r25"}],"successors":[25,26,27,28]},{"start_lb":9747,"min_duration":30,"resources":[{"resource":"r26"}],"successors":[29]},{"start_lb":9747,"min_duration":30,"resources":[{"resource":"r27"}],"successors":[29]},{"start_lb":9747,"min_duration":30,"resources":[{"resource":"r28"}],"successors":[29]},{"start_lb":9747,"min_duration":30,"resources":[{"resource":"r29"}],"successors":[29]},{"start_lb":9777,"min_duration":142,"resources":[{"resource":"r30"}],"successors":[30,31]},{"start_lb":9927,"min_duration":30,"resources":[{"resource":"r31"}],"successors":[32]},{"start_lb":9927,"min_duration":30,"resources":[{"resource":"r32"}],"successors":[32]},{"start_lb":9957,"min_duration":144,"resources":[{"resource":"r33"}],"successors":[33]},{"start_lb":10109,"min_duration":0,"resources":[{"resource":"r1"}],"successors":[34]},{"start_lb":10109,"min_duration":55,"resources":[{"resource":"r0"}],"successors":[35]},{"start_lb":10167,"min_duration":30,"resources":[{"resource":"r34"}],"successors":[36]},{"start_lb":10197,"min_duration":142,"resources":[{"resource":"r35"}],"successors":[37,38,39]},{"start_lb":10347,"min_duration":30,"resources":[{"resource":"r36"}],"successors":[40]},{"start_lb":10347,"min_duration":30,"resources":[{"resource":"r37"}],"successors":[40]},{"start_lb":10347,"min_duration":30,"resources":[{"resource":"r38"}],"successors":[40]},{"start_lb":10377,"min_duration":200,"resources":[{"resource":"r39"}],"successors":[41,42]},{"start_lb":10587,"min_duration":150,"resources":[{"resource":"r40"}],"successors":[43]},{"start_lb":10587,"min_duration":150,"resources":[{"resource":"r41"}],"successors":[43]},{"start_lb":10737,"min_duration":157,"resources":[{"resource":"r42"}],"successors":[44]},{"start_lb":10902,"min_duration":0,"resources":[{"resource":"r43"}],"successors":[45]},{"start_lb":10902,"min_duration":157,"resources":[{"resource":"r44"}],"successors":[46,47,48]},{"start_lb":11067,"min_duration":30,"resources":[{"resource":"r45"}],"successors":[49]},{"start_lb":11067,"min_duration":30,"resources":[{"resource":"r46"}],"successors":[49]},{"start_lb":11067,"min_duration":30,"resources":[{"resource":"r47"}],"successors":[49]},{"start_lb":11097,"min_duration":200,"resources":[{"resource":"r48"}],"successors":[50,51,52]},{"start_lb":11307,"min_duration":30,"resources":[{"resource":"r49"}],"successors":[53]},{"start_lb":11307,"min_duration":30,"resources":[{"resource":"r50"}],"successors":[53]},{"start_lb":11307,"min_duration":30,"resources":[{"resource":"r51"}],"successors":[53]},{"start_lb":11337,"min_duration":228,"resources":[{"resource":"r52"}],"successors":[54,55]},{"start_lb":11577,"min_duration":120,"resources":[{"resource":"r53"}],"successors":[56]},{"start_lb":11577,"min_duration":120,"resources":[{"resource":"r54"}],"successors":[56]},{"start_lb":11697,"min_duration":200,"resources":[{"resource":"r55"}],"successors":[57,58]},{"start_lb":11907,"min_duration":30,"resources":[{"resource":"r56"}],"successors":[59]},{"start_lb":11907,"min_duration":30,"resources":[{"resource":"r57"}],"successors":[59]},{"start_lb":11937,"min_duration":142,"resources":[{"resource":"r58"}],"successors":[60,61]},{"start_lb":12087,"min_duration":30,"resources":[{"resource":"r59"}],"successors":[62]},{"start_lb":12087,"min_duration":30,"resources":[{"resource":"r60"}],"successors":[62]},{"start_lb":12117,"min_duration":142,"resources":[{"resource":"r61"}],"successors":[63]},{"start_lb":12267,"min_duration":30,"resources":[{"resource":"r62"}],"successors":[64]},{"start_lb":12297,"min_duration":86,"resources":[{"resource":"r63"}],"successors":[65]},{"start_lb":12387,"min_duration":0,"resources":[{"resource":"r64"}],"successors":[66]},{"start_lb":12387,"min_duration":171,"resources":[{"resource":"r65"}],"successors":[67,68]},{"start_lb":12567,"min_duration":30,"resources":[{"resource":"r66"}],"successors":[69]},{"start_lb":12567,"min_duration":30,"resources":[{"resource":"r67"}],"successors":[69]},{"start_lb":12597,"min_duration":146,"resources":[{"resource":"r68"}],"successors":[70]},{"start_lb":12751,"min_duration":0,"resources":[{"resource":"r69"}],"successors":[71]},{"start_lb":12751,"min_duration":196,"resources":[{"resource":"r70"}],"successors":[72,73,74,75]},{"start_lb":12957,"min_duration":120,"resources":[{"resource":"r71"}],"successors":[76]},{"start_lb":12957,"min_duration":120,"resources":[{"resource":"r72"}],"successors":[76]},{"start_lb":12957,"min_duration":120,"resources":[{"resource":"r73"}],"successors":[76]},{"start_lb":12957,"min_duration":120,"resources":[{"resource":"r74"}],"successors":[76]},{"start_lb":13077,"min_duration":0,"successors":[]}],[{"start_ub":0,"min_duration":0,"successors":[1,2,3,4]},{"start_lb":10317,"min_duration":0,"resources":[{"resource":"r71"}],"successors":[5]},{"start_lb":10317,"min_duration":0,"resources":[{"resource":"r72"}],"successors":[5]},{"start_lb":10317,"min_duration":0,"resources":[{"resource":"r73"}],"successors":[5]},{"start_lb":10317,"min_duration":0,"resources":[{"resource":"r74"}],"successors":[5]},{"start_lb":10317,"min_duration":196,"resources":[{"resource":"r70"}],"successors":[6]},{"start_lb":10523,"min_duration":0,"resources":[{"resource":"r69"}],"successors":[7]},{"start_lb":10523,"min_duration":146,"resources":[{"resource":"r68"}],"successors":[8,9]},{"start_lb":10677,"min_duration":120,"resources":[{"resource":"r66"}],"successors":[10]},{"start_lb":10677,"min_duration":120,"resources":[{"resource":"r67"}],"successors":[10]},{"start_lb":10797,"min_duration":171,"resources":[{"resource":"r65"}],"successors":[11]},{"start_lb":10977,"min_duration":0,"resources":[{"resource":"r64"}],"successors":[12]},{"start_lb":10977,"min_duration":86,"resources":[{"resource":"r63"}],"successors":[13]},{"start_lb":11067,"min_duration":30,"resources":[{"resource":"r62"}],"successors":[14]},{"start_lb":11097,"min_duration":142,"resources":[{"resource":"r61"}],"successors":[15,16]},{"start_lb":11247,"min_duration":30,"resources":[{"resource":"r59"}],"successors":[17]},{"start_lb":11247,"min_duration":30,"resources":[{"resource":"r60"}],"successors":[17]},{"start_lb":11277,"min_duration":142,"resources":[{"resource":"r58"}],"successors":[18,19]},{"start_lb":11427,"min_duration":30,"resources":[{"resource":"r56"}],"successors":[20]},{"start_lb":11427,"min_duration":30,"resources":[{"resource":"r57"}],"successors":[20]},{"start_lb":11457,"min_duration":200,"resources":[{"resource":"r55"}],"successors":[21,22]},{"start_lb":11667,"min_duration":30,"resources":[{"resource":"r53"}],"successors":[23]},{"start_lb":11667,"min_duration":30,"resources":[{"resource":"r54"}],"successors":[23]},{"start_lb":11697,"min_duration":200,"resources":[{"resource":"r52"}],"successors":[24,25,26]},{"start_lb":11907,"min_duration":30,"resources":[{"resource":"r49"}],"successors":[27]},{"start_lb":11907,"min_duration":30,"resources":[{"resource":"r50"}],"successors":[27]},{"start_lb":11907,"min_duration":30,"resources":[{"resource":"r51"}],"successors":[27]},{"start_lb":11937,"min_duration":200,"resources":[{"resource":"r48"}],"successors":[28,29,30]},{"start_lb":12147,"min_duration":30,"resources":[{"resource":"r45"}],"successors":[31]},{"start_lb":12147,"min_duration":30,"resources":[{"resource":"r46"}],"successors":[31]},{"start_lb":12147,"min_duration":30,"resources":[{"resource":"r47"}],"successors":[31]},{"start_lb":12177,"min_duration":142,"resources":[{"resource":"r44"}],"successors":[32]},{"start_lb":12327,"min_duration":0,"resources":[{"resource":"r43"}],"successors":[33]},{"start_lb":12327,"min_duration":142,"resources":[{"resource":"r42"}],"successors":[34,35]},{"start_lb":12477,"min_duration":60,"resources":[{"resource":"r40"}],"successors":[36]},{"start_lb":12477,"min_duration":60,"resources":[{"resource":"r41"}],"successors":[36]},{"start_lb":12537,"min_duration":200,"resources":[{"resource":"r39"}],"successors":[37,38,39]},{"start_lb":12747,"min_duration":30,"resources":[{"resource":"r36"}],"successors":[40]},{"start_lb":12747,"min_duration":30,"resources":[{"resource":"r37"}],"successors":[40]},{"start_lb":12747,"min_duration":30,"resources":[{"resource":"r38"}],"successors":[40]},{"start_lb":12777,"min_duration":142,"resources":[{"resource":"r35"}],"successors":[41]},{"start_lb":12927,"min_duration":30,"resources":[{"resource":"r34"}],"successors":[42]},{"start_lb":12957,"min_duration":51,"resources":[{"resource":"r0"}],"successors":[43]},{"start_lb":13011,"min_duration":0,"resources":[{"resource":"r1"}],"successors":[44]},{"start_lb":13011,"min_duration":148,"resources":[{"resource":"r33"}],"successors":[45,46]},{"start_lb":13167,"min_duration":30,"resources":[{"resource":"r31"}],"successors":[47]},{"start_lb":13167,"min_duration":30,"resources":[{"resource":"r32"}],"successors":[47]},{"start_lb":13197,"min_duration":142,"resources":[{"resource":"r30"}],"successors":[48,49,50,51]},{"start_lb":13347,"min_duration":30,"resources":[{"resource":"r26"}],"successors":[52]},{"start_lb":13347,"min_duration":30,"resources":[{"resource":"r27"}],"successors":[52]},{"start_lb":13347,"min_duration":30,"resources":[{"resource":"r28"}],"successors":[52]},{"start_lb":13347,"min_duration":30,"resources":[{"resource":"r29"}],"successors":[52]},{"start_lb":13377,"min_duration":57,"resources":[{"resource":"r88"}],"successors":[53,54]},{"start_lb":13437,"min_duration":60,"resources":[{"resource":"r23"}],"successors":[55]},{"start_lb":13437,"min_duration":60,"resources":[{"resource":"r24"}],"successors":[55]},{"start_lb":13497,"min_duration":256,"resources":[{"resource":"r89"}],"successors":[56,57]},{"start_lb":13767,"min_duration":30,"resources":[{"resource":"r20"}],"successors":[58]},{"start_lb":13767,"min_duration":30,"resources":[{"resource":"r21"}],"successors":[58]},{"start_lb":13797,"min_duration":142,"resources":[{"resource":"r90"}],"successors":[59,60]},{"start_lb":13947,"min_duration":30,"resources":[{"resource":"r17"}],"successors":[61]},{"start_lb":13947,"min_duration":30,"resources":[{"resource":"r18"}],"successors":[61]},{"start_lb":13977,"min_duration":48,"resources":[{"resource":"r91"}],"successors":[62,63]},{"start_lb":14027,"min_duration":0,"resources":[{"resource":"r14"}],"successors":[64]},{"start_lb":14027,"min_duration":0,"resources":[{"resource":"r15"}],"successors":[64]},{"start_lb":14027,"min_duration":95,"resources":[{"resource":"r92"}],"successors":[65,66]},{"start_lb":14127,"min_duration":30,"resources":[{"resource":"r11"}],"successors":[67]},{"start_lb":14127,"min_duration":30,"resources":[{"resource":"r12"}],"successors":[67]},{"start_lb":14157,"min_duration":142,"resources":[{"resource":"r93"}],"successors":[68,69]},{"start_lb":14307,"min_duration":30,"resources":[{"resource":"r8"}],"successors":[70]},{"start_lb":14307,"min_duration":30,"resources":[{"resource":"r9"}],"successors":[70]},{"start_lb":14337,"min_duration":114,"resources":[{"resource":"r94"}],"successors":[71,72,73,74,75]},{"start_lb":14457,"min_duration":120,"resources":[{"resource":"r2"}],"successors":[76]},{"start_lb":14457,"min_duration":120,"resources":[{"resource":"r3"}],"successors":[76]},{"start_lb":14457,"min_duration":120,"resources":[{"resource":"r4"}],"successors":[76]},{"start_lb":14457,"min_duration":120,"resources":[{"resource":"r5"}],"successors":[76]},{"start_lb":14457,"min_duration":120,"resources":[{"resource":"r6"}],"successors":[76]},{"start_lb":14577,"min_duration":0,"successors":[]}],[{"start_ub":0,"min_duration":0,"successors":[1]},{"start_lb":8457,"min_duration":727,"resources":[{"resource":"r84"}],"successors":[2,3]},{"start_lb":9222,"min_duration":0,"resources":[{"resource":"r82"}],"successors":[4]},{"start_lb":9222,"min_duration":0,"resources":[{"resource":"r83"}],"successors":[4]},{"start_lb":9222,"min_duration":299,"resources":[{"resource":"r81"}],"successors":[5,6]},{"start_lb":9537,"min_duration":0,"resources":[{"resource":"r79"}],"successors":[7]},{"start_lb":9537,"min_duration":0,"resources":[{"resource":"r80"}],"successors":[7]},{"start_lb":9537,"min_duration":546,"resources":[{"resource":"r78"}],"successors":[8,9]},{"start_lb":10112,"min_duration":0,"resources":[{"resource":"r76"}],"successors":[10]},{"start_lb":10112,"min_duration":0,"resources":[{"resource":"r77"}],"successors":[10]},{"start_lb":10112,"min_duration":594,"resources":[{"resource":"r75"}],"successors":[11,12,13,14]},{"start_lb":10737,"min_duration":449,"resources":[{"resource":"r71"}],"successors":[15]},{"start_lb":10737,"min_duration":449,"resources":[{"resource":"r72"}],"successors":[15]},{"start_lb":10737,"min_duration":449,"resources":[{"resource":"r73"}],"successors":[15]},{"start_lb":10737,"min_duration":449,"resources":[{"resource":"r74"}],"successors":[15]},{"start_lb":11186,"min_duration":164,"resources":[{"resource":"r70"}],"successors":[16]},{"start_lb":11359,"min_duration":0,"resources":[{"resource":"r69"}],"successors":[17]},{"start_lb":11359,"min_duration":123,"resources":[{"resource":"r68"}],"successors":[18,19]},{"start_lb":11488,"min_duration":0,"resources":[{"resource":"r66"}],"successors":[20]},{"start_lb":11488,"min_duration":0,"resources":[{"resource":"r67"}],"successors":[20]},{"start_lb":11488,"min_duration":172,"resources":[{"resource":"r65"}],"successors":[21]},{"start_lb":11669,"min_duration":0,"resources":[{"resource":"r64"}],"successors":[22]},{"start_lb":11669,"min_duration":86,"resources":[{"resource":"r63"}],"successors":[23]},{"start_lb":11760,"min_duration":0,"resources":[{"resource":"r62"}],"successors":[24]},{"start_lb":11760,"min_duration":168,"resources":[{"resource":"r61"}],"successors":[25,26]},{"start_lb":11937,"min_duration":209,"resources":[{"resource":"r59"}],"successors":[27]},{"start_lb":11937,"min_duration":209,"resources":[{"resource":"r60"}],"successors":[27]},{"start_lb":12146,"min_duration":164,"resources":[{"resource":"r58"}],"successors":[28,29]},{"start_lb":12319,"min_duration":0,"resources":[{"resource":"r56"}],"successors":[30]},{"start_lb":12319,"min_duration":0,"resources":[{"resource":"r57"}],"successors":[30]},{"start_lb":12319,"min_duration":209,"resources":[{"resource":"r55"}],"successors":[31,32]},{"start_lb":12539,"min_duration":0,"resources":[{"resource":"r53"}],"successors":[33]},{"start_lb":12539,"min_duration":0,"resources":[{"resource":"r54"}],"successors":[33]},{"start_lb":12539,"min_duration":283,"resources":[{"resource":"r52"}],"successors":[34,35,36]},{"start_lb":12837,"min_duration":240,"resources":[{"resource":"r49"}],"successors":[37]},{"start_lb":12837,"min_duration":240,"resources":[{"resource":"r50"}],"successors":[37]},{"start_lb":12837,"min_duration":240,"resources":[{"resource":"r51"}],"successors":[37]},{"start_lb":13077,"min_duration":193,"resources":[{"resource":"r48"}],"successors":[38,39,40]},{"start_lb":13280,"min_duration":0,"resources":[{"resource":"r45"}],"successors":[41]},{"start_lb":13280,"min_duration":0,"resources":[{"resource":"r46"}],"successors":[41]},{"start_lb":13280,"min_duration":0,"resources":[{"resource":"r47"}],"successors":[41]},{"start_lb":13280,"min_duration":132,"resources":[{"resource":"r44"}],"successors":[42]},{"start_lb":13419,"min_duration":0,"resources":[{"resource":"r43"}],"successors":[43]},{"start_lb":13419,"min_duration":132,"resources":[{"resource":"r42"}],"successors":[44,45]},{"start_lb":13558,"min_duration":59,"resources":[{"resource":"r40"}],"successors":[46]},{"start_lb":13558,"min_duration":59,"resources":[{"resource":"r41"}],"successors":[46]},{"start_lb":13617,"min_duration":209,"resources":[{"resource":"r39"}],"successors":[47,48,49]},{"start_lb":13837,"min_duration":200,"resources":[{"resource":"r36"}],"successors":[50]},{"start_lb":13837,"min_duration":200,"resources":[{"resource":"r37"}],"successors":[50]},{"start_lb":13837,"min_duration":200,"resources":[{"resource":"r38"}],"successors":[50]},{"start_lb":14037,"min_duration":98,"resources":[{"resource":"r35"}],"successors":[51]},{"start_lb":14140,"min_duration":0,"resources":[{"resource":"r34"}],"successors":[52]},{"start_lb":14140,"min_duration":70,"resources":[{"resource":"r0"}],"successors":[53]},{"start_lb":14214,"min_duration":0,"resources":[{"resource":"r1"}],"successors":[54]},{"start_lb":14214,"min_duration":124,"resources":[{"resource":"r33"}],"successors":[55,56]},{"start_lb":14344,"min_duration":0,"resources":[{"resource":"r31"}],"successors":[57]},{"start_lb":14344,"min_duration":0,"resources":[{"resource":"r32"}],"successors":[57]},{"start_lb":14344,"min_duration":107,"resources":[{"resource":"r30"}],"successors":[58,59,60,61]},{"start_lb":14457,"min_duration":0,"resources":[{"resource":"r26"}],"successors":[62]},{"start_lb":14457,"min_duration":0,"resources":[{"resource":"r27"}],"successors":[62]},{"start_lb":14457,"min_duration":0,"resources":[{"resource":"r28"}],"successors":[62]},{"start_lb":14457,"min_duration":0,"resources":[{"resource":"r29"}],"successors":[62]},{"start_lb":14457,"min_duration":114,"resources":[{"resource":"r88"}],"successors":[63,64]},{"start_lb":14577,"min_duration":120,"resources":[{"resource":"r23"}],"successors":[65]},{"start_lb":14577,"min_duration":120,"resources":[{"resource":"r24"}],"successors":[65]},{"start_lb":14697,"min_duration":254,"resources":[{"resource":"r89"}],"successors":[66,67]},{"start_lb":14964,"min_duration":0,"resources":[{"resource":"r20"}],"successors":[68]},{"start_lb":14964,"min_duration":0,"resources":[{"resource":"r21"}],"successors":[68]},{"start_lb":14964,"min_duration":89,"resources":[{"resource":"r90"}],"successors":[69,70]},{"start_lb":15058,"min_duration":59,"resources":[{"resource":"r17"}],"successors":[71]},{"start_lb":15058,"min_duration":59,"resources":[{"resource":"r18"}],"successors":[71]},{"start_lb":15117,"min_duration":74,"resources":[{"resource":"r91"}],"successors":[72,73]},{"start_lb":15195,"min_duration":0,"resources":[{"resource":"r14"}],"successors":[74]},{"start_lb":15195,"min_duration":0,"resources":[{"resource":"r15"}],"successors":[74]},{"start_lb":15195,"min_duration":147,"resources":[{"resource":"r92"}],"successors":[75,76]},{"start_lb":15350,"min_duration":0,"resources":[{"resource":"r11"}],"successors":[77]},{"start_lb":15350,"min_duration":0,"resources":[{"resource":"r12"}],"successors":[77]},{"start_lb":15350,"min_duration":131,"resources":[{"resource":"r93"}],"successors":[78,79]},{"start_lb":15488,"min_duration":0,"resources":[{"resource":"r8"}],"successors":[80]},{"start_lb":15488,"min_duration":0,"resources":[{"resource":"r9"}],"successors":[80]},{"start_lb":15488,"min_duration":161,"resources":[{"resource":"r94"}],"successors":[81,82,83,84,85]},{"start_lb":15657,"min_duration":1200,"resources":[{"resource":"r2"}],"successors":[86]},{"start_lb":15657,"min_duration":1200,"resources":[{"resource":"r3"}],"successors":[86]},{"start_lb":15657,"min_duration":1200,"resources":[{"resource":"r4"}],"successors":[86]},{"start_lb":15657,"min_duration":1200,"resources":[{"resource":"r5"}],"successors":[86]},{"start_lb":15657,"min_duration":1200,"resources":[{"resource":"r6"}],"successors":[86]},{"start_lb":16857,"min_duration":0,"successors":[]}],[{"start_ub":0,"min_duration":0,"successors":[1,2,3,4]},{"start_lb":12117,"min_duration":0,"resources":[{"resource":"r71"}],"successors":[5]},{"start_lb":12117,"min_duration":0,"resources":[{"resource":"r72"}],"successors":[5]},{"start_lb":12117,"min_duration":0,"resources":[{"resource":"r73"}],"successors":[5]},{"start_lb":12117,"min_duration":0,"resources":[{"resource":"r74"}],"successors":[5]},{"start_lb":12117,"min_duration":196,"resources":[{"resource":"r70"}],"successors":[6]},{"start_lb":12323,"min_duration":0,"resources":[{"resource":"r69"}],"successors":[7]},{"start_lb":12323,"min_duration":146,"resources":[{"resource":"r68"}],"successors":[8,9]},{"start_lb":12477,"min_duration":120,"resources":[{"resource":"r66"}],"successors":[10]},{"start_lb":12477,"min_duration":120,"resources":[{"resource":"r67"}],"successors":[10]},{"start_lb":12597,"min_duration":133,"resources":[{"resource":"r65"}],"successors":[11]},{"start_lb":12737,"min_duration":0,"resources":[{"resource":"r64"}],"successors":[12]},{"start_lb":12737,"min_duration":66,"resources":[{"resource":"r63"}],"successors":[13]},{"start_lb":12807,"min_duration":30,"resources":[{"resource":"r62"}],"successors":[14]},{"start_lb":12837,"min_duration":142,"resources":[{"resource":"r61"}],"successors":[15,16]},{"start_lb":12987,"min_duration":30,"resources":[{"resource":"r59"}],"successors":[17]},{"start_lb":12987,"min_duration":30,"resources":[{"resource":"r60"}],"successors":[17]},{"start_lb":13017,"min_duration":142,"resources":[{"resource":"r58"}],"successors":[18,19]},{"start_lb":13167,"min_duration":30,"resources":[{"resource":"r56"}],"successors":[20]},{"start_lb":13167,"min_duration":30,"resources":[{"resource":"r57"}],"successors":[20]},{"start_lb":13197,"min_duration":200,"resources":[{"resource":"r55"}],"successors":[21,22]},{"start_lb":13407,"min_duration":30,"resources":[{"resource":"r53"}],"successors":[23]},{"start_lb":13407,"min_duration":30,"resources":[{"resource":"r54"}],"successors":[23]},{"start_lb":13437,"min_duration":256,"resources":[{"resource":"r52"}],"successors":[24,25,26]},{"start_lb":13707,"min_duration":30,"resources":[{"resource":"r49"}],"successors":[27]},{"start_lb":13707,"min_duration":30,"resources":[{"resource":"r50"}],"successors":[27]},{"start_lb":13707,"min_duration":30,"resources":[{"resource":"r51"}],"successors":[27]},{"start_lb":13737,"min_duration":200,"resources":[{"resource":"r48"}],"successors":[28,29,30]},{"start_lb":13947,"min_duration":30,"resources":[{"resource":"r45"}],"successors":[31]},{"start_lb":13947,"min_duration":30,"resources":[{"resource":"r46"}],"successors":[31]},{"start_lb":13947,"min_duration":30,"resources":[{"resource":"r47"}],"successors":[31]},{"start_lb":13977,"min_duration":142,"resources":[{"resource":"r44"}],"successors":[32]},{"start_lb":14127,"min_duration":0,"resources":[{"resource":"r43"}],"successors":[33]},{"start_lb":14127,"min_duration":142,"resources":[{"resource":"r42"}],"successors":[34,35]},{"start_lb":14277,"min_duration":60,"resources":[{"resource":"r40"}],"successors":[36]},{"start_lb":14277,"min_duration":60,"resources":[{"resource":"r41"}],"successors":[36]},{"start_lb":14337,"min_duration":200,"resources":[{"resource":"r39"}],"successors":[37,38,39]},{"start_lb":14547,"min_duration":30,"resources":[{"resource":"r36"}],"successors":[40]},{"start_lb":14547,"min_duration":30,"resources":[{"resource":"r37"}],"successors":[40]},{"start_lb":14547,"min_duration":30,"resources":[{"resource":"r38"}],"successors":[40]},{"start_lb":14577,"min_duration":86,"resources":[{"resource":"r35"}],"successors":[41]},{"start_lb":14667,"min_duration":30,"resources":[{"resource":"r34"}],"successors":[42]},{"start_lb":14697,"min_duration":58,"resources":[{"resource":"r0"}],"successors":[43]},{"start_lb":14758,"min_duration":0,"resources":[{"resource":"r1"}],"successors":[44]},{"start_lb":14758,"min_duration":142,"resources":[{"resource":"r33"}],"successors":[45,46]},{"start_lb":14907,"min_duration":59,"resources":[{"resource":"r31"}],"successors":[47]},{"start_lb":14907,"min_duration":59,"resources":[{"resource":"r32"}],"successors":[47]},{"start_lb":14966,"min_duration":172,"resources":[{"resource":"r30"}],"successors":[48,49,50,51]},{"start_lb":15147,"min_duration":30,"resources":[{"resource":"r26"}],"successors":[52]},{"start_lb":15147,"min_duration":30,"resources":[{"resource":"r27"}],"successors":[52]},{"start_lb":15147,"min_duration":30,"resources":[{"resource":"r28"}],"successors":[52]},{"start_lb":15147,"min_duration":30,"resources":[{"resource":"r29"}],"successors":[52]},{"start_lb":15177,"min_duration":57,"resources":[{"resource":"r88"}],"successors":[53,54]},{"start_lb":15237,"min_duration":60,"resources":[{"resource":"r23"}],"successors":[55]},{"start_lb":15237,"min_duration":60,"resources":[{"resource":"r24"}],"successors":[55]},{"start_lb":15297,"min_duration":256,"resources":[{"resource":"r89"}],"successors":[56,57]},{"start_lb":15567,"min_duration":30,"resources":[{"resource":"r20"}],"successors":[58]},{"start_lb":15567,"min_duration":30,"resources":[{"resource":"r21"}],"successors":[58]},{"start_lb":15597,"min_duration":142,"resources":[{"resource":"r90"}],"successors":[59,60]},{"start_lb":15747,"min_duration":30,"resources":[{"resource":"r17"}],"successors":[61]},{"start_lb":15747,"min_duration":30,"resources":[{"resource":"r18"}],"successors":[61]},{"start_lb":15777,"min_duration":48,"resources":[{"resource":"r91"}],"successors":[62,63]},{"start_lb":15827,"min_duration":0,"resources":[{"resource":"r14"}],"successors":[64]},{"start_lb":15827,"min_duration":0,"resources":[{"resource":"r15"}],"successors":[64]},{"start_lb":15827,"min_duration":95,"resources":[{"resource":"r92"}],"successors":[65,66]},{"start_lb":15927,"min_duration":30,"resources":[{"resource":"r11"}],"successors":[67]},{"start_lb":15927,"min_duration":30,"resources":[{"resource":"r12"}],"successors":[67]},{"start_lb":15957,"min_duration":142,"resources":[{"resource":"r93"}],"successors":[68,69]},{"start_lb":16107,"min_duration":30,"resources":[{"resource":"r8"}],"successors":[70]},{"start_lb":16107,"min_duration":30,"resources":[{"resource":"r9"}],"successors":[70]},{"start_lb":16137,"min_duration":114,"resources":[{"resource":"r94"}],"successors":[71,72,73,74,75]},{"start_lb":16257,"min_duration":120,"resources":[{"resource":"r2"}],"successors":[76]},{"start_lb":16257,"min_duration":120,"resources":[{"resource":"r3"}],"successors":[76]},{"start_lb":16257,"min_duration":120,"resources":[{"resource":"r4"}],"successors":[76]},{"start_lb":16257,"min_duration":120,"resources":[{"resource":"r5"}],"successors":[76]},{"start_lb":16257,"min_duration":120,"resources":[{"resource":"r6"}],"successors":[76]},{"start_lb":16377,"min_duration":0,"successors":[]}]],"objective":[{"type":"op_delay","train":0,"operation":9,"threshold":8997,"coeff":1},{"type":"op_delay","train":1,"operation":13,"threshold":9177,"coeff":1},{"type":"op_delay","train":2,"operation":29,"threshold":10797,"coeff":1},{"type":"op_delay","train":3,"operation":46,"threshold":10977,"coeff":1},{"type":"op_delay","train":4,"operation":37,"threshold":11277,"coeff":1},{"type":"op_delay","train":5,"operation":76,"threshold":13077,"coeff":1},{"type":"op_delay","train":6,"operation":76,"threshold":14577,"coeff":1},{"type":"op_delay","train":7,"operation":86,"threshold":16857,"coeff":1},{"type":"op_delay","train":8,"operation":76,"threshold":16377,"coeff":1}]}